repo_path,word,avg_fps,decoded_fps,decoded_frames,duration_s,frames_at_30fps,resolution,codec,pix_fmt,has_audio,weight
part_6/a_7.mp4,a,30.331,30.331,84.0,2.76944380336949,83.0,640x480,h264,yuv420p,False,25.0
part_6/B • ASL Dictionary.mp4,b,29.97,29.970000000000002,43.0,1.434768101434768,43.0,640x480,h264,yuv420p,False,24.5
part_6/b_3.mp4,b,30.0,30.0,286.0,9.533333333333333,286.0,640x480,mpeg4,yuv420p,False,24.5
part_7/d_2.mp4,d,30.0,30.000000000000004,116.0,3.8666666666666663,116.0,640x480,h264,yuv420p,True,25.0
part_6/E.mp4,e,29.97,29.97,49.0,1.6349683016349683,49.0,640x480,h264,yuv420p,False,25.0
part_8/f_5.mp4,f,30.0,30.0,137.0,4.566666666666666,137.0,640x480,mpeg4,yuv420p,False,25.0
part_6/H_video_2.mp4,h,29.97,29.97,118.0,3.9372706039372707,118.0,640x480,mpeg4,yuv420p,False,24.5
part_9/m_2.mp4,m,29.997674598868304,29.997656433091162,129.0,4.300335937500001,129.0,640x480,h264,yuv420p,True,25.0
part_6/P_video_1.mp4,p,29.97,29.97,80.0,2.6693360026693362,80.0,640x480,mpeg4,yuv420p,False,25.0
part_10/r_video_4.mp4,r,29.97,29.97,338.0,11.277944611277945,338.0,640x480,mpeg4,yuv420p,False,25.0
part_10/r_video_2.mp4,r,29.97,29.970000000000002,140.0,4.6713380046713375,140.0,640x480,mpeg4,yuv420p,False,25.0
part_6/V.mp4,v,29.97,29.97,64.0,2.135468802135469,64.0,640x480,h264,yuv420p,False,25.0
part_6/Y_video_0.mp4,y,23.976,23.976,52.0,2.1688355021688355,65.0,640x480,mpeg4,yuv420p,False,25.0
part_6/A_video_2_a_aug_22.mp4,a,30.0,30.0,103.0,3.433333333333333,103.0,640x480,mpeg4,yuv420p,False,25.0
part_7/c_6_c_aug_22.mp4,c,29.97,29.97,119.0,3.9706373039706375,119.0,640x480,mpeg4,yuv420p,False,20.0
part_7/c_6_c_aug_36.mp4,c,29.97,29.97,119.0,3.9706373039706375,119.0,640x480,mpeg4,yuv420p,False,20.0
part_6/D_video_2_d_aug_1.mp4,d,30.0,30.0,127.0,4.233333333333333,127.0,640x480,mpeg4,yuv420p,False,25.0
part_6/E_video_2_e_aug_24.mp4,e,30.0,30.0,118.0,3.933333333333333,118.0,640x480,mpeg4,yuv420p,False,25.0
part_6/F • ASL Dictionary_f_aug_15.mp4,f,29.97,29.970000000000002,54.0,1.8018018018018016,54.0,640x480,mpeg4,yuv420p,False,25.0
part_8/g_6_g_aug_13.mp4,g,30.0,30.0,164.0,5.466666666666667,164.0,640x480,mpeg4,yuv420p,False,25.0
part_8/g_2_g_aug_38.mp4,g,29.97,29.97,29.0,0.9676343009676344,29.0,640x480,mpeg4,yuv420p,False,25.0
part_6/H_video_2_h_aug_14.mp4,h,29.97,29.97,118.0,3.9372706039372707,118.0,640x480,mpeg4,yuv420p,False,24.5
part_6/I_i_aug_11.mp4,i,29.97,29.97,64.0,2.135468802135469,64.0,640x480,h264,yuv420p,False,25.0
part_9/i_2_i_aug_33.mp4,i,23.976,23.976000000000003,65.0,2.711044377711044,81.0,640x480,mpeg4,yuv420p,False,25.0
part_9/j_2_j_aug_13.mp4,j,30.0,30.0,143.0,4.766666666666667,143.0,480x640,h264,yuv420p,True,25.0
part_9/j_1_j_aug_30.mp4,j,23.976,23.976,46.0,1.9185852519185853,57.0,640x480,mpeg4,yuv420p,False,25.0
part_9/k_1_k_aug_0.mp4,k,23.976,23.976,49.0,2.0437103770437104,61.0,640x480,mpeg4,yuv420p,False,25.0
part_6/K_video_0_k_aug_24.mp4,k,23.976,23.976,49.0,2.0437103770437104,61.0,640x480,mpeg4,yuv420p,False,25.0
part_6/L_video_2_l_aug_18.mp4,l,29.97,29.97,118.0,3.9372706039372707,118.0,640x480,mpeg4,yuv420p,False,25.0
part_9/l_7_l_aug_34.mp4,l,30.0,29.999999999999996,133.0,4.433333333333334,133.0,640x480,mpeg4,yuv420p,False,25.0
part_9/m_4_m_aug_16.mp4,m,29.97,29.970000000000002,30.0,1.0010010010010009,30.0,192x288,h264,yuv420p,False,25.0
part_9/n_2_n_aug_11.mp4,n,30.0,29.999999999999996,126.0,4.2,126.0,480x640,h264,yuv420p,True,25.0
part_6/N_video_1_n_aug_30.mp4,n,29.97,29.97,118.0,3.9372706039372707,118.0,640x480,mpeg4,yuv420p,False,25.0
part_6/O_video_0_o_aug_15.mp4,o,23.976,23.976000000000003,48.0,2.0020020020020017,60.0,640x480,mpeg4,yuv420p,False,25.0
part_9/o_2_o_aug_22.mp4,o,30.0,30.000000000000004,124.0,4.133333333333333,124.0,640x480,h264,yuv420p,True,25.0
part_9/p_1_p_aug_32.mp4,p,23.976,23.976,45.0,1.8768768768768769,56.0,640x480,mpeg4,yuv420p,False,25.0
part_6/Q_video_0_q_aug_1.mp4,q,23.976,23.976,44.0,1.8351685018351687,55.0,640x480,mpeg4,yuv420p,False,25.0
part_10/q_2_q_aug_12.mp4,q,30.0,30.0,142.0,4.733333333333333,142.0,480x640,h264,yuv420p,True,25.0
part_6/S_video_1_s_aug_17.mp4,s,29.97,29.970000000000002,94.0,3.1364698031364697,94.0,640x480,mpeg4,yuv420p,False,25.0
part_10/s_4_s_aug_20.mp4,s,29.97,29.970000000000002,30.0,1.0010010010010009,30.0,288x192,h264,yuv420p,False,25.0
part_11/t_4_t_aug_13.mp4,t,29.97,29.970000000000002,30.0,1.0010010010010009,30.0,192x288,h264,yuv420p,False,25.0
part_6/T_video_0_t_aug_27.mp4,t,29.97,29.97,89.0,2.9696363029696364,89.0,640x480,mpeg4,yuv420p,False,25.0
part_11/u_2_u_aug_5.mp4,u,30.0,30.0,120.0,4.0,120.0,480x640,h264,yuv420p,True,25.0
part_11/u_2_u_aug_23.mp4,u,30.0,30.0,120.0,4.0,120.0,640x480,h264,yuv420p,True,25.0
part_11/v_4_v_aug_35.mp4,v,29.97,29.970000000000002,30.0,1.0010010010010009,30.0,192x288,h264,yuv420p,False,25.0
part_6/W • ASL Dictionary_w_aug_1.mp4,w,29.97,29.970000000000002,46.0,1.534868201534868,46.0,640x480,mpeg4,yuv420p,False,25.0
part_6/W_w_aug_18.mp4,w,29.97,29.970000000000002,75.0,2.5025025025025025,75.0,640x480,mpeg4,yuv420p,False,25.0
part_6/X_video_0_x_aug_20.mp4,x,23.976,23.976,45.0,1.8768768768768769,56.0,640x480,mpeg4,yuv420p,False,25.0
part_6/X_video_2_x_aug_27.mp4,x,29.97,29.97,112.0,3.7370704037370706,112.0,640x480,mpeg4,yuv420p,False,25.0
part_6/Y_video_1_y_aug_22.mp4,y,29.97,29.97,87.0,2.902902902902903,87.0,640x480,mpeg4,yuv420p,False,25.0
part_6/Z_video_2_z_aug_7.mp4,z,23.976,23.976000000000003,48.0,2.0020020020020017,60.0,640x480,mpeg4,yuv420p,False,25.0
part_6/Z_video_0_z_aug_12.mp4,z,29.97,29.970000000000002,91.0,3.0363697030363697,91.0,640x480,mpeg4,yuv420p,False,25.0
part_5/8570838225319799-AT.mp4,at,30.0,29.996250468691414,81.0,2.7003375,81.0,640x480,h264,yuv420p,True,18.0
part_1/15631750362649433-AT.mp4,at,29.996739484838603,30.003297065611605,92.0,3.0663296703296705,91.0,640x480,h264,yuv420p,True,18.0
part_8/go_video_30.mp4,go,23.976,23.976,29.0,1.2095428762095428,36.0,640x480,mpeg4,yuv420p,False,32.666666666666664
part_5/8354410716389704-GO.mp4,go,30.0,29.999999999999996,36.0,1.2000000000000002,36.0,640x480,mpeg4,yuv420p,False,32.666666666666664
part_2/19142855644010948-GO.mp4,go,30.006123698714024,30.0,49.0,1.6333333333333333,49.0,640x480,h264,yuv420p,True,32.666666666666664
part_8/he_video_0.mp4,he,23.976,23.976,66.0,2.7527527527527527,82.0,640x480,h264,yuv420p,False,19.0
part_4/6614065577350312-HE.mp4,he,30.003947887879985,30.0,76.0,2.533333333333333,76.0,640x480,h264,yuv420p,True,19.0
part_6/9116897977316643-IF.mp4,if,30.0,29.99937760627373,483.0,16.100334024896267,483.0,640x480,h264,yuv420p,True,22.0
part_1/12497065151974662-IF.mp4,if,30.0,29.99210734017364,39.0,1.3003421052631579,39.0,640x480,h264,yuv420p,True,22.0
part_1/13158546514402825-IN.mp4,in,30.0,29.993183367416496,45.0,1.5003409090909092,45.0,640x480,h264,yuv420p,True,26.5
part_6/9804579791560171-IN.mp4,in,30.008110300081103,30.0,37.0,1.2333333333333334,37.0,640x480,h264,yuv420p,True,26.5
part_1/11091344459201657-ME.mp4,me,29.923664122137403,29.919802590993214,98.0,3.275422680412371,98.0,640x480,h264,yuv420p,True,19.5
part_2/22192344699736766-ME.mp4,me,29.733,29.733,39.0,1.311673897689436,39.0,640x480,h264,yuv420p,True,19.5
part_9/my_8.mp4,my,29.97,29.97,28.0,0.9342676009342676,28.0,288x192,h264,yuv420p,False,22.5
part_2/2686466615750194-MY.mp4,my,30.0,29.994643813604714,57.0,1.9003392857142856,57.0,640x480,h264,yuv420p,True,22.5
part_9/no_18.mp4,no,29.97,29.97,44.0,1.4681348014681348,44.0,288x192,h264,yuv420p,False,28.0
part_9/no_video_2.mp4,no,24.0,24.0,108.0,4.5,135.0,640x480,mpeg4,yuv420p,False,28.0
part_2/29669279681518446-OK.mp4,ok,29.96941896024465,29.9625468164794,49.0,1.635375,49.0,640x480,h264,yuv420p,True,20.0
part_1/07263724798158067-OK.mp4,ok,30.0,29.99651203348448,87.0,2.9003372093023256,87.0,640x480,h264,yuv420p,True,20.0
part_2/2555869507686881-ON.mp4,on,24.25,24.25,72.0,2.9690721649484537,89.0,640x480,h264,yuv420p,True,26.0
part_5/8324098934706567-ON.mp4,on,30.00750187546887,30.0,40.0,1.3333333333333333,40.0,640x480,h264,yuv420p,True,26.0
part_9/or_9.mp4,or,29.97,29.970000000000002,33.0,1.101101101101101,33.0,288x192,h264,yuv420p,False,20.5
part_6/8986998726266588-OR.mp4,or,30.436,30.436,63.0,2.0699172033118676,62.0,640x480,h264,yuv420p,True,20.5
part_3/4666621316878514-QM.mp4,qm,30.004688232536335,30.0,64.0,2.1333333333333333,64.0,640x480,h264,yuv420p,True,10.333333333333334
part_6/9163616296413108-QM.mp4,qm,29.976019184652277,29.96941896024465,50.0,1.6683673469387754,50.0,640x480,h264,yuv420p,True,10.333333333333334
part_2/30486345283159944-QM.mp4,qm,29.9974140160331,30.002608922514998,116.0,3.866330434782609,115.0,640x480,h264,yuv420p,True,10.333333333333334
part_10/so_video_8.mp4,so,29.97,29.970000000000002,169.0,5.638972305638972,169.0,640x480,mpeg4,yuv420p,False,20.0
part_2/31120713459077276-SO.mp4,so,30.0,29.999999999999996,50.0,1.666666666666667,50.0,640x480,h264,yuv420p,True,20.0
part_3/5155946397296289-TO.mp4,to,30.0,29.996629592180653,90.0,3.0003370786516856,90.0,640x480,h264,yuv420p,True,19.0
part_3/48253131456940523-TO.mp4,to,30.0,29.996250468691414,81.0,2.7003375,81.0,640x480,h264,yuv420p,True,19.0
part_6/TV_video_8.mp4,tv,30.0,30.000000000000004,139.0,4.633333333333333,139.0,640x480,mpeg4,yuv420p,False,22.5
part_2/30198323651905024-TV.mp4,tv,29.885,29.885,115.0,3.848084323239083,115.0,640x480,h264,yuv420p,True,22.5
part_11/up_video_5.mp4,up,23.976,23.976,31.0,1.2929596262929597,38.0,640x480,mpeg4,yuv420p,False,25.5
part_2/18207981361044623-UP.mp4,up,14.997321906802357,14.983351831298556,28.0,1.8687407407407408,56.0,640x480,h264,yuv420p,True,25.5
part_5/8283977272549146-US.mp4,us,29.920692141312184,29.916089018606353,83.0,2.7744268292682923,83.0,640x480,h264,yuv420p,True,26.0
part_2/19605849544183118-US.mp4,us,29.922202274087372,29.914529914529915,50.0,1.6714285714285715,50.0,640x480,h264,yuv420p,True,26.0
part_11/we_4.mp4,we,29.97,29.970000000000002,48.0,1.6016016016016015,48.0,640x480,mpeg4,yuv420p,False,22.5
part_2/2803881528625629-seedWE.mp4,we,29.997479203428284,30.002542588354945,119.0,3.9663305084745764,118.0,640x480,h264,yuv420p,True,22.5
part_5/8867515333072293-ACT.mp4,act,30.0,29.997479203428284,120.0,4.000336134453781,120.0,640x480,h264,yuv420p,True,24.0
part_4/5994687466365916-ACT.mp4,act,29.996629592180653,30.003409478349813,89.0,2.9663295454545455,88.0,640x480,h264,yuv420p,True,24.0
part_6/add_video_14.mp4,add,29.97,29.970000000000002,68.0,2.2689356022689355,68.0,640x480,mpeg4,yuv420p,False,25.333333333333332
part_5/7331110767916182-ADD.mp4,add,29.995588883987647,30.004478280340347,68.0,2.2663283582089555,67.0,640x480,h264,yuv420p,True,25.333333333333332
part_5/782893538691495-ADD.mp4,add,30.708,30.708,62.0,2.01901784551257,60.0,640x480,h264,yuv420p,True,25.333333333333332
part_6/age_10.mp4,age,30.0,30.0,88.0,2.933333333333333,88.0,640x480,h264,yuv420p,True,24.5
part_6/age_video_6.mp4,age,29.97,29.970000000000002,69.0,2.302302302302302,69.0,640x480,mpeg4,yuv420p,False,24.5
part_6/all_video_1.mp4,all,23.976,23.976,61.0,2.544210877544211,76.0,640x480,mpeg4,yuv420p,False,29.5
part_1/14271576596096258-ALL.mp4,all,31.021,31.020999999999997,104.0,3.352567615486284,100.0,640x480,h264,yuv420p,True,29.5
part_9/oo_video_0.mp4,and,29.97,29.97,87.0,2.902902902902903,87.0,640x480,mpeg4,yuv420p,False,19.5
part_5/7315914339159093-AND.mp4,and,29.918032786885245,29.912754466140424,73.0,2.4404305555555554,73.0,640x480,h264,yuv420p,True,19.5
part_1/017706592967316137-ANY.mp4,any,30.637,30.637,61.0,1.9910565655906256,59.0,640x480,h264,yuv420p,True,24.0
part_1/11842735888140044-ANY.mp4,any,15.0,14.981273408239701,21.0,1.4017499999999998,42.0,640x480,h264,yuv420p,True,24.0
part_6/arm_20241119_172633_48.mp4,arm,30.00365898280278,30.000000000000004,82.0,2.733333333333333,82.0,640x480,h264,yuv420p,True,39.0
part_6/arm_20241119_172633_71.mp4,arm,30.393,30.393,99.0,3.257328990228013,97.0,640x480,h264,yuv420p,True,39.0
part_6/arm_20241119_172633_104.mp4,arm,29.914529914529915,29.92194275802255,70.0,2.3394202898550724,70.0,640x480,h264,yuv420p,True,39.0
part_6/art_video_4.mp4,art,29.97,29.970000000000002,95.0,3.169836503169836,95.0,640x480,h264,yuv420p,False,23.5
part_1/016072107974967276-ART.mp4,art,30.0,30.0,48.0,1.6,48.0,640x480,mpeg4,yuv420p,False,23.5
part_6/ask_video_16.mp4,ask,29.97,29.97,67.0,2.235568902235569,67.0,640x480,mpeg4,yuv420p,False,31.5
part_5/8888684132386102-ASK.mp4,ask,26.632,26.631999999999998,146.0,5.482126764794233,164.0,640x480,h264,yuv420p,True,31.5
part_6/axe_20241119_172633_52.mp4,axe,14.991181657848324,14.983518130056936,51.0,3.4037400000000004,102.0,640x480,h264,yuv420p,True,32.5
part_6/axe_20241119_172633_58.mp4,axe,30.00319182891797,30.0,94.0,3.1333333333333333,94.0,640x480,h264,yuv420p,True,32.5
part_6/bad_video_5.mp4,bad,29.97,29.97,86.0,2.8695362028695364,86.0,640x480,mpeg4,yuv420p,False,30.0
part_6/bad_10.mp4,bad,29.97,29.97,32.0,1.0677344010677345,32.0,288x192,h264,yuv420p,False,30.0
part_6/bag_20241119_172633_26.mp4,bag,29.997761361092454,30.002255808707424,134.0,4.466330827067669,133.0,640x480,h264,yuv420p,True,27.666666666666668
part_6/bag_20241119_172633_48.mp4,bag,30.804,30.804000000000002,54.0,1.7530190884300738,52.0,640x480,h264,yuv420p,True,27.666666666666668
part_6/bag_20241119_172633_81.mp4,bag,30.0,30.0,106.0,3.533333333333333,106.0,640x480,h264,yuv420p,True,27.666666666666668
part_6/bar_4.mp4,bar,23.976,23.976,44.0,1.8351685018351687,55.0,640x480,mpeg4,yuv420p,False,28.0
part_3/48831042603303865-BAR.mp4,bar,25.0,25.0,68.0,2.72,81.0,640x480,h264,yuv420p,True,28.0
part_7/bat_20241119_172634_25.mp4,bat,31.045,31.044999999999998,72.0,2.3192140441294895,69.0,640x480,h264,yuv420p,True,33.0
part_7/bat_20241119_172634_63.mp4,bat,25.0,25.0,81.0,3.24,97.0,640x480,h264,yuv420p,True,33.0
part_7/bat_20241119_172634_72.mp4,bat,30.0,29.993618379068284,48.0,1.600340425531915,48.0,640x480,h264,yuv420p,True,33.0
part_7/bed_20241119_172634_34.mp4,bed,30.0,29.999999999999996,47.0,1.5666666666666669,47.0,640x480,mpeg4,yuv420p,False,25.333333333333332
part_7/bed_20241119_172634_43.mp4,bed,29.968158831241805,29.971724787935912,160.0,5.3383647798742135,160.0,640x480,h264,yuv420p,True,25.333333333333332
part_7/bed_20241119_172634_71.mp4,bed,29.995162070633768,30.004918839153962,62.0,2.0663278688524587,61.0,640x480,h264,yuv420p,True,25.333333333333332
part_7/bee_20241119_172634_10.mp4,bee,23.976,23.976000000000003,70.0,2.919586252919586,87.0,640x480,mpeg4,yuv420p,False,24.333333333333332
part_7/bee_20241119_172634_30.mp4,bee,30.843,30.843,101.0,3.274649028953085,98.0,640x480,h264,yuv420p,True,24.333333333333332
part_7/bee_20241119_172634_62.mp4,bee,29.994,29.994000000000003,106.0,3.534040141361605,106.0,640x480,h264,yuv420p,True,24.333333333333332
part_7/beg_video_3.mp4,beg,29.97,29.97,67.0,2.235568902235569,67.0,640x480,mpeg4,yuv420p,False,22.5
part_7/beg_video_7.mp4,beg,29.97,29.97,90.0,3.0030030030030033,90.0,640x480,mpeg4,yuv420p,False,22.5
part_7/bet_video_7.mp4,bet,29.97,29.970000000000002,88.0,2.936269602936269,88.0,640x480,mpeg4,yuv420p,False,23.0
part_6/9943201493950751-BET.mp4,bet,30.00545553737043,30.0,55.0,1.8333333333333333,55.0,640x480,h264,yuv420p,True,23.0
part_2/21488114348537768-BIB.mp4,bib,29.985,29.985000000000003,64.0,2.1344005336001333,64.0,640x480,h264,yuv420p,True,10.333333333333334
part_1/052982290989393555-BIB.mp4,bib,29.918148461755575,29.914529914529915,106.0,3.5434285714285716,106.0,640x480,h264,yuv420p,True,10.333333333333334
part_5/7708415466243606-BIB.mp4,bib,29.997115661955583,30.002912904165456,104.0,3.4663300970873783,103.0,640x480,h264,yuv420p,True,10.333333333333334
part_7/big_video_24.mp4,big,29.97,29.970000000000002,88.0,2.936269602936269,88.0,640x480,mpeg4,yuv420p,False,24.0
part_5/7266634930515181-BIG.mp4,big,30.0,29.994001199760046,51.0,1.7003400000000002,51.0,640x480,h264,yuv420p,True,24.0
part_2/30572430340937906-BIG.mp4,big,30.0,29.994001199760046,51.0,1.7003400000000002,51.0,640x480,h264,yuv420p,True,24.0
part_7/bow_20241119_172635_45.mp4,bow,30.001229558588467,30.0,244.0,8.133333333333333,244.0,640x480,h264,yuv420p,True,39.333333333333336
part_7/bow_20241119_172635_67.mp4,bow,30.003000300030003,30.0,100.0,3.3333333333333335,100.0,640x480,h264,yuv420p,True,39.333333333333336
part_7/bow_20241119_172635_73.mp4,bow,29.971181556195965,29.964747356051706,52.0,1.7353725490196077,52.0,640x480,h264,yuv420p,True,39.333333333333336
part_6/9088017970076372-BOX.mp4,box,30.001986886548778,30.0,151.0,5.033333333333333,151.0,640x480,h264,yuv420p,True,26.5
part_6/9188111127533987-BOX.mp4,box,29.99610440202571,30.003947887879985,77.0,2.566328947368421,76.0,640x480,h264,yuv420p,True,26.5
part_5/8792539783717879-seedBOY.mp4,boy,29.96874425445854,29.972247918593894,163.0,5.4383641975308645,163.0,640x480,h264,yuv420p,True,32.0
part_2/2771819427724249-BOY.mp4,boy,29.995775242923532,30.004286326618086,71.0,2.366328571428572,70.0,640x480,h264,yuv420p,True,32.0
part_7/bra_20241119_172635_55.mp4,bra,30.317,30.316999999999997,125.0,4.1230992512451765,123.0,640x480,h264,yuv420p,True,31.666666666666668
part_7/bra_20241119_172635_79.mp4,bra,29.997945346209164,30.002069108214357,146.0,4.866331034482759,145.0,640x480,h264,yuv420p,True,31.666666666666668
part_7/bra_20241119_172635_87.mp4,bra,29.97275204359673,29.968997588701342,88.0,2.936367816091954,88.0,640x480,h264,yuv420p,True,31.666666666666668
part_5/8076883250822422-BUG.mp4,bug,29.914529914529915,29.92194275802255,70.0,2.3394202898550724,70.0,640x480,h264,yuv420p,True,26.5
part_5/7890951943609676-BUG.mp4,bug,31.15,31.15,50.0,1.6051364365971108,48.0,640x480,h264,yuv420p,True,26.5
part_4/7141846353753423-BUN.mp4,bun,25.363,25.363,84.0,3.311911051531759,99.0,640x480,h264,yuv420p,True,11.0
part_5/7380062868964739-BUN.mp4,bun,29.998660774072587,30.001345351809498,224.0,7.466331838565022,223.0,640x480,h264,yuv420p,True,11.0
part_4/63133167165681-BUN.mp4,bun,29.997029997029998,30.003000300030003,101.0,3.36633,100.0,640x480,h264,yuv420p,True,11.0
part_5/8825809251775667-BUS.mp4,bus,15.010351966873706,14.997321906802357,29.0,1.9336785714285714,58.0,640x480,h264,yuv420p,True,19.0
part_4/6542429057301409-BUS.mp4,bus,30.0,29.99062792877226,33.0,1.10034375,33.0,640x480,h264,yuv420p,True,19.0
part_4/5940973462169779-BUT.mp4,but,29.915966386554622,29.91162474507138,89.0,2.9754318181818182,89.0,640x480,h264,yuv420p,True,19.5
part_2/18530989884206206-BUT.mp4,but,29.994340690435767,30.005770340450084,53.0,1.7663269230769232,52.0,640x480,h264,yuv420p,True,19.5
part_7/buy_8.mp4,buy,25.0,25.0,65.0,2.6,78.0,640x480,mpeg4,yuv420p,False,26.0
part_7/buy_video_1.mp4,buy,23.976,23.976,61.0,2.544210877544211,76.0,640x480,mpeg4,yuv420p,False,26.0
part_7/bye_video_7.mp4,bye,30.0,30.000000000000004,85.0,2.833333333333333,85.0,640x480,mpeg4,yuv420p,False,23.5
part_1/048776623388550044-BYE.mp4,bye,30.006123698714024,30.0,49.0,1.6333333333333333,49.0,640x480,h264,yuv420p,True,23.5
part_7/can_20241119_172636_3.mp4,can,23.976,23.976,53.0,2.210543877210544,66.0,640x480,mpeg4,yuv420p,False,28.666666666666668
part_7/can_20241119_172636_16.mp4,can,29.97,29.97,58.0,1.9352686019352687,58.0,640x480,mpeg4,yuv420p,False,28.666666666666668
part_7/can_20241119_172636_65.mp4,can,29.992684711046085,30.00750187546887,41.0,1.366325,40.0,640x480,h264,yuv420p,True,28.666666666666668
part_7/car_video_14.mp4,car,29.97,29.97,74.0,2.469135802469136,74.0,640x480,mpeg4,yuv420p,False,30.0
part_1/11932520912401978-CAR.mp4,car,29.916897506925206,29.914529914529915,162.0,5.4154285714285715,162.0,640x480,h264,yuv420p,True,30.0
part_7/cat_20241119_172636_17.mp4,cat,29.97,29.97,113.0,3.7704371037704374,113.0,640x480,mpeg4,yuv420p,False,36.333333333333336
part_7/cat_20241119_172636_29.mp4,cat,25.0,25.0,68.0,2.72,81.0,640x480,h264,yuv420p,True,36.333333333333336
part_7/cat_20241119_172636_30.mp4,cat,29.97737556561086,29.971181556195965,53.0,1.7683653846153846,53.0,640x480,h264,yuv420p,True,36.333333333333336
part_7/cow_video_8.mp4,cow,29.97,29.97,73.0,2.4357691024357693,73.0,640x480,mpeg4,yuv420p,False,24.5
part_7/cow_3.mp4,cow,23.976,23.976,38.0,1.5849182515849183,47.0,640x480,mpeg4,yuv420p,False,24.5
part_7/cry_20241119_172639_55.mp4,cry,30.0,29.995162070633768,63.0,2.1003387096774193,63.0,640x480,h264,yuv420p,True,49.666666666666664
part_7/cry_20241119_172639_68.mp4,cry,28.497,28.497,66.0,2.3160332666596486,69.0,640x480,h264,yuv420p,True,49.666666666666664
part_7/cry_20241119_172639_88.mp4,cry,25.0,25.0,73.0,2.92,87.0,640x480,mpeg4,yuv420p,False,49.666666666666664
part_7/cup_video_7.mp4,cup,29.97,29.970000000000002,198.0,6.606606606606606,198.0,640x480,mpeg4,yuv420p,False,23.5
part_2/28442194619648187-CUP.mp4,cup,29.923451635351427,29.914529914529915,43.0,1.4374285714285715,43.0,640x480,h264,yuv420p,True,23.5
part_7/cut_17.mp4,cut,29.97,29.97,40.0,1.3346680013346681,40.0,288x192,h264,yuv420p,False,27.333333333333332
part_7/cut_video_18.mp4,cut,29.97,29.970000000000002,56.0,1.868535201868535,56.0,640x480,mpeg4,yuv420p,False,27.333333333333332
part_7/cut_2.mp4,cut,23.976,23.976,22.0,0.9175842509175843,27.0,640x480,mpeg4,yuv420p,False,27.333333333333332
part_7/day_video_20.mp4,day,25.0,25.0,77.0,3.08,92.0,640x480,mpeg4,yuv420p,False,32.0
part_7/day_video_18.mp4,day,29.97,29.970000000000002,59.0,1.9686353019686351,59.0,640x480,mpeg4,yuv420p,False,32.0
part_3/3973381149037627-DIE.mp4,die,29.97002997002997,29.96632996632997,90.0,3.0033707865168537,90.0,640x480,h264,yuv420p,True,25.5
part_1/001282240052558281-DIE.mp4,die,30.0,29.99638597759306,84.0,2.8003373493975903,84.0,640x480,h264,yuv420p,True,25.5
part_4/7095529017898845-DIG.mp4,dig,29.918404351767904,29.91550582324732,132.0,4.412427480916031,132.0,640x480,h264,yuv420p,True,31.0
part_1/04928839548074326-DIG.mp4,dig,30.00230786983614,30.0,130.0,4.333333333333333,130.0,640x480,h264,yuv420p,True,31.0
part_8/dip_20241119_172640_14.mp4,dip,15.004688965301657,15.001595914458985,48.0,3.199659574468085,95.0,640x480,h264,yuv420p,True,33.333333333333336
part_8/dip_20241119_172640_17.mp4,dip,29.920692141312184,29.916089018606353,83.0,2.7744268292682923,83.0,640x480,h264,yuv420p,True,33.333333333333336
part_8/dip_20241119_172640_29.mp4,dip,29.996,29.996,80.0,2.6670222696359516,80.0,640x480,mpeg4,yuv420p,False,33.333333333333336
part_8/dog_20241119_172640_9.mp4,dog,25.0,25.0,62.0,2.48,74.0,640x480,mpeg4,yuv420p,False,43.666666666666664
part_8/dog_20241119_172640_77.mp4,dog,30.0,29.995385325334567,66.0,2.200338461538461,66.0,640x480,h264,yuv420p,True,43.666666666666664
part_8/dog_20241119_172640_90.mp4,dog,30.0,29.995946493717064,75.0,2.500337837837838,75.0,640x480,h264,yuv420p,True,43.666666666666664
part_6/9862882272897495-DRY.mp4,dry,30.0,29.993183367416496,45.0,1.5003409090909092,45.0,640x480,h264,yuv420p,True,25.0
part_3/5069941193999306-DRY.mp4,dry,29.916897506925206,29.909706546275395,54.0,1.8054339622641509,54.0,640x480,h264,yuv420p,True,25.0
part_4/6339944111493827-DUE.mp4,due,29.971455756422454,29.96616723054616,63.0,2.1023709677419355,63.0,640x480,h264,yuv420p,True,20.5
part_4/6968223103365787-DUE.mp4,due,29.976019184652277,29.96941896024465,50.0,1.6683673469387754,50.0,640x480,h264,yuv420p,True,20.5
part_4/5732919560996388-DYE.mp4,dye,29.968454258675077,29.9625468164794,57.0,1.9023750000000001,57.0,640x480,h264,yuv420p,True,19.5
part_1/08125888997634467-DYE.mp4,dye,29.994916115912556,30.005173305742368,59.0,1.9663275862068967,58.0,640x480,h264,yuv420p,True,19.5
part_1/015143605161060059-EAR.mp4,ear,30.0,29.994001199760046,51.0,1.7003400000000002,51.0,640x480,h264,yuv420p,True,23.0
part_1/1677354883522144-EAR.mp4,ear,29.914529914529915,29.920212765957448,91.0,3.0414222222222222,91.0,640x480,h264,yuv420p,True,23.0
part_8/eat_20241119_172641_10.mp4,eat,30.0,29.999999999999996,78.0,2.6,78.0,640x480,mpeg4,yuv420p,False,28.666666666666668
part_8/eat_20241119_172641_13.mp4,eat,25.0,25.0,87.0,3.48,104.0,640x480,mpeg4,yuv420p,False,28.666666666666668
part_8/eat_20241119_172641_24.mp4,eat,30.0,29.996250468691414,81.0,2.7003375,81.0,640x480,h264,yuv420p,True,28.666666666666668
part_8/egg_video_2.mp4,egg,29.97,29.970000000000002,98.0,3.269936603269936,98.0,640x480,mpeg4,yuv420p,False,25.0
part_2/3070445096039043-EGG.mp4,egg,30.0,30.0,48.0,1.6,48.0,640x480,mpeg4,yuv420p,False,25.0
part_8/ego_video_1.mp4,ego,29.97,29.97,36.0,1.2012012012012012,36.0,640x480,h264,yuv420p,False,17.0
part_3/47158446719889446-EGO.mp4,ego,30.326,30.326000000000004,78.0,2.5720503858075574,77.0,640x480,h264,yuv420p,True,17.0
part_2/18848934640593273-END.mp4,end,29.968454258675077,29.96404314822213,76.0,2.5363733333333336,76.0,640x480,h264,yuv420p,True,32.5
part_3/3641758339754535-END.mp4,end,30.004688232536335,30.0,64.0,2.1333333333333333,64.0,640x480,h264,yuv420p,True,32.5
part_1/011134288994817165-FAN.mp4,fan,29.975020815986678,29.970451667370195,72.0,2.402366197183099,72.0,640x480,h264,yuv420p,True,18.0
part_3/44872854321615985-FAN.mp4,fan,30.585,30.585,46.0,1.5040052313225436,45.0,640x480,mpeg4,yuv420p,False,18.0
part_8/far_15.mp4,far,29.97,29.97,36.0,1.2012012012012012,36.0,640x480,mpeg4,yuv420p,False,23.0
part_2/2905202476287574-FAR.mp4,far,30.934,30.934,46.0,1.4870369173078166,44.0,640x480,mpeg4,yuv420p,False,23.0
part_8/fat_video_1.mp4,fat,29.97,29.97,90.0,3.0030030030030033,90.0,640x480,mpeg4,yuv420p,False,26.5
part_1/013792777252140676-FAT.mp4,fat,30.0,29.997710098465767,132.0,4.400335877862595,132.0,640x480,h264,yuv420p,True,26.5
part_3/49089897134054294-FEW.mp4,few,30.004110152075626,30.0,73.0,2.433333333333333,73.0,640x480,h264,yuv420p,True,22.5
part_5/7581636047431053-FEW.mp4,few,29.9974140160331,30.002608922514998,116.0,3.866330434782609,115.0,640x480,h264,yuv420p,True,22.5
part_2/3162665790911885-FIT.mp4,fit,30.354,30.353999999999996,100.0,3.2944587204322335,98.0,640x480,h264,yuv420p,True,20.0
part_3/5025175662912476-FIT.mp4,fit,25.0,25.0,40.0,1.6,48.0,640x480,h264,yuv420p,True,20.0
part_8/fix_video_7.mp4,fix,15.28,15.28,33.0,2.1596858638743455,64.0,640x480,mpeg4,yuv420p,False,24.5
part_6/9981758389001885-FIX.mp4,fix,30.0,29.995385325334567,66.0,2.200338461538461,66.0,640x480,h264,yuv420p,True,24.5
part_8/fly_video_8.mp4,fly,29.97,29.97,232.0,7.741074407741075,232.0,640x480,mpeg4,yuv420p,False,24.5
part_1/09104036679832817-FLY.mp4,fly,29.91869918699187,29.914529914529915,92.0,3.075428571428571,92.0,640x480,h264,yuv420p,True,24.5
part_2/2391001923220577-FOR.mp4,for,30.00267881060809,30.0,112.0,3.7333333333333334,112.0,640x480,h264,yuv420p,True,23.5
part_3/4920505456783295-FOR.mp4,for,30.0,29.999999999999996,50.0,1.666666666666667,50.0,640x480,h264,yuv420p,True,23.5
part_5/7582575156980083-FOX.mp4,fox,30.0,29.994001199760046,51.0,1.7003400000000002,51.0,640x480,h264,yuv420p,True,24.5
part_5/8562508875782384-FOX.mp4,fox,30.0,30.0,42.0,1.4,42.0,640x480,mpeg4,yuv420p,False,24.5
part_3/510302741812152-FRY.mp4,fry,25.0,25.0,89.0,3.56,106.0,640x480,h264,yuv420p,True,11.0
part_2/3447469244693593-FRY.mp4,fry,29.972059944119888,29.96926229508197,118.0,3.937367521367521,118.0,640x480,h264,yuv420p,True,11.0
part_3/3661343696911472-FRY.mp4,fry,29.99754118514876,30.002479543763943,122.0,4.066330578512397,121.0,640x480,h264,yuv420p,True,11.0
part_8/fun_3.mp4,fun,30.399,30.398999999999997,71.0,2.335603144840291,70.0,640x480,h264,yuv420p,False,19.5
part_5/8237664401687623-FUN.mp4,fun,30.0,29.996629592180653,90.0,3.0003370786516856,90.0,640x480,h264,yuv420p,True,19.5
part_6/9388294032104914-GAS.mp4,gas,30.0,29.99558888398765,69.0,2.3003382352941175,69.0,640x480,h264,yuv420p,True,20.0
part_1/15661956106712926-GAS.mp4,gas,29.993618379068284,30.00652315720809,47.0,1.5663260869565216,46.0,640x480,h264,yuv420p,True,20.0
part_4/5788566001263671-GAY.mp4,gay,29.929,29.929,53.0,1.7708576965484981,53.0,640x480,h264,yuv420p,True,23.0
part_4/6542582264506003-GAY.mp4,gay,30.0,29.99651203348448,87.0,2.9003372093023256,87.0,640x480,h264,yuv420p,True,23.0
part_8/get_video_14.mp4,get,30.0,29.999999999999996,78.0,2.6,78.0,640x480,h264,yuv420p,False,29.0
part_8/get_video_23.mp4,get,23.976,23.976000000000003,37.0,1.5432098765432096,46.0,640x480,mpeg4,yuv420p,False,29.0
part_6/9087549608955505-GET.mp4,get,30.387,30.386999999999997,89.0,2.928884062263468,87.0,640x480,h264,yuv420p,True,29.0
part_6/God_video_3.mp4,god,29.97002997002997,29.970029970029973,101.0,3.370033333333333,101.0,512x384,h264,yuv420p,False,25.0
part_5/7353387120644954-GOD.mp4,god,30.0,29.995946493717064,75.0,2.500337837837838,75.0,640x480,h264,yuv420p,True,25.0
part_5/8379768724841927-GUM.mp4,gum,29.994916115912556,30.005173305742368,59.0,1.9663275862068967,58.0,640x480,h264,yuv420p,True,20.0
part_6/9971342114927344-GUM.mp4,gum,29.918404351767904,29.914529914529915,99.0,3.3094285714285716,99.0,640x480,h264,yuv420p,True,20.0
part_8/gun_20241119_172644_21.mp4,gun,29.97275204359673,29.966703662597112,55.0,1.8353703703703705,55.0,640x480,h264,yuv420p,True,34.0
part_8/gun_20241119_172644_49.mp4,gun,30.002479543763947,30.0,121.0,4.033333333333333,121.0,640x480,h264,yuv420p,True,34.0
part_8/gun_20241119_172644_77.mp4,gun,30.582,30.581999999999997,53.0,1.7330455823687139,51.0,640x480,h264,yuv420p,True,34.0
part_8/gym_video_7.mp4,gym,29.97,29.97,100.0,3.3366700033366703,100.0,640x480,mpeg4,yuv420p,False,19.0
part_2/32503017222473796-GYM.mp4,gym,29.967159277504106,29.975020815986674,73.0,2.4353611111111113,73.0,640x480,h264,yuv420p,True,19.0
part_8/hat_20241119_172637_1.mp4,hat,24.0,24.0,177.0,7.375,221.0,640x480,mpeg4,yuv420p,False,28.0
part_8/hat_20241119_172637_24.mp4,hat,30.006123698714024,30.0,49.0,1.6333333333333333,49.0,640x480,h264,yuv420p,True,28.0
part_8/hat_20241119_172637_29.mp4,hat,30.34,30.340000000000003,130.0,4.284772577455504,128.0,640x480,h264,yuv420p,True,28.0
part_2/33196466357650456-HEN.mp4,hen,29.9974140160331,30.002608922514998,116.0,3.866330434782609,115.0,640x480,h264,yuv420p,True,10.333333333333334
part_5/8428189850668126-HEN.mp4,hen,29.994340690435767,30.005770340450084,53.0,1.7663269230769232,52.0,640x480,h264,yuv420p,True,10.333333333333334
part_2/2446025374121421-HEN.mp4,hen,24.778,24.778,81.0,3.269028977318589,98.0,640x480,h264,yuv420p,True,10.333333333333334
part_3/5231664394702622-HIS.mp4,his,29.99610440202571,30.003947887879985,77.0,2.566328947368421,76.0,640x480,h264,yuv420p,True,19.5
part_4/6061539773395033-HIS.mp4,his,30.469,30.469,61.0,2.002034855098625,60.0,640x480,h264,yuv420p,True,19.5
part_8/hit_20241119_172645_46.mp4,hit,30.00517330574237,29.999999999999996,58.0,1.9333333333333336,58.0,640x480,h264,yuv420p,True,29.333333333333332
part_8/hit_20241119_172645_57.mp4,hit,30.0,29.994643813604714,57.0,1.9003392857142856,57.0,640x480,h264,yuv420p,True,29.333333333333332
part_8/hit_20241119_172645_61.mp4,hit,25.0,25.0,66.0,2.64,79.0,640x480,h264,yuv420p,True,29.333333333333332
part_3/5095791873335014-HOE.mp4,hoe,29.99651203348448,30.003529827038474,86.0,2.8663294117647062,85.0,640x480,h264,yuv420p,True,10.333333333333334
part_5/7472272328376817-HOE.mp4,hoe,29.96542451018056,29.97275204359673,78.0,2.6023636363636364,78.0,640x480,h264,yuv420p,True,10.333333333333334
part_3/41495711110846956-HOE.mp4,hoe,30.0,29.998522240283727,204.0,6.800334975369459,204.0,640x480,h264,yuv420p,True,10.333333333333334
part_9/hop_4.mp4,hop,29.97,29.97,42.0,1.4014014014014013,42.0,288x192,h264,yuv420p,False,21.5
part_4/6606950101079683-HOP.mp4,hop,29.997029997029998,30.003000300030006,101.0,3.3663299999999996,100.0,640x480,h264,yuv420p,True,21.5
part_9/hot_1.mp4,hot,29.97,29.97,57.0,1.901901901901902,57.0,640x480,h264,yuv420p,False,31.0
part_9/hot_video_5.mp4,hot,29.97,29.970000000000002,35.0,1.1678345011678344,35.0,640x480,mpeg4,yuv420p,False,31.0
part_9/how_20241119_172645_13.mp4,how,29.97,29.97,92.0,3.0697364030697365,92.0,640x480,mpeg4,yuv420p,False,28.666666666666668
part_9/how_20241119_172645_24.mp4,how,29.97,29.97,79.0,2.6359693026359694,79.0,640x480,mpeg4,yuv420p,False,28.666666666666668
part_9/how_20241119_172645_33.mp4,how,31.288,31.288000000000004,89.0,2.844541038097673,85.0,640x480,h264,yuv420p,True,28.666666666666668
part_9/hug_video_5.mp4,hug,29.97,29.97,63.0,2.1021021021021022,63.0,640x480,mpeg4,yuv420p,False,27.0
part_2/22532571077368502-HUG.mp4,hug,30.603,30.602999999999998,74.0,2.4180635885370716,72.0,640x480,mpeg4,yuv420p,False,27.0
part_9/ice_video_4.mp4,ice,29.97,29.97,70.0,2.335669002335669,70.0,640x480,mpeg4,yuv420p,False,18.5
part_4/5409015420466594-seedICE.mp4,ice,31.329,31.329,115.0,3.670720418781321,110.0,640x480,h264,yuv420p,True,18.5
part_9/jar_video_4.mp4,jar,29.97,29.97,89.0,2.9696363029696364,89.0,640x480,mpeg4,yuv420p,False,19.0
part_3/5037698156799302-JAR.mp4,jar,30.003947887879985,30.0,76.0,2.533333333333333,76.0,640x480,h264,yuv420p,True,19.0
part_9/job_video_12.mp4,job,29.97,29.97,110.0,3.6703370036703373,110.0,640x480,h264,yuv420p,False,18.0
part_9/job_video_22.mp4,job,29.97,29.97,77.0,2.569235902569236,77.0,640x480,mpeg4,yuv420p,False,18.0
part_9/key_video_2.mp4,key,29.97,29.97,97.0,3.2365699032365702,97.0,640x480,mpeg4,yuv420p,False,28.0
part_9/key_video_5.mp4,key,23.976,23.976000000000003,30.0,1.251251251251251,37.0,640x480,mpeg4,yuv420p,False,28.0
part_1/08313098541095232-KID.mp4,kid,30.004688232536335,30.0,64.0,2.1333333333333333,64.0,640x480,h264,yuv420p,True,18.5
part_5/8938451388383415-KID.mp4,kid,30.0,29.99638597759306,84.0,2.8003373493975903,84.0,640x480,h264,yuv420p,True,18.5
part_5/7486439188211713-LAW.mp4,law,30.004110152075626,30.0,73.0,2.433333333333333,73.0,640x480,h264,yuv420p,True,24.5
part_5/8290133791939913-LAW.mp4,law,25.0,25.0,86.0,3.44,103.0,640x480,h264,yuv420p,True,24.5
part_2/24154345802768873-LIE.mp4,lie,29.97393570807993,29.96914940502424,69.0,2.3023676470588237,69.0,640x480,h264,yuv420p,True,24.0
part_1/09070448909781481-LIE.mp4,lie,30.006978367062107,30.000000000000004,43.0,1.4333333333333331,43.0,640x480,h264,yuv420p,True,24.0
part_9/lot_video_26.mp4,lot,29.97,29.97,58.0,1.9352686019352687,58.0,640x480,mpeg4,yuv420p,False,26.333333333333332
part_9/lot_video_37.mp4,lot,29.97,29.97,83.0,2.7694361027694363,83.0,640x480,mpeg4,yuv420p,False,26.333333333333332
part_9/lot_video_58.mp4,lot,23.976,23.976,46.0,1.9185852519185853,57.0,640x480,mpeg4,yuv420p,False,26.333333333333332
part_9/mad_video_5.mp4,mad,29.694,29.694000000000003,74.0,2.492085943288206,74.0,640x480,h264,yuv420p,False,24.5
part_9/mad_12.mp4,mad,29.996667036995888,29.996629592180653,90.0,3.0003370786516856,90.0,640x480,h264,yuv420p,True,24.5
part_9/man_video_2.mp4,man,23.976,23.976,64.0,2.6693360026693362,80.0,640x480,mpeg4,yuv420p,False,30.5
part_9/man_video_5.mp4,man,29.97,29.97,34.0,1.1344678011344678,34.0,640x480,mpeg4,yuv420p,False,30.5
part_9/mix_20241119_172648_11.mp4,mix,25.0,25.0,74.0,2.96,88.0,640x480,mpeg4,yuv420p,False,39.666666666666664
part_9/mix_20241119_172648_35.mp4,mix,29.998378466028864,30.00163052339801,185.0,6.166331521739131,184.0,640x480,h264,yuv420p,True,39.666666666666664
part_9/mix_20241119_172648_47.mp4,mix,29.969755292823756,29.966703662597112,109.0,3.6373703703703706,109.0,640x480,h264,yuv420p,True,39.666666666666664
part_9/mop_20241119_172648_4.mp4,mop,30.49,30.490000000000002,69.0,2.263037061331584,67.0,640x480,h264,yuv420p,True,30.0
part_9/mop_20241119_172648_38.mp4,mop,29.585,29.584999999999997,76.0,2.568869359472706,77.0,640x480,h264,yuv420p,True,30.0
part_4/5665441262141131-NET.mp4,net,29.918864097363084,29.91232594120681,59.0,1.9724310344827585,59.0,640x480,h264,yuv420p,True,24.5
part_3/46054813595731825-NET.mp4,net,29.92633517495396,29.920523609163162,65.0,2.172421875,65.0,640x480,h264,yuv420p,True,24.5
part_9/new_video_8.mp4,new,29.97,29.97,61.0,2.0353687020353686,61.0,640x480,mpeg4,yuv420p,False,25.5
part_9/new_video_9.mp4,new,29.97,29.97,58.0,1.9352686019352687,58.0,640x480,mpeg4,yuv420p,False,25.5
part_4/5498937172585983-NOT.mp4,not,29.97275204359673,29.965156794425084,44.0,1.468372093023256,44.0,640x480,h264,yuv420p,True,21.0
part_1/00641734972788055-NOT.mp4,not,30.0,29.999999999999996,47.0,1.5666666666666669,47.0,640x480,mpeg4,yuv420p,False,21.0
part_3/404670456586959-NOW.mp4,now,29.994340690435767,30.005770340450084,53.0,1.7663269230769232,52.0,640x480,h264,yuv420p,True,20.5
part_5/8699210337284036-NOW.mp4,now,29.992684711046085,30.00750187546887,41.0,1.366325,40.0,640x480,h264,yuv420p,True,20.5
part_9/nut_20241119_172649_5.mp4,nut,23.976,23.976,36.0,1.5015015015015016,45.0,640x480,mpeg4,yuv420p,False,24.666666666666668
part_9/nut_20241119_172649_28.mp4,nut,30.0,29.992684711046085,42.0,1.4003414634146343,42.0,640x480,h264,yuv420p,True,24.666666666666668
part_9/nut_20241119_172649_65.mp4,nut,29.994643813604714,30.00545553737043,56.0,1.8663272727272728,55.0,640x480,h264,yuv420p,True,24.666666666666668
part_9/off_video_11.mp4,off,29.97,29.97,66.0,2.2022022022022023,66.0,640x480,mpeg4,yuv420p,False,31.5
part_9/off_video_6.mp4,off,29.97,29.97,77.0,2.569235902569236,77.0,640x480,mpeg4,yuv420p,False,31.5
part_9/oil_20241119_172649_18.mp4,oil,30.336,30.336,139.0,4.58201476793249,137.0,640x480,h264,yuv420p,True,33.666666666666664
part_9/oil_20241119_172649_21.mp4,oil,30.0,29.998884799821568,270.0,9.000334572490706,270.0,640x480,h264,yuv420p,True,33.666666666666664
part_9/oil_20241119_172649_71.mp4,oil,29.914529914529915,29.923830250272033,56.0,1.8714181818181819,56.0,640x480,h264,yuv420p,True,33.666666666666664
part_9/old_video_6.mp4,old,29.97,29.97,45.0,1.5015015015015016,45.0,640x480,mpeg4,yuv420p,False,22.0
part_3/5329586209381869-OLD.mp4,old,30.008,30.008000000000003,37.0,1.2330045321247667,36.0,640x480,mpeg4,yuv420p,False,22.0
part_9/one_8.mp4,one,29.97,29.97,28.0,0.9342676009342676,28.0,288x192,h264,yuv420p,False,20.5
part_2/21805340389552041-ONE.mp4,one,30.44,30.44,74.0,2.431011826544021,72.0,640x480,h264,yuv420p,True,20.5
part_2/3479205263119942-OOH.mp4,ooh,29.638,29.637999999999998,78.0,2.6317565287806195,78.0,640x480,h264,yuv420p,True,10.666666666666666
part_5/7735255588945722-OOH.mp4,ooh,29.998101385988228,30.001910949742022,158.0,5.266331210191082,157.0,640x480,h264,yuv420p,True,10.666666666666666
part_3/3677665473114202-OOH.mp4,ooh,29.998584972406963,30.00142186833499,212.0,7.066331753554503,211.0,640x480,h264,yuv420p,True,10.666666666666666
part_9/our_2.mp4,our,30.0,30.0,106.0,3.533333333333333,106.0,640x480,h264,yuv420p,True,20.0
part_9/our_video_0.mp4,our,29.97,29.97,70.0,2.335669002335669,70.0,640x480,mpeg4,yuv420p,False,20.0
part_9/out_6.mp4,out,29.97,29.97,27.0,0.9009009009009009,27.0,288x192,h264,yuv420p,False,24.5
part_9/out_video_8.mp4,out,29.97,29.970000000000002,54.0,1.8018018018018016,54.0,640x480,mpeg4,yuv420p,False,24.5
part_9/owe_4.mp4,owe,29.996000533262233,29.995946493717064,75.0,2.500337837837838,75.0,640x480,h264,yuv420p,True,20.0
part_4/5397567469672582-OWE.mp4,owe,30.00545553737043,30.0,55.0,1.8333333333333333,55.0,640x480,h264,yuv420p,True,20.0
part_9/owl_video_1.mp4,owl,29.97,29.970000000000002,107.0,3.570236903570237,107.0,640x480,mpeg4,yuv420p,False,20.0
part_1/1364708212901251-OWL.mp4,owl,29.921259842519685,29.91725015913431,95.0,3.1754255319148936,95.0,640x480,h264,yuv420p,True,20.0
part_1/01512832712266543-OWN.mp4,own,29.976019184652277,29.96941896024465,50.0,1.6683673469387754,50.0,640x480,h264,yuv420p,True,17.5
part_3/359410116822904-OWN.mp4,own,29.994643813604714,30.00545553737043,56.0,1.8663272727272728,55.0,640x480,h264,yuv420p,True,17.5
part_1/0860528389518167-PAY.mp4,pay,30.003529827038474,30.000000000000004,85.0,2.833333333333333,85.0,640x480,h264,yuv420p,True,24.5
part_4/6012321773472247-PAY.mp4,pay,29.974489795918366,29.967426710097723,47.0,1.5683695652173912,47.0,640x480,h264,yuv420p,True,24.5
part_10/peg_20241119_172658_32.mp4,peg,29.75576195390437,29.747492217225872,173.0,5.815616279069768,174.0,640x480,h264,yuv420p,True,30.666666666666668
part_10/peg_20241119_172658_65.mp4,peg,30.0,30.0,51.0,1.7,51.0,640x480,mpeg4,yuv420p,False,30.666666666666668
part_10/peg_20241119_172658_77.mp4,peg,30.0,29.99516207063377,63.0,2.1003387096774193,63.0,640x480,h264,yuv420p,True,30.666666666666668
part_10/pen_video_9.mp4,pen,29.97,29.970000000000002,98.0,3.269936603269936,98.0,640x480,mpeg4,yuv420p,False,26.0
part_10/pen_video_13.mp4,pen,29.97,29.970000000000002,85.0,2.836169502836169,85.0,640x480,mpeg4,yuv420p,False,26.0
part_10/pet_20241119_172650_35.mp4,pet,29.99610440202571,30.003947887879985,77.0,2.566328947368421,76.0,640x480,h264,yuv420p,True,24.666666666666668
part_10/pet_20241119_172650_37.mp4,pet,29.968454258675077,29.9625468164794,57.0,1.9023750000000001,57.0,640x480,h264,yuv420p,True,24.666666666666668
part_10/pet_20241119_172650_64.mp4,pet,29.91993257479983,29.914529914529915,71.0,2.373428571428571,71.0,640x480,h264,yuv420p,True,24.666666666666668
part_5/7344295707349726-PIE.mp4,pie,25.0,25.0,65.0,2.6,78.0,640x480,h264,yuv420p,True,21.5
part_2/2241415233945685-PIE.mp4,pie,29.684,29.684,65.0,2.189731842069802,65.0,640x480,h264,yuv420p,True,21.5
part_10/pig_6.mp4,pig,23.976,23.976,35.0,1.4597931264597932,43.0,640x480,mpeg4,yuv420p,False,28.0
part_1/0713726744968779-PIG.mp4,pig,29.99400119976005,30.006123698714024,50.0,1.6663265306122448,49.0,640x480,h264,yuv420p,True,28.0
part_10/pop_20241119_172650_49.mp4,pop,29.975020815986678,29.970451667370202,72.0,2.402366197183098,72.0,640x480,h264,yuv420p,True,47.333333333333336
part_10/pop_20241119_172650_72.mp4,pop,29.995775242923532,30.004286326618093,71.0,2.366328571428571,70.0,640x480,h264,yuv420p,True,47.333333333333336
part_10/pop_20241119_172651_63.mp4,pop,29.922202274087372,29.914529914529915,50.0,1.6714285714285715,50.0,640x480,h264,yuv420p,True,47.333333333333336
part_5/7348017609363229-PUT.mp4,put,30.0,29.994916115912556,60.0,2.0003389830508476,60.0,640x480,h264,yuv420p,True,26.5
part_3/4914780820020348-PUT.mp4,put,29.96914940502424,29.964221824686938,68.0,2.2693731343283585,68.0,640x480,h264,yuv420p,True,26.5
part_10/rag_video_23.mp4,rag,29.97,29.970000000000002,91.0,3.0363697030363697,91.0,640x480,mpeg4,yuv420p,False,19.0
part_10/rag_video_30.mp4,rag,15.582,15.581999999999999,31.0,1.9894750352971378,59.0,640x480,mpeg4,yuv420p,False,19.0
part_4/5494650376914665-RAT.mp4,rat,29.919447640966627,29.912023460410555,52.0,1.7384313725490197,52.0,640x480,h264,yuv420p,True,24.0
part_3/5264850814534439-RAT.mp4,rat,30.0,29.993618379068284,48.0,1.600340425531915,48.0,640x480,h264,yuv420p,True,24.0
part_2/2448273149680973-RED.mp4,red,29.99400119976005,30.006123698714024,50.0,1.6663265306122448,49.0,640x480,h264,yuv420p,True,28.0
part_3/4639625914111425-RED.mp4,red,29.97179125528914,29.967891544773458,85.0,2.8363690476190473,85.0,640x480,h264,yuv420p,True,28.0
part_10/rob.mp4,rob,24.0,24.0,46.0,1.9166666666666667,57.0,640x480,mpeg4,yuv420p,False,22.0
part_1/05207207976510686-ROB.mp4,rob,29.97179125528914,29.967891544773458,85.0,2.8363690476190473,85.0,640x480,h264,yuv420p,True,22.0
part_4/5412434265502803-ROW.mp4,row,15.081206496519721,15.084294587400178,52.0,3.4472941176470586,103.0,640x480,h264,yuv420p,True,22.0
part_2/22980047894924005-ROW.mp4,row,30.0,29.99711566195558,105.0,3.500336538461539,105.0,640x480,h264,yuv420p,True,22.0
part_10/run_20241119_172652_21.mp4,run,29.97,29.970000000000002,82.0,2.736069402736069,82.0,640x480,mpeg4,yuv420p,False,31.666666666666668
part_10/run_20241119_172652_27.mp4,run,29.97,29.970000000000002,91.0,3.0363697030363697,91.0,640x480,mpeg4,yuv420p,False,31.666666666666668
part_10/run_20241119_172652_29.mp4,run,29.97,29.97,52.0,1.7350684017350684,52.0,288x192,h264,yuv420p,False,31.666666666666668
part_4/647128079267353-SAD.mp4,sad,29.975429975429975,29.970029970029973,61.0,2.0353666666666665,61.0,640x480,h264,yuv420p,True,25.0
part_6/9346193415975794-SAD.mp4,sad,29.995775242923532,30.004286326618086,71.0,2.366328571428572,70.0,640x480,h264,yuv420p,True,25.0
part_10/saw_20241119_172652_53.mp4,saw,29.967891544773458,29.974720115565184,84.0,2.802361445783133,84.0,640x480,h264,yuv420p,True,23.333333333333332
part_10/saw_20241119_172652_61.mp4,saw,29.996739484838603,30.003297065611605,92.0,3.0663296703296705,91.0,640x480,h264,yuv420p,True,23.333333333333332
part_10/saw_20241119_172652_65.mp4,saw,29.973772948669914,29.96965098634294,80.0,2.6693670886075953,80.0,640x480,h264,yuv420p,True,23.333333333333332
part_3/4342737241901915-SEE.mp4,see,30.373,30.373,78.0,2.5680703256181476,77.0,640x480,h264,yuv420p,True,29.0
part_2/27829246360194815-SEE.mp4,see,29.919447640966627,29.917004439297433,156.0,5.214425806451613,156.0,640x480,h264,yuv420p,True,29.0
part_10/set_video_27.mp4,set,29.97,29.97,66.0,2.2022022022022023,66.0,640x480,mpeg4,yuv420p,False,32.5
part_10/set_video_58.mp4,set,23.976,23.976000000000003,30.0,1.251251251251251,37.0,640x480,mpeg4,yuv420p,False,32.5
part_1/0999375781773455-SEW.mp4,sew,29.915692140331792,29.920395278616528,110.0,3.6764220183486236,110.0,640x480,h264,yuv420p,True,21.5
part_2/23760342612537566-SEW.mp4,sew,30.00447828034035,29.999999999999996,67.0,2.2333333333333334,67.0,640x480,h264,yuv420p,True,21.5
part_10/shy_video_1.mp4,shy,24.0,24.0,113.0,4.708333333333333,141.0,640x480,h264,yuv420p,False,21.5
part_2/18593355737523742-SHY.mp4,shy,29.992684711046085,30.00750187546887,41.0,1.366325,40.0,640x480,h264,yuv420p,True,21.5
part_10/sit_11.mp4,sit,29.97,29.97,92.0,3.0697364030697365,92.0,640x480,mpeg4,yuv420p,False,23.5
part_4/5731680073234551-SIT.mp4,sit,29.998324115971176,30.001685487948762,179.0,5.966331460674157,178.0,640x480,h264,yuv420p,True,23.5
part_3/39432446802503174-SIX.mp4,six,29.996250468691414,30.003797949107483,80.0,2.6663291139240504,79.0,640x480,h264,yuv420p,True,22.5
part_2/2943130704557879-SIX.mp4,six,30.0,29.994916115912556,60.0,2.0003389830508476,60.0,640x480,h264,yuv420p,True,22.5
part_5/8061621260738869-SKI.mp4,ski,29.83887010145216,29.83580296355627,150.0,5.0275167785234895,150.0,640x480,h264,yuv420p,True,17.5
part_2/355889026628051-SKI.mp4,ski,30.003409478349813,30.0,88.0,2.933333333333333,88.0,640x480,h264,yuv420p,True,17.5
part_4/6817043488610852-seedSON.mp4,son,29.915505823247315,29.91944764096663,131.0,4.3784230769230765,131.0,640x480,h264,yuv420p,True,26.5
part_4/6493760829126121-SON.mp4,son,30.004110152075626,30.0,73.0,2.433333333333333,73.0,640x480,h264,yuv420p,True,26.5
part_3/3612394992043384-SOW.mp4,sow,29.995588883987647,30.004478280340347,68.0,2.2663283582089555,67.0,640x480,h264,yuv420p,True,10.666666666666666
part_6/9924250046736427-SOW.mp4,sow,30.001485222040696,30.0,202.0,6.733333333333333,202.0,640x480,h264,yuv420p,True,10.666666666666666
part_2/3043511720984531-SOW.mp4,sow,29.971181556195965,29.964747356051706,52.0,1.7353725490196077,52.0,640x480,h264,yuv420p,True,10.666666666666666
part_11/sun_video_12.mp4,sun,29.97,29.970000000000002,169.0,5.638972305638972,169.0,640x480,mpeg4,yuv420p,False,25.5
part_1/14615094008591-SUN.mp4,sun,30.003529827038474,30.000000000000004,85.0,2.833333333333333,85.0,640x480,h264,yuv420p,True,25.5
part_11/tan_video_5.mp4,tan,29.97,29.97,188.0,6.2729396062729395,188.0,640x480,mpeg4,yuv420p,False,21.0
part_1/06216853085016161-TAN.mp4,tan,30.003797949107483,30.0,79.0,2.6333333333333333,79.0,640x480,h264,yuv420p,True,21.0
part_4/6214416485603274-TEA.mp4,tea,29.97275204359673,29.968997588701342,88.0,2.936367816091954,88.0,640x480,h264,yuv420p,True,23.5
part_5/8183789400425716-TEA.mp4,tea,29.99610440202571,30.003947887879985,77.0,2.566328947368421,76.0,640x480,h264,yuv420p,True,23.5
part_11/tie_20241119_172656_9.mp4,tie,23.976,23.976,44.0,1.8351685018351687,55.0,640x480,mpeg4,yuv420p,False,27.333333333333332
part_11/tie_20241119_172656_20.mp4,tie,23.976,23.976,52.0,2.1688355021688355,65.0,640x480,mpeg4,yuv420p,False,27.333333333333332
part_11/tie_20241119_172656_50.mp4,tie,30.00517330574237,30.0,58.0,1.9333333333333333,58.0,640x480,h264,yuv420p,True,27.333333333333332
part_4/6120598533455035-TOP.mp4,top,30.0,29.99754118514876,123.0,4.100336065573771,123.0,640x480,h264,yuv420p,True,27.5
part_2/26012193161823993-TOP.mp4,top,30.00491883915396,30.0,61.0,2.033333333333333,61.0,640x480,h264,yuv420p,True,27.5
part_11/tow_20241119_172658_14.mp4,tow,29.9704516673702,29.965753424657535,71.0,2.3693714285714287,71.0,640x480,h264,yuv420p,True,30.333333333333332
part_11/tow_20241119_172658_33.mp4,tow,30.0,29.99210734017364,39.0,1.3003421052631579,39.0,640x480,h264,yuv420p,True,30.333333333333332
part_11/tow_20241119_172658_64.mp4,tow,30.00491883915396,30.0,61.0,2.033333333333333,61.0,640x480,h264,yuv420p,True,30.333333333333332
part_11/toy_20241119_173205.mp4,toy,30.003,30.003,91.0,3.0330300303303,90.0,640x480,h264,yuv420p,False,33.0
part_11/toy_20241119_172656_66.mp4,toy,27.76,27.759999999999998,45.0,1.6210374639769454,48.0,640x480,h264,yuv420p,True,33.0
part_11/toy_20241119_172656_76.mp4,toy,30.00545553737043,30.0,55.0,1.8333333333333333,55.0,640x480,h264,yuv420p,True,33.0
part_4/6262923592222667-TRY.mp4,try,29.98965873836608,30.010718113612004,29.0,0.9663214285714286,28.0,640x480,h264,yuv420p,True,29.0
part_6/902402413182124-TRY.mp4,try,29.995946493717064,30.00411015207563,74.0,2.4663287671232874,73.0,640x480,h264,yuv420p,True,29.0
part_4/587454674789071-TTY.mp4,tty,30.0,29.994001199760046,51.0,1.7003400000000002,51.0,640x480,h264,yuv420p,True,17.0
part_2/3521458304025926-TTY.mp4,tty,29.920442753372537,29.918246651591584,173.0,5.78242441860465,173.0,640x480,h264,yuv420p,True,17.0
part_5/8764129814637727-TWO.mp4,two,29.993618379068284,30.006523157208086,47.0,1.5663260869565219,46.0,640x480,h264,yuv420p,True,20.0
part_5/7391350877622198-TWO.mp4,two,29.968454258675077,29.959514170040485,38.0,1.2683783783783784,38.0,640x480,h264,yuv420p,True,20.0
part_3/5044184391977649-USE.mp4,use,30.0,29.99516207063377,63.0,2.1003387096774193,63.0,640x480,h264,yuv420p,True,24.0
part_3/4873719527704967-USE.mp4,use,30.002479543763947,30.0,121.0,4.033333333333333,121.0,640x480,h264,yuv420p,True,24.0
part_11/wad_video_10.mp4,wad,29.97,29.970000000000002,358.0,11.945278611945279,358.0,640x480,mpeg4,yuv420p,False,24.333333333333332
part_11/wad_video_32.mp4,wad,29.97,29.97,127.0,4.237570904237571,127.0,640x480,mpeg4,yuv420p,False,24.333333333333332
part_11/wad_video_33.mp4,wad,29.97,29.97,97.0,3.2365699032365702,97.0,640x480,mpeg4,yuv420p,False,24.333333333333332
part_11/war_6.mp4,war,23.976,23.976,64.0,2.6693360026693362,80.0,640x480,mpeg4,yuv420p,False,21.0
part_2/31451260834417893-WAR.mp4,war,29.974720115565187,29.970760233918128,83.0,2.769365853658537,83.0,640x480,h264,yuv420p,True,21.0
part_11/way_5.mp4,way,23.976,23.976,32.0,1.3346680013346681,40.0,640x480,mpeg4,yuv420p,False,24.0
part_2/2328463966896226-WAY.mp4,way,30.00652315720809,30.0,46.0,1.5333333333333334,46.0,640x480,h264,yuv420p,True,24.0
part_11/wet_5.mp4,wet,23.976,23.976000000000003,62.0,2.585919252585919,77.0,640x480,mpeg4,yuv420p,False,28.5
part_6/9750609324903228-WET.mp4,wet,29.91608901860635,29.911373707533233,82.0,2.7414320987654324,82.0,640x480,h264,yuv420p,True,28.5
part_5/8040413047655517-WHO.mp4,who,30.5,30.5,61.0,2.0,60.0,640x480,h264,yuv420p,True,31.0
part_6/9790302153060182-WHO.mp4,who,29.993183367416496,30.006978367062107,44.0,1.4663255813953489,43.0,640x480,h264,yuv420p,True,31.0
part_11/why_video_7.mp4,why,15.358,15.358,26.0,1.692928766766506,50.0,640x480,mpeg4,yuv420p,False,29.0
part_4/5584013314005547-WHY.mp4,why,30.311,30.311,104.0,3.4310976213255913,102.0,640x480,h264,yuv420p,True,29.0
part_11/win_video_5.mp4,win,25.04,25.04,100.0,3.9936102236421727,119.0,640x480,mpeg4,yuv420p,False,22.0
part_5/81819704613424-WIN.mp4,win,29.967602591792655,29.97275204359673,111.0,3.7033636363636364,111.0,640x480,h264,yuv420p,True,22.0
part_11/wow_video_7.mp4,wow,29.97,29.97,53.0,1.7684351017684352,53.0,640x480,mpeg4,yuv420p,False,28.0
part_1/02448110989633312-WOW.mp4,wow,29.974160206718345,29.968454258675077,58.0,1.9353684210526316,58.0,640x480,h264,yuv420p,True,28.0
part_6/Yay_video_0.mp4,yay,29.97,29.97,87.0,2.902902902902903,87.0,640x480,h264,yuv420p,False,10.333333333333334
part_1/13614976745707308-YAY.mp4,yay,30.00750187546887,30.0,40.0,1.3333333333333333,40.0,640x480,h264,yuv420p,True,10.333333333333334
part_1/02005984677857131-YAY.mp4,yay,30.005770340450088,30.0,52.0,1.7333333333333334,52.0,640x480,h264,yuv420p,True,10.333333333333334
part_11/yes_15.mp4,yes,29.97,29.97,63.0,2.1021021021021022,63.0,640x480,mpeg4,yuv420p,False,28.5
part_11/yes_13.mp4,yes,23.976,23.976,47.0,1.9602936269602937,58.0,640x480,mpeg4,yuv420p,False,28.5
part_1/14637905185166056-YOU.mp4,you,29.996629592180653,30.003409478349813,89.0,2.9663295454545455,88.0,640x480,h264,yuv420p,True,23.5
part_5/7924736335453846-YOU.mp4,you,30.002752546105146,30.0,109.0,3.6333333333333333,109.0,640x480,h264,yuv420p,True,23.5
part_3/4926303191685846-ZOO.mp4,zoo,30.0,30.000000000000004,66.0,2.1999999999999997,66.0,640x480,mpeg4,yuv420p,False,17.5
part_1/1728288380590255-ZOO.mp4,zoo,30.733,30.732999999999997,169.0,5.4989750431132665,164.0,640x480,h264,yuv420p,True,17.5
part_2/28393543825601997-TRUE.mp4,TRUE,30.952,30.951999999999998,92.0,2.9723442750064617,89.0,640x480,h264,yuv420p,True,21.0
part_5/8444725475943711-TRUE.mp4,TRUE,29.994643813604714,30.00545553737043,56.0,1.8663272727272728,55.0,640x480,h264,yuv420p,True,21.0
part_6/area_video_23.mp4,area,30.0,30.0,69.0,2.3,69.0,640x480,mpeg4,yuv420p,False,33.5
part_5/8756443977057402-AREA.mp4,area,29.925187032418954,29.914529914529915,36.0,1.2034285714285715,36.0,640x480,h264,yuv420p,True,33.5
part_6/935236990562061-ARMY.mp4,army,14.993184915947296,14.988290398126464,33.0,2.20171875,66.0,640x480,h264,yuv420p,True,19.0
part_1/03939301224865832-ARMY.mp4,army,29.974160206718345,29.971331769611673,116.0,3.8703652173913046,116.0,640x480,h264,yuv420p,True,19.0
part_4/6301826116353315-ASIA.mp4,asia,14.989293361884368,14.985380116959064,42.0,2.8027317073170734,84.0,640x480,h264,yuv420p,True,23.0
part_2/3033680920399553-ASIA.mp4,asia,29.97275204359673,29.965156794425084,44.0,1.468372093023256,44.0,640x480,h264,yuv420p,True,23.0
part_6/aunt_video_1.mp4,aunt,23.976,23.976000000000003,59.0,2.460794127460794,73.0,640x480,mpeg4,yuv420p,False,24.0
part_2/31275741122986744-AUNT.mp4,aunt,29.99693908784818,30.00309310238169,98.0,3.2663298969072163,97.0,640x480,h264,yuv420p,True,24.0
part_6/away_video_18.mp4,away,29.97,29.970000000000002,88.0,2.936269602936269,88.0,640x480,mpeg4,yuv420p,False,32.5
part_1/1395951937634763-AWAY.mp4,away,30.0,29.99434069043577,54.0,1.8003396226415092,54.0,640x480,h264,yuv420p,True,32.5
part_6/baby_20241119_173205.mp4,baby,30.0,29.996629592180653,90.0,3.0003370786516856,90.0,640x480,h264,yuv420p,True,33.0
part_6/baby_20241119_172633_26.mp4,baby,29.97,29.970000000000002,68.0,2.2689356022689355,68.0,640x480,mpeg4,yuv420p,False,33.0
part_6/baby_20241119_172633_60.mp4,baby,30.0,30.0,87.0,2.9,87.0,640x480,mpeg4,yuv420p,False,33.0
part_6/back_video_8.mp4,back,23.976,23.976000000000003,26.0,1.0844177510844177,32.0,640x480,h264,yuv420p,False,25.0
part_6/back_video_13.mp4,back,29.97,29.97,52.0,1.7350684017350684,52.0,640x480,mpeg4,yuv420p,False,25.0
part_4/6127036021444041-BACK.mp4,back,30.802,30.802,44.0,1.4284786702162198,42.0,640x480,mpeg4,yuv420p,False,25.0
part_6/bake_20241119_172634_4.mp4,bake,30.0,29.995775242923532,72.0,2.400338028169014,72.0,640x480,h264,yuv420p,True,25.333333333333332
part_6/bake_20241119_172634_20.mp4,bake,30.00491883915396,30.0,61.0,2.033333333333333,61.0,640x480,h264,yuv420p,True,25.333333333333332
part_6/bake_20241119_172634_25.mp4,bake,30.00750187546887,30.0,40.0,1.3333333333333333,40.0,640x480,h264,yuv420p,True,25.333333333333332
part_6/bald_video_0.mp4,bald,29.97,29.970000000000002,81.0,2.7027027027027026,81.0,640x480,mpeg4,yuv420p,False,24.0
part_1/11414891381852654-BALD.mp4,bald,29.914529914529915,29.92518703241895,49.0,1.6374166666666667,49.0,640x480,h264,yuv420p,True,24.0
part_6/ball_video_27.mp4,ball,29.97,29.97,118.0,3.9372706039372707,118.0,640x480,mpeg4,yuv420p,False,32.5
part_6/ball_video_5.mp4,ball,23.976,23.976,78.0,3.2532532532532534,97.0,640x480,mpeg4,yuv420p,False,32.5
part_3/4762888945413031-BANK.mp4,bank,29.919137466307276,29.915692140331792,111.0,3.710427272727273,111.0,640x480,h264,yuv420p,True,24.5
part_4/6766382204103578-BANK.mp4,bank,30.0,29.993183367416496,45.0,1.5003409090909092,45.0,640x480,h264,yuv420p,True,24.5
part_6/bark_20241119_172634_42.mp4,bark,30.0,29.99638597759306,84.0,2.8003373493975903,84.0,640x480,h264,yuv420p,True,35.666666666666664
part_6/bark_20241119_172634_45.mp4,bark,25.0,25.0,71.0,2.84,85.0,640x480,h264,yuv420p,True,35.666666666666664
part_6/bark_20241119_172634_66.mp4,bark,29.995775242923532,30.004286326618086,71.0,2.366328571428572,70.0,640x480,h264,yuv420p,True,35.666666666666664
part_7/bath_video_6.mp4,bath,30.0,30.0,121.0,4.033333333333333,121.0,640x480,h264,yuv420p,False,27.0
part_6/9225802407671602-BATH.mp4,bath,29.997115661955583,30.002912904165456,104.0,3.4663300970873783,103.0,640x480,h264,yuv420p,True,27.0
part_4/5845736526662779-BEAK.mp4,beak,29.993183367416496,30.006978367062107,44.0,1.4663255813953489,43.0,640x480,h264,yuv420p,True,18.5
part_2/21503425335221538-BEAK.mp4,beak,30.003947887879985,30.0,76.0,2.533333333333333,76.0,640x480,h264,yuv420p,True,18.5
part_5/7898922199956833-BEAR.mp4,bear,30.0,29.996842437638144,96.0,3.200336842105263,96.0,640x480,h264,yuv420p,True,31.0
part_4/6131959245163774-BEAR.mp4,bear,29.975429975429975,29.970029970029973,61.0,2.0353666666666665,61.0,640x480,h264,yuv420p,True,31.0
part_7/beat_video_11.mp4,beat,29.97,29.97,295.0,9.843176509843177,295.0,640x480,mpeg4,yuv420p,False,33.5
part_2/34167731278944613-BEAT.mp4,beat,25.0,25.0,80.0,3.2,96.0,640x480,h264,yuv420p,True,33.5
part_7/beer_5.mp4,beer,25.0,25.0,71.0,2.84,85.0,640x480,mpeg4,yuv420p,False,22.0
part_7/beer_11.mp4,beer,30.0,30.0,97.0,3.2333333333333334,97.0,640x480,h264,yuv420p,True,22.0
part_2/31836165575164843-BELL.mp4,bell,29.99693908784818,30.003093102381687,98.0,3.2663298969072168,97.0,640x480,h264,yuv420p,True,24.0
part_6/997883238386003-BELL.mp4,bell,30.49,30.490000000000002,70.0,2.295834699901607,68.0,640x480,h264,yuv420p,True,24.0
part_7/belt_20241119_172634_44.mp4,belt,15.082956259426847,15.081799591002046,60.0,3.9783050847457626,119.0,640x480,h264,yuv420p,True,26.666666666666668
part_7/belt_20241119_172634_57.mp4,belt,29.994916115912556,30.005173305742368,59.0,1.9663275862068967,58.0,640x480,h264,yuv420p,True,26.666666666666668
part_7/belt_20241119_172634_66.mp4,belt,29.921700223713646,29.918148461755575,107.0,3.576424528301887,107.0,640x480,h264,yuv420p,True,26.666666666666668
part_5/8182499302703765-BEND.mp4,bend,30.0,29.997272975184075,111.0,3.7003363636363638,111.0,640x480,h264,yuv420p,True,19.5
part_6/9083457961656705-BEND.mp4,bend,29.977,29.977,64.0,2.1349701437768958,64.0,640x480,mpeg4,yuv420p,False,19.5
part_5/7471204195418937-BEST.mp4,best,30.002027163997568,29.999999999999996,148.0,4.933333333333334,148.0,640x480,h264,yuv420p,True,18.5
part_1/15158433513577485-BEST.mp4,best,29.964448958862366,29.974160206718345,59.0,1.9683620689655172,59.0,640x480,h264,yuv420p,True,18.5
part_7/bike_video_5.mp4,bike,29.97,29.97,87.0,2.902902902902903,87.0,640x480,mpeg4,yuv420p,False,18.5
part_7/bike_video_22.mp4,bike,29.97,29.97,92.0,3.0697364030697365,92.0,640x480,mpeg4,yuv420p,False,18.5
part_2/20395019905591494-BIND.mp4,bind,29.996250468691414,30.003797949107483,80.0,2.6663291139240504,79.0,640x480,h264,yuv420p,True,18.0
part_3/39954876611509205-seedBIND.mp4,bind,30.278,30.278,114.0,3.7651099808441773,112.0,640x480,h264,yuv420p,True,18.0
part_7/bird_video_5.mp4,bird,30.0,30.0,150.0,5.0,150.0,640x480,mpeg4,yuv420p,False,27.0
part_2/30664148320348894-BIRD.mp4,bird,25.633,25.633,84.0,3.277025709046932,98.0,640x480,h264,yuv420p,True,27.0
part_7/bite_20241119_172634_4.mp4,bite,29.97,29.97,64.0,2.135468802135469,64.0,640x480,mpeg4,yuv420p,False,23.0
part_7/bite_20241119_172634_47.mp4,bite,30.003947887879985,30.0,76.0,2.533333333333333,76.0,640x480,h264,yuv420p,True,23.0
part_7/bite_20241119_172634_51.mp4,bite,29.99651203348448,30.003529827038474,86.0,2.8663294117647062,85.0,640x480,h264,yuv420p,True,23.0
part_7/blow_video_40.mp4,blow,29.97,29.970000000000002,59.0,1.9686353019686351,59.0,640x480,mpeg4,yuv420p,False,27.333333333333332
part_7/blow_video_1.mp4,blow,29.97,29.97,102.0,3.4034034034034035,102.0,640x480,mpeg4,yuv420p,False,27.333333333333332
part_4/7087842839999723-BLOW.mp4,blow,29.976019184652277,29.96941896024465,50.0,1.6683673469387754,50.0,640x480,h264,yuv420p,True,27.333333333333332
part_7/blue_4.mp4,blue,30.0,30.0,79.0,2.6333333333333333,79.0,640x480,h264,yuv420p,True,31.5
part_4/5646306760457318-BLUE.mp4,blue,14.99605367008682,14.987510407993337,19.0,1.2677222222222224,38.0,640x480,h264,yuv420p,True,31.5
part_3/523927657368864-BLUR.mp4,blur,29.97658079625293,29.971455756422458,64.0,2.135365079365079,64.0,640x480,h264,yuv420p,True,18.0
part_1/06621721837888139-BLUR.mp4,blur,29.994916115912556,30.005173305742368,59.0,1.9663275862068967,58.0,640x480,h264,yuv420p,True,18.0
part_7/boat_10.mp4,boat,29.97,29.970000000000002,43.0,1.434768101434768,43.0,288x192,h264,yuv420p,False,25.0
part_6/991031504351187-BOAT.mp4,boat,30.0,29.996104402025708,78.0,2.6003376623376626,78.0,640x480,h264,yuv420p,True,25.0
part_7/body_video_14.mp4,body,30.0,30.0,80.0,2.6666666666666665,80.0,640x480,mpeg4,yuv420p,False,26.5
part_5/8329852027760176-BODY.mp4,body,29.922779922779924,29.91662579695929,62.0,2.072426229508197,62.0,640x480,h264,yuv420p,True,26.5
part_7/boil_20241119_172634_19.mp4,boil,29.995775242923532,30.004286326618093,71.0,2.366328571428571,70.0,640x480,h264,yuv420p,True,24.666666666666668
part_7/boil_20241119_172635_21.mp4,boil,30.00309310238169,30.0,97.0,3.2333333333333334,97.0,640x480,h264,yuv420p,True,24.666666666666668
part_7/boil_20241119_172635_27.mp4,boil,30.893,30.893,120.0,3.8843751011556016,116.0,640x480,h264,yuv420p,True,24.666666666666668
part_7/bolt_video_5.mp4,bolt,29.97,29.97,232.0,7.741074407741075,232.0,640x480,mpeg4,yuv420p,False,21.0
part_3/42105578748488104-BOLT.mp4,bolt,31.067,31.067,102.0,3.2832265748221587,98.0,640x480,h264,yuv420p,True,21.0
part_7/bomb_video_2.mp4,bomb,23.976,23.976000000000003,37.0,1.5432098765432096,46.0,640x480,mpeg4,yuv420p,False,22.5
part_3/421084321064648-BOMB.mp4,bomb,29.99610440202571,30.003947887879985,77.0,2.566328947368421,76.0,640x480,h264,yuv420p,True,22.5
part_7/bone.mp4,bone,29.97,29.970000000000002,85.0,2.836169502836169,85.0,640x480,mpeg4,yuv420p,False,21.0
part_2/22662388741931072-BONE.mp4,bone,30.004688232536335,30.0,64.0,2.1333333333333333,64.0,640x480,h264,yuv420p,True,21.0
part_1/11275273156810672-BOOK.mp4,book,29.915370989962607,29.918763621953637,152.0,5.080423841059602,152.0,640x480,h264,yuv420p,True,31.5
part_5/7868496581211555-BOOK.mp4,book,29.751,29.751,50.0,1.6806157776209203,50.0,640x480,h264,yuv420p,True,31.5
part_7/boss_video_2.mp4,boss,23.976,23.976,39.0,1.6266266266266267,48.0,640x480,mpeg4,yuv420p,False,22.5
part_5/8762740499189581-BOSS.mp4,boss,29.99210734017364,30.0081103000811,38.0,1.2663243243243245,37.0,640x480,h264,yuv420p,True,22.5
part_7/both.mp4,both,29.97,29.97,64.0,2.135468802135469,64.0,640x480,h264,yuv420p,False,19.5
part_2/32856875079358927-BOTH.mp4,both,29.91993257479983,29.914529914529915,71.0,2.373428571428571,71.0,640x480,h264,yuv420p,True,19.5
part_2/20185673274367666-BOWL.mp4,bowl,29.968454258675077,29.974489795918366,95.0,3.16936170212766,95.0,640x480,h264,yuv420p,True,21.5
part_4/6275706222751911-BOWL.mp4,bowl,30.003947887879985,30.0,76.0,2.533333333333333,76.0,640x480,h264,yuv420p,True,21.5
part_4/6599686091129466-BRAG.mp4,brag,30.0,29.996629592180653,90.0,3.0003370786516856,90.0,640x480,h264,yuv420p,True,25.5
part_3/48313464915789317-BRAG.mp4,brag,29.997196523689375,30.002830455703368,107.0,3.5663301886792453,106.0,640x480,h264,yuv420p,True,25.5
part_4/6502992831454479-BULL.mp4,bull,29.922202274087372,29.918404351767904,100.0,3.3424242424242427,100.0,640x480,h264,yuv420p,True,25.0
part_2/26332991609482725-BULL.mp4,bull,25.0,25.0,80.0,3.2,96.0,640x480,h264,yuv420p,True,25.0
part_7/burn_video_1.mp4,burn,29.97002997002997,29.97002997002997,120.0,4.0040000000000004,120.0,512x384,h264,yuv420p,False,20.0
part_6/9042313665932824-BURN 1.mp4,burn,29.967159277504106,29.975020815986674,73.0,2.4353611111111113,73.0,640x480,h264,yuv420p,True,20.0
part_7/burp_video_1.mp4,burp,29.97,29.970000000000002,85.0,2.836169502836169,85.0,640x480,mpeg4,yuv420p,False,22.0
part_2/32974561692325177-BURP.mp4,burp,31.071,31.071,99.0,3.186250844839239,95.0,640x480,h264,yuv420p,True,22.0
part_7/bury_20241119_172635_50.mp4,bury,30.0,29.996629592180653,90.0,3.0003370786516856,90.0,640x480,h264,yuv420p,True,43.333333333333336
part_7/bury_20241119_172635_60.mp4,bury,29.97179125528914,29.967891544773458,85.0,2.8363690476190473,85.0,640x480,h264,yuv420p,True,43.333333333333336
part_7/bury_20241119_172635_108.mp4,bury,30.0,30.0,62.0,2.066666666666667,62.0,640x480,mpeg4,yuv420p,False,43.333333333333336
part_7/busy_video_2.mp4,busy,29.97,29.97,105.0,3.5035035035035036,105.0,640x480,mpeg4,yuv420p,False,21.0
part_2/2111386793579384-BUSY.mp4,busy,29.996842437638144,30.00319182891797,95.0,3.1663297872340426,94.0,640x480,h264,yuv420p,True,21.0
part_7/cake_video_10.mp4,cake,23.976,23.976000000000003,26.0,1.0844177510844177,32.0,640x480,mpeg4,yuv420p,False,26.5
part_6/9760717795603517-CAKE.mp4,cake,30.00447828034035,29.999999999999996,67.0,2.2333333333333334,67.0,640x480,h264,yuv420p,True,26.5
part_7/call_20241119_172635_3.mp4,call,29.97,29.97,77.0,2.569235902569236,77.0,640x480,mpeg4,yuv420p,False,31.333333333333332
part_7/call_20241119_172635_9.mp4,call,23.976,23.976,56.0,2.335669002335669,70.0,640x480,mpeg4,yuv420p,False,31.333333333333332
part_7/call_20241119_172635_14.mp4,call,29.97,29.970000000000002,35.0,1.1678345011678344,35.0,640x480,mpeg4,yuv420p,False,31.333333333333332
part_1/002117980728863156-CALM.mp4,calm,29.96542451018056,29.97275204359673,78.0,2.6023636363636364,78.0,640x480,h264,yuv420p,True,29.5
part_5/7242386325731363-CALM.mp4,calm,30.003409478349813,30.0,88.0,2.933333333333333,88.0,640x480,h264,yuv420p,True,29.5
part_1/1649337242624458-CAPE.mp4,cape,14.994232987312571,14.984227129337539,39.0,2.6027368421052635,78.0,640x480,h264,yuv420p,True,10.333333333333334
part_1/1522839054008891-CAPE.mp4,cape,29.99400119976005,30.006123698714024,50.0,1.6663265306122448,49.0,640x480,h264,yuv420p,True,10.333333333333334
part_5/7492155827826377-CAPE.mp4,cape,30.393,30.392999999999997,126.0,4.14569144210838,124.0,640x480,h264,yuv420p,True,10.333333333333334
part_1/046644995711657256-CHAT.mp4,chat,29.995162070633768,30.004918839153962,62.0,2.0663278688524587,61.0,640x480,h264,yuv420p,True,21.0
part_3/434814466410546-CHAT.mp4,chat,29.850746268656717,29.841269841269842,48.0,1.6085106382978722,48.0,640x480,h264,yuv420p,True,21.0
part_7/chew_20241119_172637_25.mp4,chew,30.0,29.995385325334567,66.0,2.200338461538461,66.0,640x480,h264,yuv420p,True,42.666666666666664
part_7/chew_20241119_172637_62.mp4,chew,30.37,30.370000000000005,123.0,4.05004939084623,121.0,640x480,h264,yuv420p,True,42.666666666666664
part_7/chew_20241119_172637_70.mp4,chew,29.969090176051605,29.971648440664236,223.0,7.440364864864865,223.0,640x480,h264,yuv420p,True,42.666666666666664
part_2/1921109044689493-CHIN 2.mp4,chin,30.00447828034035,30.000000000000004,67.0,2.233333333333333,67.0,640x480,h264,yuv420p,True,11.0
part_3/3969659858373005-CHIN 2.mp4,chin,30.315,30.314999999999998,75.0,2.4740227610094014,74.0,640x480,h264,yuv420p,True,11.0
part_5/7489397758558725-CHIN 2.mp4,chin,25.0,25.000000000000004,70.0,2.8,84.0,640x480,h264,yuv420p,True,11.0
part_3/537857051610624-CHOP.mp4,chop,29.97364953886693,29.970029970029973,91.0,3.0363666666666664,91.0,640x480,h264,yuv420p,True,22.5
part_4/6211622633211988-CHOP.mp4,chop,29.997656433091166,30.00236239073943,128.0,4.266330708661417,127.0,640x480,h264,yuv420p,True,22.5
part_7/city_20241119_172637_10.mp4,city,25.0,25.0,63.0,2.52,75.0,640x480,mpeg4,yuv420p,False,27.333333333333332
part_7/city_20241119_172637_24.mp4,city,30.425,30.425,75.0,2.4650780608052587,73.0,640x480,h264,yuv420p,True,27.333333333333332
part_7/city_20241119_172637_64.mp4,city,30.388,30.388,75.0,2.4680795050677897,74.0,640x480,h264,yuv420p,True,27.333333333333332
part_4/6096445983777203-CLAP.mp4,clap,29.975020815986678,29.965753424657535,36.0,1.2013714285714285,36.0,640x480,h264,yuv420p,True,20.0
part_1/029797188792581197-CLAP.mp4,clap,29.96941896024465,29.9625468164794,49.0,1.635375,49.0,640x480,h264,yuv420p,True,20.0
part_1/1063327971969128-CLAW.mp4,claw,29.967727063162748,29.97658079625293,65.0,2.168359375,65.0,640x480,h264,yuv420p,True,16.5
part_1/01728719261828071-CLAW.mp4,claw,30.0,29.996629592180657,90.0,3.000337078651685,90.0,640x480,h264,yuv420p,True,16.5
part_7/clip_video_2.mp4,clip,23.976,23.976,47.0,1.9602936269602937,58.0,640x480,mpeg4,yuv420p,False,23.333333333333332
part_7/clip_video_16.mp4,clip,30.0,30.0,88.0,2.933333333333333,88.0,640x480,mpeg4,yuv420p,False,23.333333333333332
part_7/clip_video_22.mp4,clip,29.97,29.970000000000002,88.0,2.936269602936269,88.0,640x480,mpeg4,yuv420p,False,23.333333333333332
part_2/27259190630226193-COLD.mp4,cold,30.605,30.605,50.0,1.6337199803953601,49.0,640x480,h264,yuv420p,True,22.5
part_3/39072948576699607-COLD.mp4,cold,29.97179125528914,29.96985281078205,170.0,5.672366863905326,170.0,640x480,h264,yuv420p,True,22.5
part_7/comb_20241119_172637_5.mp4,comb,29.97,29.970000000000002,201.0,6.706706706706706,201.0,640x480,mpeg4,yuv420p,False,26.0
part_7/comb_20241119_172637_37.mp4,comb,29.921259842519685,29.91452991452991,57.0,1.9054285714285717,57.0,640x480,h264,yuv420p,True,26.0
part_7/comb_20241119_172637_42.mp4,comb,14.91681009753299,14.916467780429596,26.0,1.74304,52.0,640x480,h264,yuv420p,True,26.0
part_7/come_5.mp4,come,29.97,29.97,52.0,1.7350684017350684,52.0,640x480,mpeg4,yuv420p,False,24.5
part_5/7634160961141707-COME.mp4,come,30.0,29.982363315696652,18.0,0.6003529411764705,18.0,640x480,h264,yuv420p,True,24.5
part_7/cook_video_1.mp4,cook,29.97,29.97,77.0,2.569235902569236,77.0,640x480,h264,yuv420p,False,23.5
part_2/26218935817931666-COOK.mp4,cook,29.996,29.996,77.0,2.5670089345246034,77.0,640x480,mpeg4,yuv420p,False,23.5
part_7/cool_20241119_172638_46.mp4,cool,14.913657770800627,14.913007456503728,19.0,1.2740555555555557,38.0,640x480,h264,yuv420p,True,50.666666666666664
part_7/cool_20241119_172638_60.mp4,cool,30.0,30.0,46.0,1.5333333333333334,46.0,640x480,mpeg4,yuv420p,False,50.666666666666664
part_7/cool_20241119_172638_110.mp4,cool,29.994340690435767,30.005770340450084,53.0,1.7663269230769232,52.0,640x480,h264,yuv420p,True,50.666666666666664
part_7/copy_video_8.mp4,copy,23.976,23.976000000000003,70.0,2.919586252919586,87.0,640x480,mpeg4,yuv420p,False,26.0
part_1/12315234223651039-COPY.mp4,copy,29.995385325334563,30.004688232536335,65.0,2.1663281249999997,64.0,640x480,h264,yuv420p,True,26.0
part_7/corn_20241119_172638_57.mp4,corn,15.003489183531054,15.000000000000002,43.0,2.8666666666666663,86.0,640x480,h264,yuv420p,True,39.666666666666664
part_7/corn_20241119_172638_78.mp4,corn,30.513,30.512999999999998,88.0,2.8840166486415626,86.0,640x480,h264,yuv420p,True,39.666666666666664
part_7/corn_20241119_172638_99.mp4,corn,30.0,29.996739484838603,93.0,3.100336956521739,93.0,640x480,h264,yuv420p,True,39.666666666666664
part_4/6543927401448224-COST.mp4,cost,29.925187032418954,29.91725015913431,48.0,1.6044255319148937,48.0,640x480,h264,yuv420p,True,23.0
part_1/08564507593530912-COST.mp4,cost,24.021,24.021,81.0,3.372049456725365,101.0,640x480,h264,yuv420p,True,23.0
part_7/curl_20241119_172639_55.mp4,curl,27.938,27.938,118.0,4.223638055694753,126.0,640x480,h264,yuv420p,True,32.5
part_7/curl_20241119_172639_61.mp4,curl,29.965753424657535,29.982363315696645,35.0,1.1673529411764707,35.0,640x480,h264,yuv420p,True,32.5
part_7/cute_20241119_172639_2.mp4,cute,29.97,29.97,79.0,2.6359693026359694,79.0,640x480,mpeg4,yuv420p,False,24.333333333333332
part_7/cute_20241119_172639_17.mp4,cute,29.916897506925206,29.909706546275395,54.0,1.8054339622641509,54.0,640x480,h264,yuv420p,True,24.333333333333332
part_7/cute_20241119_172639_24.mp4,cute,29.975278121137208,29.971901342491417,97.0,3.236364583333333,97.0,640x480,h264,yuv420p,True,24.333333333333332
part_7/damn_video_6.mp4,damn,29.97,29.97,196.0,6.539873206539873,196.0,640x480,mpeg4,yuv420p,False,19.0
part_4/6063831687840062-DAMN.mp4,damn,30.328,30.328,161.0,5.308625692429438,159.0,640x480,h264,yuv420p,True,19.0
part_7/dark_20241119_172639.mp4,dark,29.97002997002997,29.97002997002997,108.0,3.6036,108.0,512x384,h264,yuv420p,False,34.0
part_7/dark_20241119_172639_15.mp4,dark,29.97,29.970000000000002,72.0,2.402402402402402,72.0,640x480,mpeg4,yuv420p,False,34.0
part_7/dark_20241119_172639_63.mp4,dark,30.0,30.0,52.0,1.7333333333333334,52.0,640x480,mpeg4,yuv420p,False,34.0
part_7/dart_video_7.mp4,dart,29.97,29.970000000000002,98.0,3.269936603269936,98.0,640x480,mpeg4,yuv420p,False,19.0
part_2/18301851044092055-DART.mp4,dart,29.975429975429975,29.970029970029973,61.0,2.0353666666666665,61.0,640x480,h264,yuv420p,True,19.0
part_2/28628058054726835-DATE.mp4,date,29.993183367416496,30.006978367062107,44.0,1.4663255813953489,43.0,640x480,h264,yuv420p,True,27.0
part_3/4104151735517172-DATE.mp4,date,29.919447640966627,29.912023460410555,52.0,1.7384313725490197,52.0,640x480,h264,yuv420p,True,27.0
part_7/deaf_20241119_172639_26.mp4,deaf,29.97,29.97,39.0,1.3013013013013013,39.0,288x192,h264,yuv420p,False,31.333333333333332
part_7/deaf_20241119_172639_35.mp4,deaf,30.0,30.0,76.0,2.533333333333333,76.0,640x480,h264,yuv420p,True,31.333333333333332
part_7/deaf_20241119_172639_87.mp4,deaf,29.968158831241805,29.971724787935912,160.0,5.3383647798742135,160.0,640x480,h264,yuv420p,True,31.333333333333332
part_7/deal_video_19.mp4,deal,15.51,15.510000000000002,37.0,2.3855577047066405,71.0,640x480,mpeg4,yuv420p,False,24.333333333333332
part_7/deal_video_64.mp4,deal,29.97,29.97,67.0,2.235568902235569,67.0,640x480,mpeg4,yuv420p,False,24.333333333333332
part_7/deal_video_68.mp4,deal,29.97,29.970000000000002,178.0,5.939272605939272,178.0,640x480,mpeg4,yuv420p,False,24.333333333333332
part_7/deep_4.mp4,deep,23.976,23.976,76.0,3.1698365031698366,95.0,640x480,h264,yuv420p,False,24.5
part_7/deep_video_7.mp4,deep,29.97,29.970000000000002,48.0,1.6016016016016015,48.0,640x480,mpeg4,yuv420p,False,24.5
part_3/5306687186639676-DEER.mp4,deer,29.9190425906371,29.914529914529915,85.0,2.841428571428571,85.0,640x480,h264,yuv420p,True,22.0
part_6/9610718548345951-DEER.mp4,deer,29.976940814757878,29.968454258675077,39.0,1.3013684210526317,39.0,640x480,h264,yuv420p,True,22.0
part_8/deny_5.mp4,deny,25.0,25.0,87.0,3.48,104.0,640x480,h264,yuv420p,False,21.0
part_2/35009015650010356-DENY.mp4,deny,29.929577464788732,29.922202274087372,51.0,1.70442,51.0,640x480,h264,yuv420p,True,21.0
part_2/22303552436475904-DICE.mp4,dice,25.0,25.0,76.0,3.04,91.0,640x480,h264,yuv420p,True,19.0
part_5/8607021289923507-DICE.mp4,dice,14.991181657848324,14.986376021798366,34.0,2.2687272727272725,68.0,640x480,h264,yuv420p,True,19.0
part_3/5106312147540752-DIVE.mp4,dive,29.377,29.377,102.0,3.4721040269598666,104.0,640x480,h264,yuv420p,True,20.5
part_5/8190700633049739-DIVE.mp4,dive,29.918032786885245,29.912754466140424,73.0,2.4404305555555554,73.0,640x480,h264,yuv420p,True,20.5
part_6/9863078318212655-DO DO.mp4,dodo,30.381,30.381,82.0,2.699055330634278,80.0,640x480,h264,yuv420p,True,10.666666666666666
part_6/9045560219783599-DO DO.mp4,dodo,29.99638597759306,30.00365898280278,83.0,2.766329268292683,82.0,640x480,h264,yuv420p,True,10.666666666666666
part_4/6035110428922583-DO DO.mp4,dodo,29.923170238576628,29.918032786885245,74.0,2.4734246575342467,74.0,640x480,h264,yuv420p,True,10.666666666666666
part_8/doll_video_5.mp4,doll,29.97,29.970000000000002,78.0,2.6026026026026026,78.0,640x480,mpeg4,yuv420p,False,22.5
part_5/7458987336981033-DOLL.mp4,doll,29.967159277504106,29.975020815986674,73.0,2.4353611111111113,73.0,640x480,h264,yuv420p,True,22.5
part_8/door_video_8.mp4,door,29.97,29.97,142.0,4.738071404738071,142.0,640x480,mpeg4,yuv420p,False,26.0
part_8/door_18.mp4,door,23.976,23.976,44.0,1.8351685018351687,55.0,640x480,mpeg4,yuv420p,False,26.0
part_8/down_8.mp4,down,29.996296753487226,29.996250468691414,81.0,2.7003375,81.0,640x480,h264,yuv420p,True,24.0
part_2/2839948372412673-DOWN.mp4,down,30.00309310238169,30.0,97.0,3.2333333333333334,97.0,640x480,h264,yuv420p,True,24.0
part_5/8508712903708244-DOWN.mp4,down,30.00428632661809,30.000000000000004,70.0,2.333333333333333,70.0,640x480,h264,yuv420p,True,24.0
part_8/drag_20241119_172640_30.mp4,drag,29.995775242923532,30.004286326618093,71.0,2.366328571428571,70.0,640x480,h264,yuv420p,True,26.0
part_8/drag_20241119_172640_55.mp4,drag,29.91926547411746,29.91725015913431,189.0,6.3174255319148935,189.0,640x480,h264,yuv420p,True,26.0
part_8/drag_20241119_172640_58.mp4,drag,30.00491883915396,30.0,61.0,2.033333333333333,61.0,640x480,h264,yuv420p,True,26.0
part_8/draw_video_20.mp4,draw,29.97,29.97,109.0,3.6369703036369705,109.0,640x480,mpeg4,yuv420p,False,31.5
part_4/5677482375653258-DRAW.mp4,draw,30.0,29.996842437638144,96.0,3.200336842105263,96.0,640x480,h264,yuv420p,True,31.5
part_1/01736975825947895-DRIP.mp4,drip,29.917726252804787,29.912911775842485,80.0,2.6744303797468354,80.0,640x480,h264,yuv420p,True,18.5
part_1/0011283188676773914-DRIP.mp4,drip,25.0,25.0,65.0,2.6,78.0,640x480,h264,yuv420p,True,18.5
part_1/004376429976792773-DROP.mp4,drop,22.775,22.775,77.0,3.380900109769484,101.0,640x480,h264,yuv420p,True,34.0
part_1/11910909143311876-DROP.mp4,drop,30.00428632661809,30.000000000000004,70.0,2.333333333333333,70.0,640x480,h264,yuv420p,True,34.0
part_8/drug_video_5.mp4,drug,29.97,29.97,216.0,7.207207207207207,216.0,640x480,mpeg4,yuv420p,False,20.0
part_2/19015467641506412-DRUG.mp4,drug,29.994340690435767,30.005770340450084,53.0,1.7663269230769232,52.0,640x480,h264,yuv420p,True,20.0
part_8/drum_video_7.mp4,drum,29.97,29.97,133.0,4.437771104437771,133.0,640x480,mpeg4,yuv420p,False,23.5
part_3/4216474320343584-seedDRUM.mp4,drum,29.834254143646408,29.830810329474623,135.0,4.525522388059701,135.0,640x480,h264,yuv420p,True,23.5
part_8/duck_20241119_173205.mp4,duck,29.99754118514876,30.002479543763943,122.0,4.066330578512397,121.0,640x480,h264,yuv420p,True,29.333333333333332
part_8/duck_20241119_172641_52.mp4,duck,29.97275204359673,29.967727063162748,66.0,2.202369230769231,66.0,640x480,h264,yuv420p,True,29.333333333333332
part_8/duck_20241119_172641_64.mp4,duck,29.916625796959295,29.910269192422735,61.0,2.039433333333333,61.0,640x480,h264,yuv420p,True,29.333333333333332
part_2/235457672002636-DUMB.mp4,dumb,25.0,25.0,63.0,2.52,75.0,640x480,h264,yuv420p,True,21.0
part_3/5207934170163251-DUMB.mp4,dumb,30.00750187546887,30.0,40.0,1.3333333333333333,40.0,640x480,h264,yuv420p,True,21.0
part_1/09460688008864038-DUTY.mp4,duty,30.523,30.523,67.0,2.1950660157913706,65.0,640x480,h264,yuv420p,True,21.0
part_6/9340526233167323-DUTY.mp4,duty,30.003409478349813,30.0,88.0,2.933333333333333,88.0,640x480,h264,yuv420p,True,21.0
part_1/1083098587224911-EACH.mp4,each,30.00447828034035,29.999999999999996,67.0,2.2333333333333334,67.0,640x480,h264,yuv420p,True,21.0
part_1/17810030879122074-EACH.mp4,each,29.966329966329965,29.97275204359673,89.0,2.9693636363636364,89.0,640x480,h264,yuv420p,True,21.0
part_6/9992542474830444-EARN.mp4,earn,30.0,29.994643813604714,57.0,1.9003392857142856,57.0,640x480,h264,yuv420p,True,19.5
part_5/8141552709919084-EARN.mp4,earn,16.666666666666668,16.666666666666668,65.0,3.9,117.0,640x480,h264,yuv420p,True,19.5
part_1/13683219097979515-EAST.mp4,east,30.0,29.992684711046085,42.0,1.4003414634146343,42.0,640x480,h264,yuv420p,True,22.0
part_1/024560003590674118-EAST.mp4,east,29.914529914529915,29.920692141312184,84.0,2.807421686746988,84.0,640x480,h264,yuv420p,True,22.0
part_8/easy_video_3.mp4,easy,29.97,29.97,86.0,2.8695362028695364,86.0,640x480,mpeg4,yuv420p,False,25.5
part_2/3481069285509393-EASY.mp4,easy,29.993183367416496,30.006978367062107,44.0,1.4663255813953489,43.0,640x480,h264,yuv420p,True,25.5
part_8/edge_video_6.mp4,edge,29.97,29.97,127.0,4.237570904237571,127.0,640x480,mpeg4,yuv420p,False,22.5
part_4/6646285782644539-EDGE.mp4,edge,25.0,24.999999999999996,69.0,2.7600000000000002,82.0,640x480,h264,yuv420p,True,22.5
part_8/edit_20241119_172641_36.mp4,edit,29.992684711046085,30.00750187546887,41.0,1.366325,40.0,640x480,h264,yuv420p,True,23.333333333333332
part_8/edit_20241119_172641_47.mp4,edit,29.201,29.201,54.0,1.8492517379541795,55.0,640x480,h264,yuv420p,True,23.333333333333332
part_8/edit_20241119_172641_57.mp4,edit,29.996739484838603,30.003297065611605,92.0,3.0663296703296705,91.0,640x480,h264,yuv420p,True,23.333333333333332
part_3/3638230016874753-EVEN.mp4,even,30.0,30.0,41.0,1.3666666666666667,41.0,640x480,mpeg4,yuv420p,False,20.0
part_2/24964719988269746-EVEN.mp4,even,29.92194275802255,29.916410030796307,69.0,2.306426470588235,69.0,640x480,h264,yuv420p,True,20.0
part_8/eyes_8.mp4,eyes,30.283,30.283,97.0,3.2031172605091967,96.0,640x480,mpeg4,yuv420p,False,17.5
part_3/5370606838669136-EYES.mp4,eyes,30.411,30.410999999999998,68.0,2.2360330143698004,67.0,640x480,h264,yuv420p,True,17.5
part_8/face_video_9.mp4,face,29.97,29.97,79.0,2.6359693026359694,79.0,640x480,mpeg4,yuv420p,False,29.5
part_1/06117592760150714-FACE.mp4,face,29.983792544570502,29.975020815986674,37.0,1.2343611111111112,37.0,640x480,h264,yuv420p,True,29.5
part_5/8074695653882442-FADE.mp4,fade,29.997761361092454,30.002255808707424,134.0,4.466330827067669,133.0,640x480,h264,yuv420p,True,10.666666666666666
part_2/23366752962088144-FADE.mp4,fade,30.0,29.99651203348448,87.0,2.9003372093023256,87.0,640x480,h264,yuv420p,True,10.666666666666666
part_2/2677014963405846-FADE.mp4,fade,29.97002997002997,29.966329966329965,90.0,3.003370786516854,90.0,640x480,h264,yuv420p,True,10.666666666666666
part_2/2661502584826272-FAIL.mp4,fail,30.002752546105146,30.0,109.0,3.6333333333333333,109.0,640x480,h264,yuv420p,True,28.0
part_4/5795861830100906-FAIL.mp4,fail,29.978586723768736,29.97275204359673,56.0,1.8683636363636362,56.0,640x480,h264,yuv420p,True,28.0
part_8/fair_video_2.mp4,fair,29.97,29.97,53.0,1.7684351017684352,53.0,640x480,mpeg4,yuv420p,False,20.5
part_8/fair_video_4.mp4,fair,29.97,29.97,57.0,1.901901901901902,57.0,640x480,mpeg4,yuv420p,False,20.5
part_8/fake_4.mp4,fake,29.97,29.970000000000002,35.0,1.1678345011678344,35.0,288x192,h264,yuv420p,False,19.5
part_4/660552812870673-FAKE.mp4,fake,30.00517330574237,30.0,58.0,1.9333333333333333,58.0,640x480,h264,yuv420p,True,19.5
part_8/fall_20241119_172642_21.mp4,fall,30.366,30.366,146.0,4.8080089573865505,144.0,640x480,h264,yuv420p,True,27.666666666666668
part_8/fall_20241119_172642_50.mp4,fall,30.901,30.901,120.0,3.8833694702436814,116.0,640x480,h264,yuv420p,True,27.666666666666668
part_8/fall_20241119_172642_61.mp4,fall,29.839883551673946,29.83425414364641,82.0,2.748518518518518,82.0,640x480,h264,yuv420p,True,27.666666666666668
part_8/farm_5.mp4,farm,29.97,29.97,28.0,0.9342676009342676,28.0,288x192,h264,yuv420p,False,22.5
part_1/05753904415272859-seedFARM.mp4,farm,29.97159090909091,29.970029970029973,211.0,7.0403666666666656,211.0,640x480,h264,yuv420p,True,22.5
part_3/49616842297968256-FAST.mp4,fast,31.064,31.064,86.0,2.76847798094257,83.0,640x480,h264,yuv420p,True,30.0
part_4/715071805712485-FAST.mp4,fast,29.978586723768736,29.97275204359673,56.0,1.8683636363636362,56.0,640x480,h264,yuv420p,True,30.0
part_8/feed_20241119_172642_1.mp4,feed,29.97,29.97,371.0,12.379045712379046,371.0,640x480,mpeg4,yuv420p,False,25.666666666666668
part_8/feed_20241119_172642_13.mp4,feed,29.97,29.970000000000002,117.0,3.9039039039039034,117.0,640x480,mpeg4,yuv420p,False,25.666666666666668
part_8/feed_20241119_172642_63.mp4,feed,30.51,30.509999999999998,49.0,1.6060308095706326,48.0,640x480,h264,yuv420p,True,25.666666666666668
part_1/039311828107857494-FEEL.mp4,feel,30.371,30.371,95.0,3.1279839320404332,93.0,640x480,h264,yuv420p,True,27.5
part_5/7243206978076484-FEEL.mp4,feel,29.917469050894084,29.91304347826087,87.0,2.9084302325581395,87.0,640x480,h264,yuv420p,True,27.5
part_8/file_20241119_172642_43.mp4,file,25.0,25.0,81.0,3.24,97.0,640x480,h264,yuv420p,True,30.333333333333332
part_8/file_20241119_172642_74.mp4,file,29.97275204359673,29.965156794425084,44.0,1.468372093023256,44.0,640x480,h264,yuv420p,True,30.333333333333332
part_8/file_20241119_172642_77.mp4,file,29.96894409937888,29.971901342491417,193.0,6.439364583333333,193.0,640x480,h264,yuv420p,True,30.333333333333332
part_4/5486875840224443-FILM.mp4,film,29.915966386554622,29.91162474507138,89.0,2.9754318181818182,89.0,640x480,h264,yuv420p,True,28.0
part_5/7213034894442931-seedFILM.mp4,film,29.834955564959795,29.831664180694656,141.0,4.726521428571428,141.0,640x480,h264,yuv420p,True,28.0
part_8/find_15.mp4,find,30.0,30.000000000000004,70.0,2.333333333333333,70.0,640x480,h264,yuv420p,True,27.5
part_4/610712221951559-FIND.mp4,find,29.923664122137403,29.919802590993214,98.0,3.275422680412371,98.0,640x480,h264,yuv420p,True,27.5
part_8/fine_20241119_172642_27.mp4,fine,29.97,29.97,61.0,2.0353687020353686,61.0,640x480,mpeg4,yuv420p,False,32.666666666666664
part_8/fine_20241119_172642_63.mp4,fine,30.004688232536335,30.0,64.0,2.1333333333333333,64.0,640x480,h264,yuv420p,True,32.666666666666664
part_8/fine_20241119_172642_77.mp4,fine,30.0,29.99754118514876,123.0,4.100336065573771,123.0,640x480,h264,yuv420p,True,32.666666666666664
part_6/9113997848529549-FINS.mp4,fins,30.004,30.004,82.0,2.732968937475003,81.0,640x480,mpeg4,yuv420p,False,18.0
part_3/49853194852997706-FINS.mp4,fins,29.964747356051703,29.97601918465228,51.0,1.70136,51.0,640x480,h264,yuv420p,True,18.0
part_8/fire_video_3.mp4,fire,30.0,30.0,87.0,2.9,87.0,640x480,mpeg4,yuv420p,False,23.5
part_5/7390966156473324-FIRE.mp4,fire,30.0,29.996104402025708,78.0,2.6003376623376626,78.0,640x480,h264,yuv420p,True,23.5
part_8/fish_1.mp4,fish,29.97,29.970000000000002,94.0,3.1364698031364697,94.0,640x480,mpeg4,yuv420p,False,28.0
part_1/05519054146014368-FISH.mp4,fish,30.356,30.355999999999998,86.0,2.833047832388984,84.0,640x480,h264,yuv420p,True,28.0
part_8/flag_20241119_172642_9.mp4,flag,29.97,29.97,212.0,7.073740407073741,212.0,640x480,mpeg4,yuv420p,False,25.0
part_8/flag_20241119_172642_17.mp4,flag,29.995162070633768,30.004918839153962,62.0,2.0663278688524587,61.0,640x480,h264,yuv420p,True,25.0
part_8/flag_20241119_172642_25.mp4,flag,25.0,25.0,76.0,3.04,91.0,640x480,h264,yuv420p,True,25.0
part_8/flip_video_2.mp4,flip,29.97,29.97,96.0,3.2032032032032034,96.0,640x480,mpeg4,yuv420p,False,21.0
part_2/21748804524768928-FLIP.mp4,flip,29.993183367416496,30.006978367062107,44.0,1.4663255813953489,43.0,640x480,h264,yuv420p,True,21.0
part_8/fold_20241119_172643_28.mp4,fold,29.8383063843974,29.8357358364063,179.0,5.999516853932585,179.0,640x480,h264,yuv420p,True,24.666666666666668
part_8/fold_20241119_172643_54.mp4,fold,29.995946493717064,30.00411015207563,74.0,2.4663287671232874,73.0,640x480,h264,yuv420p,True,24.666666666666668
part_8/fold_20241119_172643_61.mp4,fold,30.0,30.0,81.0,2.7,81.0,640x480,mpeg4,yuv420p,False,24.666666666666668
part_2/28307245649361-FOND.mp4,fond,31.003,31.002999999999997,55.0,1.7740218688514018,53.0,640x480,h264,yuv420p,True,17.5
part_2/28831386813183557-FOND.mp4,fond,29.923451635351427,29.914529914529915,43.0,1.4374285714285715,43.0,640x480,h264,yuv420p,True,17.5
part_8/fool.mp4,fool,29.97,29.97,100.0,3.3366700033366703,100.0,640x480,mpeg4,yuv420p,False,22.0
part_4/622871747080944-FOOL.mp4,fool,30.737,30.737000000000002,60.0,1.9520447668933207,58.0,640x480,h264,yuv420p,True,22.0
part_8/fork_20241119_172643_39.mp4,fork,30.0,29.997029997029998,102.0,3.4003366336633665,102.0,640x480,h264,yuv420p,True,44.0
part_8/fork_20241119_172643_44.mp4,fork,29.83783783783784,29.834494773519165,138.0,4.625518248175182,138.0,640x480,h264,yuv420p,True,44.0
part_8/fork_20241119_172643_91.mp4,fork,31.122,31.122,122.0,3.920056551635499,117.0,640x480,h264,yuv420p,True,44.0
part_8/form_video_0.mp4,form,23.976,23.976,60.0,2.5025025025025025,75.0,640x480,mpeg4,yuv420p,False,26.0
part_8/form_9.mp4,form,30.36,30.36,78.0,2.5691699604743086,77.0,640x480,mpeg4,yuv420p,False,26.0
part_8/form_10.mp4,form,30.323,30.323,86.0,2.836130989677802,85.0,640x480,mpeg4,yuv420p,False,26.0
part_8/foul_video_26.mp4,foul,29.97,29.97,268.0,8.942275608942277,268.0,640x480,mpeg4,yuv420p,False,29.5
part_3/3790004866257184-FOUL.mp4,foul,30.478,30.478,64.0,2.0998753199028806,62.0,640x480,h264,yuv420p,True,29.5
part_8/four_video_7.mp4,four,23.976,23.976,38.0,1.5849182515849183,47.0,640x480,mpeg4,yuv420p,False,23.5
part_3/4864481586135154-FOUR.mp4,four,29.997272975184075,30.002752546105146,110.0,3.666330275229358,109.0,640x480,h264,yuv420p,True,23.5
part_8/free_video_10.mp4,free,15.394,15.394,32.0,2.078731973496167,62.0,640x480,h264,yuv420p,False,23.0
part_1/13406592096695746-FREE.mp4,free,29.971455756422454,29.96616723054616,63.0,2.1023709677419355,63.0,640x480,h264,yuv420p,True,23.0
part_2/21884072804362265-FROG.mp4,frog,25.0,25.0,64.0,2.56,76.0,640x480,h264,yuv420p,True,25.0
part_4/5473270544182149-FROG.mp4,frog,29.917726252804787,29.9079754601227,40.0,1.3374358974358975,40.0,640x480,h264,yuv420p,True,25.0
part_8/from_video_6.mp4,from,29.97,29.97,79.0,2.6359693026359694,79.0,640x480,mpeg4,yuv420p,False,23.0
part_5/7982624362084811-FROM.mp4,from,29.850746268656717,29.841656516443358,50.0,1.675510204081633,50.0,640x480,h264,yuv420p,True,23.0
part_8/full_17.mp4,full,29.97,29.970000000000002,101.0,3.3700367033700362,101.0,640x480,mpeg4,yuv420p,False,27.5
part_1/05293400612328547-FULL.mp4,full,29.97275204359673,29.968454258675077,77.0,2.5693684210526317,77.0,640x480,h264,yuv420p,True,27.5
part_8/game_video_1.mp4,game,23.976,23.976,77.0,3.211544878211545,96.0,640x480,mpeg4,yuv420p,False,25.0
part_8/game_video_4.mp4,game,29.97,29.970000000000002,95.0,3.169836503169836,95.0,640x480,mpeg4,yuv420p,False,25.0
part_3/5229675024700515-seedGATE.mp4,gate,30.612,30.612000000000002,108.0,3.5280282242257934,105.0,640x480,h264,yuv420p,True,18.0
part_4/598846366298684-GATE.mp4,gate,30.003529827038474,30.000000000000004,85.0,2.833333333333333,85.0,640x480,h264,yuv420p,True,18.0
part_4/5904270673275722-GIFT.mp4,gift,29.993618379068284,30.00652315720809,47.0,1.5663260869565216,46.0,640x480,h264,yuv420p,True,27.0
part_6/9177648052148584-GIFT.mp4,gift,29.9163179916318,29.913629660838424,143.0,4.780429577464789,143.0,640x480,h264,yuv420p,True,27.0
part_8/girl_1.mp4,girl,29.97,29.97,74.0,2.469135802469136,74.0,640x480,mpeg4,yuv420p,False,30.0
part_2/25547357047109687-GIRL.mp4,girl,30.418,30.418,65.0,2.1368926293641923,64.0,640x480,h264,yuv420p,True,30.0
part_9/jape_video_20.mp4,give,29.97,29.97,42.0,1.4014014014014013,42.0,640x480,mpeg4,yuv420p,False,31.0
part_5/8308912697239315-GIVE.mp4,give,29.914529914529915,29.92518703241895,49.0,1.6374166666666667,49.0,640x480,h264,yuv420p,True,31.0
part_4/6718749793907182-GLOW.mp4,glow,29.97172478793591,29.96965098634294,159.0,5.305367088607595,159.0,640x480,h264,yuv420p,True,19.0
part_1/09000560993682649-GLOW.mp4,glow,29.97002997002997,29.964448958862366,60.0,2.002372881355932,60.0,640x480,h264,yuv420p,True,19.0
part_8/glue_20241119_172644_26.mp4,glue,30.0,29.998404340194668,189.0,6.300335106382979,189.0,640x480,h264,yuv420p,True,33.5
part_8/glue_20241119_172644_56.mp4,glue,29.996,29.996,80.0,2.6670222696359516,80.0,640x480,mpeg4,yuv420p,False,33.5
part_8/goal_12.mp4,goal,30.327,30.326999999999998,85.0,2.8027829986480697,84.0,640x480,h264,yuv420p,False,19.5
part_8/goalie_video_1.mp4,goal,29.97,29.970000000000002,46.0,1.534868201534868,46.0,640x480,mpeg4,yuv420p,False,19.5
part_3/5013041663942506-seedGOAT.mp4,goat,29.970760233918128,29.969149405024243,205.0,6.840367647058823,205.0,640x480,h264,yuv420p,True,22.5
part_4/5536147852265338-GOAT.mp4,goat,29.971901342491414,29.96845425867508,96.0,3.203368421052631,96.0,640x480,h264,yuv420p,True,22.5
part_3/44094199036805026-GOLD.mp4,gold,29.923664122137403,29.919802590993214,98.0,3.275422680412371,98.0,640x480,h264,yuv420p,True,18.0
part_3/436665189232498-GOLD.mp4,gold,29.734,29.733999999999998,92.0,3.0941010291249076,92.0,640x480,h264,yuv420p,True,18.0
part_5/8615573644845795-GOLF.mp4,golf,29.914529914529915,29.923830250272033,56.0,1.8714181818181819,56.0,640x480,h264,yuv420p,True,22.5
part_5/8459730936195968-GOLF.mp4,golf,30.436,30.436,62.0,2.0370613746878696,61.0,640x480,h264,yuv420p,True,22.5
part_8/gone_12.mp4,gone,29.97,29.970000000000002,69.0,2.302302302302302,69.0,640x480,mpeg4,yuv420p,False,24.0
part_4/6235987384542934-GONE.mp4,gone,29.971455756422454,29.96616723054616,63.0,2.1023709677419355,63.0,640x480,h264,yuv420p,True,24.0
part_8/good_7.mp4,good,23.976,23.976000000000003,41.0,1.7100433767100431,51.0,640x480,mpeg4,yuv420p,False,33.0
part_4/6449139793505076-GOOD.mp4,good,25.356,25.356,103.0,4.062154914024294,121.0,640x480,h264,yuv420p,True,33.0
part_8/grab_video_27.mp4,grab,29.97,29.97,214.0,7.140473807140474,214.0,640x480,mpeg4,yuv420p,False,32.0
part_6/9101439242572327-GRAB.mp4,grab,30.996,30.996,66.0,2.129307007355788,63.0,640x480,h264,yuv420p,True,32.0
part_8/gray_7.mp4,gray,30.003371165299473,30.003409478349813,89.0,2.9663295454545455,88.0,640x480,h264,yuv420p,True,28.0
part_8/gray_video_17.mp4,gray,29.97,29.970000000000002,91.0,3.0363697030363697,91.0,640x480,mpeg4,yuv420p,False,28.0
part_6/9440436913994852-GROW.mp4,grow,30.522,30.522,59.0,1.9330319114081647,57.0,640x480,h264,yuv420p,True,24.0
part_4/5941349283407933-GROW.mp4,grow,30.502,30.502,65.0,2.131007802767032,63.0,640x480,mpeg4,yuv420p,False,24.0
part_8/hair_20241119_173205.mp4,hair,30.0,30.0,62.0,2.066666666666667,62.0,640x480,h264,yuv420p,False,25.666666666666668
part_8/hair_20241119_172644_2.mp4,hair,25.0,25.0,62.0,2.48,74.0,640x480,mpeg4,yuv420p,False,25.666666666666668
part_8/hair_20241119_172644_19.mp4,hair,29.996154339187285,29.996104402025708,78.0,2.6003376623376626,78.0,640x480,h264,yuv420p,True,25.666666666666668
part_6/9371945361904381-HALF.mp4,half,30.003297065611605,30.0,91.0,3.033333333333333,91.0,640x480,h264,yuv420p,True,22.0
part_3/5341866046370893-HALF.mp4,half,29.833333333333332,29.833333333333336,79.0,2.64804469273743,79.0,640x480,h264,yuv420p,True,22.0
part_8/hall_video_0.mp4,hall,60.0,60.0,120.0,2.0,60.0,640x480,h264,yuv420p,False,24.5
part_8/hall_video_7.mp4,hall,30.0,30.0,87.0,2.9,87.0,640x480,mpeg4,yuv420p,False,24.5
part_8/hang_video_4.mp4,hang,29.97,29.97,57.0,1.901901901901902,57.0,640x480,mpeg4,yuv420p,False,19.0
part_1/12085595332329824-HANG.mp4,hang,29.994643813604714,30.00545553737043,56.0,1.8663272727272728,55.0,640x480,h264,yuv420p,True,19.0
part_2/27420260706172184-HARD.mp4,hard,29.97002997002997,29.97002997002997,108.0,3.6036,108.0,640x480,h264,yuv420p,True,28.0
part_2/26247646289058424-HARD.mp4,hard,29.995162070633768,30.004918839153962,62.0,2.0663278688524587,61.0,640x480,h264,yuv420p,True,28.0
part_1/000769735334819055-HARP.mp4,harp,29.565,29.564999999999998,80.0,2.705902249281245,81.0,640x480,h264,yuv420p,True,20.5
part_3/37875841443324965-HARP.mp4,harp,30.086,30.086,400.0,13.295220368277604,398.0,640x480,h264,yuv420p,True,20.5
part_1/056742150623056764-HATE.mp4,hate,29.971181556195965,29.964747356051706,52.0,1.7353725490196077,52.0,640x480,h264,yuv420p,True,18.5
part_1/05173427503594241-HATE.mp4,hate,29.97002997002997,29.964448958862366,60.0,2.002372881355932,60.0,640x480,h264,yuv420p,True,18.5
part_9/manana_video_0.mp4,have,29.97,29.970000000000002,88.0,2.936269602936269,88.0,640x480,mpeg4,yuv420p,False,19.0
part_5/8252872177970572-HAVE.mp4,have,29.995775242923532,30.004286326618086,71.0,2.366328571428572,70.0,640x480,h264,yuv420p,True,19.0
part_8/head_video_14.mp4,head,29.97,29.970000000000002,88.0,2.936269602936269,88.0,640x480,mpeg4,yuv420p,False,26.0
part_8/head_video_35.mp4,head,24.0,24.0,199.0,8.291666666666666,248.0,640x480,mpeg4,yuv420p,False,26.0
part_4/708769017680714-HEAD.mp4,head,30.0,29.999999999999996,47.0,1.5666666666666669,47.0,640x480,mpeg4,yuv420p,False,26.0
part_8/heap_video_18.mp4,heap,29.97,29.97,60.0,2.002002002002002,60.0,640x480,h264,yuv420p,False,29.0
part_8/heap_0.mp4,heap,23.976,23.976,52.0,2.1688355021688355,65.0,640x480,mpeg4,yuv420p,False,29.0
part_4/7048753709936411-HEAP.mp4,heap,30.981,30.981,83.0,2.6790613601885025,80.0,640x480,h264,yuv420p,True,29.0
part_8/hear_20241119_172644_3.mp4,hear,29.996296753487226,29.996250468691414,81.0,2.7003375,81.0,640x480,h264,yuv420p,True,24.666666666666668
part_8/hear_20241119_172644_61.mp4,hear,29.533,29.533000000000005,65.0,2.200927775708529,66.0,640x480,h264,yuv420p,True,24.666666666666668
part_8/hear_20241119_172644_71.mp4,hear,30.0,29.991431019708653,36.0,1.2003428571428572,36.0,640x480,h264,yuv420p,True,24.666666666666668
part_5/8951290047249718-HELL.mp4,hell,29.99734536766658,30.00267881060809,113.0,3.7663303571428575,112.0,640x480,h264,yuv420p,True,20.5
part_1/08449266343815642-HELL.mp4,hell,29.972118959107807,29.96956216342777,129.0,4.3043671875,129.0,640x480,h264,yuv420p,True,20.5
part_8/help_20.mp4,help,29.97,29.97,53.0,1.7684351017684352,53.0,288x192,h264,yuv420p,False,25.0
part_5/7353034835882497-HELP.mp4,help,30.00365898280278,29.999999999999996,82.0,2.733333333333334,82.0,640x480,h264,yuv420p,True,25.0
part_1/1512241224851143-HELP.mp4,help,30.00319182891797,30.0,94.0,3.1333333333333333,94.0,640x480,h264,yuv420p,True,25.0
part_5/7553779633092266-HERE.mp4,here,29.97002997002997,29.96632996632997,90.0,3.0033707865168537,90.0,640x480,h264,yuv420p,True,24.0
part_6/9443252778158697-HERE.mp4,here,29.994340690435767,30.005770340450084,53.0,1.7663269230769232,52.0,640x480,h264,yuv420p,True,24.0
part_3/4797099843700956-HIDE.mp4,hide,29.976019184652277,29.96941896024465,50.0,1.6683673469387754,50.0,640x480,h264,yuv420p,True,23.5
part_2/3278137969827377-HIDE.mp4,hide,30.004688232536335,30.0,64.0,2.1333333333333333,64.0,640x480,h264,yuv420p,True,23.5
part_5/7440067813913971-HIGH.mp4,high,31.013,31.012999999999998,41.0,1.3220262470576856,39.0,640x480,h264,yuv420p,True,22.5
part_2/2848409796144791-HIGH.mp4,high,30.00652315720809,30.0,46.0,1.5333333333333334,46.0,640x480,h264,yuv420p,True,22.5
part_8/hold_20241119_172645_2.mp4,hold,29.97,29.970000000000002,88.0,2.936269602936269,88.0,640x480,mpeg4,yuv420p,False,34.333333333333336
part_8/hold_20241119_172645_10.mp4,hold,29.97,29.97,70.0,2.335669002335669,70.0,640x480,mpeg4,yuv420p,False,34.333333333333336
part_9/hold_20241119_172645_94.mp4,hold,30.0,29.999999999999996,85.0,2.8333333333333335,85.0,640x480,h264,yuv420p,True,34.333333333333336
part_5/7914888284581945-HOLY.mp4,holy,30.406,30.406,90.0,2.959942116687496,88.0,640x480,h264,yuv420p,True,20.5
part_1/1068161656277502-HOLY.mp4,holy,29.998101385988228,30.001910949742022,158.0,5.266331210191082,157.0,640x480,h264,yuv420p,True,20.5
part_9/home_9.mp4,home,30.303,30.303,91.0,3.003003003003003,90.0,640x480,mpeg4,yuv420p,False,29.0
part_6/9398884140712938-HOME.mp4,home,30.377,30.377,101.0,3.3248839582578924,99.0,640x480,h264,yuv420p,True,29.0
part_3/47832958810790926-HONK.mp4,honk,29.968997588701342,29.965156794425084,87.0,2.9033720930232563,87.0,640x480,h264,yuv420p,True,11.0
part_2/21728827371674186-HONK.mp4,honk,29.968454258675077,29.970953261156588,228.0,7.60736563876652,228.0,640x480,h264,yuv420p,True,11.0
part_2/2393711886741159-HONK.mp4,honk,29.918621349928195,29.91556091676719,125.0,4.178427419354838,125.0,640x480,h264,yuv420p,True,11.0
part_1/1583359273533682-HOOD.mp4,hood,30.004110152075626,30.0,73.0,2.433333333333333,73.0,640x480,h264,yuv420p,True,10.666666666666666
part_4/6568431325176065-HOOD.mp4,hood,29.96742671009772,29.97364953886693,92.0,3.0693626373626373,92.0,640x480,h264,yuv420p,True,10.666666666666666
part_3/522266685120677-HOOD.mp4,hood,29.997600191984642,30.002419549963708,125.0,4.16633064516129,124.0,640x480,h264,yuv420p,True,10.666666666666666
part_5/7964108813774637-HOPE.mp4,hope,29.968454258675077,29.97179125528914,171.0,5.705364705882353,171.0,640x480,h264,yuv420p,True,26.0
part_5/8388360897776719-HOPE.mp4,hope,30.737,30.737,45.0,1.4640335751699907,43.0,640x480,mpeg4,yuv420p,False,26.0
part_9/hose_video_0.mp4,hose,29.97,29.97,84.0,2.8028028028028027,84.0,640x480,h264,yuv420p,False,19.0
part_2/23978323310283334-HOSE.mp4,hose,30.0,29.996842437638144,96.0,3.200336842105263,96.0,640x480,h264,yuv420p,True,19.0
part_9/hour_video_3.mp4,hour,29.97002997002997,29.97002997002997,109.0,3.636966666666667,109.0,512x384,h264,yuv420p,False,25.5
part_9/hour_video_2.mp4,hour,29.97,29.97,80.0,2.6693360026693362,80.0,640x480,mpeg4,yuv420p,False,25.5
part_3/42100777681101187-HOWL.mp4,howl,30.328,30.328,73.0,2.4070166183065154,72.0,640x480,h264,yuv420p,True,11.0
part_4/639844108842305-HOWL.mp4,howl,30.0,29.99558888398765,69.0,2.3003382352941175,69.0,640x480,h264,yuv420p,True,11.0
part_5/8169849976665617-HOWL.mp4,howl,29.997810378804466,30.002206044562097,137.0,4.566330882352942,136.0,640x480,h264,yuv420p,True,11.0
part_9/hunt_4.mp4,hunt,23.976,23.976,43.0,1.7934601267934602,53.0,640x480,mpeg4,yuv420p,False,22.0
part_1/07142439585538662-HUNT.mp4,hunt,30.078,30.078,62.0,2.0613072677704634,61.0,640x480,h264,yuv420p,True,22.0
part_9/hurt_video_28.mp4,hurt,29.97,29.97,316.0,10.543877210543878,316.0,640x480,mpeg4,yuv420p,False,32.5
part_3/4545920597656814-HURT.mp4,hurt,30.0,29.996842437638144,96.0,3.200336842105263,96.0,640x480,h264,yuv420p,True,32.5
part_6/9401245269462799-IDEA.mp4,idea,29.99651203348448,30.003529827038474,86.0,2.8663294117647062,85.0,640x480,h264,yuv420p,True,23.5
part_1/05896609052960833-IDEA.mp4,idea,29.850746268656717,29.841656516443358,50.0,1.675510204081633,50.0,640x480,h264,yuv420p,True,23.5
part_9/inch_video_5.mp4,inch,24.0,24.0,298.0,12.416666666666666,372.0,640x480,mpeg4,yuv420p,False,20.5
part_3/36799648982035205-INCH.mp4,inch,29.970564624029972,29.967602591792655,112.0,3.7373693693693695,112.0,640x480,h264,yuv420p,True,20.5
part_9/iron_20241119_172645_27.mp4,iron,29.922202274087372,29.918404351767908,100.0,3.3424242424242423,100.0,640x480,h264,yuv420p,True,32.333333333333336
part_9/iron_20241119_172645_56.mp4,iron,25.0,25.0,79.0,3.16,94.0,640x480,h264,yuv420p,True,32.333333333333336
part_9/iron_20241119_172645_63.mp4,iron,30.457,30.456999999999997,160.0,5.253307942344946,157.0,640x480,h264,yuv420p,True,32.333333333333336
part_5/8092475217643142-ITCH.mp4,itch,29.994916115912556,30.005173305742368,59.0,1.9663275862068967,58.0,640x480,h264,yuv420p,True,11.0
part_1/135488560046084-ITCH.mp4,itch,25.0,25.0,74.0,2.96,88.0,640x480,h264,yuv420p,True,11.0
part_5/8007270485753197-ITCH.mp4,itch,29.997196523689375,30.002830455703368,107.0,3.5663301886792453,106.0,640x480,h264,yuv420p,True,11.0
part_1/13749300979129053-JOIN.mp4,join,29.998101385988228,30.001910949742022,158.0,5.266331210191082,157.0,640x480,h264,yuv420p,True,20.0
part_2/261021239963912-seedJOIN.mp4,join,30.372,30.372,120.0,3.951007506914263,118.0,640x480,h264,yuv420p,True,20.0
part_9/joke_video_16.mp4,joke,29.97,29.970000000000002,94.0,3.1364698031364697,94.0,640x480,mpeg4,yuv420p,False,30.0
part_9/joke_video_1.mp4,joke,29.97,29.97,93.0,3.1031031031031033,93.0,640x480,mpeg4,yuv420p,False,30.0
part_9/jump_video_21.mp4,jump,29.97,29.97,93.0,3.1031031031031033,93.0,640x480,mpeg4,yuv420p,False,32.5
part_6/912242177512294-JUMP.mp4,jump,29.994643813604714,30.00545553737043,56.0,1.8663272727272728,55.0,640x480,h264,yuv420p,True,32.5
part_3/410738648613143-KEEP.mp4,keep,30.746,30.746,70.0,2.276718922786704,68.0,640x480,h264,yuv420p,True,24.0
part_5/7761860667786462-KEEP.mp4,keep,29.91608901860635,29.911373707533233,82.0,2.7414320987654324,82.0,640x480,h264,yuv420p,True,24.0
part_9/kick_20241119_172646_13.mp4,kick,29.964448958862366,29.97416020671835,59.0,1.968362068965517,59.0,640x480,h264,yuv420p,True,23.666666666666668
part_9/kick_20241119_172646_18.mp4,kick,29.917061611374407,29.91325157044571,101.0,3.3764299999999996,101.0,640x480,h264,yuv420p,True,23.666666666666668
part_9/kick_20241119_172646_51.mp4,kick,30.003947887879985,30.0,76.0,2.533333333333333,76.0,640x480,h264,yuv420p,True,23.666666666666668
part_9/kill_video_0.mp4,kill,23.976,23.976,61.0,2.544210877544211,76.0,640x480,mpeg4,yuv420p,False,23.0
part_5/8765271595524837-KILL.mp4,kill,30.315,30.314999999999998,75.0,2.4740227610094014,74.0,640x480,h264,yuv420p,True,23.0
part_3/46396943024090453-KING.mp4,king,30.495,30.495,77.0,2.5250040990326283,75.0,640x480,h264,yuv420p,True,26.5
part_4/6174493951464497-KING.mp4,king,29.97275204359673,29.969755292823756,110.0,3.6703669724770642,110.0,640x480,h264,yuv420p,True,26.5
part_9/kiss_20241119_172646_21.mp4,kiss,30.004688232536335,30.0,64.0,2.1333333333333333,64.0,640x480,h264,yuv420p,True,33.0
part_9/kiss_20241119_172646_60.mp4,kiss,15.005001667222407,15.001704739174906,45.0,2.9996590909090908,89.0,640x480,h264,yuv420p,True,33.0
part_9/kiss_20241119_172646_64.mp4,kiss,30.927,30.927,54.0,1.7460471432728684,52.0,640x480,h264,yuv420p,True,33.0
part_9/kite_20241119_172646_25.mp4,kite,29.915411594800908,29.91896945771868,145.0,4.846423611111111,145.0,640x480,h264,yuv420p,True,31.0
part_9/kite_20241119_172646_34.mp4,kite,30.00184060371802,29.999999999999996,163.0,5.433333333333334,163.0,640x480,h264,yuv420p,True,31.0
part_5/8443975795179439-KNOW.mp4,know,30.0,30.0,72.0,2.4,72.0,640x480,h264,yuv420p,True,23.5
part_4/5806315363119019-KNOW.mp4,know,30.0,29.997710098465767,132.0,4.400335877862595,132.0,640x480,h264,yuv420p,True,23.5
part_9/lamp_20241119_172646_41.mp4,lamp,29.974720115565187,29.97076023391813,83.0,2.7693658536585364,83.0,640x480,h264,yuv420p,True,33.5
part_9/lamp_20241119_172646_57.mp4,lamp,29.99754118514876,30.002479543763943,122.0,4.066330578512397,121.0,640x480,h264,yuv420p,True,33.5
part_9/land_video_2.mp4,land,29.97,29.97,92.0,3.0697364030697365,92.0,640x480,mpeg4,yuv420p,False,29.0
part_5/8446889783685227-LAND.mp4,land,30.0,29.995775242923532,72.0,2.400338028169014,72.0,640x480,h264,yuv420p,True,29.0
part_9/last_11.mp4,last,29.97,29.970000000000002,33.0,1.101101101101101,33.0,288x192,h264,yuv420p,False,22.5
part_4/7159455055757091-LAST.mp4,last,29.99802644562858,30.001986886548774,152.0,5.066331125827815,151.0,640x480,h264,yuv420p,True,22.5
part_9/late_15.mp4,late,29.97,29.97,57.0,1.901901901901902,57.0,640x480,mpeg4,yuv420p,False,26.5
part_9/late_9.mp4,late,25.0,24.999999999999996,57.0,2.2800000000000002,68.0,640x480,mpeg4,yuv420p,False,26.5
part_1/09910191825374937-LAZY.mp4,lazy,30.0,29.992684711046085,42.0,1.4003414634146343,42.0,640x480,h264,yuv420p,True,21.0
part_1/10029608268007606-LAZY.mp4,lazy,29.922202274087372,29.914529914529915,50.0,1.6714285714285715,50.0,640x480,h264,yuv420p,True,21.0
part_6/9089165908468666-LEAD.mp4,lead,29.92,29.919999999999998,116.0,3.8770053475935833,116.0,640x480,mpeg4,yuv420p,False,25.0
part_5/874254463987109-LEAD.mp4,lead,29.997272975184075,30.002752546105146,110.0,3.666330275229358,109.0,640x480,h264,yuv420p,True,25.0
part_9/leaf_20241119_172646_10.mp4,leaf,30.0,30.000000000000004,66.0,2.1999999999999997,66.0,640x480,mpeg4,yuv420p,False,24.333333333333332
part_9/leaf_20241119_172646_12.mp4,leaf,29.97,29.97,61.0,2.0353687020353686,61.0,288x192,h264,yuv420p,False,24.333333333333332
part_9/leaf_20241119_172646_25.mp4,leaf,29.916897506925206,29.909706546275395,54.0,1.8054339622641509,54.0,640x480,h264,yuv420p,True,24.333333333333332
part_9/leak_video_3.mp4,leak,29.97,29.970000000000002,111.0,3.7037037037037033,111.0,640x480,h264,yuv420p,False,19.5
part_3/43548564331494055-LEAK.mp4,leak,30.0,29.993618379068284,48.0,1.600340425531915,48.0,640x480,h264,yuv420p,True,19.5
part_9/left_video_1.mp4,left,29.97,29.97,89.0,2.9696363029696364,89.0,640x480,h264,yuv420p,False,22.0
part_4/5963299190150662-LEFT.mp4,left,30.003409478349813,30.0,88.0,2.933333333333333,88.0,640x480,h264,yuv420p,True,22.0
part_9/lend_video_14.mp4,lend,29.97,29.970000000000002,68.0,2.2689356022689355,68.0,640x480,mpeg4,yuv420p,False,30.0
part_1/014118723195684968-LEND.mp4,lend,30.006123698714024,30.0,49.0,1.6333333333333333,49.0,640x480,h264,yuv420p,True,30.0
part_4/5607471755343187-LESS.mp4,less,17.167381974248926,17.16581446311176,48.0,2.796255319148936,83.0,640x480,h264,yuv420p,True,19.5
part_5/775934637445302-LESS.mp4,less,29.921259842519685,29.916234543278822,76.0,2.5404266666666664,76.0,640x480,h264,yuv420p,True,19.5
part_9/lick_20241119_172646_8.mp4,lick,30.476,30.476,80.0,2.6250164063525396,78.0,640x480,h264,yuv420p,True,31.0
part_9/lick_20241119_172646_54.mp4,lick,29.924073246985262,29.918404351767908,67.0,2.239424242424242,67.0,640x480,h264,yuv420p,True,31.0
part_9/lift_20241119_172646_3.mp4,lift,29.97,29.97,125.0,4.170837504170838,125.0,640x480,mpeg4,yuv420p,False,33.666666666666664
part_9/lift_20241119_172646_16.mp4,lift,29.97,29.97,83.0,2.7694361027694363,83.0,640x480,mpeg4,yuv420p,False,33.666666666666664
part_9/lift_20241119_172646_52.mp4,lift,30.937,30.937,98.0,3.1677279632802144,95.0,640x480,h264,yuv420p,True,33.666666666666664
part_9/like_5.mp4,like,29.97,29.970000000000002,75.0,2.5025025025025025,75.0,640x480,mpeg4,yuv420p,False,26.5
part_9/like_video_2.mp4,like,24.0,24.0,125.0,5.208333333333333,156.0,640x480,mpeg4,yuv420p,False,26.5
part_9/line_video_37.mp4,line,15.867,15.866999999999999,24.0,1.5125732652675365,45.0,640x480,mpeg4,yuv420p,False,25.666666666666668
part_9/line_video_23.mp4,line,29.97,29.970000000000002,107.0,3.570236903570237,107.0,640x480,mpeg4,yuv420p,False,25.666666666666668
part_2/2325839528261009-LINE.mp4,line,30.00491883915396,30.0,61.0,2.033333333333333,61.0,640x480,h264,yuv420p,True,25.666666666666668
part_2/22431892695305722-LION.mp4,lion,30.0,30.0,97.0,3.2333333333333334,97.0,640x480,mpeg4,yuv420p,False,22.5
part_5/8145597868594192-LION.mp4,lion,29.998760381802406,30.001244864932158,242.0,8.066331950207468,241.0,640x480,h264,yuv420p,True,22.5
part_1/044074874833830435-LIST.mp4,list,29.995385325334563,30.004688232536335,65.0,2.1663281249999997,64.0,640x480,h264,yuv420p,True,24.0
part_5/8931436912060677-LIST.mp4,list,29.997600191984642,30.002419549963708,125.0,4.16633064516129,124.0,640x480,h264,yuv420p,True,24.0
part_9/live_20241119_172646_27.mp4,live,23.976,23.976,40.0,1.6683350016683351,50.0,640x480,mpeg4,yuv420p,False,29.0
part_9/live_20241119_172646_37.mp4,live,29.977628635346758,29.97275204359673,67.0,2.2353636363636364,67.0,640x480,h264,yuv420p,True,29.0
part_9/live_20241119_172646_62.mp4,live,29.996250468691414,30.003797949107483,80.0,2.6663291139240504,79.0,640x480,h264,yuv420p,True,29.0
part_9/load_20241119_172647_14.mp4,load,29.97,29.97,173.0,5.772439105772439,173.0,640x480,mpeg4,yuv420p,False,26.666666666666668
part_9/load_20241119_172647_21.mp4,load,29.99820370037722,30.00180733779143,167.0,5.5663313253012054,166.0,640x480,h264,yuv420p,True,26.666666666666668
part_9/load_20241119_172647_58.mp4,load,29.995385325334563,30.004688232536335,65.0,2.1663281249999997,64.0,640x480,h264,yuv420p,True,26.666666666666668
part_9/lock_20241119_172647_1.mp4,lock,30.0,30.0,112.0,3.7333333333333334,112.0,640x480,h264,yuv420p,True,32.0
part_9/lock_20241119_172647_24.mp4,lock,30.00652315720809,30.0,46.0,1.5333333333333334,46.0,640x480,h264,yuv420p,True,32.0
part_9/lock_20241119_172647_35.mp4,lock,29.920523609163162,29.917550058892814,128.0,4.278425196850394,128.0,640x480,h264,yuv420p,True,32.0
part_9/long_video_8.mp4,long,29.97,29.97,113.0,3.7704371037704374,113.0,640x480,mpeg4,yuv420p,False,24.5
part_2/20198116101515096-LONG.mp4,long,30.0,30.0,54.0,1.8,54.0,640x480,mpeg4,yuv420p,False,24.5
part_9/lose_4.mp4,lose,29.97,29.97,71.0,2.3690357023690356,71.0,640x480,h264,yuv420p,False,31.0
part_9/lose_video_0.mp4,lose,29.97,29.97,57.0,1.901901901901902,57.0,640x480,mpeg4,yuv420p,False,31.0
part_4/6265016567743737-LOST.mp4,lost,29.995385325334563,30.004688232536335,65.0,2.1663281249999997,64.0,640x480,h264,yuv420p,True,21.5
part_4/6863499601539187-LOST.mp4,lost,29.916025192442266,29.919042590637098,171.0,5.7154235294117655,171.0,640x480,h264,yuv420p,True,21.5
part_3/5178948812994735-LOUD.mp4,loud,30.0,29.99719652368937,108.0,3.600336448598131,108.0,640x480,h264,yuv420p,True,22.0
part_1/007192681349306174-LOUD.mp4,loud,30.00225580870742,29.999999999999996,133.0,4.433333333333334,133.0,640x480,h264,yuv420p,True,22.0
part_3/4243347380620037-LOVE.mp4,love,29.969333705046,29.971988795518207,215.0,7.173364485981309,215.0,640x480,h264,yuv420p,True,26.0
part_3/499380155781485-LOVE.mp4,love,27.051,27.051,89.0,3.2900816975342875,98.0,640x480,h264,yuv420p,True,26.0
part_5/7378755525167331-LUCK.mp4,luck,30.005770340450088,30.0,52.0,1.7333333333333334,52.0,640x480,h264,yuv420p,True,21.0
part_4/6337074651086203-LUCK.mp4,luck,30.0,29.993618379068284,48.0,1.600340425531915,48.0,640x480,h264,yuv420p,True,21.0
part_5/8688746790398141-seedMAID.mp4,maid,30.684,30.684,100.0,3.2590275061921523,97.0,640x480,h264,yuv420p,True,10.333333333333334
part_2/2014706211338173-MAID.mp4,maid,25.0,25.0,63.0,2.52,75.0,640x480,h264,yuv420p,True,10.333333333333334
part_1/06947160197631552-MAID.mp4,maid,29.9704516673702,29.965753424657535,71.0,2.3693714285714287,71.0,640x480,h264,yuv420p,True,10.333333333333334
part_9/mail_20241119_172647_33.mp4,mail,29.994340690435767,30.005770340450084,53.0,1.7663269230769232,52.0,640x480,h264,yuv420p,True,33.5
part_9/mail_20241119_172647_39.mp4,mail,30.311,30.311,105.0,3.464088944607568,103.0,640x480,h264,yuv420p,True,33.5
part_9/make_video_11.mp4,make,29.97,29.97,70.0,2.335669002335669,70.0,640x480,mpeg4,yuv420p,False,24.666666666666668
part_9/make_video_23.mp4,make,29.97,29.97,97.0,3.2365699032365702,97.0,640x480,mpeg4,yuv420p,False,24.666666666666668
part_2/2656237341874321-MAKE.mp4,make,29.996250468691414,30.003797949107483,80.0,2.6663291139240504,79.0,640x480,h264,yuv420p,True,24.666666666666668
part_4/6978081040494541-seedMANY.mp4,many,29.920442753372537,29.918246651591584,173.0,5.78242441860465,173.0,640x480,h264,yuv420p,True,21.5
part_2/25633108516964564-MANY.mp4,many,29.993183367416496,30.006978367062107,44.0,1.4663255813953489,43.0,640x480,h264,yuv420p,True,21.5
part_9/math_4.mp4,math,23.976,23.976000000000003,59.0,2.460794127460794,73.0,640x480,mpeg4,yuv420p,False,22.5
part_6/922802570685832-seedMATH.mp4,math,30.153,30.153000000000002,147.0,4.875136802308227,146.0,640x480,h264,yuv420p,True,22.5
part_9/mean_20241119_172647_23.mp4,mean,29.97,29.97,151.0,5.038371705038372,151.0,640x480,mpeg4,yuv420p,False,30.666666666666668
part_9/mean_20241119_172647_37.mp4,mean,29.96941896024465,29.9625468164794,49.0,1.635375,49.0,640x480,h264,yuv420p,True,30.666666666666668
part_9/mean_20241119_172647_53.mp4,mean,29.916666666666668,29.91666666666667,63.0,2.1058495821727017,63.0,640x480,h264,yuv420p,True,30.666666666666668
part_9/meat_20241119_172647_23.mp4,meat,29.993618379068284,30.00652315720809,47.0,1.5663260869565216,46.0,640x480,h264,yuv420p,True,23.666666666666668
part_9/meat_20241119_172647_25.mp4,meat,29.97275204359673,29.970029970029973,121.0,4.037366666666666,121.0,640x480,h264,yuv420p,True,23.666666666666668
part_9/meat_20241119_172647_59.mp4,meat,30.0,30.0,51.0,1.7,51.0,640x480,mpeg4,yuv420p,False,23.666666666666668
part_9/meet_video_10.mp4,meet,29.97,29.97,97.0,3.2365699032365702,97.0,640x480,mpeg4,yuv420p,False,25.0
part_9/meet_video_5.mp4,meet,29.97,29.97,64.0,2.135468802135469,64.0,640x480,mpeg4,yuv420p,False,25.0
part_1/16083830822863376-MELT.mp4,melt,30.00447828034035,29.999999999999996,67.0,2.2333333333333334,67.0,640x480,h264,yuv420p,True,20.0
part_1/02849647094172214-MELT.mp4,melt,30.0,29.99790224459828,144.0,4.800335664335664,144.0,640x480,h264,yuv420p,True,20.0
part_1/09089634984701211-MESS.mp4,mess,25.0,25.0,66.0,2.64,79.0,640x480,h264,yuv420p,True,10.333333333333334
part_3/37757542398491517-MESS.mp4,mess,30.00365898280278,29.999999999999996,82.0,2.733333333333334,82.0,640x480,h264,yuv420p,True,10.333333333333334
part_4/6939222989106542-MESS.mp4,mess,29.917726252804787,29.91533396048918,160.0,5.348427672955975,160.0,640x480,h264,yuv420p,True,10.333333333333334
part_9/milk_20241119_172648_9.mp4,milk,23.976,23.976,46.0,1.9185852519185853,57.0,640x480,mpeg4,yuv420p,False,27.333333333333332
part_9/milk_20241119_172648_13.mp4,milk,30.0,30.0,97.0,3.2333333333333334,97.0,640x480,h264,yuv420p,True,27.333333333333332
part_9/milk_20241119_172648_21.mp4,milk,29.97,29.97,92.0,3.0697364030697365,92.0,640x480,h264,yuv420p,False,27.333333333333332
part_1/04496164390182322-MIME.mp4,mime,30.003000300030003,30.0,100.0,3.3333333333333335,100.0,640x480,h264,yuv420p,True,16.5
part_4/7102069680600573-MIME.mp4,mime,29.997196523689375,30.002830455703368,107.0,3.5663301886792453,106.0,640x480,h264,yuv420p,True,16.5
part_9/mind_video_18.mp4,mind,29.97,29.97,145.0,4.838171504838171,145.0,640x480,mpeg4,yuv420p,False,23.0
part_9/mind_video_29.mp4,mind,29.97,29.97,160.0,5.3386720053386725,160.0,640x480,mpeg4,yuv420p,False,23.0
part_3/44868382295442744-MIND.mp4,mind,30.0,29.995775242923532,72.0,2.400338028169014,72.0,640x480,h264,yuv420p,True,23.0
part_9/mine_0.mp4,mine,25.0,25.0,66.0,2.64,79.0,640x480,mpeg4,yuv420p,False,23.0
part_9/mine_1.mp4,mine,30.004412413590234,30.004478280340347,68.0,2.2663283582089555,67.0,640x480,h264,yuv420p,True,23.0
part_9/mint_video_5.mp4,mint,29.97,29.97,84.0,2.8028028028028027,84.0,640x480,mpeg4,yuv420p,False,26.0
part_9/mint_video_38.mp4,mint,29.97,29.97,241.0,8.041374708041374,241.0,640x480,mpeg4,yuv420p,False,26.0
part_9/miss_video_17.mp4,miss,29.97,29.970000000000002,331.0,11.044377711044376,331.0,640x480,mpeg4,yuv420p,False,34.0
part_3/369368733347164-MISS.mp4,miss,30.0,29.99491611591256,60.0,2.000338983050847,60.0,640x480,h264,yuv420p,True,34.0
part_9/mock_4.mp4,mock,30.003261224046092,30.003297065611605,92.0,3.0663296703296705,91.0,640x480,h264,yuv420p,True,18.5
part_5/8342410352892276-MOCK.mp4,mock,29.995385325334563,30.004688232536335,65.0,2.1663281249999997,64.0,640x480,h264,yuv420p,True,18.5
part_4/6208924792903234-MOON.mp4,moon,14.988290398126464,14.985727878211229,64.0,4.270730158730158,128.0,640x480,h264,yuv420p,True,22.5
part_2/2847544503051196-MOON.mp4,moon,29.974489795918366,29.97099581050596,94.0,3.1363655913978494,94.0,640x480,h264,yuv420p,True,22.5
part_9/more_5.mp4,more,29.97,29.970000000000002,22.0,0.7340674007340673,22.0,288x192,h264,yuv420p,False,25.5
part_1/17984011488050022-MORE.mp4,more,30.506,30.506,59.0,1.934045761489543,58.0,640x480,h264,yuv420p,True,25.5
part_9/most_video_15.mp4,most,29.97,29.970000000000002,101.0,3.3700367033700362,101.0,640x480,mpeg4,yuv420p,False,25.0
part_9/most_11.mp4,most,29.995833911956673,29.995775242923532,72.0,2.400338028169014,72.0,640x480,h264,yuv420p,True,25.0
part_3/49752146053320057-MOST.mp4,most,25.0,24.999999999999996,69.0,2.7600000000000002,82.0,640x480,h264,yuv420p,True,25.0
part_9/move_0.mp4,move,23.976,23.976000000000003,59.0,2.460794127460794,73.0,640x480,h264,yuv420p,False,29.666666666666668
part_9/move_video_31.mp4,move,29.97,29.970000000000002,82.0,2.736069402736069,82.0,640x480,mpeg4,yuv420p,False,29.666666666666668
part_9/move_video_40.mp4,move,29.97,29.97,124.0,4.137470804137471,124.0,640x480,mpeg4,yuv420p,False,29.666666666666668
part_9/much_6.mp4,much,29.97,29.97,63.0,2.1021021021021022,63.0,640x480,mpeg4,yuv420p,False,23.5
part_9/much_video_6.mp4,much,29.97,29.97,73.0,2.4357691024357693,73.0,640x480,mpeg4,yuv420p,False,23.5
part_9/must_video_1.mp4,must,15.268,15.267999999999999,34.0,2.2268797484935816,66.0,640x480,h264,yuv420p,False,20.0
part_2/21221210576901361-MUST.mp4,must,30.0,29.997029997029998,102.0,3.4003366336633665,102.0,640x480,h264,yuv420p,True,20.0
part_5/8019382322404995-NAIL.mp4,nail,30.0,29.99754118514876,123.0,4.100336065573771,123.0,640x480,h264,yuv420p,True,22.0
part_1/04062123298701947-NAIL.mp4,nail,30.548,30.548000000000002,64.0,2.095063506612544,62.0,640x480,h264,yuv420p,True,22.0
part_1/13831972157907857-NAME.mp4,name,25.0,25.0,74.0,2.96,88.0,640x480,h264,yuv420p,True,28.5
part_3/5230881244500567-NAME.mp4,name,29.984,29.984,95.0,3.1683564567769475,95.0,640x480,h264,yuv420p,True,28.5
part_9/navy.mp4,navy,29.97,29.970000000000002,62.0,2.0687354020687354,62.0,640x480,mpeg4,yuv420p,False,17.5
part_3/5351262879490664-NAVY.mp4,navy,29.96941896024465,29.96601791782515,98.0,3.2703711340206185,98.0,640x480,h264,yuv420p,True,17.5
part_9/near_6.mp4,near,29.97,29.970000000000002,78.0,2.6026026026026026,78.0,640x480,mpeg4,yuv420p,False,25.666666666666668
part_9/near_video_9.mp4,near,29.97,29.97,90.0,3.0030030030030033,90.0,640x480,mpeg4,yuv420p,False,25.666666666666668
part_6/9166220101554237-NEAR.mp4,near,29.995385325334563,30.004688232536335,65.0,2.1663281249999997,64.0,640x480,h264,yuv420p,True,25.666666666666668
part_9/neck_video_1.mp4,neck,29.97,29.97,39.0,1.3013013013013013,39.0,640x480,mpeg4,yuv420p,False,22.5
part_6/9124929111701665-NECK.mp4,neck,29.834699637145544,29.832613390928724,222.0,7.441520361990951,223.0,640x480,h264,yuv420p,True,22.5
part_2/3092044477927096-NEED.mp4,need,30.00517330574237,30.0,58.0,1.9333333333333333,58.0,640x480,h264,yuv420p,True,23.0
part_5/8022209797799162-NEED.mp4,need,30.508,30.508000000000003,63.0,2.0650321227219086,61.0,640x480,mpeg4,yuv420p,False,23.0
part_9/next_video_5.mp4,next,29.97,29.97,170.0,5.672339005672339,170.0,640x480,mpeg4,yuv420p,False,25.0
part_4/5736958277048834-NEXT.mp4,next,30.0,29.988465974625143,27.0,0.9003461538461539,27.0,640x480,h264,yuv420p,True,25.0
part_5/8462169466967213-NICE.mp4,nice,29.995946493717064,30.00411015207563,74.0,2.4663287671232874,73.0,640x480,h264,yuv420p,True,19.5
part_1/0932147242090886-NICE.mp4,nice,25.0,25.0,63.0,2.52,75.0,640x480,h264,yuv420p,True,19.5
part_9/nigh_video_3.mp4,nigh,23.976,23.976,47.0,1.9602936269602937,58.0,640x480,mpeg4,yuv420p,False,18.5
part_9/nigh_video_20.mp4,nigh,23.976,23.976000000000003,41.0,1.7100433767100431,51.0,640x480,mpeg4,yuv420p,False,18.5
part_9/nine_2.mp4,nine,23.976,23.976,43.0,1.7934601267934602,53.0,640x480,mpeg4,yuv420p,False,19.0
part_3/5216833261809499-NINE.mp4,nine,29.838709677419356,29.835599756444086,148.0,4.9605170068027205,148.0,640x480,h264,yuv420p,True,19.0
part_3/4117070918339236-NONE.mp4,none,30.0,30.000000000000004,74.0,2.4666666666666663,74.0,640x480,mpeg4,yuv420p,False,23.5
part_5/8417956151135104-NONE.mp4,none,29.996250468691414,30.003797949107483,80.0,2.6663291139240504,79.0,640x480,h264,yuv420p,True,23.5
part_9/noon_20241119_173205.mp4,noon,30.0,30.000000000000004,66.0,2.1999999999999997,66.0,640x480,h264,yuv420p,False,25.333333333333332
part_9/noon_20241119_172649_6.mp4,noon,29.97,29.970000000000002,108.0,3.603603603603603,108.0,640x480,mpeg4,yuv420p,False,25.333333333333332
part_9/noon_20241119_172649_45.mp4,noon,29.920523609163162,29.914529914529915,64.0,2.1394285714285712,64.0,640x480,h264,yuv420p,True,25.333333333333332
part_5/8366576122149043-NOSE.mp4,nose,30.0,29.99651203348448,87.0,2.9003372093023256,87.0,640x480,h264,yuv420p,True,23.5
part_1/05530025137611427-NOSE.mp4,nose,29.926595143986447,29.919447640966627,53.0,1.771423076923077,53.0,640x480,h264,yuv420p,True,23.5
part_4/6842424617356997-ONCE.mp4,once,29.968454258675077,29.974489795918366,95.0,3.16936170212766,95.0,640x480,h264,yuv420p,True,22.5
part_2/2873906281001528-ONCE.mp4,once,29.97275204359673,29.966703662597112,55.0,1.8353703703703705,55.0,640x480,h264,yuv420p,True,22.5
part_4/6854222572874162-OOPS.mp4,oops,30.0,29.99798671230119,150.0,5.000335570469798,150.0,640x480,h264,yuv420p,True,10.333333333333334
part_4/6790735994462396-OOPS.mp4,oops,29.991431019708656,30.00882612533098,35.0,1.1663235294117646,34.0,640x480,h264,yuv420p,True,10.333333333333334
part_3/5209409990092726-OOPS.mp4,oops,29.929577464788732,29.922202274087372,51.0,1.70442,51.0,640x480,h264,yuv420p,True,10.333333333333334
part_1/050352422459215784-OPEN.mp4,open,29.995385325334563,30.004688232536335,65.0,2.1663281249999997,64.0,640x480,h264,yuv420p,True,34.0
part_5/7970610398604256-OPEN.mp4,open,30.004688232536335,30.0,64.0,2.1333333333333333,64.0,640x480,h264,yuv420p,True,34.0
part_1/09372531487486135-ORAL.mp4,oral,30.0,30.0,73.0,2.433333333333333,73.0,640x480,mpeg4,yuv420p,False,19.5
part_2/35467072838926783-ORAL.mp4,oral,29.923830250272037,29.91689750692521,55.0,1.8384259259259257,55.0,640x480,h264,yuv420p,True,19.5
part_4/5421164488339045-OVER.mp4,over,30.0,29.99711566195558,105.0,3.500336538461539,105.0,640x480,h264,yuv420p,True,22.0
part_4/6401534108055456-OVER.mp4,over,30.0,29.997857295907437,141.0,4.700335714285714,141.0,640x480,h264,yuv420p,True,22.0
part_9/pack_1.mp4,pack,25.0,25.0,75.0,3.0,90.0,640x480,h264,yuv420p,False,26.0
part_9/pack_video_9.mp4,pack,29.97,29.970000000000002,104.0,3.4701368034701363,104.0,640x480,mpeg4,yuv420p,False,26.0
part_4/5585715943610259-PAGE.mp4,page,29.99400119976005,30.006123698714024,50.0,1.6663265306122448,49.0,640x480,h264,yuv420p,True,23.5
part_6/9369415458910506-PAGE.mp4,page,30.0,29.995775242923532,72.0,2.400338028169014,72.0,640x480,h264,yuv420p,True,23.5
part_9/pain_2.mp4,pain,25.0,25.0,99.0,3.96,118.0,640x480,h264,yuv420p,False,18.5
part_6/9407855177746578-PAIN.mp4,pain,30.369,30.369,80.0,2.634265204649478,79.0,640x480,h264,yuv420p,True,18.5
part_2/3244589857394282-PAIR.mp4,pair,30.0,29.995162070633768,63.0,2.1003387096774193,63.0,640x480,h264,yuv420p,True,20.0
part_3/4849227001452834-PAIR.mp4,pair,29.968997588701342,29.96515679442509,87.0,2.9033720930232554,87.0,640x480,h264,yuv420p,True,20.0
part_2/2395184610044263-PARK.mp4,park,29.997656433091166,30.00236239073943,128.0,4.266330708661417,127.0,640x480,h264,yuv420p,True,21.5
part_3/4193751115704505-PARK.mp4,park,30.00447828034035,29.999999999999996,67.0,2.2333333333333334,67.0,640x480,h264,yuv420p,True,21.5
part_9/pass_video_23.mp4,pass,29.97,29.97,96.0,3.2032032032032034,96.0,640x480,mpeg4,yuv420p,False,25.666666666666668
part_9/pass_video_10.mp4,pass,29.97,29.97,70.0,2.335669002335669,70.0,640x480,mpeg4,yuv420p,False,25.666666666666668
part_4/6530552419437823-PASS.mp4,pass,29.842647856755292,29.834254143646408,55.0,1.8435185185185186,55.0,640x480,h264,yuv420p,True,25.666666666666668
part_6/9399396720739477-PAST.mp4,past,30.556,30.556,73.0,2.389056159183139,71.0,640x480,mpeg4,yuv420p,False,24.0
part_2/28239352016665675-PAST.mp4,past,30.0,29.996250468691414,81.0,2.7003375,81.0,640x480,h264,yuv420p,True,24.0
part_3/4898701609313969-PEAR.mp4,pear,29.915966386554622,29.91162474507138,89.0,2.9754318181818182,89.0,640x480,h264,yuv420p,True,20.0
part_6/911699672594428-PEAR.mp4,pear,29.995775242923532,30.004286326618093,71.0,2.366328571428571,70.0,640x480,h264,yuv420p,True,20.0
part_10/peas_20241119_195754_15.mp4,peas,24.58,24.58,83.0,3.3767290480065095,101.0,640x480,h264,yuv420p,True,30.0
part_10/peas_20241119_195754_32.mp4,peas,14.990138067061144,14.98582422033212,38.0,2.5357297297297294,76.0,640x480,h264,yuv420p,True,30.0
part_10/peck_video_7.mp4,peck,29.97,29.970000000000002,85.0,2.836169502836169,85.0,640x480,mpeg4,yuv420p,False,29.333333333333332
part_10/peck_video_14.mp4,peck,30.0,30.000000000000004,139.0,4.633333333333333,139.0,640x480,mpeg4,yuv420p,False,29.333333333333332
part_10/peck_video_38.mp4,peck,29.97,29.97,241.0,8.041374708041374,241.0,640x480,mpeg4,yuv420p,False,29.333333333333332
part_10/peel_20241119_172650_16.mp4,peel,29.99610440202571,30.003947887879985,77.0,2.566328947368421,76.0,640x480,h264,yuv420p,True,34.333333333333336
part_10/peel_20241119_172650_60.mp4,peel,30.004110152075626,30.0,73.0,2.433333333333333,73.0,640x480,h264,yuv420p,True,34.333333333333336
part_10/peel_20241119_172650_99.mp4,peel,30.0,29.997029997029998,102.0,3.4003366336633665,102.0,640x480,h264,yuv420p,True,34.333333333333336
part_10/pick_video_5.mp4,pick,29.97,29.97,295.0,9.843176509843177,295.0,640x480,mpeg4,yuv420p,False,32.5
part_10/pick_13.mp4,pick,29.97,29.970000000000002,51.0,1.7017017017017015,51.0,288x192,h264,yuv420p,False,32.5
part_4/5956141904914858-PILE.mp4,pile,30.002830455703368,30.0,106.0,3.533333333333333,106.0,640x480,h264,yuv420p,True,10.333333333333334
part_2/3312588734862034-PILE.mp4,pile,30.0,30.0,44.0,1.4666666666666666,44.0,640x480,mpeg4,yuv420p,False,10.333333333333334
part_2/19059538857723846-PILE.mp4,pile,30.0,29.997479203428284,120.0,4.000336134453781,120.0,640x480,h264,yuv420p,True,10.333333333333334
part_10/pill_video_4.mp4,pill,29.97,29.97,223.0,7.440774107440775,223.0,640x480,mpeg4,yuv420p,False,19.5
part_1/1452299099300849-PILL.mp4,pill,29.973772948669914,29.96965098634294,80.0,2.6693670886075953,80.0,640x480,h264,yuv420p,True,19.5
part_10/pink_5.mp4,pink,23.976,23.976000000000003,41.0,1.7100433767100431,51.0,640x480,mpeg4,yuv420p,False,26.5
part_6/9999788504770488-PINK.mp4,pink,30.0,29.997600191984642,126.0,4.200336,126.0,640x480,h264,yuv420p,True,26.5
part_10/pipe_20241119_172650_32.mp4,pipe,30.00230786983614,30.0,130.0,4.333333333333333,130.0,640x480,h264,yuv420p,True,42.0
part_10/pipe_20241119_172650_54.mp4,pipe,29.752,29.752,114.0,3.8316751815004033,114.0,640x480,h264,yuv420p,True,42.0
part_10/pipe_20241119_172650_73.mp4,pipe,28.07,28.07,41.0,1.460634128963306,43.0,640x480,h264,yuv420p,True,42.0
part_1/1684656342501436-PITY.mp4,pity,29.996739484838603,30.003297065611605,92.0,3.0663296703296705,91.0,640x480,h264,yuv420p,True,21.0
part_3/4040714224068509-PITY.mp4,pity,29.97275204359673,29.968997588701342,88.0,2.936367816091954,88.0,640x480,h264,yuv420p,True,21.0
part_2/35043587015052524-PLAN.mp4,plan,30.002027163997568,29.999999999999996,148.0,4.933333333333334,148.0,640x480,h264,yuv420p,True,21.5
part_2/298543232783232-PLAN.mp4,plan,25.0,25.0,60.0,2.4,72.0,640x480,h264,yuv420p,True,21.5
part_10/play_video_25.mp4,play,29.97002997002997,29.97002997002997,105.0,3.5035000000000003,105.0,512x384,h264,yuv420p,False,26.333333333333332
part_10/play_video_33.mp4,play,29.97,29.97,133.0,4.437771104437771,133.0,640x480,mpeg4,yuv420p,False,26.333333333333332
part_10/play_video_3.mp4,play,29.97,29.97,79.0,2.6359693026359694,79.0,640x480,mpeg4,yuv420p,False,26.333333333333332
part_10/plow_20241119_172650_21.mp4,plow,30.372,30.372000000000003,66.0,2.1730541288028444,65.0,640x480,h264,yuv420p,True,23.333333333333332
part_10/plow_20241119_172650_42.mp4,plow,30.0,29.995775242923532,72.0,2.400338028169014,72.0,640x480,h264,yuv420p,True,23.333333333333332
part_10/plow_20241119_172650_53.mp4,plow,30.0,29.996104402025708,78.0,2.6003376623376626,78.0,640x480,h264,yuv420p,True,23.333333333333332
part_10/plug_20241119_172650_23.mp4,plug,29.994916115912556,30.005173305742368,59.0,1.9663275862068967,58.0,640x480,h264,yuv420p,True,31.5
part_10/plug_20241119_172650_31.mp4,plug,29.920692141312184,29.916089018606353,83.0,2.7744268292682923,83.0,640x480,h264,yuv420p,True,31.5
part_2/23542363931824117-PLUS.mp4,plus,29.967159277504106,29.97502081598668,73.0,2.435361111111111,73.0,640x480,h264,yuv420p,True,21.5
part_1/04712680635590161-seedPLUS.mp4,plus,29.973272241313477,29.971181556195965,157.0,5.238365384615385,157.0,640x480,h264,yuv420p,True,21.5
part_5/8774968471358-POLE.mp4,pole,29.99638597759306,30.003658982802783,83.0,2.7663292682926826,82.0,640x480,h264,yuv420p,True,19.0
part_6/9725831928055877-POLE.mp4,pole,30.0,29.994916115912556,60.0,2.0003389830508476,60.0,640x480,h264,yuv420p,True,19.0
part_3/511223840542633-POOP.mp4,poop,30.948,30.947999999999997,98.0,3.166602042135195,94.0,640x480,h264,yuv420p,True,19.0
part_5/8696305530592072-POOP.mp4,poop,30.002608922515,30.0,115.0,3.8333333333333335,115.0,640x480,h264,yuv420p,True,19.0
part_10/poor_video_10.mp4,poor,29.97,29.970000000000002,178.0,5.939272605939272,178.0,640x480,mpeg4,yuv420p,False,24.0
part_4/6045628114437658-POOR.mp4,poor,30.00447828034035,29.999999999999996,67.0,2.2333333333333334,67.0,640x480,h264,yuv420p,True,24.0
part_3/5056426233480906-seedPOPE.mp4,pope,30.267,30.267,128.0,4.229028314666138,126.0,640x480,h264,yuv420p,True,17.5
part_5/7553294238415724-POPE.mp4,pope,30.0,29.998101385988228,159.0,5.300335443037975,159.0,640x480,h264,yuv420p,True,17.5
part_10/pour_20241119_172651_20.mp4,pour,31.053,31.052999999999997,100.0,3.220300776092487,96.0,640x480,h264,yuv420p,True,25.333333333333332
part_10/pour_20241119_172651_44.mp4,pour,29.964747356051703,29.97601918465228,51.0,1.70136,51.0,640x480,h264,yuv420p,True,25.333333333333332
part_10/pour_20241119_172651_47.mp4,pour,29.903,29.903,60.0,2.0064876433802628,60.0,640x480,h264,yuv420p,True,25.333333333333332
part_10/pull_video_26.mp4,pull,29.97,29.970000000000002,349.0,11.644978311644977,349.0,640x480,mpeg4,yuv420p,False,34.0
part_2/32795673576979145-PULL.mp4,pull,30.935,30.935,40.0,1.2930337805075158,38.0,640x480,mpeg4,yuv420p,False,34.0
part_10/push_video_3.mp4,push,29.97,29.97,103.0,3.4367701034367704,103.0,640x480,mpeg4,yuv420p,False,22.0
part_3/5241383071736079-PUSH.mp4,push,29.994340690435767,30.005770340450084,53.0,1.7663269230769232,52.0,640x480,h264,yuv420p,True,22.0
part_5/8830783433641365-QUIT.mp4,quit,30.031,30.031,104.0,3.4630881422530053,103.0,640x480,h264,yuv420p,True,25.0
part_2/25448988591046895-QUIT.mp4,quit,30.00882612533098,29.999999999999996,34.0,1.1333333333333335,34.0,640x480,h264,yuv420p,True,25.0
part_3/41939881353624053-RACE.mp4,race,30.004110152075626,30.0,73.0,2.433333333333333,73.0,640x480,h264,yuv420p,True,18.5
part_1/14231552284463955-RACE.mp4,race,30.0,29.994643813604714,57.0,1.9003392857142856,57.0,640x480,h264,yuv420p,True,18.5
part_10/raft_video_13.mp4,raft,23.976,23.976,35.0,1.4597931264597932,43.0,640x480,mpeg4,yuv420p,False,26.0
part_10/raft_video_31.mp4,raft,29.97,29.97,52.0,1.7350684017350684,52.0,640x480,mpeg4,yuv420p,False,26.0
part_10/rain_11.mp4,rain,29.97,29.97,39.0,1.3013013013013013,39.0,288x192,h264,yuv420p,False,23.5
part_4/5872467669891628-RAIN.mp4,rain,29.996629592180653,30.003409478349813,89.0,2.9663295454545455,88.0,640x480,h264,yuv420p,True,23.5
part_10/rake_video_1.mp4,rake,23.976,23.976,49.0,2.0437103770437104,61.0,640x480,mpeg4,yuv420p,False,21.0
part_1/09625041995941519-RAKE.mp4,rake,30.002362390739428,30.0,127.0,4.233333333333333,127.0,640x480,h264,yuv420p,True,21.0
part_5/8679847374335452-READ.mp4,read,29.99638597759306,30.003658982802783,83.0,2.7663292682926826,82.0,640x480,h264,yuv420p,True,24.0
part_3/486521679239563-READ.mp4,read,30.0,29.99516207063377,63.0,2.1003387096774193,63.0,640x480,h264,yuv420p,True,24.0
part_10/rest_video_1.mp4,rest,29.97,29.97,106.0,3.5368702035368704,106.0,640x480,mpeg4,yuv420p,False,27.0
part_3/5263688727937241-REST.mp4,rest,29.995162070633768,30.004918839153962,62.0,2.0663278688524587,61.0,640x480,h264,yuv420p,True,27.0
part_10/rich.mp4,rich,29.97,29.97,70.0,2.335669002335669,70.0,640x480,mpeg4,yuv420p,False,21.5
part_5/8727218770843088-RICH.mp4,rich,29.995946493717064,30.00411015207563,74.0,2.4663287671232874,73.0,640x480,h264,yuv420p,True,21.5
part_10/ride_20241119_172651_8.mp4,ride,23.976,23.976,32.0,1.3346680013346681,40.0,640x480,mpeg4,yuv420p,False,24.333333333333332
part_10/ride_20241119_172651_31.mp4,ride,30.0,29.99516207063377,63.0,2.1003387096774193,63.0,640x480,h264,yuv420p,True,24.333333333333332
part_10/ride_20241119_172651_46.mp4,ride,25.0,25.0,81.0,3.24,97.0,640x480,h264,yuv420p,True,24.333333333333332
part_10/ring_3.mp4,ring,29.99642899654803,29.99638597759306,84.0,2.8003373493975903,84.0,640x480,h264,yuv420p,True,29.5
part_2/277663852097225-RING.mp4,ring,30.0,29.994001199760046,51.0,1.7003400000000002,51.0,640x480,h264,yuv420p,True,29.5
part_3/4812347020688623-RISK.mp4,risk,29.9190425906371,29.914529914529915,85.0,2.841428571428571,85.0,640x480,h264,yuv420p,True,18.5
part_1/08217123642140955-RISK.mp4,risk,29.97099581050596,29.969220800259194,186.0,6.206367567567567,186.0,640x480,h264,yuv420p,True,18.5
part_5/8124698377062092-ROAD.mp4,road,29.914529914529915,29.923830250272033,56.0,1.8714181818181819,56.0,640x480,h264,yuv420p,True,20.5
part_3/5361204276262233-ROAD.mp4,road,29.9625468164794,29.974489795918366,48.0,1.6013617021276596,48.0,640x480,h264,yuv420p,True,20.5
part_10/roar_20241119_172652_33.mp4,roar,29.974160206718345,29.96845425867508,58.0,1.9353684210526314,58.0,640x480,h264,yuv420p,True,34.0
part_10/roar_20241119_172652_58.mp4,roar,29.996250468691414,30.003797949107483,80.0,2.6663291139240504,79.0,640x480,h264,yuv420p,True,34.0
part_10/rock_video_1.mp4,rock,29.97,29.970000000000002,101.0,3.3700367033700362,101.0,640x480,mpeg4,yuv420p,False,22.0
part_1/11208065598620798-ROCK.mp4,rock,30.0,29.995385325334567,66.0,2.200338461538461,66.0,640x480,h264,yuv420p,True,22.0
part_10/role_video_2.mp4,role,24.0,24.0,144.0,6.0,180.0,640x480,h264,yuv420p,False,21.0
part_3/4728656103061455-ROLE.mp4,role,25.0,25.0,78.0,3.12,93.0,640x480,h264,yuv420p,True,21.0
part_10/roll_video_8.mp4,roll,29.97,29.970000000000002,181.0,6.039372706039372,181.0,640x480,mpeg4,yuv420p,False,21.5
part_5/7448790620079522-ROLL.mp4,roll,29.998064640990904,30.001948178453148,155.0,5.166331168831168,154.0,640x480,h264,yuv420p,True,21.5
part_5/8860308707960689-ROOF.mp4,roof,29.975020815986678,29.970451667370195,72.0,2.402366197183099,72.0,640x480,h264,yuv420p,True,20.0
part_2/32455586446725726-ROOF.mp4,roof,25.0,24.999999999999996,69.0,2.7600000000000002,82.0,640x480,h264,yuv420p,True,20.0
part_10/room_video_0.mp4,room,29.97,29.97,74.0,2.469135802469136,74.0,640x480,mpeg4,yuv420p,False,25.5
part_3/44398695037707947-ROOM.mp4,room,30.458,30.458000000000002,89.0,2.9220566025346377,87.0,640x480,mpeg4,yuv420p,False,25.5
part_4/604192236352191-ROPE.mp4,rope,30.0,30.000000000000004,85.0,2.833333333333333,85.0,640x480,mpeg4,yuv420p,False,19.5
part_4/6772605455924434-ROPE.mp4,rope,29.96914940502424,29.964221824686945,68.0,2.269373134328358,68.0,640x480,h264,yuv420p,True,19.5
part_10/rose_1.mp4,rose,30.0,30.000000000000004,70.0,2.333333333333333,70.0,640x480,h264,yuv420p,True,20.0
part_1/06596652190118824-ROSE.mp4,rose,30.46,30.46,82.0,2.6920551543007223,80.0,640x480,h264,yuv420p,True,20.0
part_10/rude_video_0.mp4,rude,29.97,29.97,86.0,2.8695362028695364,86.0,640x480,mpeg4,yuv420p,False,23.5
part_3/4055061458158007-RUDE.mp4,rude,29.828,29.828,80.0,2.682043717312592,80.0,640x480,h264,yuv420p,True,23.5
part_10/ruin_video_2.mp4,ruin,23.976,23.976,24.0,1.001001001001001,30.0,640x480,mpeg4,yuv420p,False,19.5
part_5/890398204625956-RUIN.mp4,ruin,29.97275204359673,29.968997588701342,88.0,2.936367816091954,88.0,640x480,h264,yuv420p,True,19.5
part_10/rule_video_9.mp4,rule,29.97,29.97,84.0,2.8028028028028027,84.0,640x480,mpeg4,yuv420p,False,27.5
part_10/rule_16.mp4,rule,29.97,29.970000000000002,41.0,1.3680347013680345,41.0,640x480,mpeg4,yuv420p,False,27.5
part_10/rush_video_6.mp4,rush,29.97,29.97,90.0,3.0030030030030033,90.0,640x480,mpeg4,yuv420p,False,24.0
part_2/3361903255004919-RUSH.mp4,rush,30.612,30.612000000000002,63.0,2.058016464131713,61.0,640x480,h264,yuv420p,True,24.0
part_6/9980634184206538-SAFE.mp4,safe,29.995775242923532,30.004286326618086,71.0,2.366328571428572,70.0,640x480,h264,yuv420p,True,21.5
part_3/5078790570399312-SAFE.mp4,safe,29.91628928228352,29.918654349924168,218.0,7.2864239631336405,218.0,640x480,h264,yuv420p,True,21.5
part_10/sail_20241119_172652_21.mp4,sail,30.368,30.368,84.0,2.766069546891465,82.0,640x480,mpeg4,yuv420p,False,33.0
part_10/sail_20241119_172652_61.mp4,sail,29.971648440664236,29.967159277504106,74.0,2.4693698630136987,74.0,640x480,h264,yuv420p,True,33.0
part_10/salt_8.mp4,salt,25.0,25.0,77.0,3.08,92.0,640x480,mpeg4,yuv420p,False,22.5
part_2/3113285790937248-SALT.mp4,salt,29.994643813604714,30.00545553737043,56.0,1.8663272727272728,55.0,640x480,h264,yuv420p,True,22.5
part_10/same_20241119_172652_5.mp4,same,29.996552120445926,29.99651203348448,87.0,2.9003372093023256,87.0,640x480,h264,yuv420p,True,27.333333333333332
part_10/same_20241119_172652_12.mp4,same,29.97,29.97,80.0,2.6693360026693362,80.0,640x480,mpeg4,yuv420p,False,27.333333333333332
part_10/same_20241119_172652_45.mp4,same,30.816,30.816,61.0,1.9794911734164071,59.0,640x480,h264,yuv420p,True,27.333333333333332
part_10/save_10.mp4,save,30.345,30.345,81.0,2.6693030153237767,80.0,640x480,mpeg4,yuv420p,False,26.5
part_1/15915438540449278-SAVE.mp4,save,29.925187032418954,29.918864097363084,60.0,2.0054237288135592,60.0,640x480,h264,yuv420p,True,26.5
part_5/8005924976053496-SCAN.mp4,scan,29.997272975184075,30.002752546105146,110.0,3.666330275229358,109.0,640x480,h264,yuv420p,True,19.5
part_6/9289745363892583-SCAN.mp4,scan,25.0,25.0,65.0,2.6,78.0,640x480,h264,yuv420p,True,19.5
part_10/seal_video_4.mp4,seal,30.0,30.0,179.0,5.966666666666667,179.0,640x480,mpeg4,yuv420p,False,19.0
part_6/9136251870153704-SEAL.mp4,seal,29.997810378804466,30.002206044562097,137.0,4.566330882352942,136.0,640x480,h264,yuv420p,True,19.0
part_10/seem_video_10.mp4,seem,29.97,29.970000000000002,82.0,2.736069402736069,82.0,640x480,h264,yuv420p,False,24.5
part_1/15672281354752404-SEEM.mp4,seem,30.005770340450088,30.0,52.0,1.7333333333333334,52.0,640x480,h264,yuv420p,True,24.5
part_2/27053453929701443-SELF.mp4,self,25.0,25.000000000000004,70.0,2.8,84.0,640x480,h264,yuv420p,True,10.333333333333334
part_5/763990382031744-SELF.mp4,self,25.0,25.0,76.0,3.04,91.0,640x480,h264,yuv420p,True,10.333333333333334
part_1/07049522163394939-SELF.mp4,self,30.0,29.996629592180657,90.0,3.000337078651685,90.0,640x480,h264,yuv420p,True,10.333333333333334
part_10/sell_11.mp4,sell,30.331,30.331,84.0,2.76944380336949,83.0,640x480,mpeg4,yuv420p,False,20.0
part_6/9830579380879516-SELL.mp4,sell,30.0,30.0,226.0,7.533333333333333,226.0,640x480,mpeg4,yuv420p,False,20.0
part_10/send_video_1.mp4,send,29.97,29.97,86.0,2.8695362028695364,86.0,640x480,h264,yuv420p,False,20.5
part_2/23343379979705592-seedSEND.mp4,send,31.096,31.096,97.0,3.119372266529457,93.0,640x480,h264,yuv420p,True,20.5
part_10/shop_20241119_172653_24.mp4,shop,29.97002997002997,29.970029970029966,66.0,2.2022000000000004,66.0,640x480,h264,yuv420p,True,27.666666666666668
part_10/shop_20241119_172653_53.mp4,shop,29.969,29.969,99.0,3.3034135273115552,99.0,640x480,h264,yuv420p,True,27.666666666666668
part_10/shop_20241119_172653_63.mp4,shop,29.968119022316685,29.972168700492396,141.0,4.704364285714286,141.0,640x480,h264,yuv420p,True,27.666666666666668
part_10/shot_video_11.mp4,shot,29.97,29.97,124.0,4.137470804137471,124.0,640x480,mpeg4,yuv420p,False,22.5
part_2/23644635547596438-SHOT.mp4,shot,30.00545553737043,30.0,55.0,1.8333333333333333,55.0,640x480,h264,yuv420p,True,22.5
part_10/show_0.mp4,show,23.976,23.976,49.0,2.0437103770437104,61.0,640x480,mpeg4,yuv420p,False,29.0
part_5/8066288865216531-SHOW.mp4,show,30.003297065611605,30.0,91.0,3.033333333333333,91.0,640x480,h264,yuv420p,True,29.0
part_10/sick_16.mp4,sick,23.976,23.976,46.0,1.9185852519185853,57.0,640x480,mpeg4,yuv420p,False,20.5
part_2/2393498289810021-SICK.mp4,sick,30.00428632661809,30.000000000000004,70.0,2.333333333333333,70.0,640x480,h264,yuv420p,True,20.5
part_3/3609240069771811-SIDE.mp4,side,30.00428632661809,30.000000000000004,70.0,2.333333333333333,70.0,640x480,h264,yuv420p,True,25.5
part_1/03582115602621383-SIDE.mp4,side,30.003947887879985,30.0,76.0,2.533333333333333,76.0,640x480,h264,yuv420p,True,25.5
part_10/sign_video_12.mp4,sign,30.0,30.0,144.0,4.8,144.0,640x480,mpeg4,yuv420p,False,29.0
part_10/sign_video_9.mp4,sign,29.97,29.97,109.0,3.6369703036369705,109.0,640x480,mpeg4,yuv420p,False,29.0
part_10/sing_4.mp4,sing,29.97,29.97,63.0,2.1021021021021022,63.0,640x480,mpeg4,yuv420p,False,22.5
part_10/sing_video_0.mp4,sing,29.97,29.970000000000002,94.0,3.1364698031364697,94.0,640x480,mpeg4,yuv420p,False,22.5
part_10/sink_video_15.mp4,sink,29.97,29.97,250.0,8.341675008341676,250.0,640x480,mpeg4,yuv420p,False,27.5
part_5/8342342809172125-SINK.mp4,sink,30.243,30.243,123.0,4.067056839599246,122.0,640x480,h264,yuv420p,True,27.5
part_3/37288083726728405-SKIN.mp4,skin,30.629,30.629,54.0,1.7630350321590649,52.0,640x480,h264,yuv420p,True,22.0
part_1/1156479737706344-SKIN.mp4,skin,29.994643813604714,30.00545553737043,56.0,1.8663272727272728,55.0,640x480,h264,yuv420p,True,22.0
part_10/sled_20241119_172654_9.mp4,sled,29.918404351767904,29.914529914529915,99.0,3.3094285714285716,99.0,640x480,h264,yuv420p,True,32.5
part_10/sled_20241119_172654_44.mp4,sled,29.97002997002997,29.964448958862366,60.0,2.002372881355932,60.0,640x480,h264,yuv420p,True,32.5
part_10/slew_video_18.mp4,slew,29.97,29.97,60.0,2.002002002002002,60.0,640x480,mpeg4,yuv420p,False,27.0
part_10/slew_video_33.mp4,slew,29.97,29.97,97.0,3.2365699032365702,97.0,640x480,mpeg4,yuv420p,False,27.0
part_10/slip_20241119_172654_17.mp4,slip,29.97,29.97,39.0,1.3013013013013013,39.0,288x192,h264,yuv420p,False,26.666666666666668
part_10/slip_20241119_172654_19.mp4,slip,30.452,30.451999999999998,68.0,2.2330224615788783,66.0,640x480,h264,yuv420p,True,26.666666666666668
part_10/slip_20241119_172654_74.mp4,slip,30.438,30.438000000000002,68.0,2.2340495433339904,67.0,640x480,h264,yuv420p,True,26.666666666666668
part_4/5965632755010493-SLOW.mp4,slow,30.01,30.01,90.0,2.9990003332222592,89.0,640x480,h264,yuv420p,True,31.0
part_2/20484863672289855-SLOW.mp4,slow,30.142,30.142000000000003,58.0,1.9242253334218034,57.0,640x480,h264,yuv420p,True,31.0
part_5/8449589047629031-SNAP.mp4,snap,29.995162070633768,30.004918839153962,62.0,2.0663278688524587,61.0,640x480,h264,yuv420p,True,19.5
part_2/29827081625475604-SNAP.mp4,snap,29.99062792877226,30.00968054211036,32.0,1.0663225806451613,31.0,640x480,h264,yuv420p,True,19.5
part_1/08990722330487633-SNOB.mp4,snob,29.993183367416496,30.006978367062107,44.0,1.4663255813953489,43.0,640x480,h264,yuv420p,True,20.0
part_4/6781130107647655-SNOB.mp4,snob,30.0,29.9974140160331,117.0,3.9003362068965517,117.0,640x480,h264,yuv420p,True,20.0
part_10/snow_20241119_172654_48.mp4,snow,29.975278121137208,29.971901342491417,97.0,3.236364583333333,97.0,640x480,h264,yuv420p,True,27.333333333333332
part_10/snow_20241119_172654_61.mp4,snow,29.966329966329965,29.97275204359673,89.0,2.9693636363636364,89.0,640x480,h264,yuv420p,True,27.333333333333332
part_10/snow_20241119_172654_63.mp4,snow,13.333333333333334,13.333333333333332,39.0,2.9250000000000003,87.0,640x480,h264,yuv420p,True,27.333333333333332
part_10/soap_20241119_172654_25.mp4,soap,30.0,29.997656433091162,129.0,4.300335937500001,129.0,640x480,h264,yuv420p,True,25.333333333333332
part_10/soap_20241119_172654_32.mp4,soap,29.993183367416496,30.006978367062107,44.0,1.4663255813953489,43.0,640x480,h264,yuv420p,True,25.333333333333332
part_10/soap_20241119_172654_74.mp4,soap,29.914529914529915,29.923830250272033,56.0,1.8714181818181819,56.0,640x480,h264,yuv420p,True,25.333333333333332
part_10/soda_video_4.mp4,soda,29.97,29.97,83.0,2.7694361027694363,83.0,640x480,h264,yuv420p,False,22.5
part_1/031973506034731924-SODA.mp4,soda,30.004688232536335,30.0,64.0,2.1333333333333333,64.0,640x480,h264,yuv420p,True,22.5
part_10/sofa_2.mp4,sofa,29.97,29.97,55.0,1.8351685018351687,55.0,640x480,mpeg4,yuv420p,False,22.0
part_2/34524396915673994-SOFA.mp4,sofa,29.997479203428284,30.002542588354945,119.0,3.9663305084745764,118.0,640x480,h264,yuv420p,True,22.0
part_10/soft_7.mp4,soft,29.99687532548693,29.996842437638144,96.0,3.200336842105263,96.0,640x480,h264,yuv420p,True,23.0
part_3/44412915907780204-SOFT.mp4,soft,29.916897506925206,29.909706546275395,54.0,1.8054339622641509,54.0,640x480,h264,yuv420p,True,23.0
part_10/some_video_9.mp4,some,29.97,29.970000000000002,85.0,2.836169502836169,85.0,640x480,mpeg4,yuv420p,False,29.0
part_10/some_video_13.mp4,some,29.591,29.590999999999998,79.0,2.669730661349735,80.0,640x480,mpeg4,yuv420p,False,29.0
part_10/soon_20241119_172654_7.mp4,soon,29.97,29.970000000000002,82.0,2.736069402736069,82.0,640x480,mpeg4,yuv420p,False,27.333333333333332
part_10/soon_20241119_172654_26.mp4,soon,30.00545553737043,30.0,55.0,1.8333333333333333,55.0,640x480,h264,yuv420p,True,27.333333333333332
part_10/soon_20241119_172654_28.mp4,soon,29.97275204359673,29.966703662597112,55.0,1.8353703703703705,55.0,640x480,h264,yuv420p,True,27.333333333333332
part_4/6745347552311414-SOUP.mp4,soup,29.918621349928195,29.91556091676719,125.0,4.178427419354838,125.0,640x480,h264,yuv420p,True,19.5
part_1/11980633268653706-SOUP.mp4,soup,29.92633517495396,29.920523609163162,65.0,2.172421875,65.0,640x480,h264,yuv420p,True,19.5
part_10/sour_2.mp4,sour,50.0,50.0,120.0,2.4,72.0,640x480,h264,yuv420p,False,21.0
part_4/714422605350407-SOUR.mp4,sour,29.968454258675077,29.974489795918366,95.0,3.16936170212766,95.0,640x480,h264,yuv420p,True,21.0
part_4/5719477017744072-SSHH.mp4,sshh,14.83216237314598,14.83924154987634,19.0,1.2803888888888888,38.0,640x480,h264,yuv420p,True,10.666666666666666
part_2/25028641143784625-SSHH.mp4,sshh,30.35,30.349999999999998,97.0,3.196046128500824,95.0,640x480,h264,yuv420p,True,10.666666666666666
part_3/40638751221237435-SSHH.mp4,sshh,29.96742671009772,29.96005326231691,46.0,1.5353777777777777,46.0,640x480,h264,yuv420p,True,10.666666666666666
part_11/star_video_6.mp4,star,23.976,23.976000000000003,62.0,2.585919252585919,77.0,640x480,mpeg4,yuv420p,False,24.5
part_6/9761549583403137-STAR.mp4,star,30.063,30.063,80.0,2.6610784020224196,79.0,640x480,h264,yuv420p,True,24.5
part_4/6293758735675945-STAY.mp4,stay,30.769,30.769000000000002,44.0,1.430010725080438,42.0,640x480,mpeg4,yuv420p,False,24.5
part_3/5309097590958953-STAY.mp4,stay,29.97002997002997,29.964448958862366,60.0,2.002372881355932,60.0,640x480,h264,yuv420p,True,24.5
part_11/step_video_2.mp4,step,29.97,29.970000000000002,51.0,1.7017017017017015,51.0,640x480,mpeg4,yuv420p,False,19.5
part_1/05154230822785655-STEP.mp4,step,29.976019184652277,29.97164844066424,75.0,2.5023648648648646,75.0,640x480,h264,yuv420p,True,19.5
part_11/stir_7.mp4,stir,29.97,29.97,49.0,1.6349683016349683,49.0,288x192,h264,yuv420p,False,22.5
part_5/7236529952440116-STIR.mp4,stir,30.0,30.0,55.0,1.8333333333333333,55.0,640x480,mpeg4,yuv420p,False,22.5
part_11/stop_video_1.mp4,stop,29.97,29.97,64.0,2.135468802135469,64.0,640x480,mpeg4,yuv420p,False,24.0
part_11/stop_2.mp4,stop,29.97,29.970000000000002,91.0,3.0363697030363697,91.0,640x480,mpeg4,yuv420p,False,24.0
part_1/1461467422069449-STOP.mp4,stop,29.97364953886693,29.97002997002997,91.0,3.036366666666667,91.0,640x480,h264,yuv420p,True,24.0
part_11/suck_video_7.mp4,suck,29.97,29.97,196.0,6.539873206539873,196.0,640x480,mpeg4,yuv420p,False,20.0
part_5/8676131054151137-SUCK.mp4,suck,24.215,24.215,72.0,2.9733636175924016,89.0,640x480,h264,yuv420p,True,20.0
part_4/5889839458386423-seedSUIT.mp4,suit,31.134,31.134,96.0,3.083445750626325,92.0,640x480,h264,yuv420p,True,25.0
part_4/7124932261855448-SUIT.mp4,suit,29.971455756422454,29.969711461820502,189.0,6.306367021276595,189.0,640x480,h264,yuv420p,True,25.0
part_5/8565231572205234-SURE.mp4,sure,29.9190425906371,29.914529914529915,85.0,2.841428571428571,85.0,640x480,h264,yuv420p,True,21.0
part_5/7294995286047106-SURE.mp4,sure,25.0,25.000000000000004,58.0,2.32,69.0,640x480,h264,yuv420p,True,21.0
part_5/7952936346877606-SURF.mp4,surf,29.99400119976005,30.006123698714024,50.0,1.6663265306122448,49.0,640x480,h264,yuv420p,True,20.0
part_2/25396041105839107-SURF.mp4,surf,30.0,30.0,96.0,3.2,96.0,640x480,mpeg4,yuv420p,False,20.0
part_11/swim_20241119_172656_17.mp4,swim,30.0,30.0,96.0,3.2,96.0,640x480,mpeg4,yuv420p,False,24.666666666666668
part_11/swim_20241119_172656_41.mp4,swim,29.969650986342945,29.967551059362474,158.0,5.272369426751593,158.0,640x480,h264,yuv420p,True,24.666666666666668
part_11/swim_20241119_172656_58.mp4,swim,29.981,29.980999999999998,82.0,2.735065541509623,82.0,640x480,h264,yuv420p,True,24.666666666666668
part_11/tail_20241119_172656_12.mp4,tail,29.97,29.97,100.0,3.3366700033366703,100.0,640x480,mpeg4,yuv420p,False,26.333333333333332
part_11/tail_20241119_172656_19.mp4,tail,29.97,29.97,55.0,1.8351685018351687,55.0,640x480,mpeg4,yuv420p,False,26.333333333333332
part_11/tail_20241119_172656_67.mp4,tail,29.916666666666668,29.916666666666668,76.0,2.5403899721448466,76.0,640x480,h264,yuv420p,True,26.333333333333332
part_11/take_video_29.mp4,take,29.97,29.97,76.0,2.5358692025358693,76.0,640x480,mpeg4,yuv420p,False,26.0
part_11/take_video_18.mp4,take,29.97,29.97,87.0,2.902902902902903,87.0,640x480,mpeg4,yuv420p,False,26.0
part_4/6131249808179218-TAKE.mp4,take,30.0,29.997479203428284,120.0,4.000336134453781,120.0,640x480,h264,yuv420p,True,26.0
part_11/talk_20241119_172656_35.mp4,talk,29.9680668140506,29.97275204359673,122.0,4.070363636363636,122.0,640x480,h264,yuv420p,True,30.0
part_11/talk_20241119_172656_39.mp4,talk,29.995588883987647,30.004478280340347,68.0,2.2663283582089555,67.0,640x480,h264,yuv420p,True,30.0
part_11/talk_20241119_172656_56.mp4,talk,30.0,29.994340690435763,54.0,1.8003396226415096,54.0,640x480,h264,yuv420p,True,30.0
part_11/tall_20241119_172656_42.mp4,tall,29.998324115971176,30.001685487948762,179.0,5.966331460674157,178.0,640x480,h264,yuv420p,True,27.666666666666668
part_11/tall_20241119_172656_61.mp4,tall,25.0,25.0,63.0,2.52,75.0,640x480,h264,yuv420p,True,27.666666666666668
part_11/tall_20241119_172656_62.mp4,tall,29.97737556561086,29.971181556195965,53.0,1.7683653846153846,53.0,640x480,h264,yuv420p,True,27.666666666666668
part_3/4105350698172987-TAPE.mp4,tape,30.0,29.998453687954232,195.0,6.500335051546391,195.0,640x480,h264,yuv420p,True,18.0
part_2/35491158652354926-TAPE.mp4,tape,29.997945346209164,30.002069108214357,146.0,4.866331034482759,145.0,640x480,h264,yuv420p,True,18.0
part_5/8381374496787943-TEAM.mp4,team,29.997857295907433,30.002158428663932,140.0,4.666330935251799,139.0,640x480,h264,yuv420p,True,22.5
part_1/12506198316829487-TEAM.mp4,team,30.0,30.0,83.0,2.7666666666666666,83.0,640x480,mpeg4,yuv420p,False,22.5
part_11/tear_video_0.mp4,tear,23.976,23.976,32.0,1.3346680013346681,40.0,640x480,h264,yuv420p,False,17.0
part_3/5146362742120918-TEAR.mp4,tear,29.97275204359673,29.970258522077327,132.0,4.404366412213741,132.0,640x480,h264,yuv420p,True,17.0
part_11/tell_video_4.mp4,tell,29.97,29.970000000000002,82.0,2.736069402736069,82.0,640x480,mpeg4,yuv420p,False,27.5
part_2/22448269867455983-TELL.mp4,tell,29.433,29.433000000000003,40.0,1.35901878843475,40.0,640x480,h264,yuv420p,True,27.5
part_3/39337440975420757-TENT.mp4,tent,30.003947887879985,30.0,76.0,2.533333333333333,76.0,640x480,h264,yuv420p,True,22.0
part_5/8584795698719989-TENT.mp4,tent,30.006123698714024,30.0,49.0,1.6333333333333333,49.0,640x480,h264,yuv420p,True,22.0
part_11/test_1.mp4,test,29.996296753487226,29.996250468691414,81.0,2.7003375,81.0,640x480,h264,yuv420p,True,27.5
part_3/5073844254105042-TEST.mp4,test,30.004110152075626,30.0,73.0,2.433333333333333,73.0,640x480,h264,yuv420p,True,27.5
part_11/text_video_0.mp4,text,29.97,29.97,191.0,6.3730397063730395,191.0,640x480,mpeg4,yuv420p,False,20.5
part_11/text_video_1.mp4,text,29.97,29.970000000000002,46.0,1.534868201534868,46.0,640x480,mpeg4,yuv420p,False,20.5
part_3/4476273892034506-THAN.mp4,than,30.314,30.313999999999997,83.0,2.738008840799631,82.0,640x480,h264,yuv420p,True,20.0
part_1/13035667651437777-THAN.mp4,than,29.978586723768736,29.970760233918128,42.0,1.4013658536585367,42.0,640x480,h264,yuv420p,True,20.0
part_1/04600046798432267-THAT.mp4,that,25.0,25.0,64.0,2.56,76.0,640x480,h264,yuv420p,True,21.0
part_1/054640822045803006-THAT.mp4,that,31.058,31.058000000000003,93.0,2.994397578723678,89.0,640x480,h264,yuv420p,True,21.0
part_11/then_9.mp4,then,30.35,30.35,80.0,2.6359143327841843,79.0,640x480,h264,yuv420p,False,21.0
part_11/then_video_1.mp4,then,23.976,23.976000000000003,65.0,2.711044377711044,81.0,640x480,mpeg4,yuv420p,False,21.0
part_11/they_20241119_172641_19.mp4,they,31.066,31.066000000000003,53.0,1.7060451941028776,51.0,640x480,mpeg4,yuv420p,False,23.0
part_11/they_20241119_172641_33.mp4,they,29.83539094650206,29.830038154699967,87.0,2.9165232558139533,87.0,640x480,h264,yuv420p,True,23.0
part_11/they_20241119_172641_42.mp4,they,29.995162070633768,30.004918839153962,62.0,2.0663278688524587,61.0,640x480,h264,yuv420p,True,23.0
part_11/thin_video_15.mp4,thin,29.97,29.970000000000002,59.0,1.9686353019686351,59.0,640x480,mpeg4,yuv420p,False,34.0
part_11/thin_video_0.mp4,thin,29.97,29.970000000000002,91.0,3.0363697030363697,91.0,640x480,mpeg4,yuv420p,False,34.0
part_11/time_video_18.mp4,time,25.0,25.0,65.0,2.6,78.0,640x480,mpeg4,yuv420p,False,33.5
part_4/6677797392644389-TIME.mp4,time,29.997945346209164,30.002069108214357,146.0,4.866331034482759,145.0,640x480,h264,yuv420p,True,33.5
part_4/6126766635977128-TINY.mp4,tiny,30.977,30.977000000000004,84.0,2.711689317881008,81.0,640x480,h264,yuv420p,True,18.5
part_1/10703906146469544-TINY.mp4,tiny,29.99062792877226,30.00968054211036,32.0,1.0663225806451613,31.0,640x480,h264,yuv420p,True,18.5
part_11/toss_video_9.mp4,toss,15.352,15.352,35.0,2.279833246482543,68.0,640x480,mpeg4,yuv420p,False,20.0
part_1/11445657472348914-TOSS.mp4,toss,29.915,29.915,91.0,3.0419521978940334,91.0,640x480,mpeg4,yuv420p,False,20.0
part_11/tree_video_11.mp4,tree,29.97,29.97,151.0,5.038371705038372,151.0,640x480,mpeg4,yuv420p,False,24.0
part_5/846152375716311-TREE.mp4,tree,15.172413793103448,15.167548500881834,44.0,2.9009302325581396,87.0,640x480,h264,yuv420p,True,24.0
part_11/trim_20241119_172656.mp4,trim,23.976,23.976000000000003,92.0,3.83717050383717,115.0,640x480,h264,yuv420p,False,30.333333333333332
part_11/trim_20241119_172656_23.mp4,trim,29.97,29.97,99.0,3.3033033033033035,99.0,640x480,mpeg4,yuv420p,False,30.333333333333332
part_11/trim_20241119_172656_86.mp4,trim,30.345,30.345000000000002,65.0,2.142033283901796,64.0,640x480,h264,yuv420p,True,30.333333333333332
part_11/trip_20241119_172656_14.mp4,trip,29.839026305457402,29.83293556085919,76.0,2.5475199999999996,76.0,640x480,h264,yuv420p,True,24.666666666666668
part_11/trip_20241119_172656_21.mp4,trip,30.004688232536335,30.0,64.0,2.1333333333333333,64.0,640x480,h264,yuv420p,True,24.666666666666668
part_11/trip_20241119_172657_3.mp4,trip,30.006978367062107,30.000000000000004,43.0,1.4333333333333331,43.0,640x480,h264,yuv420p,True,24.666666666666668
part_11/tube_video_6.mp4,tube,29.0,29.0,157.0,5.413793103448276,162.0,640x480,mpeg4,yuv420p,False,20.5
part_5/8665280601243064-TUBE.mp4,tube,29.97275204359673,29.969755292823756,110.0,3.6703669724770642,110.0,640x480,h264,yuv420p,True,20.5
part_11/turn_video_1.mp4,turn,29.97,29.970000000000002,72.0,2.402402402402402,72.0,640x480,mpeg4,yuv420p,False,27.0
part_11/turn_video_17.mp4,turn,29.97,29.97,77.0,2.569235902569236,77.0,640x480,mpeg4,yuv420p,False,27.0
part_11/type_20241119_172657_16.mp4,type,29.97275204359673,29.970760233918128,165.0,5.505365853658537,165.0,640x480,h264,yuv420p,True,25.0
part_11/type_20241119_172657_59.mp4,type,30.005770340450088,30.0,52.0,1.7333333333333334,52.0,640x480,h264,yuv420p,True,25.0
part_11/type_20241119_172657_63.mp4,type,29.922202274087372,29.918404351767904,100.0,3.3424242424242427,100.0,640x480,h264,yuv420p,True,25.0
part_11/ugly_video_7.mp4,ugly,29.97,29.970000000000002,88.0,2.936269602936269,88.0,640x480,mpeg4,yuv420p,False,26.0
part_2/25098115370677876-UGLY.mp4,ugly,30.577,30.577,72.0,2.354711057330673,70.0,640x480,mpeg4,yuv420p,False,26.0
part_3/400257620695744-VAIN.mp4,vain,30.0,29.997810378804466,138.0,4.600335766423358,138.0,640x480,h264,yuv420p,True,21.0
part_2/3491856999491625-VAIN.mp4,vain,29.98236331569665,29.97275204359673,34.0,1.1343636363636362,34.0,640x480,h264,yuv420p,True,21.0
part_11/verb_3.mp4,verb,29.97,29.97,103.0,3.4367701034367704,103.0,640x480,mpeg4,yuv420p,False,20.0
part_5/8358916356218851-VERB.mp4,verb,30.005770340450088,30.0,52.0,1.7333333333333334,52.0,640x480,h264,yuv420p,True,20.0
part_11/very.mp4,very,29.97,29.970000000000002,62.0,2.0687354020687354,62.0,640x480,h264,yuv420p,False,20.0
part_6/9854374515568751-VERY.mp4,very,29.996250468691414,30.003797949107483,80.0,2.6663291139240504,79.0,640x480,h264,yuv420p,True,20.0
part_5/881109779025814-VEST.mp4,vest,30.018,30.017999999999997,64.0,2.1320541008728098,63.0,640x480,h264,yuv420p,True,18.5
part_1/05219141482368883-VEST.mp4,vest,30.353,30.352999999999998,73.0,2.4050340987711265,72.0,640x480,h264,yuv420p,True,18.5
part_5/8318313600438163-VIEW.mp4,view,29.978586723768736,29.97275204359673,56.0,1.8683636363636362,56.0,640x480,h264,yuv420p,True,22.5
part_2/33196948596201303-VIEW.mp4,view,30.004110152075626,30.0,73.0,2.433333333333333,73.0,640x480,h264,yuv420p,True,22.5
part_11/vlog_0.mp4,vlog,23.976,23.976000000000003,41.0,1.7100433767100431,51.0,640x480,h264,yuv420p,False,19.0
part_3/417315353580358-VLOG.mp4,vlog,30.0,29.99651203348448,87.0,2.9003372093023256,87.0,640x480,h264,yuv420p,True,19.0
part_2/2255171461701928-VOTE.mp4,vote,30.003529827038474,30.000000000000004,85.0,2.833333333333333,85.0,640x480,h264,yuv420p,True,23.5
part_4/6964032953079102-VOTE.mp4,vote,30.005770340450088,30.0,52.0,1.7333333333333334,52.0,640x480,h264,yuv420p,True,23.5
part_11/wade_20241119_172657_5.mp4,wade,29.920212765957448,29.91162474507138,45.0,1.5044318181818181,45.0,640x480,h264,yuv420p,True,30.5
part_11/wade_20241119_172657_17.mp4,wade,30.407,30.406999999999996,77.0,2.532311638767389,75.0,640x480,h264,yuv420p,True,30.5
part_11/wait_10.mp4,wait,29.97,29.970000000000002,46.0,1.534868201534868,46.0,288x192,h264,yuv420p,False,28.5
part_5/8270409786931296-WAIT.mp4,wait,29.927007299270073,29.917726252804787,41.0,1.370425,41.0,640x480,h264,yuv420p,True,28.5
part_11/walk_20241119_172657_33.mp4,walk,13.333333333333334,13.333333333333334,51.0,3.8249999999999997,114.0,640x480,h264,yuv420p,True,28.666666666666668
part_11/walk_20241119_172657_49.mp4,walk,29.99610440202571,30.003947887879985,77.0,2.566328947368421,76.0,640x480,h264,yuv420p,True,28.666666666666668
part_11/walk_20241119_172657_50.mp4,walk,30.005770340450088,30.0,52.0,1.7333333333333334,52.0,640x480,h264,yuv420p,True,28.666666666666668
part_5/7242876288888909-WALL.mp4,wall,29.83619344773791,29.83316977428852,153.0,5.1285197368421045,153.0,640x480,h264,yuv420p,True,20.5
part_1/17613049154675942-seedWALL.mp4,wall,29.968158831241805,29.971724787935912,160.0,5.3383647798742135,160.0,640x480,h264,yuv420p,True,20.5
part_11/wand_video_1.mp4,wand,29.97,29.97,379.0,12.645979312645979,379.0,640x480,h264,yuv420p,False,16.5
part_5/772760678275781-WAND.mp4,wand,29.995588883987647,30.004478280340347,68.0,2.2663283582089555,67.0,640x480,h264,yuv420p,True,16.5
part_11/want_20241119_172657_6.mp4,want,29.97,29.97,27.0,0.9009009009009009,27.0,640x480,mpeg4,yuv420p,False,29.666666666666668
part_11/want_20241119_172657_53.mp4,want,29.983792544570502,29.975020815986674,37.0,1.2343611111111112,37.0,640x480,h264,yuv420p,True,29.666666666666668
part_11/want_20241119_172657_78.mp4,want,31.039,31.039,99.0,3.1895357453526207,95.0,640x480,h264,yuv420p,True,29.666666666666668
part_11/warm.mp4,warm,15.052,15.052,36.0,2.391708743024183,71.0,640x480,mpeg4,yuv420p,False,22.5
part_5/8086805786312896-WARM.mp4,warm,29.968454258675077,29.972211194918618,152.0,5.071364238410596,152.0,640x480,h264,yuv420p,True,22.5
part_11/warn_1.mp4,warn,30.345,30.345,81.0,2.6693030153237767,80.0,640x480,mpeg4,yuv420p,False,22.0
part_3/5383537123189177-WARN.mp4,warn,30.0,29.995946493717064,75.0,2.500337837837838,75.0,640x480,h264,yuv420p,True,22.0
part_11/wash_20241119_172657_27.mp4,wash,30.003529827038474,30.000000000000004,85.0,2.833333333333333,85.0,640x480,h264,yuv420p,True,25.0
part_11/wash_20241119_172657_43.mp4,wash,29.993618379068284,30.00652315720809,47.0,1.5663260869565216,46.0,640x480,h264,yuv420p,True,25.0
part_11/wash_20241119_172657_45.mp4,wash,30.002752546105146,30.0,109.0,3.6333333333333333,109.0,640x480,h264,yuv420p,True,25.0
part_11/wave_video_12.mp4,wave,29.97,29.97,79.0,2.6359693026359694,79.0,640x480,mpeg4,yuv420p,False,23.5
part_1/08446490738724077-WAVE.mp4,wave,30.0,30.0,51.0,1.7,51.0,640x480,mpeg4,yuv420p,False,23.5
part_3/3873300449534989-WEAK.mp4,weak,29.995385325334563,30.004688232536335,65.0,2.1663281249999997,64.0,640x480,h264,yuv420p,True,23.5
part_3/4436334340686603-WEAK.mp4,weak,30.00365898280278,30.000000000000004,82.0,2.733333333333333,82.0,640x480,h264,yuv420p,True,23.5
part_11/wear_video_1.mp4,wear,29.97,29.970000000000002,85.0,2.836169502836169,85.0,640x480,mpeg4,yuv420p,False,25.0
part_4/6851952015630933-WEAR.mp4,wear,30.0,29.994916115912556,60.0,2.0003389830508476,60.0,640x480,h264,yuv420p,True,25.0
part_3/49562544308444734-WEEK.mp4,week,30.504,30.504,55.0,1.8030422239706267,54.0,640x480,h264,yuv420p,True,21.0
part_3/36411152769215316-WEEK.mp4,week,29.97275204359673,29.970029970029973,121.0,4.037366666666666,121.0,640x480,h264,yuv420p,True,21.0
part_1/14486442921118314-WELL.mp4,well,30.348,30.348000000000003,81.0,2.669039145907473,80.0,640x480,h264,yuv420p,True,23.0
part_6/9681724811813193-WELL.mp4,well,29.838259899609593,29.833943146636646,107.0,3.586518867924528,107.0,640x480,h264,yuv420p,True,23.0
part_5/8300596933486175-seedWEST.mp4,west,30.961,30.961,164.0,5.2969865314427835,158.0,640x480,h264,yuv420p,True,21.5
part_1/024765216926865063-WEST.mp4,west,30.001986886548778,30.0,151.0,5.033333333333333,151.0,640x480,h264,yuv420p,True,21.5
part_11/what_20241119_172657_2.mp4,what,30.319,30.319000000000003,87.0,2.869487779939971,86.0,640x480,mpeg4,yuv420p,False,30.333333333333332
part_11/what_20241119_172657_31.mp4,what,30.383,30.383,80.0,2.633051377415002,78.0,640x480,h264,yuv420p,True,30.333333333333332
part_11/what_20241119_172657_37.mp4,what,30.0,29.993618379068284,48.0,1.600340425531915,48.0,640x480,h264,yuv420p,True,30.333333333333332
part_1/1633964553032412-seedWHEN.mp4,when,29.920212765957448,29.918101286979777,180.0,6.0164245810055865,180.0,640x480,h264,yuv420p,True,24.0
part_4/5845121089874201-WHEN.mp4,when,29.99820370037722,30.00180733779143,167.0,5.5663313253012054,166.0,640x480,h264,yuv420p,True,24.0
part_4/6011672738524778-WHIP.mp4,whip,29.971648440664236,29.967159277504106,74.0,2.4693698630136987,74.0,640x480,h264,yuv420p,True,19.5
part_4/6627894493111854-WHIP.mp4,whip,29.914529914529915,29.921259842519685,77.0,2.573421052631579,77.0,640x480,h264,yuv420p,True,19.5
part_11/wide.mp4,wide,29.97,29.97,76.0,2.5358692025358693,76.0,640x480,mpeg4,yuv420p,False,22.0
part_1/12042383903457221-WIDE.mp4,wide,29.97002997002997,29.97002997002997,69.0,2.3023000000000002,69.0,640x480,h264,yuv420p,True,22.0
part_11/wife_video_9.mp4,wife,30.0,30.0,122.0,4.066666666666666,122.0,640x480,mpeg4,yuv420p,False,24.5
part_6/9881108433993293-WIFE.mp4,wife,30.0,29.995775242923532,72.0,2.400338028169014,72.0,640x480,h264,yuv420p,True,24.5
part_1/0383508135640489-WILL.mp4,will,29.992684711046085,30.00750187546887,41.0,1.366325,40.0,640x480,h264,yuv420p,True,22.0
part_2/21598397347770826-WILL.mp4,will,30.465,30.465000000000003,34.0,1.1160347940259312,33.0,640x480,mpeg4,yuv420p,False,22.0
part_11/wind_video_4.mp4,wind,29.97,29.97,106.0,3.5368702035368704,106.0,640x480,h264,yuv420p,False,25.0
part_5/7903045631495873-WIND.mp4,wind,29.92194275802255,29.916410030796307,69.0,2.306426470588235,69.0,640x480,h264,yuv420p,True,25.0
part_11/wine_3.mp4,wine,25.0,25.000000000000004,114.0,4.56,136.0,640x480,h264,yuv420p,False,20.5
part_3/3681696870380453-WINE.mp4,wine,31.05,31.05,106.0,3.4138486312399356,102.0,640x480,h264,yuv420p,True,20.5
part_4/6098312252701703-WINK.mp4,wink,30.001276650070217,30.0,235.0,7.833333333333333,235.0,640x480,h264,yuv420p,True,21.0
part_3/38374953389283006-WINK.mp4,wink,30.0,29.99719652368937,108.0,3.600336448598131,108.0,640x480,h264,yuv420p,True,21.0
part_5/7414236047407246-WISE.mp4,wise,30.00545553737043,30.0,55.0,1.8333333333333333,55.0,640x480,h264,yuv420p,True,11.0
part_6/9100430227499803-WISE.mp4,wise,29.998712501609372,30.0012931591879,233.0,7.766331896551724,232.0,640x480,h264,yuv420p,True,11.0
part_3/533264136697394-WISE.mp4,wise,30.0,30.0,87.0,2.9,87.0,640x480,mpeg4,yuv420p,False,11.0
part_11/wish_10.mp4,wish,30.387,30.387,73.0,2.402343107249811,72.0,640x480,mpeg4,yuv420p,False,20.5
part_5/869684727328712-WISH.mp4,wish,30.477,30.477,74.0,2.4280605046428456,72.0,640x480,h264,yuv420p,True,20.5
part_11/with_video_9.mp4,with,25.21,25.209999999999997,92.0,3.6493454978183264,109.0,640x480,mpeg4,yuv420p,False,24.5
part_1/10318499069402809-seedWITH.mp4,with,30.311,30.311,112.0,3.695028207581406,110.0,640x480,h264,yuv420p,True,24.5
part_11/wolf_9.mp4,wolf,30.35,30.35,80.0,2.6359143327841843,79.0,640x480,h264,yuv420p,False,21.5
part_1/08673843529675529-WOLF.mp4,wolf,30.0,30.000000000000004,45.0,1.4999999999999998,45.0,640x480,mpeg4,yuv420p,False,21.5
part_11/wood_video_5.mp4,wood,29.97,29.97,55.0,1.8351685018351687,55.0,640x480,mpeg4,yuv420p,False,22.0
part_5/830820846298649-seedWOOD.mp4,wood,30.335,30.335,142.0,4.681061480138454,140.0,640x480,h264,yuv420p,True,22.0
part_11/word_9.mp4,word,29.97,29.97,32.0,1.0677344010677345,32.0,640x480,mpeg4,yuv420p,False,22.5
part_5/7523461039906467-WORD.mp4,word,30.287,30.287,60.0,1.9810479743784462,59.0,640x480,h264,yuv420p,True,22.5
part_11/work_8.mp4,work,29.97,29.970000000000002,51.0,1.7017017017017015,51.0,640x480,mpeg4,yuv420p,False,22.0
part_4/6287775786430216-WORK.mp4,work,29.995946493717064,30.00411015207563,74.0,2.4663287671232874,73.0,640x480,h264,yuv420p,True,22.0
part_11/worm_video_9.mp4,worm,29.97,29.97,335.0,11.177844511177845,335.0,640x480,mpeg4,yuv420p,False,24.0
part_1/05895826119127845-WORM.mp4,worm,30.0,29.999999999999996,47.0,1.5666666666666669,47.0,640x480,mpeg4,yuv420p,False,24.0
part_11/wrap_2.mp4,wrap,29.752,29.752,119.0,3.999731110513579,119.0,640x480,mpeg4,yuv420p,False,23.0
part_3/5305155040104919-WRAP.mp4,wrap,30.0,29.999999999999996,82.0,2.733333333333334,82.0,640x480,h264,yuv420p,True,23.0
part_11/yawn_20241119_172658_25.mp4,yawn,29.840848806366047,29.83050847457627,45.0,1.5085227272727273,45.0,640x480,h264,yuv420p,True,41.0
part_11/yawn_20241119_172658_90.mp4,yawn,30.292,30.291999999999998,88.0,2.905057440908491,87.0,640x480,h264,yuv420p,True,41.0
part_11/yawn_20241119_172658_106.mp4,yawn,29.99854376001165,30.001463486023706,206.0,6.866331707317074,205.0,640x480,h264,yuv420p,True,41.0
part_3/4249061423333764-YEAH.mp4,yeah,29.83668341708543,29.831799428752777,95.0,3.1845212765957447,95.0,640x480,h264,yuv420p,True,11.0
part_5/7324796917134646-YEAH.mp4,yeah,29.974489795918366,29.967426710097723,47.0,1.5683695652173912,47.0,640x480,h264,yuv420p,True,11.0
part_1/10329683041939997-YEAH.mp4,yeah,30.736,30.736,43.0,1.3990109318063508,41.0,640x480,mpeg4,yuv420p,False,11.0
part_11/year_video_1.mp4,year,29.97002997002997,29.97002997002997,89.0,2.9696333333333333,89.0,512x384,h264,yuv420p,False,28.0
part_5/8410349218008399-YEAR.mp4,year,30.0,29.994001199760046,51.0,1.7003400000000002,51.0,640x480,h264,yuv420p,True,28.0
part_11/your_11.mp4,your,29.97,29.97,89.0,2.9696363029696364,89.0,640x480,mpeg4,yuv420p,False,22.0
part_2/2596986287783567-YOUR.mp4,your,30.0,29.994643813604714,57.0,1.9003392857142856,57.0,640x480,h264,yuv420p,True,22.0
part_1/06863106115468454-YOYO.mp4,yoyo,30.0,29.995385325334567,66.0,2.200338461538461,66.0,640x480,h264,yuv420p,True,10.333333333333334
part_3/5262833334404893-YOYO.mp4,yoyo,30.0,29.99693908784818,99.0,3.3003367346938774,99.0,640x480,h264,yuv420p,True,10.333333333333334
part_4/5542401547475293-YOYO.mp4,yoyo,29.914529914529915,29.921259842519685,77.0,2.573421052631579,77.0,640x480,h264,yuv420p,True,10.333333333333334
part_6/9669925098479593-ZERO.mp4,zero,30.538,30.538,55.0,1.801034776344227,54.0,640x480,h264,yuv420p,True,23.5
part_1/028125374801275527-ZERO.mp4,zero,30.563,30.562999999999995,71.0,2.3230703792167002,69.0,640x480,h264,yuv420p,True,23.5
part_5/8917019991674742-8 HOUR.mp4,8hour,29.970760233918128,29.966703662597116,82.0,2.7363703703703703,82.0,640x480,h264,yuv420p,True,10.333333333333334
part_3/45725512629926124-8 HOUR.mp4,8hour,30.00428632661809,30.000000000000004,70.0,2.333333333333333,70.0,640x480,h264,yuv420p,True,10.333333333333334
part_3/41098649268419307-8 HOUR.mp4,8hour,30.928,30.928,108.0,3.4919813760993272,104.0,640x480,h264,yuv420p,True,10.333333333333334
part_6/about_20241119_172633_35.mp4,about,30.701,30.701,49.0,1.5960392169636168,47.0,640x480,mpeg4,yuv420p,False,23.333333333333332
part_6/about_20241119_172633_36.mp4,about,30.608,30.608,76.0,2.4830109775222162,74.0,640x480,mpeg4,yuv420p,False,23.333333333333332
part_6/about_20241119_172633_54.mp4,about,30.352,30.352,75.0,2.471006852925672,74.0,640x480,h264,yuv420p,True,23.333333333333332
part_6/above_video_4.mp4,above,29.97,29.97,103.0,3.4367701034367704,103.0,640x480,mpeg4,yuv420p,False,25.0
part_5/8636891644600095-ABOVE.mp4,above,26.401,26.401,82.0,3.1059429567061856,93.0,640x480,h264,yuv420p,True,25.0
part_6/actor_3.mp4,actor,25.0,24.999999999999996,69.0,2.7600000000000002,82.0,640x480,mpeg4,yuv420p,False,23.0
part_2/2517131108269346-ACTOR.mp4,actor,29.996739484838603,30.003297065611605,92.0,3.0663296703296705,91.0,640x480,h264,yuv420p,True,23.0
part_4/5970247403553814-ADMIT.mp4,admit,30.393,30.393000000000004,72.0,2.3689665383476455,71.0,640x480,h264,yuv420p,True,22.5
part_1/10807511408082915-ADMIT.mp4,admit,29.96941896024465,29.9625468164794,49.0,1.635375,49.0,640x480,h264,yuv420p,True,22.5
part_6/adopt_video_1.mp4,adopt,29.97002997002997,29.97002997002997,85.0,2.8361666666666667,85.0,512x384,h264,yuv420p,False,21.5
part_6/adopt_6.mp4,adopt,29.97,29.97,29.0,0.9676343009676344,29.0,288x192,h264,yuv420p,False,21.5
part_6/adult_5.mp4,adult,29.97,29.970000000000002,41.0,1.3680347013680345,41.0,288x192,h264,yuv420p,False,24.0
part_1/10500783843935202-ADULT.mp4,adult,30.0,29.994643813604714,57.0,1.9003392857142856,57.0,640x480,h264,yuv420p,True,24.0
part_6/after_10.mp4,after,29.97,29.97,44.0,1.4681348014681348,44.0,640x480,mpeg4,yuv420p,False,30.5
part_1/12026210743939236-AFTER.mp4,after,29.916512059369204,29.913531198878243,129.0,4.3124296875,129.0,640x480,h264,yuv420p,True,30.5
part_1/11794226320729084-AGAIN.mp4,again,15.083440308087292,15.081967213114755,47.0,3.116304347826087,93.0,640x480,h264,yuv420p,True,24.0
part_4/6788847001475584-AGAIN.mp4,again,30.991,30.991000000000003,133.0,4.291568519892872,128.0,640x480,h264,yuv420p,True,24.0
part_6/alarm_video_0.mp4,alarm,23.976,23.976000000000003,51.0,2.127127127127127,63.0,640x480,mpeg4,yuv420p,False,27.0
part_6/9360594608322135-ALARM.mp4,alarm,29.96616723054616,29.97542997542998,62.0,2.068360655737705,62.0,640x480,h264,yuv420p,True,27.0
part_1/02296398426660473-ALIGN.mp4,align,30.449,30.449,88.0,2.8900784919044957,86.0,640x480,h264,yuv420p,True,18.0
part_1/16580926551019415-ALIGN.mp4,align,29.997479203428284,30.002542588354945,119.0,3.9663305084745764,118.0,640x480,h264,yuv420p,True,18.0
part_6/alone_video_9.mp4,alone,29.97,29.970000000000002,108.0,3.603603603603603,108.0,640x480,mpeg4,yuv420p,False,25.5
part_6/alone_6.mp4,alone,30.25,30.249999999999996,108.0,3.570247933884298,107.0,640x480,mpeg4,yuv420p,False,25.5
part_1/12882494919982324-ANGEL.mp4,angel,29.921259842519685,29.91725015913431,95.0,3.1754255319148936,95.0,640x480,h264,yuv420p,True,26.5
part_4/6048827243870498-ANGEL.mp4,angel,29.995162070633768,30.004918839153962,62.0,2.0663278688524587,61.0,640x480,h264,yuv420p,True,26.5
part_1/031021396234431675-ANGRY.mp4,angry,30.0,29.993183367416496,45.0,1.5003409090909092,45.0,640x480,h264,yuv420p,True,26.0
part_1/17023133428195614-ANGRY.mp4,angry,30.37,30.369999999999997,93.0,3.0622324662495886,91.0,640x480,h264,yuv420p,True,26.0
part_3/4509379901179682-APART.mp4,apart,29.841269841269842,29.831387808041505,47.0,1.5755217391304348,47.0,640x480,h264,yuv420p,True,20.5
part_2/3332983131134881-APART.mp4,apart,29.97002997002997,29.970029970029966,70.0,2.335666666666667,70.0,640x480,h264,yuv420p,True,20.5
part_6/apple_video_11.mp4,apple,25.0,25.0,82.0,3.28,98.0,640x480,mpeg4,yuv420p,False,28.5
part_6/apple_10.mp4,apple,29.97,29.97,70.0,2.335669002335669,70.0,640x480,mpeg4,yuv420p,False,28.5
part_2/32407822480085513-seedAPRIL.mp4,april,30.349,30.348999999999997,139.0,4.580052061023428,137.0,640x480,h264,yuv420p,True,20.0
part_1/13600055763706353-APRIL.mp4,april,30.0,29.996250468691414,81.0,2.7003375,81.0,640x480,h264,yuv420p,True,20.0
part_6/9716061793265816-seedARGUE.mp4,argue,30.078,30.078,138.0,4.588071015360064,137.0,640x480,h264,yuv420p,True,21.0
part_5/8543917608864493-ARGUE.mp4,argue,29.99693908784818,30.003093102381687,98.0,3.2663298969072168,97.0,640x480,h264,yuv420p,True,21.0
part_2/21710737325178853-AVOID.mp4,avoid,29.969308539447553,29.96730839084635,166.0,5.539369696969697,166.0,640x480,h264,yuv420p,True,23.5
part_1/05495200688424107-AVOID.mp4,avoid,30.211,30.211,130.0,4.303068418787859,129.0,640x480,h264,yuv420p,True,23.5
part_6/awake_video_1.mp4,awake,23.976,23.976,76.0,3.1698365031698366,95.0,640x480,mpeg4,yuv420p,False,25.5
part_3/385827015242425-AWAKE.mp4,awake,30.0,29.991431019708653,36.0,1.2003428571428572,36.0,640x480,h264,yuv420p,True,25.5
part_1/09702131904887823-AWARD.mp4,award,29.974720115565187,29.970760233918128,83.0,2.769365853658537,83.0,640x480,h264,yuv420p,True,24.0
part_3/45000726195752505-AWARD.mp4,award,14.991482112436115,14.982578397212542,44.0,2.936744186046512,88.0,640x480,h264,yuv420p,True,24.0
part_5/7719463054713409-BACON.mp4,bacon,29.921259842519685,29.91792427852793,114.0,3.810424778761062,114.0,640x480,h264,yuv420p,True,23.0
part_5/8382711777828724-BACON.mp4,bacon,30.001775252973548,30.000000000000004,169.0,5.633333333333333,169.0,640x480,h264,yuv420p,True,23.0
part_1/09304771637603304-BADGE.mp4,badge,30.373,30.373,65.0,2.1400586046817898,64.0,640x480,h264,yuv420p,True,17.0
part_3/4581479145683114-BADGE.mp4,badge,29.96542451018056,29.97275204359673,78.0,2.6023636363636364,78.0,640x480,h264,yuv420p,True,17.0
part_4/6190592230678937-BASIC.mp4,basic,29.966703662597116,29.97737556561086,54.0,1.8013584905660378,54.0,640x480,h264,yuv420p,True,20.5
part_1/07785675032422357-BASIC.mp4,basic,29.97002997002997,29.96632996632997,90.0,3.0033707865168537,90.0,640x480,h264,yuv420p,True,20.5
part_7/batch_video_44.mp4,batch,29.0,29.0,173.0,5.9655172413793105,178.0,640x480,mpeg4,yuv420p,False,26.0
part_7/batch_video_45.mp4,batch,29.97,29.970000000000002,91.0,3.0363697030363697,91.0,640x480,mpeg4,yuv420p,False,26.0
part_5/8332210145211638-BEACH.mp4,beach,30.002752546105146,30.0,109.0,3.6333333333333333,109.0,640x480,h264,yuv420p,True,19.5
part_4/661614564905393-BEACH.mp4,beach,29.914529914529915,29.921259842519685,77.0,2.573421052631579,77.0,640x480,h264,yuv420p,True,19.5
part_4/5795763796718998-BEANS.mp4,beans,30.47,30.470000000000002,66.0,2.166064981949458,64.0,640x480,h264,yuv420p,True,10.333333333333334
part_4/7124112494855908-BEANS.mp4,beans,29.97275204359673,29.968454258675077,77.0,2.5693684210526317,77.0,640x480,h264,yuv420p,True,10.333333333333334
part_3/4452892956017567-BEANS.mp4,beans,30.0,29.995775242923532,72.0,2.400338028169014,72.0,640x480,h264,yuv420p,True,10.333333333333334
part_7/beard_video_0.mp4,beard,29.97,29.97,76.0,2.5358692025358693,76.0,640x480,mpeg4,yuv420p,False,25.0
part_5/7736054014473708-BEARD.mp4,beard,29.97002997002997,29.964448958862366,60.0,2.002372881355932,60.0,640x480,h264,yuv420p,True,25.0
part_7/beast_video_1.mp4,beast,23.976,23.976000000000003,62.0,2.585919252585919,77.0,640x480,h264,yuv420p,False,29.5
part_7/beast_video_46.mp4,beast,29.97,29.97,90.0,3.0030030030030033,90.0,640x480,mpeg4,yuv420p,False,29.5
part_5/8788542983119336-BERRY.mp4,berry,29.995946493717064,30.00411015207563,74.0,2.4663287671232874,73.0,640x480,h264,yuv420p,True,19.0
part_3/36515721159992753-BERRY.mp4,berry,29.91608901860635,29.911373707533237,82.0,2.741432098765432,82.0,640x480,h264,yuv420p,True,19.0
part_7/birth_7.mp4,birth,25.0,25.0,118.0,4.72,141.0,640x480,h264,yuv420p,False,19.0
part_1/1590837677039214-BIRTH.mp4,birth,29.96742671009772,29.97364953886693,92.0,3.0693626373626373,92.0,640x480,h264,yuv420p,True,19.0
part_6/9235697757267594-BISON.mp4,bison,30.0,30.0,191.0,6.366666666666666,191.0,640x480,mpeg4,yuv420p,False,17.5
part_2/32842858684612586-BISON.mp4,bison,30.103,30.103,252.0,8.371258678537023,251.0,640x480,h264,yuv420p,True,17.5
part_5/7649422761687801-BITCH.mp4,bitch,16.666666666666668,16.666666666666668,46.0,2.76,82.0,640x480,h264,yuv420p,True,17.0
part_4/5734461396497386-BITCH.mp4,bitch,30.0,29.993618379068284,48.0,1.600340425531915,48.0,640x480,h264,yuv420p,True,17.0
part_7/black_video_16.mp4,black,25.0,25.0,78.0,3.12,93.0,640x480,mpeg4,yuv420p,False,33.0
part_2/2816071785934098-BLACK.mp4,black,30.552,30.551999999999996,63.0,2.062058130400629,61.0,640x480,h264,yuv420p,True,33.0
part_1/034877795680329005-BLAME.mp4,blame,30.143,30.142999999999997,178.0,5.905185283482069,177.0,640x480,h264,yuv420p,True,24.5
part_4/6228111751434071-BLAME.mp4,blame,29.97737556561086,29.971181556195965,53.0,1.7683653846153846,53.0,640x480,h264,yuv420p,True,24.5
part_4/654112772729498-BLANK.mp4,blank,29.918032786885245,29.912754466140424,73.0,2.4404305555555554,73.0,640x480,h264,yuv420p,True,21.0
part_5/84682263164256-BLANK.mp4,blank,29.929577464788732,29.922202274087372,51.0,1.70442,51.0,640x480,h264,yuv420p,True,21.0
part_2/3307645224604776-BLEED.mp4,bleed,29.992684711046085,30.00750187546887,41.0,1.366325,40.0,640x480,h264,yuv420p,True,10.666666666666666
part_2/28182903182023167-BLEED.mp4,bleed,30.0,29.99638597759306,84.0,2.8003373493975903,84.0,640x480,h264,yuv420p,True,10.666666666666666
part_5/7921459983875652-BLEED.mp4,bleed,29.967727063162748,29.972118959107807,130.0,4.337364341085271,130.0,640x480,h264,yuv420p,True,10.666666666666666
part_7/bless_video_2.mp4,bless,29.97002997002997,29.97002997002997,95.0,3.1698333333333335,95.0,512x384,h264,yuv420p,False,23.0
part_4/5410548698642397-BLESS.mp4,bless,30.003409478349813,30.0,88.0,2.933333333333333,88.0,640x480,h264,yuv420p,True,23.0
part_7/bonanza_video_5.mp4,blind,29.97,29.97,55.0,1.8351685018351687,55.0,640x480,mpeg4,yuv420p,False,24.0
part_4/5984134525123415-BLIND.mp4,blind,29.968454258675077,29.974489795918366,95.0,3.16936170212766,95.0,640x480,h264,yuv420p,True,24.0
part_2/3499479516068431-BLINK.mp4,blink,29.97275204359673,29.966703662597112,55.0,1.8353703703703705,55.0,640x480,h264,yuv420p,True,20.0
part_4/7163189201367111-BLINK.mp4,blink,30.527,30.526999999999997,66.0,2.162020506436925,64.0,640x480,h264,yuv420p,True,20.0
part_2/30784566431277605-BLOND.mp4,blond,30.197,30.197000000000003,165.0,5.464118952213796,163.0,640x480,h264,yuv420p,True,18.0
part_4/5545602972477119-BLOND.mp4,blond,26.062,26.062,94.0,3.6067838231908524,108.0,640x480,h264,yuv420p,True,18.0
part_7/blood_2.mp4,blood,25.0,25.0,74.0,2.96,88.0,640x480,h264,yuv420p,False,22.5
part_5/7807725765829832-BLOOD.mp4,blood,29.994643813604714,30.00545553737043,56.0,1.8663272727272728,55.0,640x480,h264,yuv420p,True,22.5
part_3/4293528983788548-BLOOM.mp4,bloom,30.006978367062107,30.000000000000004,43.0,1.4333333333333331,43.0,640x480,h264,yuv420p,True,21.0
part_3/5289000085462476-BLOOM.mp4,bloom,29.992,29.992,77.0,2.567351293678314,77.0,640x480,h264,yuv420p,True,21.0
part_4/5906335829951126-BLUSH.mp4,blush,29.9625468164794,29.974489795918366,48.0,1.6013617021276596,48.0,640x480,h264,yuv420p,True,21.5
part_1/0699258230683304-BLUSH.mp4,blush,30.0,29.996250468691414,81.0,2.7003375,81.0,640x480,h264,yuv420p,True,21.5
part_6/Board.mp4,board,29.97,29.97,83.0,2.7694361027694363,83.0,640x480,h264,yuv420p,False,10.666666666666666
part_1/06982327750615669-BOARD.mp4,board,30.00750187546887,30.0,40.0,1.3333333333333333,40.0,640x480,h264,yuv420p,True,10.666666666666666
part_3/3732986414464372-BOARD.mp4,board,28.519,28.519,64.0,2.244117956450086,67.0,640x480,h264,yuv420p,True,10.666666666666666
part_7/boots_20241119_172658_33.mp4,boots,30.38,30.379999999999995,95.0,3.1270572745227128,93.0,640x480,h264,yuv420p,True,31.0
part_7/boots_20241119_172658_57.mp4,boots,29.995385325334563,30.004688232536335,65.0,2.1663281249999997,64.0,640x480,h264,yuv420p,True,31.0
part_7/bored_20241119_172635_2.mp4,bored,29.97,29.97,57.0,1.901901901901902,57.0,640x480,mpeg4,yuv420p,False,25.0
part_7/bored_20241119_172635_21.mp4,bored,29.995775242923532,30.004286326618086,71.0,2.366328571428572,70.0,640x480,h264,yuv420p,True,25.0
part_7/bored_20241119_172635_22.mp4,bored,29.214,29.214000000000002,50.0,1.711508181009105,51.0,640x480,h264,yuv420p,True,25.0
part_7/bound_video_30.mp4,bound,29.97,29.97,79.0,2.6359693026359694,79.0,640x480,mpeg4,yuv420p,False,23.0
part_7/bound_video_36.mp4,bound,29.97,29.970000000000002,51.0,1.7017017017017015,51.0,640x480,mpeg4,yuv420p,False,23.0
part_7/brain_1.mp4,brain,25.0,25.0,76.0,3.04,91.0,640x480,mpeg4,yuv420p,False,10.333333333333334
part_7/brain_video_11.mp4,brain,29.97,29.97,58.0,1.9352686019352687,58.0,640x480,mpeg4,yuv420p,False,10.333333333333334
part_7/brain_video_12.mp4,brain,29.97,29.970000000000002,85.0,2.836169502836169,85.0,640x480,mpeg4,yuv420p,False,10.333333333333334
part_5/826287172670046-BRAVE.mp4,brave,30.359,30.359,65.0,2.14104548898185,64.0,640x480,h264,yuv420p,True,24.0
part_6/979743163278618-BRAVE.mp4,brave,29.967891544773458,29.974720115565184,84.0,2.802361445783133,84.0,640x480,h264,yuv420p,True,24.0
part_5/8557233873852952-BREAD.mp4,bread,29.974160206718345,29.968454258675077,58.0,1.9353684210526316,58.0,640x480,h264,yuv420p,True,26.5
part_2/1983395618062067-BREAD.mp4,bread,14.990859232175502,14.986886474334957,41.0,2.735725,82.0,640x480,h264,yuv420p,True,26.5
part_7/break_video_16.mp4,break,29.97,29.97,61.0,2.0353687020353686,61.0,640x480,mpeg4,yuv420p,False,32.0
part_7/break_video_3.mp4,break,23.976,23.976,29.0,1.2095428762095428,36.0,640x480,mpeg4,yuv420p,False,32.0
part_5/7651310665861342-BREAK.mp4,break,30.0,29.994916115912556,60.0,2.0003389830508476,60.0,640x480,h264,yuv420p,True,32.0
part_5/8844856639977923-BRICK.mp4,brick,29.995385325334563,30.004688232536335,65.0,2.1663281249999997,64.0,640x480,h264,yuv420p,True,11.0
part_5/785703399180971-BRICK.mp4,brick,29.465,29.465000000000003,80.0,2.715085694892245,81.0,640x480,h264,yuv420p,True,11.0
part_6/9650276065724674-BRICK.mp4,brick,25.0,25.0,82.0,3.28,98.0,640x480,h264,yuv420p,True,11.0
part_7/bring_video_4.mp4,bring,29.97002997002997,29.970029970029966,74.0,2.4691333333333336,74.0,512x384,h264,yuv420p,False,33.5
part_3/4266922092249985-BRING.mp4,bring,29.994643813604714,30.00545553737043,56.0,1.8663272727272728,55.0,640x480,h264,yuv420p,True,33.5
part_7/brown_video_15.mp4,brown,29.97,29.970000000000002,54.0,1.8018018018018016,54.0,640x480,mpeg4,yuv420p,False,27.0
part_4/634374372445685-BROWN.mp4,brown,59.94005994005994,59.94005994005994,198.0,3.3033,99.0,640x480,h264,yuv420p,True,27.0
part_7/brush_video_4.mp4,brush,29.97,29.97,86.0,2.8695362028695364,86.0,640x480,mpeg4,yuv420p,False,29.5
part_5/8106294932578488-BRUSH.mp4,brush,29.996739484838603,30.003297065611605,92.0,3.0663296703296705,91.0,640x480,h264,yuv420p,True,29.5
part_7/brute_video_21.mp4,brute,23.976,23.976000000000003,51.0,2.127127127127127,63.0,640x480,mpeg4,yuv420p,False,29.0
part_7/brute_video_38.mp4,brute,23.976,23.976,46.0,1.9185852519185853,57.0,640x480,mpeg4,yuv420p,False,29.0
part_3/4189414988013689-BUMPY.mp4,bumpy,29.99651203348448,30.003529827038474,86.0,2.8663294117647062,85.0,640x480,h264,yuv420p,True,10.333333333333334
part_1/17469645932372257-BUMPY.mp4,bumpy,29.9704516673702,29.965753424657535,71.0,2.3693714285714287,71.0,640x480,h264,yuv420p,True,10.333333333333334
part_1/12365251870620542-BUMPY.mp4,bumpy,29.97275204359673,29.97099581050596,187.0,6.239365591397849,187.0,640x480,h264,yuv420p,True,10.333333333333334
part_3/48010696051290025-CAMEL.mp4,camel,29.91926547411746,29.91725015913431,189.0,6.3174255319148935,189.0,640x480,h264,yuv420p,True,19.0
part_3/38620841892855107-CAMEL.mp4,camel,30.0,29.995775242923532,72.0,2.400338028169014,72.0,640x480,h264,yuv420p,True,19.0
part_7/candy_20241119_172636_16.mp4,candy,29.97,29.97,32.0,1.0677344010677345,32.0,640x480,mpeg4,yuv420p,False,32.0
part_7/candy_20241119_172636_59.mp4,candy,30.0,29.99558888398765,69.0,2.3003382352941175,69.0,640x480,h264,yuv420p,True,32.0
part_7/candy_20241119_172636_69.mp4,candy,30.00545553737043,30.0,55.0,1.8333333333333333,55.0,640x480,h264,yuv420p,True,32.0
part_7/canoe_4.mp4,canoe,23.976,23.976000000000003,54.0,2.252252252252252,67.0,640x480,mpeg4,yuv420p,False,18.0
part_4/5535410085098629-CANOE.mp4,canoe,29.838022165387894,29.83539094650206,175.0,5.86551724137931,175.0,640x480,h264,yuv420p,True,18.0
part_7/cards_8.mp4,cards,23.976,23.976000000000003,62.0,2.585919252585919,77.0,640x480,mpeg4,yuv420p,False,21.0
part_4/6319394268824994-CARDS.mp4,cards,29.965753424657535,29.97393570807993,70.0,2.3353623188405797,70.0,640x480,h264,yuv420p,True,21.0
part_5/8885915598928231-CARRY.mp4,carry,29.995162070633768,30.004918839153962,62.0,2.0663278688524587,61.0,640x480,h264,yuv420p,True,23.5
part_3/4790374069624943-CARRY.mp4,carry,14.991181657848324,14.983518130056936,51.0,3.4037400000000004,102.0,640x480,h264,yuv420p,True,23.5
part_1/17146033226982338-CARVE.mp4,carve,29.968,29.968,84.0,2.802989855846236,84.0,640x480,mpeg4,yuv420p,False,18.0
part_5/7409774545540122-CARVE.mp4,carve,30.00365898280278,29.999999999999996,82.0,2.733333333333334,82.0,640x480,h264,yuv420p,True,18.0
part_7/catch_20241119_172636_13.mp4,catch,29.97,29.970000000000002,33.0,1.101101101101101,33.0,640x480,mpeg4,yuv420p,False,51.666666666666664
part_7/catch_20241119_172636_68.mp4,catch,30.0,29.996739484838606,93.0,3.100336956521739,93.0,640x480,h264,yuv420p,True,51.666666666666664
part_7/catch_20241119_172636_89.mp4,catch,30.38,30.380000000000003,71.0,2.337063857801185,70.0,640x480,h264,yuv420p,True,51.666666666666664
part_7/cause_9.mp4,cause,29.97,29.97,55.0,1.8351685018351687,55.0,288x192,h264,yuv420p,False,28.0
part_2/23788023054197938-CAUSE.mp4,cause,29.974720115565187,29.970760233918128,83.0,2.769365853658537,83.0,640x480,h264,yuv420p,True,28.0
part_7/chain_video_0.mp4,chain,23.976,23.976,56.0,2.335669002335669,70.0,640x480,mpeg4,yuv420p,False,23.0
part_6/9117085110639471-CHAIN.mp4,chain,31.117,31.116999999999997,121.0,3.8885496673843885,116.0,640x480,h264,yuv420p,True,23.0
part_7/chair_15.mp4,chair,23.976,23.976000000000003,59.0,2.460794127460794,73.0,640x480,mpeg4,yuv420p,False,26.0
part_5/8946235229173873-CHAIR.mp4,chair,29.97275204359673,29.965156794425084,44.0,1.468372093023256,44.0,640x480,h264,yuv420p,True,26.0
part_4/6081689068197387-CHAMP.mp4,champ,30.482,30.481999999999996,67.0,2.1980185027229187,65.0,640x480,h264,yuv420p,True,18.0
part_1/022354983429386133-CHAMP.mp4,champ,15.003000600120023,15.001013581998784,75.0,4.999662162162162,149.0,640x480,h264,yuv420p,True,18.0
part_7/chaos.mp4,chaos,29.97,29.97,64.0,2.135468802135469,64.0,640x480,h264,yuv420p,False,17.0
part_1/11791015759327195-CHAOS.mp4,chaos,30.00517330574237,29.999999999999996,58.0,1.9333333333333336,58.0,640x480,h264,yuv420p,True,17.0
part_3/5209944053816196-CHASE.mp4,chase,29.92179530771846,29.917469050894088,88.0,2.9414252873563216,88.0,640x480,h264,yuv420p,True,22.5
part_1/017148221620277182-CHASE.mp4,chase,29.996842437638144,30.00319182891797,95.0,3.1663297872340426,94.0,640x480,h264,yuv420p,True,22.5
part_4/6906772056463231-CHEAP.mp4,cheap,29.996842437638144,30.00319182891797,95.0,3.1663297872340426,94.0,640x480,h264,yuv420p,True,25.0
part_3/46200959518701-CHEAP.mp4,cheap,29.996739484838603,30.003297065611605,92.0,3.0663296703296705,91.0,640x480,h264,yuv420p,True,25.0
part_7/cheat_20241119_172637_27.mp4,cheat,29.996739484838603,30.003297065611605,92.0,3.0663296703296705,91.0,640x480,h264,yuv420p,True,27.666666666666668
part_7/cheat_20241119_172637_41.mp4,cheat,29.964747356051703,29.97601918465228,51.0,1.70136,51.0,640x480,h264,yuv420p,True,27.666666666666668
part_7/cheat_20241119_172637_52.mp4,cheat,30.742,30.742,72.0,2.3420727343699173,70.0,640x480,h264,yuv420p,True,27.666666666666668
part_7/check_video_12.mp4,check,29.97,29.97,66.0,2.2022022022022023,66.0,640x480,mpeg4,yuv420p,False,23.0
part_7/check_video_16.mp4,check,29.97,29.97,73.0,2.4357691024357693,73.0,640x480,mpeg4,yuv420p,False,23.0
part_4/6180564544357667-CHECK.mp4,check,29.995946493717064,30.00411015207563,74.0,2.4663287671232874,73.0,640x480,h264,yuv420p,True,23.0
part_1/028495375833406555-CHEEK.mp4,cheek,30.00206910821436,30.0,145.0,4.833333333333333,145.0,640x480,h264,yuv420p,True,18.0
part_6/9654296103105799-CHEEK.mp4,cheek,30.406,30.406,71.0,2.3350654476090247,70.0,640x480,h264,yuv420p,True,18.0
part_7/cheer_video_4.mp4,cheer,29.97,29.97,45.0,1.5015015015015016,45.0,640x480,mpeg4,yuv420p,False,18.5
part_7/cheer_video_5.mp4,cheer,29.97,29.970000000000002,108.0,3.603603603603603,108.0,640x480,mpeg4,yuv420p,False,18.5
part_7/child_video_1.mp4,child,23.976,23.976,57.0,2.3773773773773774,71.0,640x480,mpeg4,yuv420p,False,23.0
part_7/child_2.mp4,child,29.97,29.970000000000002,33.0,1.101101101101101,33.0,288x192,h264,yuv420p,False,23.0
part_5/7594303316212625-CHILD.mp4,child,30.0,29.999999999999996,47.0,1.5666666666666669,47.0,640x480,mpeg4,yuv420p,False,23.0
part_1/03585824164426854-CHINA.mp4,china,29.8371137159385,29.834761321909426,196.0,6.569517948717949,197.0,640x480,h264,yuv420p,True,22.5
part_5/8710294613452771-CHINA.mp4,china,29.916753381893862,29.913408554185253,115.0,3.8444298245614035,115.0,640x480,h264,yuv420p,True,22.5
part_7/choke_1.mp4,choke,23.976,23.976,31.0,1.2929596262929597,38.0,640x480,mpeg4,yuv420p,False,25.5
part_5/724110224078814-CHOKE.mp4,choke,29.920341946765106,29.91787250684396,154.0,5.1474248366013065,154.0,640x480,h264,yuv420p,True,25.5
part_7/churn_video_0.mp4,churn,29.97,29.97,97.0,3.2365699032365702,97.0,640x480,h264,yuv420p,False,11.0
part_3/36631981635474165-CHURN.mp4,churn,30.0,29.995385325334567,66.0,2.200338461538461,66.0,640x480,h264,yuv420p,True,11.0
part_2/35198219328372926-CHURN.mp4,churn,30.003529827038474,30.000000000000004,85.0,2.833333333333333,85.0,640x480,h264,yuv420p,True,11.0
part_2/20820627909858236-CIGAR.mp4,cigar,29.97032640949555,29.967036260113872,101.0,3.3703700000000003,101.0,640x480,h264,yuv420p,True,17.5
part_3/40502670406990116-seedCIGAR.mp4,cigar,29.968119022316685,29.972168700492396,141.0,4.704364285714286,141.0,640x480,h264,yuv420p,True,17.5
part_3/4474777953703193-CLASH.mp4,clash,30.107,30.107,113.0,3.753279968113728,112.0,640x480,h264,yuv420p,True,24.5
part_4/677440329724845-CLASH.mp4,clash,30.0,29.99434069043577,54.0,1.8003396226415092,54.0,640x480,h264,yuv420p,True,24.5
part_7/class_video_29.mp4,class,29.97,29.970000000000002,68.0,2.2689356022689355,68.0,640x480,mpeg4,yuv420p,False,23.666666666666668
part_3/5003485866525881-CLASS.mp4,class,17.16199246546672,17.167381974248926,41.0,2.38825,71.0,640x480,h264,yuv420p,True,23.666666666666668
part_2/2906529117759846-CLASS.mp4,class,29.838375466224615,29.831932773109244,72.0,2.413521126760563,72.0,640x480,h264,yuv420p,True,23.666666666666668
part_2/25059267132129714-CLEAN.mp4,clean,30.004688232536335,30.0,64.0,2.1333333333333333,64.0,640x480,h264,yuv420p,True,29.5
part_4/5473147721145768-CLEAN.mp4,clean,30.00365898280278,29.999999999999996,82.0,2.733333333333334,82.0,640x480,h264,yuv420p,True,29.5
part_7/clear_1.mp4,clear,30.327,30.326999999999998,85.0,2.8027829986480697,84.0,640x480,mpeg4,yuv420p,False,30.5
part_4/6342601865049282-CLEAR.mp4,clear,30.0,29.993618379068284,48.0,1.600340425531915,48.0,640x480,h264,yuv420p,True,30.5
part_5/7588425489738773-CLICK.mp4,click,30.00545553737043,30.0,55.0,1.8333333333333333,55.0,640x480,h264,yuv420p,True,20.5
part_1/004531118475225915-CLICK.mp4,click,29.994340690435767,30.005770340450084,53.0,1.7663269230769232,52.0,640x480,h264,yuv420p,True,20.5
part_7/clock_20241119_172637_8.mp4,clock,30.00229025116421,30.00230786983614,131.0,4.366330769230769,130.0,640x480,h264,yuv420p,True,25.333333333333332
part_7/clock_20241119_172637_14.mp4,clock,29.97,29.970000000000002,91.0,3.0363697030363697,91.0,640x480,mpeg4,yuv420p,False,25.333333333333332
part_7/clock_20241119_172637_58.mp4,clock,30.0,29.99693908784818,99.0,3.3003367346938774,99.0,640x480,h264,yuv420p,True,25.333333333333332
part_7/close_video_29.mp4,close,29.97,29.970000000000002,187.0,6.239572906239572,187.0,640x480,mpeg4,yuv420p,False,24.0
part_5/8792365321169198-CLOSE.mp4,close,30.003000300030003,30.0,100.0,3.3333333333333335,100.0,640x480,h264,yuv420p,True,24.0
part_3/41195604220369586-CLOSE.mp4,close,30.373,30.373,78.0,2.5680703256181476,77.0,640x480,h264,yuv420p,True,24.0
part_7/cloud_20241119_172637_15.mp4,cloud,29.97,29.970000000000002,114.0,3.8038038038038033,114.0,640x480,mpeg4,yuv420p,False,44.333333333333336
part_7/cloud_20241119_172637_50.mp4,cloud,30.003529827038474,30.000000000000004,85.0,2.833333333333333,85.0,640x480,h264,yuv420p,True,44.333333333333336
part_7/cloud_20241119_172637_95.mp4,cloud,29.996629592180653,30.003409478349813,89.0,2.9663295454545455,88.0,640x480,h264,yuv420p,True,44.333333333333336
part_7/clown_video_3.mp4,clown,29.97,29.97,40.0,1.3346680013346681,40.0,640x480,mpeg4,yuv420p,False,22.0
part_4/5770871962466357-CLOWN.mp4,clown,29.915966386554622,29.91162474507138,89.0,2.9754318181818182,89.0,640x480,h264,yuv420p,True,22.0
part_7/coach_5.mp4,coach,29.97,29.97,49.0,1.6349683016349683,49.0,288x192,h264,yuv420p,False,33.5
part_2/26854355119858053-COACH.mp4,coach,30.0,29.997600191984642,126.0,4.200336,126.0,640x480,h264,yuv420p,True,33.5
part_4/6631229311255877-COINS.mp4,coins,29.967727063162748,29.97658079625293,65.0,2.168359375,65.0,640x480,h264,yuv420p,True,10.333333333333334
part_6/9745084309745231-seedCOINS.mp4,coins,31.023,31.022999999999996,117.0,3.771395416304033,113.0,640x480,h264,yuv420p,True,10.333333333333334
part_5/8381017909446813-COINS.mp4,coins,30.008110300081103,30.0,37.0,1.2333333333333334,37.0,640x480,h264,yuv420p,True,10.333333333333334
part_7/color_6.mp4,color,29.97,29.97,55.0,1.8351685018351687,55.0,288x192,h264,yuv420p,False,33.5
part_3/5123473583372931-COLOR.mp4,color,29.916625796959295,29.910269192422735,61.0,2.039433333333333,61.0,640x480,h264,yuv420p,True,33.5
part_6/9526064113854951-COUCH 1.mp4,couch,29.920692141312184,29.916089018606346,83.0,2.7744268292682928,83.0,640x480,h264,yuv420p,True,22.5
part_2/2467925514021787-COUCH 1.mp4,couch,29.971181556195965,29.964747356051706,52.0,1.7353725490196077,52.0,640x480,h264,yuv420p,True,22.5
part_7/cough_video_4.mp4,cough,29.97,29.97,79.0,2.6359693026359694,79.0,640x480,mpeg4,yuv420p,False,21.0
part_7/cough_8.mp4,cough,30.365,30.365,77.0,2.53581425983863,76.0,640x480,mpeg4,yuv420p,False,21.0
part_7/count_1.mp4,count,23.976,23.976,49.0,2.0437103770437104,61.0,640x480,mpeg4,yuv420p,False,25.5
part_6/9641716767561754-COUNT.mp4,count,29.970760233918128,29.966703662597116,82.0,2.7363703703703703,82.0,640x480,h264,yuv420p,True,25.5
part_4/6877379933327488-CRACK.mp4,crack,30.718,30.718,56.0,1.823035353864184,54.0,640x480,mpeg4,yuv420p,False,16.5
part_4/5407790441605609-CRACK.mp4,crack,30.0,29.99434069043577,54.0,1.8003396226415092,54.0,640x480,h264,yuv420p,True,16.5
part_3/5284442635198221-seedCRASH.mp4,crash,30.261,30.260999999999996,134.0,4.428141832721986,132.0,640x480,h264,yuv420p,True,20.5
part_3/37994000165312825-CRASH.mp4,crash,30.0,30.0,57.0,1.9,57.0,640x480,mpeg4,yuv420p,False,20.5
part_7/crawl_20241119_172638_28.mp4,crawl,30.003,30.003,112.0,3.7329600373296006,111.0,640x480,mpeg4,yuv420p,False,31.0
part_7/crawl_20241119_172638_50.mp4,crawl,30.0,30.0,52.0,1.7333333333333334,52.0,640x480,mpeg4,yuv420p,False,31.0
part_5/7772718521290904-CRAZY.mp4,crazy,29.971901342491414,29.96845425867508,96.0,3.203368421052631,96.0,640x480,h264,yuv420p,True,22.5
part_2/29357850536550645-CRAZY.mp4,crazy,29.917152500767106,29.915188897455664,195.0,6.518427835051547,195.0,640x480,h264,yuv420p,True,22.5
part_7/cream_20241119_172638_3.mp4,cream,29.97,29.97,145.0,4.838171504838171,145.0,640x480,mpeg4,yuv420p,False,25.666666666666668
part_7/cream_20241119_172638_20.mp4,cream,30.004,30.004,82.0,2.732968937475003,81.0,640x480,mpeg4,yuv420p,False,25.666666666666668
part_7/cream_20241119_172638_37.mp4,cream,29.994,29.994,47.0,1.5669800626792025,47.0,640x480,mpeg4,yuv420p,False,25.666666666666668
part_7/cross_20241119_172638_26.mp4,cross,29.97,29.97,44.0,1.4681348014681348,44.0,640x480,mpeg4,yuv420p,False,43.0
part_7/cross_20241119_172638_35.mp4,cross,29.559,29.559,77.0,2.6049595723806624,78.0,640x480,mpeg4,yuv420p,False,43.0
part_7/cross_20241119_172639_9.mp4,cross,29.996,29.996,83.0,2.7670356047472997,83.0,640x480,mpeg4,yuv420p,False,43.0
part_7/crown_2.mp4,crown,30.0,30.0,64.0,2.1333333333333333,64.0,640x480,h264,yuv420p,True,27.0
part_3/3821072939559418-CROWN.mp4,crown,29.99823539791777,30.001775252973548,170.0,5.666331360946746,169.0,640x480,h264,yuv420p,True,27.0
part_7/cycle_video_11.mp4,cycle,29.97,29.970000000000002,51.0,1.7017017017017015,51.0,640x480,mpeg4,yuv420p,False,10.666666666666666
part_7/cycle_video_12.mp4,cycle,29.753,29.753,101.0,3.394615669008167,101.0,640x480,mpeg4,yuv420p,False,10.666666666666666
part_7/cycle_video_25.mp4,cycle,29.97,29.970000000000002,123.0,4.1041041041041035,123.0,640x480,mpeg4,yuv420p,False,10.666666666666666
part_7/dance_video_10.mp4,dance,29.97,29.97,97.0,3.2365699032365702,97.0,640x480,mpeg4,yuv420p,False,26.5
part_6/9434616943387211-DANCE.mp4,dance,30.226,30.226000000000003,131.0,4.334017071395487,130.0,640x480,h264,yuv420p,True,26.5
part_7/death_video_2.mp4,death,23.976,23.976,97.0,4.045712379045712,121.0,640x480,mpeg4,yuv420p,False,20.0
part_3/4951174780421559-DEATH.mp4,death,30.003797949107483,30.0,79.0,2.6333333333333333,79.0,640x480,h264,yuv420p,True,20.0
part_2/2776415152755105-DEPTH.mp4,depth,29.96616723054616,29.97542997542997,62.0,2.0683606557377052,62.0,640x480,h264,yuv420p,True,16.5
part_6/9234536788339944-DEPTH.mp4,depth,28.034,28.034000000000002,101.0,3.602768067346793,108.0,640x480,h264,yuv420p,True,16.5
part_8/devil_video_13.mp4,devil,29.97,29.970000000000002,72.0,2.402402402402402,72.0,640x480,mpeg4,yuv420p,False,33.0
part_3/4377016928093074-DEVIL.mp4,devil,31.026,31.026,52.0,1.676013665957584,50.0,640x480,h264,yuv420p,True,33.0
part_1/09677562612554724-DIG UP.mp4,digup,30.0,29.998064640990904,156.0,5.200335483870968,156.0,640x480,h264,yuv420p,True,10.333333333333334
part_6/9726947826813801-DIG UP.mp4,digup,30.4,30.4,67.0,2.2039473684210527,66.0,640x480,h264,yuv420p,True,10.333333333333334
part_4/7103909825330919-DIG UP.mp4,digup,30.0,30.0,51.0,1.7,51.0,640x480,mpeg4,yuv420p,False,10.333333333333334
part_8/dirty_video_9.mp4,dirty,29.97,29.97,115.0,3.8371705038371706,115.0,640x480,mpeg4,yuv420p,False,29.0
part_4/5751327086311833-DIRTY.mp4,dirty,29.975429975429975,29.970029970029973,61.0,2.0353666666666665,61.0,640x480,h264,yuv420p,True,29.0
part_8/dizzy.mp4,dizzy,29.97,29.97,31.0,1.0343677010343677,31.0,640x480,mpeg4,yuv420p,False,22.5
part_3/3818394440331725-DIZZY.mp4,dizzy,30.399,30.399,86.0,2.829040428961479,84.0,640x480,h264,yuv420p,True,22.5
part_5/8935673196518124-DONUT.mp4,donut,30.701,30.701000000000004,63.0,2.0520504218103643,61.0,640x480,mpeg4,yuv420p,False,19.0
part_1/15566142124088422-DONUT.mp4,donut,30.0,29.993183367416496,45.0,1.5003409090909092,45.0,640x480,h264,yuv420p,True,19.0
part_4/6599731780563685-DOUBT.mp4,doubt,29.993183367416496,30.006978367062107,44.0,1.4663255813953489,43.0,640x480,h264,yuv420p,True,21.5
part_2/2838449800504417-DOUBT.mp4,doubt,29.836000790357637,29.83293556085919,151.0,5.06152,151.0,640x480,h264,yuv420p,True,21.5
part_3/4598267626142567-DREAM.mp4,dream,30.0,29.99434069043577,54.0,1.8003396226415092,54.0,640x480,h264,yuv420p,True,22.5
part_3/4181726044571832-DREAM.mp4,dream,30.005770340450088,30.0,52.0,1.7333333333333334,52.0,640x480,h264,yuv420p,True,22.5
part_8/dress_video_17.mp4,dress,29.97,29.97,97.0,3.2365699032365702,97.0,640x480,mpeg4,yuv420p,False,27.666666666666668
part_8/dress_video_37.mp4,dress,29.97,29.97,90.0,3.0030030030030033,90.0,640x480,mpeg4,yuv420p,False,27.666666666666668
part_8/dress_video_3.mp4,dress,23.976,23.976,74.0,3.0864197530864197,92.0,640x480,mpeg4,yuv420p,False,27.666666666666668
part_8/drill_video_20.mp4,drill,29.97,29.97,89.0,2.9696363029696364,89.0,640x480,h264,yuv420p,False,28.0
part_1/17019317086729968-DRILL.mp4,drill,29.75724353954581,29.750099166997224,76.0,2.554613333333333,76.0,640x480,h264,yuv420p,True,28.0
part_8/drink_20241119_172640_30.mp4,drink,30.002419549963708,30.000000000000004,124.0,4.133333333333333,124.0,640x480,h264,yuv420p,True,29.666666666666668
part_8/drink_20241119_172640_33.mp4,drink,30.0,29.993618379068284,48.0,1.600340425531915,48.0,640x480,h264,yuv420p,True,29.666666666666668
part_8/drink_20241119_172640_72.mp4,drink,31.111,31.111,95.0,3.053582334222622,91.0,640x480,h264,yuv420p,True,29.666666666666668
part_8/drive_video_12.mp4,drive,29.97,29.970000000000002,95.0,3.169836503169836,95.0,640x480,h264,yuv420p,False,30.0
part_2/30135826321278736-DRIVE.mp4,drive,30.00491883915396,30.0,61.0,2.033333333333333,61.0,640x480,h264,yuv420p,True,30.0
part_8/drown_20241119_172640_17.mp4,drown,30.052,30.052,680.0,22.627445760681486,678.0,640x480,h264,yuv420p,True,51.666666666666664
part_8/drown_20241119_172640_86.mp4,drown,30.529,30.529,49.0,1.6050312817321235,48.0,640x480,mpeg4,yuv420p,False,51.666666666666664
part_8/drown_20241119_172640_106.mp4,drown,30.0,29.992684711046085,42.0,1.4003414634146343,42.0,640x480,h264,yuv420p,True,51.666666666666664
part_8/drunk_video_0.mp4,drunk,29.97,29.97,90.0,3.0030030030030033,90.0,640x480,h264,yuv420p,False,20.0
part_2/27773481861489624-DRUNK.mp4,drunk,29.993183367416496,30.006978367062107,44.0,1.4663255813953489,43.0,640x480,h264,yuv420p,True,20.0
part_4/718787866827413-DRYER.mp4,dryer,20.512,20.512,114.0,5.557722308892355,166.0,640x480,h264,yuv420p,True,17.5
part_4/6296671733220229-DRYER.mp4,dryer,30.0,29.999999999999996,63.0,2.1,63.0,640x480,mpeg4,yuv420p,False,17.5
part_8/eagle_20241119_172641_10.mp4,eagle,29.97,29.97,44.0,1.4681348014681348,44.0,288x192,h264,yuv420p,False,23.0
part_8/eagle_20241119_172641_47.mp4,eagle,29.995162070633768,30.004918839153962,62.0,2.0663278688524587,61.0,640x480,h264,yuv420p,True,23.0
part_8/eagle_20241119_172641_48.mp4,eagle,30.855,30.855,45.0,1.4584346135148274,43.0,640x480,mpeg4,yuv420p,False,23.0
part_4/5440157514671375-EARLY.mp4,early,29.925187032418954,29.914529914529915,36.0,1.2034285714285715,36.0,640x480,h264,yuv420p,True,19.5
part_4/624131517595222-EARLY.mp4,early,30.513,30.513,79.0,2.589060400485039,77.0,640x480,h264,yuv420p,True,19.5
part_6/Earth_video_14.mp4,earth,29.97,29.970000000000002,85.0,2.836169502836169,85.0,640x480,mpeg4,yuv420p,False,25.0
part_1/062364463803266545-EARTH.mp4,earth,30.003797949107483,30.0,79.0,2.6333333333333333,79.0,640x480,h264,yuv420p,True,25.0
part_3/46443403480766965-EARTH.mp4,earth,29.916158536585368,29.919447640966627,157.0,5.247423076923077,157.0,640x480,h264,yuv420p,True,25.0
part_6/967924247226988-EASEL.mp4,easel,30.002158428663932,30.000000000000004,139.0,4.633333333333333,139.0,640x480,h264,yuv420p,True,17.0
part_4/6049268306159143-EASEL.mp4,easel,29.918404351767904,29.914529914529915,99.0,3.3094285714285716,99.0,640x480,h264,yuv420p,True,17.0
part_6/Egypt_video_11.mp4,egypt,29.97,29.97,142.0,4.738071404738071,142.0,640x480,mpeg4,yuv420p,False,26.0
part_2/1893498718429385-EGYPT.mp4,egypt,30.00309310238169,30.0,97.0,3.2333333333333334,97.0,640x480,h264,yuv420p,True,26.0
part_5/8010326230741247-EIGHT.mp4,eight,30.0,30.0,69.0,2.3,69.0,640x480,h264,yuv420p,True,23.0
part_5/8620925796823589-seedEIGHT.mp4,eight,31.195,31.195000000000004,98.0,3.1415290912005127,94.0,640x480,h264,yuv420p,True,23.0
part_8/email_9.mp4,email,29.97,29.97,44.0,1.4681348014681348,44.0,288x192,h264,yuv420p,False,21.5
part_3/4427416254508614-EMAIL.mp4,email,29.925187032418954,29.919932574799834,72.0,2.4064225352112674,72.0,640x480,h264,yuv420p,True,21.5
part_8/empty_20241119_172641_30.mp4,empty,29.996250468691414,30.003797949107483,80.0,2.6663291139240504,79.0,640x480,h264,yuv420p,True,33.0
part_8/empty_20241119_172641_57.mp4,empty,29.997,29.997,86.0,2.866953362002867,86.0,640x480,mpeg4,yuv420p,False,33.0
part_4/5527432382922375-ENEMY.mp4,enemy,14.990328820116055,14.985014985014987,31.0,2.0687333333333333,62.0,640x480,h264,yuv420p,True,18.5
part_4/606708459571577-ENEMY.mp4,enemy,29.998101385988228,30.001910949742022,158.0,5.266331210191082,157.0,640x480,h264,yuv420p,True,18.5
part_5/8795654845145602-ENJOY.mp4,enjoy,30.0,29.995385325334567,66.0,2.200338461538461,66.0,640x480,h264,yuv420p,True,25.5
part_3/5154587513390976-ENJOY.mp4,enjoy,30.004688232536335,30.0,64.0,2.1333333333333333,64.0,640x480,h264,yuv420p,True,25.5
part_6/938633700882832-ENTER.mp4,enter,30.0,29.994001199760046,51.0,1.7003400000000002,51.0,640x480,h264,yuv420p,True,26.0
part_5/734018422752845-ENTER.mp4,enter,30.0,29.995775242923532,72.0,2.400338028169014,72.0,640x480,h264,yuv420p,True,26.0
part_8/equal_video_1.mp4,equal,29.97,29.970000000000002,94.0,3.1364698031364697,94.0,640x480,h264,yuv420p,False,23.0
part_5/8726238653025118-EQUAL.mp4,equal,29.992684711046085,30.00750187546887,41.0,1.366325,40.0,640x480,h264,yuv420p,True,23.0
part_8/erase_20241119_172642_54.mp4,erase,30.44,30.44,95.0,3.1208935611038107,93.0,640x480,mpeg4,yuv420p,False,53.333333333333336
part_8/erase_20241119_172642_103.mp4,erase,30.0,29.997761361092458,135.0,4.500335820895522,135.0,640x480,h264,yuv420p,True,53.333333333333336
part_8/erase_20241119_172642_106.mp4,erase,25.0,25.0,78.0,3.12,93.0,640x480,h264,yuv420p,True,53.333333333333336
part_8/erupt_20241119_172642_16.mp4,erupt,30.286,30.286000000000005,112.0,3.6980783200158482,110.0,640x480,h264,yuv420p,True,32.5
part_8/erupt_20241119_172642_30.mp4,erupt,30.005770340450088,30.0,52.0,1.7333333333333334,52.0,640x480,h264,yuv420p,True,32.5
part_1/029357656388827813-EVENT.mp4,event,30.897,30.897000000000002,52.0,1.6830112955950416,50.0,640x480,h264,yuv420p,True,29.0
part_4/6330199362456541-EVENT.mp4,event,29.921259842519685,29.916234543278822,76.0,2.5404266666666664,76.0,640x480,h264,yuv420p,True,29.0
part_5/811396261446274-FAINT.mp4,faint,30.138,30.138,255.0,8.46107903643241,253.0,640x480,h264,yuv420p,True,19.0
part_4/6408046466061981-FAINT.mp4,faint,25.363,25.363,83.0,3.272483539013524,98.0,640x480,h264,yuv420p,True,19.0
part_8/fault_video_9.mp4,fault,15.298,15.298,30.0,1.9610406589096614,58.0,640x480,mpeg4,yuv420p,False,27.0
part_3/3817263778470088-FAULT.mp4,fault,29.994916115912556,30.005173305742368,59.0,1.9663275862068967,58.0,640x480,h264,yuv420p,True,27.0
part_8/fence_20241119_172642_15.mp4,fence,29.97,29.970000000000002,38.0,1.2679346012679344,38.0,288x192,h264,yuv420p,False,27.333333333333332
part_8/fence_20241119_172642_61.mp4,fence,29.967891544773458,29.974720115565184,84.0,2.802361445783133,84.0,640x480,h264,yuv420p,True,27.333333333333332
part_8/fence_20241119_172642_63.mp4,fence,30.0,29.996104402025708,78.0,2.6003376623376626,78.0,640x480,h264,yuv420p,True,27.333333333333332
part_4/6640029673956236-FIFTH.mp4,fifth,30.0,29.99693908784818,99.0,3.3003367346938774,99.0,640x480,h264,yuv420p,True,18.0
part_4/6029510911775184-FIFTH.mp4,fifth,30.905,30.905,42.0,1.3590033975084936,40.0,640x480,h264,yuv420p,True,18.0
part_5/8442383524622044-FIGHT.mp4,fight,29.995946493717064,30.00411015207563,74.0,2.4663287671232874,73.0,640x480,h264,yuv420p,True,26.5
part_6/9228824086747911-FIGHT.mp4,fight,30.0,29.99651203348448,87.0,2.9003372093023256,87.0,640x480,h264,yuv420p,True,26.5
part_8/fired_video_4.mp4,fired,23.976,23.976000000000003,26.0,1.0844177510844177,32.0,640x480,mpeg4,yuv420p,False,18.5
part_3/4354447421970724-FIRED.mp4,fired,30.00447828034035,29.999999999999996,67.0,2.2333333333333334,67.0,640x480,h264,yuv420p,True,18.5
part_8/first_3.mp4,first,30.00483949024036,30.004918839153962,62.0,2.0663278688524587,61.0,640x480,h264,yuv420p,True,21.0
part_5/8630323737077767-FIRST.mp4,first,30.0,29.995385325334567,66.0,2.200338461538461,66.0,640x480,h264,yuv420p,True,21.0
part_8/float_20241119_172643_8.mp4,float,29.97,29.97,97.0,3.2365699032365702,97.0,640x480,mpeg4,yuv420p,False,35.666666666666664
part_8/float_20241119_172643_39.mp4,float,29.99638597759306,30.00365898280278,83.0,2.766329268292683,82.0,640x480,h264,yuv420p,True,35.666666666666664
part_8/float_20241119_172643_52.mp4,float,29.84464431725266,29.83837546622462,73.0,2.4465138888888887,73.0,640x480,h264,yuv420p,True,35.666666666666664
part_8/floor_11.mp4,floor,29.97,29.97,28.0,0.9342676009342676,28.0,640x480,mpeg4,yuv420p,False,25.5
part_2/19310281578453936-FLOOR.mp4,floor,30.00517330574237,30.0,58.0,1.9333333333333333,58.0,640x480,h264,yuv420p,True,25.5
part_8/flute_video_2.mp4,flute,23.976,23.976,60.0,2.5025025025025025,75.0,640x480,mpeg4,yuv420p,False,22.0
part_4/6263267770413714-FLUTE.mp4,flute,30.0,30.0,49.0,1.6333333333333333,49.0,640x480,mpeg4,yuv420p,False,22.0
part_8/focus.mp4,focus,29.97,29.970000000000002,33.0,1.101101101101101,33.0,640x480,h264,yuv420p,False,10.333333333333334
part_1/05634892214045806-FOCUS.mp4,focus,29.995385325334563,30.004688232536335,65.0,2.1663281249999997,64.0,640x480,h264,yuv420p,True,10.333333333333334
part_3/5060017675527062-FOCUS.mp4,focus,29.975278121137208,29.971901342491417,97.0,3.236364583333333,97.0,640x480,h264,yuv420p,True,10.333333333333334
part_8/frame_video_8.mp4,frame,29.97,29.970000000000002,82.0,2.736069402736069,82.0,640x480,mpeg4,yuv420p,False,20.0
part_6/9608485404881124-FRAME.mp4,frame,30.342,30.342,70.0,2.307033155362204,69.0,640x480,h264,yuv420p,True,20.0
part_2/34168357440591457-FRAUD.mp4,fraud,30.0,29.993183367416496,45.0,1.5003409090909092,45.0,640x480,h264,yuv420p,True,21.0
part_4/6473611679417244-FRAUD.mp4,fraud,29.918621349928195,29.91556091676719,125.0,4.178427419354838,125.0,640x480,h264,yuv420p,True,21.0
part_3/5208306019688473-FRISK.mp4,frisk,29.99693908784818,30.003093102381687,98.0,3.2663298969072168,97.0,640x480,h264,yuv420p,True,17.5
part_5/8674676223346431-FRISK.mp4,frisk,25.0,25.0,80.0,3.2,96.0,640x480,h264,yuv420p,True,17.5
part_8/front_video_6.mp4,front,15.253,15.253,36.0,2.360191437749951,70.0,640x480,mpeg4,yuv420p,False,25.5
part_5/7490928078300687-FRONT.mp4,front,30.393,30.392999999999994,71.0,2.3360642253150403,70.0,640x480,h264,yuv420p,True,25.5
part_8/frown_20241119_172643.mp4,frown,23.976,23.976,77.0,3.211544878211545,96.0,640x480,h264,yuv420p,False,32.5
part_8/frown_20241119_172643_38.mp4,frown,29.97275204359673,29.966703662597112,55.0,1.8353703703703705,55.0,640x480,h264,yuv420p,True,32.5
part_8/fruit_video_9.mp4,fruit,29.97,29.97,64.0,2.135468802135469,64.0,640x480,mpeg4,yuv420p,False,24.0
part_3/4254745362640804-FRUIT.mp4,fruit,30.0,29.999999999999996,63.0,2.1,63.0,640x480,mpeg4,yuv420p,False,24.0
part_3/3936866446113585-FUNNY.mp4,funny,30.00447828034035,29.999999999999996,67.0,2.2333333333333334,67.0,640x480,h264,yuv420p,True,23.5
part_3/5042223908869989-FUNNY.mp4,funny,29.97002997002997,29.964448958862366,60.0,2.002372881355932,60.0,640x480,h264,yuv420p,True,23.5
part_8/ghost_video_5.mp4,ghost,29.97,29.97,96.0,3.2032032032032034,96.0,640x480,mpeg4,yuv420p,False,27.0
part_2/25769140337954544-GHOST.mp4,ghost,29.974160206718345,29.968454258675077,58.0,1.9353684210526316,58.0,640x480,h264,yuv420p,True,27.0
part_8/glass_20241119_172643_5.mp4,glass,29.97,29.97,67.0,2.235568902235569,67.0,640x480,mpeg4,yuv420p,False,35.333333333333336
part_8/glass_20241119_172643_90.mp4,glass,29.967727063162748,29.97658079625293,65.0,2.168359375,65.0,640x480,h264,yuv420p,True,35.333333333333336
part_8/glass_20241119_172643_99.mp4,glass,29.371,29.371000000000002,65.0,2.2130673112934525,66.0,640x480,h264,yuv420p,True,35.333333333333336
part_2/25619594638323506-GLOVE.mp4,glove,29.99610440202571,30.003947887879985,77.0,2.566328947368421,76.0,640x480,h264,yuv420p,True,22.0
part_3/4392745342424522-GLOVE.mp4,glove,30.0,29.997656433091162,129.0,4.300335937500001,129.0,640x480,h264,yuv420p,True,22.0
part_8/grade_video_3.mp4,grade,29.97,29.970000000000002,85.0,2.836169502836169,85.0,640x480,mpeg4,yuv420p,False,25.0
part_8/grade_video_12.mp4,grade,29.97,29.970000000000002,35.0,1.1678345011678344,35.0,640x480,mpeg4,yuv420p,False,25.0
part_4/667033775817369-GRASP.mp4,grasp,30.504,30.503999999999998,146.0,4.786257539994756,143.0,640x480,h264,yuv420p,True,21.5
part_4/5642803669727219-GRASP.mp4,grasp,29.994643813604714,30.00545553737043,56.0,1.8663272727272728,55.0,640x480,h264,yuv420p,True,21.5
part_6/9876674962965541-GRASS.mp4,grass,29.91869918699187,29.914529914529915,92.0,3.075428571428571,92.0,640x480,h264,yuv420p,True,24.0
part_6/9184586311725065-GRASS.mp4,grass,30.0,30.0,87.0,2.9,87.0,640x480,mpeg4,yuv420p,False,24.0
part_8/great_video_1.mp4,great,29.97,29.97,79.0,2.6359693026359694,79.0,640x480,mpeg4,yuv420p,False,28.5
part_5/8256750472046561-GREAT.mp4,great,30.003529827038474,30.000000000000004,85.0,2.833333333333333,85.0,640x480,h264,yuv420p,True,28.5
part_8/green_video_0.mp4,green,29.97,29.97,80.0,2.6693360026693362,80.0,640x480,mpeg4,yuv420p,False,28.0
part_6/9354715454887605-GREEN.mp4,green,29.925187032418954,29.91993257479983,72.0,2.406422535211268,72.0,640x480,h264,yuv420p,True,28.0
part_8/greet_20241119_172644_4.mp4,greet,29.917469050894084,29.91304347826087,87.0,2.9084302325581395,87.0,640x480,h264,yuv420p,True,32.0
part_8/greet_20241119_172644_51.mp4,greet,30.0,29.996104402025708,78.0,2.6003376623376626,78.0,640x480,h264,yuv420p,True,32.0
part_8/grind_video_6.mp4,grind,29.97,29.97,79.0,2.6359693026359694,79.0,640x480,mpeg4,yuv420p,False,19.0
part_6/9811327691983442-GRIND.mp4,grind,30.0,29.991431019708653,36.0,1.2003428571428572,36.0,640x480,h264,yuv420p,True,19.0
part_8/group_video_6.mp4,group,29.97,29.970000000000002,78.0,2.6026026026026026,78.0,640x480,mpeg4,yuv420p,False,25.0
part_8/group_9.mp4,group,23.976,23.976,31.0,1.2929596262929597,38.0,640x480,mpeg4,yuv420p,False,25.0
part_8/guess_20241119_172644_10.mp4,guess,30.327,30.326999999999998,85.0,2.8027829986480697,84.0,640x480,mpeg4,yuv420p,False,26.0
part_8/guess_20241119_172644_21.mp4,guess,30.00652315720809,30.0,46.0,1.5333333333333334,46.0,640x480,h264,yuv420p,True,26.0
part_8/guess_20241119_172644_40.mp4,guess,29.995588883987647,30.004478280340347,68.0,2.2663283582089555,67.0,640x480,h264,yuv420p,True,26.0
part_1/0004970838496565211-GUIDE.mp4,guide,29.971062422488632,29.9687825182102,145.0,4.838368055555555,145.0,640x480,h264,yuv420p,True,26.5
part_5/8679140560847323-GUIDE.mp4,guide,30.0,29.996739484838603,93.0,3.100336956521739,93.0,640x480,h264,yuv420p,True,26.5
part_8/habit_video_0.mp4,habit,29.97,29.97,49.0,1.6349683016349683,49.0,640x480,mpeg4,yuv420p,False,19.0
part_1/022444346296865758-HABIT.mp4,habit,29.92843201040989,29.920212765957448,46.0,1.5374222222222222,46.0,640x480,h264,yuv420p,True,19.0
part_8/hands_video_0.mp4,hands,29.97002997002997,29.97002997002997,78.0,2.6026000000000002,78.0,512x384,h264,yuv420p,False,19.0
part_4/6719352826133227-HANDS.mp4,hands,29.998064640990904,30.001948178453148,155.0,5.166331168831168,154.0,640x480,h264,yuv420p,True,19.0
part_1/07732970042675213-HAPPY.mp4,happy,29.96742671009772,29.96005326231691,46.0,1.5353777777777777,46.0,640x480,h264,yuv420p,True,24.5
part_1/05300176493024167-HAPPY.mp4,happy,29.99400119976005,30.006123698714024,50.0,1.6663265306122448,49.0,640x480,h264,yuv420p,True,24.5
part_8/hatch_20241119_172644_19.mp4,hatch,29.996629592180653,30.003409478349813,89.0,2.9663295454545455,88.0,640x480,h264,yuv420p,True,32.5
part_8/hatch_20241119_172644_38.mp4,hatch,29.971455756422454,29.96616723054616,63.0,2.1023709677419355,63.0,640x480,h264,yuv420p,True,32.5
part_4/7191039828839427-HEART.mp4,heart,30.523,30.523000000000003,63.0,2.0640172984306915,61.0,640x480,h264,yuv420p,True,33.0
part_4/654973745371835-HEART.mp4,heart,29.97275204359673,29.968454258675077,77.0,2.5693684210526317,77.0,640x480,h264,yuv420p,True,33.0
part_5/8136548546361551-HEAVY.mp4,heavy,29.917726252804787,29.9079754601227,40.0,1.3374358974358975,40.0,640x480,h264,yuv420p,True,29.0
part_5/7590810442864921-HEAVY.mp4,heavy,29.977628635346758,29.97275204359673,67.0,2.2353636363636364,67.0,640x480,h264,yuv420p,True,29.0
part_8/hello_video_3.mp4,hello,29.97,29.970000000000002,51.0,1.7017017017017015,51.0,640x480,mpeg4,yuv420p,False,23.0
part_5/7613696736100914-HELLO.mp4,hello,30.003947887879985,30.0,76.0,2.533333333333333,76.0,640x480,h264,yuv420p,True,23.0
part_4/661920641516625-HINGE.mp4,hinge,30.00428632661809,30.000000000000004,70.0,2.333333333333333,70.0,640x480,h264,yuv420p,True,17.0
part_1/07523605105346198-HINGE.mp4,hinge,29.971181556195965,29.964747356051706,52.0,1.7353725490196077,52.0,640x480,h264,yuv420p,True,17.0
part_8/hippo_20241119_172645_7.mp4,hippo,29.914529914529915,29.921259842519685,77.0,2.573421052631579,77.0,640x480,h264,yuv420p,True,33.0
part_8/hippo_20241119_172645_21.mp4,hippo,29.993183367416496,30.006978367062107,44.0,1.4663255813953489,43.0,640x480,h264,yuv420p,True,33.0
part_9/honey_20241119_172645_10.mp4,honey,23.976,23.976,57.0,2.3773773773773774,71.0,640x480,mpeg4,yuv420p,False,24.666666666666668
part_9/honey_20241119_172645_29.mp4,honey,29.925187032418954,29.918864097363084,60.0,2.0054237288135592,60.0,640x480,h264,yuv420p,True,24.666666666666668
part_9/honey_20241119_172645_57.mp4,honey,30.401,30.401000000000003,88.0,2.8946416236308012,86.0,640x480,h264,yuv420p,True,24.666666666666668
part_9/honor_video_1.mp4,honor,23.976,23.976,66.0,2.7527527527527527,82.0,640x480,h264,yuv420p,False,26.5
part_9/honor_video_13.mp4,honor,29.97,29.97,87.0,2.902902902902903,87.0,640x480,mpeg4,yuv420p,False,26.5
part_1/083600151422911-HORSE.mp4,horse,29.8372513562387,29.83445515735856,165.0,5.530518292682927,165.0,640x480,h264,yuv420p,True,21.5
part_4/6766409292630771-HORSE.mp4,horse,30.289,30.288999999999998,67.0,2.212024167189409,66.0,640x480,h264,yuv420p,True,21.5
part_4/60747246290653-HOTEL.mp4,hotel,29.976019184652277,29.97164844066424,75.0,2.5023648648648646,75.0,640x480,h264,yuv420p,True,18.0
part_4/5996093063040984-HOTEL.mp4,hotel,30.003409478349813,30.0,88.0,2.933333333333333,88.0,640x480,h264,yuv420p,True,18.0
part_3/5025684204636047-HOUSE.mp4,house,29.96914940502424,29.964221824686945,68.0,2.269373134328358,68.0,640x480,h264,yuv420p,True,24.0
part_4/5503826467794228-HOUSE.mp4,house,29.996739484838603,30.003297065611605,92.0,3.0663296703296705,91.0,640x480,h264,yuv420p,True,24.0
part_1/09067750964230625-HUMOR.mp4,humor,30.0,29.994001199760046,51.0,1.7003400000000002,51.0,640x480,h264,yuv420p,True,18.5
part_3/4981900908955459-HUMOR.mp4,humor,30.0,29.99813676169182,162.0,5.400335403726708,162.0,640x480,h264,yuv420p,True,18.5
part_9/hurry_video_0.mp4,hurry,29.97,29.97,61.0,2.0353687020353686,61.0,640x480,mpeg4,yuv420p,False,22.5
part_5/7588767223084245-HURRY.mp4,hurry,30.004688232536335,30.000000000000004,64.0,2.133333333333333,64.0,640x480,h264,yuv420p,True,22.5
part_2/30079167009378427-INEPT.mp4,inept,30.004688232536335,30.000000000000004,64.0,2.133333333333333,64.0,640x480,h264,yuv420p,True,19.5
part_5/726835345365273-INEPT.mp4,inept,29.995385325334563,30.004688232536335,65.0,2.1663281249999997,64.0,640x480,h264,yuv420p,True,19.5
part_4/6455711816503853-ITALY.mp4,italy,29.916025192442266,29.919042590637098,171.0,5.7154235294117655,171.0,640x480,h264,yuv420p,True,21.0
part_5/745639594525884-ITALY.mp4,italy,30.367,30.367,111.0,3.655283696117496,109.0,640x480,h264,yuv420p,True,21.0
part_1/07035596702273028-JAPAN.mp4,japan,30.0,29.995775242923532,72.0,2.400338028169014,72.0,640x480,h264,yuv420p,True,24.0
part_4/6176131014744668-JAPAN.mp4,japan,30.0,29.99734536766658,114.0,3.8003362831858407,114.0,640x480,h264,yuv420p,True,24.0
part_4/598341834476996-JELLY.mp4,jelly,29.997761361092454,30.002255808707424,134.0,4.466330827067669,133.0,640x480,h264,yuv420p,True,10.666666666666666
part_4/5473941907944226-JELLY.mp4,jelly,30.545,30.545,62.0,2.0297921100016367,60.0,640x480,h264,yuv420p,True,10.666666666666666
part_5/7292053405811536-JELLY.mp4,jelly,30.004688232536335,30.0,64.0,2.1333333333333333,64.0,640x480,h264,yuv420p,True,10.666666666666666
part_9/judge_video_3.mp4,judge,29.97,29.97,99.0,3.3033033033033035,99.0,640x480,mpeg4,yuv420p,False,28.0
part_9/judge_video_4.mp4,judge,24.0,24.0,128.0,5.333333333333333,160.0,640x480,mpeg4,yuv420p,False,28.0
part_9/juice_20241119_172645_2.mp4,juice,29.97,29.97,89.0,2.9696363029696364,89.0,640x480,mpeg4,yuv420p,False,23.666666666666668
part_9/juice_20241119_172645_9.mp4,juice,29.0,29.0,176.0,6.068965517241379,182.0,640x480,mpeg4,yuv420p,False,23.666666666666668
part_9/juice_20241119_172645_34.mp4,juice,30.006123698714024,30.0,49.0,1.6333333333333333,49.0,640x480,h264,yuv420p,True,23.666666666666668
part_9/kneel_video_0.mp4,kneel,29.97,29.97,73.0,2.4357691024357693,73.0,640x480,h264,yuv420p,False,19.0
part_6/9206704878494671-KNEEL.mp4,kneel,30.577,30.577,54.0,1.766033292998005,52.0,640x480,h264,yuv420p,True,19.0
part_9/knife_20241119_172646_49.mp4,knife,30.0,29.996739484838603,93.0,3.100336956521739,93.0,640x480,h264,yuv420p,True,25.666666666666668
part_9/knife_20241119_172646_58.mp4,knife,29.971648440664236,29.967159277504106,74.0,2.4693698630136987,74.0,640x480,h264,yuv420p,True,25.666666666666668
part_9/knife_20241119_172646_72.mp4,knife,30.0,29.991431019708653,36.0,1.2003428571428572,36.0,640x480,h264,yuv420p,True,25.666666666666668
part_2/27468112513316756-KNOCK.mp4,knock,25.0,25.0,73.0,2.92,87.0,640x480,h264,yuv420p,True,20.5
part_2/3405727638732261-KNOCK.mp4,knock,30.546,30.546000000000003,57.0,1.8660381064623843,55.0,640x480,h264,yuv420p,True,20.5
part_6/9370195923678168-LABEL.mp4,label,30.0,29.9974140160331,117.0,3.9003362068965517,117.0,640x480,h264,yuv420p,True,22.0
part_4/5939683230637258-LABEL.mp4,label,30.004688232536335,30.0,64.0,2.1333333333333333,64.0,640x480,h264,yuv420p,True,22.0
part_9/large_video_15.mp4,large,29.97,29.97,106.0,3.5368702035368704,106.0,640x480,mpeg4,yuv420p,False,16.5
part_9/large_video_24.mp4,large,29.97,29.970000000000002,65.0,2.1688355021688355,65.0,640x480,mpeg4,yuv420p,False,16.5
part_9/later_3.mp4,later,30.267,30.267,102.0,3.370006938249579,101.0,640x480,mpeg4,yuv420p,False,31.0
part_2/19475974684528485-LATER.mp4,later,29.967891544773458,29.974720115565184,84.0,2.802361445783133,84.0,640x480,h264,yuv420p,True,31.0
part_9/laugh_12.mp4,laugh,29.97,29.970000000000002,35.0,1.1678345011678344,35.0,640x480,mpeg4,yuv420p,False,33.5
part_2/29772346305903574-LAUGH.mp4,laugh,29.922051797837565,29.918864097363084,119.0,3.977423728813559,119.0,640x480,h264,yuv420p,True,33.5
part_4/6126553469796956-LEARN.mp4,learn,29.841838257236645,29.8372513562387,100.0,3.3515151515151516,100.0,640x480,h264,yuv420p,True,20.5
part_4/6871798036853238-seedLEARN.mp4,learn,29.91820921222557,29.915456319098205,139.0,4.646427536231884,139.0,640x480,h264,yuv420p,True,20.5
part_9/leave_video_3.mp4,leave,29.97,29.970000000000002,82.0,2.736069402736069,82.0,640x480,mpeg4,yuv420p,False,29.5
part_2/19135289799198207-LEAVE.mp4,leave,29.920692141312184,29.916089018606346,83.0,2.7744268292682928,83.0,640x480,h264,yuv420p,True,29.5
part_9/lemon_20241119_172646_2.mp4,lemon,29.97,29.970000000000002,54.0,1.8018018018018016,54.0,640x480,mpeg4,yuv420p,False,25.666666666666668
part_9/lemon_20241119_172646_35.mp4,lemon,30.008110300081103,30.0,37.0,1.2333333333333334,37.0,640x480,h264,yuv420p,True,25.666666666666668
part_9/lemon_20241119_172646_53.mp4,lemon,30.0,29.999999999999996,47.0,1.5666666666666669,47.0,640x480,mpeg4,yuv420p,False,25.666666666666668
part_2/34934148294216905-LET GO.mp4,letgo,30.003529827038474,30.000000000000004,85.0,2.833333333333333,85.0,640x480,h264,yuv420p,True,10.333333333333334
part_5/8975615819101181-LET GO.mp4,letgo,30.303,30.303,58.0,1.914001914001914,57.0,640x480,h264,yuv420p,True,10.333333333333334
part_2/32186633777893103-LET GO.mp4,letgo,30.0,30.0,116.0,3.8666666666666667,116.0,640x480,mpeg4,yuv420p,False,10.333333333333334
part_9/light_video_12.mp4,light,29.97,29.97,77.0,2.569235902569236,77.0,640x480,mpeg4,yuv420p,False,24.333333333333332
part_9/light_video_7.mp4,light,29.97,29.97,89.0,2.9696363029696364,89.0,640x480,mpeg4,yuv420p,False,24.333333333333332
part_9/light_9.mp4,light,30.31,30.310000000000002,89.0,2.9363246453315734,88.0,640x480,mpeg4,yuv420p,False,24.333333333333332
part_5/8305263540161902-LOUSY.mp4,lousy,30.004688232536335,30.0,64.0,2.1333333333333333,64.0,640x480,h264,yuv420p,True,21.5
part_2/25586144297506497-LOUSY.mp4,lousy,30.003529827038474,30.000000000000004,85.0,2.833333333333333,85.0,640x480,h264,yuv420p,True,21.5
part_9/loyal_video_3.mp4,loyal,29.97,29.97,232.0,7.741074407741075,232.0,640x480,mpeg4,yuv420p,False,17.5
part_2/3070223508626537-LOYAL.mp4,loyal,30.001948178453148,30.000000000000004,154.0,5.133333333333333,154.0,640x480,h264,yuv420p,True,17.5
part_9/lucky_12.mp4,lucky,29.99642899654803,29.99638597759306,84.0,2.8003373493975903,84.0,640x480,h264,yuv420p,True,21.0
part_6/9533463436287619-LUCKY.mp4,lucky,30.002608922515,30.0,115.0,3.8333333333333335,115.0,640x480,h264,yuv420p,True,21.0
part_9/lunch_20241119_172639_10.mp4,lunch,29.97,29.97,64.0,2.135468802135469,64.0,640x480,h264,yuv420p,False,26.666666666666668
part_9/lunch_20241119_172639_49.mp4,lunch,26.891,26.891,88.0,3.2724703432375146,98.0,640x480,h264,yuv420p,True,26.666666666666668
part_9/lunch_20241119_172639_68.mp4,lunch,29.974489795918366,29.97099581050596,94.0,3.1363655913978494,94.0,640x480,h264,yuv420p,True,26.666666666666668
part_2/20190981431059507-LUNGS.mp4,lungs,29.994916115912556,30.005173305742368,59.0,1.9663275862068967,58.0,640x480,h264,yuv420p,True,10.333333333333334
part_5/8032180358658938-LUNGS.mp4,lungs,30.002912904165452,30.0,103.0,3.433333333333333,103.0,640x480,h264,yuv420p,True,10.333333333333334
part_5/8641906132122146-LUNGS.mp4,lungs,30.423,30.423,84.0,2.7610689281135983,82.0,640x480,mpeg4,yuv420p,False,10.333333333333334
part_9/magic_8.mp4,magic,30.331,30.331,84.0,2.76944380336949,83.0,640x480,mpeg4,yuv420p,False,21.0
part_5/7996297339802731-MAGIC.mp4,magic,30.393,30.393,81.0,2.6650873556411017,79.0,640x480,h264,yuv420p,True,21.0
part_9/major_video_4.mp4,major,29.97,29.970000000000002,75.0,2.5025025025025025,75.0,640x480,mpeg4,yuv420p,False,20.5
part_1/011154764724784938-MAJOR.mp4,major,25.0,25.0,66.0,2.64,79.0,640x480,h264,yuv420p,True,20.5
part_4/6197638079330103-MAPLE.mp4,maple,30.366,30.366,108.0,3.5566093657379967,106.0,640x480,mpeg4,yuv420p,False,16.5
part_6/9467535744773914-MAPLE.mp4,maple,30.0,29.998351738915442,183.0,6.100335164835165,183.0,640x480,h264,yuv420p,True,16.5
part_1/1360555261821259-MARCH.mp4,march,29.998064640990904,30.001948178453148,155.0,5.166331168831168,154.0,640x480,h264,yuv420p,True,28.0
part_3/4277002796751932-MARCH.mp4,march,30.0,29.996629592180653,90.0,3.0003370786516856,90.0,640x480,h264,yuv420p,True,28.0
part_5/8261892193930467-MARRY.mp4,marry,29.97737556561086,29.971181556195965,53.0,1.7683653846153846,53.0,640x480,h264,yuv420p,True,21.0
part_4/6740870378979742-MARRY.mp4,marry,29.970760233918128,29.966703662597116,82.0,2.7363703703703703,82.0,640x480,h264,yuv420p,True,21.0
part_9/match_video_8.mp4,match,23.976,23.976,28.0,1.1678345011678346,35.0,640x480,mpeg4,yuv420p,False,27.0
part_6/989516810898259-MATCH.mp4,match,30.00428632661809,30.000000000000004,70.0,2.333333333333333,70.0,640x480,h264,yuv420p,True,27.0
part_9/maybe_0.mp4,maybe,29.97,29.97,93.0,3.1031031031031033,93.0,640x480,mpeg4,yuv420p,False,23.0
part_2/35346895720914806-MAYBE.mp4,maybe,29.916158536585368,29.919447640966627,157.0,5.247423076923077,157.0,640x480,h264,yuv420p,True,23.0
part_6/99391505188804-MELON.mp4,melon,29.97002997002997,29.966329966329965,90.0,3.003370786516854,90.0,640x480,h264,yuv420p,True,17.0
part_4/6897402186667809-MELON.mp4,melon,30.003529827038474,30.000000000000004,85.0,2.833333333333333,85.0,640x480,h264,yuv420p,True,17.0
part_9/metal_2.mp4,metal,30.418,30.418000000000003,68.0,2.235518443027155,67.0,640x480,mpeg4,yuv420p,False,20.5
part_1/04009125576648165-METAL.mp4,metal,30.0,29.994001199760046,51.0,1.7003400000000002,51.0,640x480,h264,yuv420p,True,20.5
part_9/model_20241119_172648_2.mp4,model,23.976,23.976,32.0,1.3346680013346681,40.0,640x480,mpeg4,yuv420p,False,26.0
part_9/model_20241119_172648_6.mp4,model,29.97,29.970000000000002,94.0,3.1364698031364697,94.0,640x480,mpeg4,yuv420p,False,26.0
part_9/model_20241119_172648_38.mp4,model,29.96914940502424,29.966703662597116,136.0,4.53837037037037,136.0,640x480,h264,yuv420p,True,26.0
part_9/money_20241119_172648_1.mp4,money,23.976,23.976,57.0,2.3773773773773774,71.0,640x480,mpeg4,yuv420p,False,23.0
part_9/money_20241119_172648_7.mp4,money,29.97,29.97,74.0,2.469135802469136,74.0,640x480,mpeg4,yuv420p,False,23.0
part_9/money_20241119_172648_41.mp4,money,29.965156794425088,29.978586723768736,43.0,1.4343571428571429,43.0,640x480,h264,yuv420p,True,23.0
part_9/month_video_3.mp4,month,29.97,29.970000000000002,59.0,1.9686353019686351,59.0,640x480,mpeg4,yuv420p,False,22.0
part_5/7478878982813382-MONTH.mp4,month,30.0,29.99491611591256,60.0,2.000338983050847,60.0,640x480,h264,yuv420p,True,22.0
part_9/moose_1.mp4,moose,30.003261224046092,30.003297065611605,92.0,3.0663296703296705,91.0,640x480,h264,yuv420p,True,20.0
part_6/9659476318304188-MOOSE.mp4,moose,29.994916115912556,30.005173305742368,59.0,1.9663275862068967,58.0,640x480,h264,yuv420p,True,20.0
part_9/mouse_video_4.mp4,mouse,30.0,30.0,150.0,5.0,150.0,640x480,mpeg4,yuv420p,False,24.0
part_6/9271543226842556-MOUSE.mp4,mouse,30.00447828034035,30.000000000000004,67.0,2.233333333333333,67.0,640x480,h264,yuv420p,True,24.0
part_9/mouth_video_2.mp4,mouth,29.97,29.97,127.0,4.237570904237571,127.0,640x480,mpeg4,yuv420p,False,22.0
part_4/6329931932403075-MOUTH.mp4,mouth,29.993183367416496,30.006978367062107,44.0,1.4663255813953489,43.0,640x480,h264,yuv420p,True,22.0
part_9/movie_20241119_172648_20.mp4,movie,30.307,30.307,90.0,2.969610980961494,89.0,640x480,mpeg4,yuv420p,False,29.333333333333332
part_9/movie_20241119_172648_26.mp4,movie,30.002608922515,30.0,115.0,3.8333333333333335,115.0,640x480,h264,yuv420p,True,29.333333333333332
part_9/movie_20241119_172648_59.mp4,movie,29.99638597759306,30.00365898280278,83.0,2.766329268292683,82.0,640x480,h264,yuv420p,True,29.333333333333332
part_1/027213876772011814-MUMMY.mp4,mummy,30.0,30.0,61.0,2.033333333333333,61.0,640x480,mpeg4,yuv420p,False,18.5
part_5/8759690473866555-MUMMY.mp4,mummy,30.0,29.996250468691414,81.0,2.7003375,81.0,640x480,h264,yuv420p,True,18.5
part_3/4875446671845032-MUSIC.mp4,music,30.0,29.998324115971176,180.0,6.000335195530726,180.0,640x480,h264,yuv420p,True,24.5
part_6/9467330243270573-seedMUSIC.mp4,music,29.997945346209164,30.002069108214357,146.0,4.866331034482759,145.0,640x480,h264,yuv420p,True,24.5
part_3/37566969905337877-NAKED.mp4,naked,29.994340690435767,30.005770340450084,53.0,1.7663269230769232,52.0,640x480,h264,yuv420p,True,22.5
part_3/38983732706814034-seedNAKED.mp4,naked,30.593,30.593,102.0,3.3340960350406954,100.0,640x480,h264,yuv420p,True,22.5
part_6/9986771625070636-NAVEL.mp4,navel,29.921259842519685,29.91623454327882,76.0,2.540426666666667,76.0,640x480,h264,yuv420p,True,16.5
part_4/6183572469369187-NAVEL.mp4,navel,30.419,30.419,79.0,2.5970610473717084,77.0,640x480,h264,yuv420p,True,16.5
part_4/6374790122438996-NERVE.mp4,nerve,29.994916115912556,30.005173305742368,59.0,1.9663275862068967,58.0,640x480,h264,yuv420p,True,17.0
part_3/4240636277482004-NERVE.mp4,nerve,30.004110152075626,30.0,73.0,2.433333333333333,73.0,640x480,h264,yuv420p,True,17.0
part_3/48607482705788607-NEVER.mp4,never,30.451,30.451,62.0,2.036057929132048,61.0,640x480,h264,yuv420p,True,21.5
part_1/17168186292515686-NEVER.mp4,never,30.582,30.581999999999997,53.0,1.7330455823687139,51.0,640x480,h264,yuv420p,True,21.5
part_9/niece_video_2.mp4,niece,29.97,29.97,74.0,2.469135802469136,74.0,640x480,mpeg4,yuv420p,False,22.0
part_4/6130971022097176-NIECE.mp4,niece,30.00491883915396,30.0,61.0,2.033333333333333,61.0,640x480,h264,yuv420p,True,22.0
part_9/night_20241119_172649_6.mp4,night,23.976,23.976,60.0,2.5025025025025025,75.0,640x480,mpeg4,yuv420p,False,29.0
part_9/night_20241119_172649_27.mp4,night,29.922779922779924,29.91869918699187,93.0,3.1084239130434783,93.0,640x480,h264,yuv420p,True,29.0
part_9/night_20241119_172649_78.mp4,night,29.915692140331792,29.920395278616528,110.0,3.6764220183486236,110.0,640x480,h264,yuv420p,True,29.0
part_1/14341995590392775-NOISE.mp4,noise,29.994916115912556,30.005173305742368,59.0,1.9663275862068967,58.0,640x480,h264,yuv420p,True,11.0
part_5/8046236006339196-NOISE.mp4,noise,29.923451635351427,29.914529914529915,43.0,1.4374285714285715,43.0,640x480,h264,yuv420p,True,11.0
part_4/672982715949773-NOISE.mp4,noise,25.0,25.0,66.0,2.64,79.0,640x480,h264,yuv420p,True,11.0
part_9/noose_video_0.mp4,noose,29.97,29.97,208.0,6.9402736069402735,208.0,640x480,h264,yuv420p,False,10.666666666666666
part_5/8694140509767512-NOOSE.mp4,noose,29.834077855775366,29.83159582999198,187.0,6.268521505376344,188.0,640x480,h264,yuv420p,True,10.666666666666666
part_2/20219951743657072-NOOSE.mp4,noose,29.993183367416496,30.006978367062107,44.0,1.4663255813953489,43.0,640x480,h264,yuv420p,True,10.666666666666666
part_9/north_9.mp4,north,29.97,29.97,58.0,1.9352686019352687,58.0,640x480,mpeg4,yuv420p,False,22.0
part_3/48027094398019576-NORTH.mp4,north,29.994916115912556,30.005173305742368,59.0,1.9663275862068967,58.0,640x480,h264,yuv420p,True,22.0
part_9/nurse_1.mp4,nurse,29.97,29.97,37.0,1.234567901234568,37.0,288x192,h264,yuv420p,False,24.0
part_3/385566161431139-NURSE.mp4,nurse,29.9721687004924,29.969814575247952,140.0,4.6713669064748204,140.0,640x480,h264,yuv420p,True,24.0
part_4/5783440074206825-OCEAN.mp4,ocean,25.0,25.0,71.0,2.84,85.0,640x480,h264,yuv420p,True,19.5
part_5/862885538812086-OCEAN.mp4,ocean,29.97179125528914,29.967891544773458,85.0,2.8363690476190473,85.0,640x480,h264,yuv420p,True,19.5
part_4/6167058901197184-OFTEN.mp4,often,30.00517330574237,30.0,58.0,1.9333333333333333,58.0,640x480,h264,yuv420p,True,20.5
part_6/9006099074294658-OFTEN.mp4,often,30.0,30.0,50.0,1.6666666666666667,50.0,640x480,mpeg4,yuv420p,False,20.5
part_3/40591662182136146-ONION.mp4,onion,30.0,29.99638597759306,84.0,2.8003373493975903,84.0,640x480,h264,yuv420p,True,23.5
part_2/2919730070084605-ONION.mp4,onion,30.0,30.0,48.0,1.6,48.0,640x480,mpeg4,yuv420p,False,23.5
part_9/order_20241119_172649_22.mp4,order,29.842180774748925,29.829134086301767,104.0,3.4865242718446603,104.0,640x480,h264,yuv420p,True,26.666666666666668
part_9/order_20241119_172649_30.mp4,order,30.303,30.303,106.0,3.4980034980034977,104.0,640x480,h264,yuv420p,True,26.666666666666668
part_9/order_20241119_172649_68.mp4,order,30.003797949107483,30.0,79.0,2.6333333333333333,79.0,640x480,h264,yuv420p,True,26.666666666666668
part_9/other_video_4.mp4,other,29.97,29.97,97.0,3.2365699032365702,97.0,640x480,h264,yuv420p,False,21.5
part_6/9396478601534008-OTHER.mp4,other,29.98236331569665,29.97275204359673,34.0,1.1343636363636362,34.0,640x480,h264,yuv420p,True,21.5
part_9/paint_6.mp4,paint,29.97,29.97,53.0,1.7684351017684352,53.0,288x192,h264,yuv420p,False,25.0
part_1/10466039918694214-PAINT.mp4,paint,30.0,29.995775242923532,72.0,2.400338028169014,72.0,640x480,h264,yuv420p,True,25.0
part_9/pants_20241119_172649_31.mp4,pants,30.0,30.000000000000004,89.0,2.9666666666666663,89.0,640x480,mpeg4,yuv420p,False,26.333333333333332
part_9/pants_20241119_172649_48.mp4,pants,29.968454258675077,29.96404314822213,76.0,2.5363733333333336,76.0,640x480,h264,yuv420p,True,26.333333333333332
part_9/pants_20241119_172649_65.mp4,pants,30.004688232536335,30.000000000000004,64.0,2.133333333333333,64.0,640x480,h264,yuv420p,True,26.333333333333332
part_2/3358266661232445-PAPER.mp4,paper,30.0,29.996104402025708,78.0,2.6003376623376626,78.0,640x480,h264,yuv420p,True,30.0
part_6/9157856988714534-PAPER.mp4,paper,30.0,29.997857295907437,141.0,4.700335714285714,141.0,640x480,h264,yuv420p,True,30.0
part_9/party_20241119_172649_19.mp4,party,29.916666666666668,29.916666666666664,57.0,1.9052924791086352,57.0,640x480,h264,yuv420p,True,26.333333333333332
part_9/party_20241119_172649_28.mp4,party,25.8,25.8,80.0,3.1007751937984493,93.0,640x480,h264,yuv420p,True,26.333333333333332
part_9/party_20241119_172649_40.mp4,party,29.994340690435767,30.005770340450084,53.0,1.7663269230769232,52.0,640x480,h264,yuv420p,True,26.333333333333332
part_9/peace_video_7.mp4,peace,29.97,29.970000000000002,56.0,1.868535201868535,56.0,640x480,mpeg4,yuv420p,False,21.5
part_5/7709413638313658-PEACE.mp4,peace,30.541,30.541,70.0,2.2920009168003666,68.0,640x480,h264,yuv420p,True,21.5
part_9/peach_20241119_172650_24.mp4,peach,30.0,30.0,86.0,2.8666666666666667,86.0,640x480,mpeg4,yuv420p,False,30.666666666666668
part_9/peach_20241119_172650_26.mp4,peach,29.97,29.970000000000002,62.0,2.0687354020687354,62.0,640x480,mpeg4,yuv420p,False,30.666666666666668
part_9/peach_20241119_172650_83.mp4,peach,30.521,30.521,55.0,1.8020379410897414,54.0,640x480,h264,yuv420p,True,30.666666666666668
part_2/2762644619871182-PENIS.mp4,penis,30.0,30.0,72.0,2.4,72.0,640x480,mpeg4,yuv420p,False,16.5
part_5/8300218570273903-PENIS.mp4,penis,25.0,25.0,63.0,2.52,75.0,640x480,h264,yuv420p,True,16.5
part_5/7697724236967516-PENNY.mp4,penny,30.882,30.882,42.0,1.3600155430347776,40.0,640x480,mpeg4,yuv420p,False,19.0
part_5/895774270343501-PENNY.mp4,penny,25.0,25.0,51.0,2.04,61.0,640x480,h264,yuv420p,True,19.0
part_1/16396128621236428-PEPSI.mp4,pepsi,30.0,29.996250468691414,81.0,2.7003375,81.0,640x480,h264,yuv420p,True,18.0
part_6/9125117637454339-PEPSI.mp4,pepsi,30.0,29.994340690435763,54.0,1.8003396226415096,54.0,640x480,h264,yuv420p,True,18.0
part_6/9293574730316452-PHONE.mp4,phone,30.316,30.316000000000003,81.0,2.671856445441351,80.0,640x480,h264,yuv420p,True,27.0
part_6/900949174809696-PHONE.mp4,phone,29.995588883987647,30.004478280340354,68.0,2.266328358208955,67.0,640x480,h264,yuv420p,True,27.0
part_10/piano_video_3.mp4,piano,29.97,29.970000000000002,75.0,2.5025025025025025,75.0,640x480,mpeg4,yuv420p,False,20.5
part_4/6959191613137512-PIANO.mp4,piano,30.0,29.99651203348448,87.0,2.9003372093023256,87.0,640x480,h264,yuv420p,True,20.5
part_10/pinch_20241119_172650_7.mp4,pinch,29.97,29.97,128.0,4.270937604270938,128.0,640x480,mpeg4,yuv420p,False,34.0
part_10/pinch_20241119_172650_46.mp4,pinch,30.0,30.0,40.0,1.3333333333333333,40.0,640x480,mpeg4,yuv420p,False,34.0
part_10/pizza_20241119_172650_19.mp4,pizza,29.97,29.97,74.0,2.469135802469136,74.0,640x480,mpeg4,yuv420p,False,29.0
part_10/pizza_20241119_172650_31.mp4,pizza,29.997656433091166,30.00236239073943,128.0,4.266330708661417,127.0,640x480,h264,yuv420p,True,29.0
part_10/pizza_20241119_172650_35.mp4,pizza,29.96616723054616,29.97542997542997,62.0,2.0683606557377052,62.0,640x480,h264,yuv420p,True,29.0
part_10/place_video_18.mp4,place,29.97,29.97,50.0,1.6683350016683351,50.0,640x480,mpeg4,yuv420p,False,27.666666666666668
part_10/place_video_23.mp4,place,23.976,23.976,27.0,1.1261261261261262,33.0,640x480,mpeg4,yuv420p,False,27.666666666666668
part_10/place_video_38.mp4,place,29.97,29.97,160.0,5.3386720053386725,160.0,640x480,mpeg4,yuv420p,False,27.666666666666668
part_1/027554911211600697-PLAIN.mp4,plain,29.97275204359673,29.968997588701342,88.0,2.936367816091954,88.0,640x480,h264,yuv420p,True,23.0
part_2/19841616101140724-PLAIN.mp4,plain,29.980013324450365,29.97275204359673,45.0,1.5013636363636362,45.0,640x480,h264,yuv420p,True,23.0
part_10/plant_video_0.mp4,plant,29.97,29.97,57.0,1.901901901901902,57.0,640x480,mpeg4,yuv420p,False,26.0
part_5/8830124407529862-PLANT.mp4,plant,30.004110152075626,30.0,73.0,2.433333333333333,73.0,640x480,h264,yuv420p,True,26.0
part_1/019488418879447966-PLATE.mp4,plate,29.975,29.975,72.0,2.402001668056714,72.0,640x480,mpeg4,yuv420p,False,22.0
part_2/2969363570992978-PLATE.mp4,plate,25.0,25.0,76.0,3.04,91.0,640x480,h264,yuv420p,True,22.0
part_10/point_1.mp4,point,23.976,23.976,68.0,2.8361695028361695,85.0,640x480,mpeg4,yuv420p,False,26.333333333333332
part_10/point_video_28.mp4,point,29.97,29.970000000000002,62.0,2.0687354020687354,62.0,640x480,mpeg4,yuv420p,False,26.333333333333332
part_3/434548614170295-POINT.mp4,point,30.00319182891797,30.0,94.0,3.1333333333333333,94.0,640x480,h264,yuv420p,True,26.333333333333332
part_5/8205773121223954-POWER.mp4,power,29.838709677419356,29.832447895382106,74.0,2.480520547945205,74.0,640x480,h264,yuv420p,True,29.0
part_2/2970281188906174-POWER.mp4,power,30.0,30.0,57.0,1.9,57.0,640x480,mpeg4,yuv420p,False,29.0
part_10/press_video_12.mp4,press,29.97,29.97,83.0,2.7694361027694363,83.0,640x480,mpeg4,yuv420p,False,24.5
part_5/8753167270516746-PRESS.mp4,press,29.995775242923532,30.004286326618086,71.0,2.366328571428572,70.0,640x480,h264,yuv420p,True,24.5
part_10/price_6.mp4,price,30.0,30.0,76.0,2.533333333333333,76.0,640x480,h264,yuv420p,True,24.5
part_10/price_video_3.mp4,price,29.97,29.970000000000002,75.0,2.5025025025025025,75.0,640x480,mpeg4,yuv420p,False,24.5
part_5/8693777963619582-PRIDE.mp4,pride,30.0,29.995385325334567,66.0,2.200338461538461,66.0,640x480,h264,yuv420p,True,21.5
part_5/7740108257847211-PRIDE.mp4,pride,30.418,30.418000000000003,64.0,2.1040173581432047,63.0,640x480,h264,yuv420p,True,21.5
part_10/print_video_8.mp4,print,29.97,29.970000000000002,48.0,1.6016016016016015,48.0,640x480,mpeg4,yuv420p,False,24.0
part_3/5337176194439026-PRINT.mp4,print,30.431,30.431,79.0,2.596036936019191,77.0,640x480,mpeg4,yuv420p,False,24.0
part_1/09777527912192041-PROOF.mp4,proof,29.974160206718345,29.96845425867508,58.0,1.9353684210526314,58.0,640x480,h264,yuv420p,True,20.5
part_3/4406466986436872-PROOF.mp4,proof,29.925187032418954,29.91886409736308,60.0,2.0054237288135597,60.0,640x480,h264,yuv420p,True,20.5
part_4/6642005341344166-QUEEN.mp4,queen,30.001910949742022,30.0,157.0,5.233333333333333,157.0,640x480,h264,yuv420p,True,20.5
part_4/652036879833118-QUEEN.mp4,queen,29.91725015913431,29.91315535541975,94.0,3.1424301075268817,94.0,640x480,h264,yuv420p,True,20.5
part_1/14183690564944396-QUIET.mp4,quiet,29.923451635351427,29.919042590637098,86.0,2.874423529411765,86.0,640x480,h264,yuv420p,True,24.5
part_2/2160182723488573-QUIET.mp4,quiet,30.00365898280278,29.999999999999996,82.0,2.733333333333334,82.0,640x480,h264,yuv420p,True,24.5
part_10/radio_video_3.mp4,radio,29.97,29.97,99.0,3.3033033033033035,99.0,640x480,mpeg4,yuv420p,False,23.0
part_2/3330328541611316-RADIO.mp4,radio,30.0,29.994340690435763,54.0,1.8003396226415096,54.0,640x480,h264,yuv420p,True,23.0
part_4/7139247035863205-RANGE.mp4,range,29.974489795918366,29.97099581050596,94.0,3.1363655913978494,94.0,640x480,h264,yuv420p,True,16.5
part_2/32708394766265947-RANGE.mp4,range,30.447,30.447000000000003,83.0,2.726048543370447,81.0,640x480,mpeg4,yuv420p,False,16.5
part_10/razor_20241119_172651_14.mp4,razor,30.0,29.991431019708653,36.0,1.2003428571428572,36.0,640x480,h264,yuv420p,True,31.5
part_10/razor_20241119_172651_31.mp4,razor,30.0,29.996250468691414,81.0,2.7003375,81.0,640x480,h264,yuv420p,True,31.5
part_10/reach_video_6.mp4,reach,29.97,29.97,64.0,2.135468802135469,64.0,640x480,mpeg4,yuv420p,False,25.0
part_3/4223885956643818-REACH.mp4,reach,29.99651203348448,30.003529827038474,86.0,2.8663294117647062,85.0,640x480,h264,yuv420p,True,25.0
part_10/react_video_2.mp4,react,29.97,29.970000000000002,78.0,2.6026026026026026,78.0,640x480,mpeg4,yuv420p,False,17.5
part_4/698031152229529-REACT.mp4,react,29.99823539791777,30.001775252973548,170.0,5.666331360946746,169.0,640x480,h264,yuv420p,True,17.5
part_10/ready_video_2.mp4,ready,29.97,29.97,77.0,2.569235902569236,77.0,640x480,h264,yuv420p,False,25.0
part_10/ready_15.mp4,ready,29.97,29.97,42.0,1.4014014014014013,42.0,288x192,h264,yuv420p,False,25.0
part_10/relax_20241119_172651_24.mp4,relax,30.0,29.99693908784818,99.0,3.3003367346938774,99.0,640x480,h264,yuv420p,True,24.0
part_10/relax_20241119_172651_48.mp4,relax,30.00545553737043,30.0,55.0,1.8333333333333333,55.0,640x480,h264,yuv420p,True,24.0
part_10/relax_20241119_172651_55.mp4,relax,30.00319182891797,30.0,94.0,3.1333333333333333,94.0,640x480,h264,yuv420p,True,24.0
part_10/rhino_20241119_172651_35.mp4,rhino,30.418,30.418,88.0,2.8930238674469066,86.0,640x480,mpeg4,yuv420p,False,30.666666666666668
part_10/rhino_20241119_172651_58.mp4,rhino,29.96542451018056,29.97275204359673,78.0,2.6023636363636364,78.0,640x480,h264,yuv420p,True,30.666666666666668
part_10/rhino_20241119_172651_62.mp4,rhino,30.006123698714024,30.0,49.0,1.6333333333333333,49.0,640x480,h264,yuv420p,True,30.666666666666668
part_10/right_20241119_172651_5.mp4,right,29.97,29.97,70.0,2.335669002335669,70.0,640x480,mpeg4,yuv420p,False,38.0
part_10/right_20241119_172651_19.mp4,right,29.97,29.970000000000002,88.0,2.936269602936269,88.0,640x480,mpeg4,yuv420p,False,38.0
part_10/right_20241119_172651_65.mp4,right,30.002419549963708,30.000000000000004,124.0,4.133333333333333,124.0,640x480,h264,yuv420p,True,38.0
part_10/river_20241119_172652_4.mp4,river,29.970760233918128,29.962546816479403,41.0,1.368375,41.0,640x480,h264,yuv420p,True,34.0
part_10/river_20241119_172652_31.mp4,river,30.0,29.99434069043577,54.0,1.8003396226415092,54.0,640x480,h264,yuv420p,True,34.0
part_10/roast_video_1.mp4,roast,29.97,29.97,90.0,3.0030030030030033,90.0,640x480,h264,yuv420p,False,20.5
part_3/4138143332641113-ROAST.mp4,roast,29.96914940502424,29.966703662597116,136.0,4.53837037037037,136.0,640x480,h264,yuv420p,True,20.5
part_4/6676843844602756-ROBOT.mp4,robot,30.26,30.26,108.0,3.5690680766688696,107.0,640x480,h264,yuv420p,True,19.5
part_4/6231211895809565-ROBOT.mp4,robot,30.0,29.997479203428284,120.0,4.000336134453781,120.0,640x480,h264,yuv420p,True,19.5
part_10/rough.mp4,rough,29.97,29.97,71.0,2.3690357023690356,71.0,640x480,mpeg4,yuv420p,False,23.5
part_5/8899763590369401-ROUGH.mp4,rough,30.0,30.0,55.0,1.8333333333333333,55.0,640x480,mpeg4,yuv420p,False,23.5
part_5/8507571508633947-RULER.mp4,ruler,29.99754118514876,30.002479543763943,122.0,4.066330578512397,121.0,640x480,h264,yuv420p,True,18.5
part_5/7255429195073184-RULER.mp4,ruler,30.0,30.0,76.0,2.533333333333333,76.0,640x480,mpeg4,yuv420p,False,18.5
part_10/salad_2.mp4,salad,30.276,30.276,99.0,3.2699167657550534,98.0,640x480,mpeg4,yuv420p,False,20.5
part_2/2752840354805992-SALAD.mp4,salad,30.163,30.163,111.0,3.6800053045121506,110.0,640x480,h264,yuv420p,True,20.5
part_2/20200853652846518-SANTA.mp4,santa,29.995946493717064,30.00411015207563,74.0,2.4663287671232874,73.0,640x480,h264,yuv420p,True,16.5
part_3/5200359290115273-SANTA.mp4,santa,30.0,29.997272975184075,111.0,3.7003363636363638,111.0,640x480,h264,yuv420p,True,16.5
part_4/5657968102757212-SAUCE.mp4,sauce,29.99651203348448,30.003529827038474,86.0,2.8663294117647062,85.0,640x480,h264,yuv420p,True,19.0
part_6/9621038230197452-SAUCE.mp4,sauce,29.967036260113876,29.97275204359673,100.0,3.3363636363636364,100.0,640x480,h264,yuv420p,True,19.0
part_10/scarf_20241119_172652_22.mp4,scarf,30.0,29.99651203348448,87.0,2.9003372093023256,87.0,640x480,h264,yuv420p,True,40.0
part_10/scarf_20241119_172652_80.mp4,scarf,28.433,28.433,54.0,1.8992016319065874,56.0,640x480,h264,yuv420p,True,40.0
part_10/scarf_20241119_172652_91.mp4,scarf,29.91623454327882,29.91367195342301,150.0,5.014429530201342,150.0,640x480,h264,yuv420p,True,40.0
part_3/5149540584377241-seedSCOLD.mp4,scold,30.002362390739428,30.0,127.0,4.233333333333333,127.0,640x480,h264,yuv420p,True,23.5
part_5/8221969382671432-SCOLD.mp4,scold,30.003529827038474,30.000000000000004,85.0,2.833333333333333,85.0,640x480,h264,yuv420p,True,23.5
part_6/9919647830425613-SCOOP.mp4,scoop,30.37,30.369999999999997,96.0,3.1610141587092526,94.0,640x480,h264,yuv420p,True,17.5
part_5/783486619539832-SCOOP.mp4,scoop,29.99754118514876,30.002479543763943,122.0,4.066330578512397,121.0,640x480,h264,yuv420p,True,17.5
part_10/score_12.mp4,score,29.97,29.97,40.0,1.3346680013346681,40.0,288x192,h264,yuv420p,False,24.5
part_10/score_video_7.mp4,score,29.97,29.97,96.0,3.2032032032032034,96.0,640x480,mpeg4,yuv420p,False,24.5
part_10/scout_video_3.mp4,scout,29.97,29.97,127.0,4.237570904237571,127.0,640x480,mpeg4,yuv420p,False,18.5
part_3/5145499036486818-SCOUT.mp4,scout,30.0,29.98965873836608,30.0,1.0003448275862068,30.0,640x480,h264,yuv420p,True,18.5
part_2/307444557436366-SCRUB.mp4,scrub,29.839883551673946,29.83425414364641,82.0,2.748518518518518,82.0,640x480,h264,yuv420p,True,11.0
part_1/17840666826596197-SCRUB.mp4,scrub,30.545,30.545,61.0,1.9970535275822556,59.0,640x480,h264,yuv420p,True,11.0
part_2/24324211035607135-SCRUB.mp4,scrub,30.0,29.996104402025708,78.0,2.6003376623376626,78.0,640x480,h264,yuv420p,True,11.0
part_10/serve_20241119_172653_30.mp4,serve,29.995162070633768,30.004918839153962,62.0,2.0663278688524587,61.0,640x480,h264,yuv420p,True,26.0
part_10/serve_20241119_172653_60.mp4,serve,30.485,30.485,76.0,2.4930293587010004,74.0,640x480,mpeg4,yuv420p,False,26.0
part_10/serve_20241119_172653_74.mp4,serve,30.00652315720809,30.0,46.0,1.5333333333333334,46.0,640x480,h264,yuv420p,True,26.0
part_5/8670896998361473-SET UP.mp4,setup,30.58,30.580000000000002,79.0,2.583387835186396,77.0,640x480,h264,yuv420p,True,10.333333333333334
part_5/7584460413589513-SET UP.mp4,setup,29.99638597759306,30.00365898280278,83.0,2.766329268292683,82.0,640x480,h264,yuv420p,True,10.333333333333334
part_4/6339058303555072-SET UP.mp4,setup,29.97275204359673,29.965156794425084,44.0,1.468372093023256,44.0,640x480,h264,yuv420p,True,10.333333333333334
part_10/seven_5.mp4,seven,29.97,29.97,28.0,0.9342676009342676,28.0,288x192,h264,yuv420p,False,23.0
part_3/5318939200518071-SEVEN.mp4,seven,29.663,29.663000000000004,90.0,3.0340828641742235,91.0,640x480,h264,yuv420p,True,23.0
part_10/shake_20241119_172653_30.mp4,shake,25.0,25.0,83.0,3.32,99.0,640x480,h264,yuv420p,True,25.666666666666668
part_10/shake_20241119_172653_37.mp4,shake,30.0,30.0,83.0,2.7666666666666666,83.0,640x480,mpeg4,yuv420p,False,25.666666666666668
part_10/shake_20241119_172653_45.mp4,shake,29.916897506925206,29.913335197092536,108.0,3.610429906542056,108.0,640x480,h264,yuv420p,True,25.666666666666668
part_1/13385857039301885-SHAME.mp4,shame,29.971648440664236,29.967159277504106,74.0,2.4693698630136987,74.0,640x480,h264,yuv420p,True,18.5
part_3/3613468205921373-SHAME.mp4,shame,30.0,29.994643813604714,57.0,1.9003392857142856,57.0,640x480,h264,yuv420p,True,18.5
part_10/shape_video_9.mp4,shape,29.97,29.970000000000002,91.0,3.0363697030363697,91.0,640x480,mpeg4,yuv420p,False,24.5
part_6/9309391863461314-SHAPE.mp4,shape,29.99754118514876,30.002479543763943,122.0,4.066330578512397,121.0,640x480,h264,yuv420p,True,24.5
part_10/share_video_5.mp4,share,30.0,30.0,94.0,3.1333333333333333,94.0,640x480,mpeg4,yuv420p,False,24.0
part_5/7303799565967566-SHARE.mp4,share,29.996842437638144,30.00319182891797,95.0,3.1663297872340426,94.0,640x480,h264,yuv420p,True,24.0
part_10/shark_20241119_172653_27.mp4,shark,30.003529827038474,30.000000000000004,85.0,2.833333333333333,85.0,640x480,h264,yuv420p,True,32.5
part_10/shark_20241119_172653_46.mp4,shark,25.0,25.0,76.0,3.04,91.0,640x480,h264,yuv420p,True,32.5
part_10/sharp_20241119_172653_3.mp4,sharp,23.976,23.976,31.0,1.2929596262929597,38.0,640x480,mpeg4,yuv420p,False,32.5
part_10/sharp_20241119_172653_38.mp4,sharp,30.00545553737043,30.0,55.0,1.8333333333333333,55.0,640x480,h264,yuv420p,True,32.5
part_10/shave_20241119_172653_48.mp4,shave,30.00545553737043,30.0,55.0,1.8333333333333333,55.0,640x480,h264,yuv420p,True,52.666666666666664
part_10/shave_20241119_172653_59.mp4,shave,30.006978367062107,30.000000000000004,43.0,1.4333333333333331,43.0,640x480,h264,yuv420p,True,52.666666666666664
part_10/shave_20241119_172653_77.mp4,shave,29.993618379068284,30.00652315720809,47.0,1.5663260869565216,46.0,640x480,h264,yuv420p,True,52.666666666666664
part_5/8633200280530218-SHEEP.mp4,sheep,15.08485229415462,15.08344030808729,48.0,3.182297872340426,95.0,640x480,h264,yuv420p,True,21.5
part_4/7008608587939635-seedSHEEP.mp4,sheep,30.00171438367907,30.0,175.0,5.833333333333333,175.0,640x480,h264,yuv420p,True,21.5
part_10/shelf_6.mp4,shelf,29.97,29.97,49.0,1.6349683016349683,49.0,288x192,h264,yuv420p,False,21.5
part_4/6758324232395909-SHELF.mp4,shelf,29.995588883987647,30.004478280340347,68.0,2.2663283582089555,67.0,640x480,h264,yuv420p,True,21.5
part_1/04736596229082357-SHINY.mp4,shiny,30.0,29.99651203348448,87.0,2.9003372093023256,87.0,640x480,h264,yuv420p,True,18.0
part_4/5404006400209398-SHINY.mp4,shiny,27.088,27.087999999999997,84.0,3.1010041346721797,93.0,640x480,h264,yuv420p,True,18.0
part_10/shirt_20241119_172653_41.mp4,shirt,30.0,29.995162070633768,63.0,2.1003387096774193,63.0,640x480,h264,yuv420p,True,27.333333333333332
part_10/shirt_20241119_172653_47.mp4,shirt,30.0,29.996842437638144,96.0,3.200336842105263,96.0,640x480,h264,yuv420p,True,27.333333333333332
part_10/shirt_20241119_172653_57.mp4,shirt,29.914529914529915,29.922779922779927,63.0,2.1054193548387095,63.0,640x480,h264,yuv420p,True,27.333333333333332
part_10/shoes_11.mp4,shoes,29.97,29.97,84.0,2.8028028028028027,84.0,640x480,mpeg4,yuv420p,False,25.0
part_1/0692281470636793-SHOES.mp4,shoes,30.313,30.313000000000002,85.0,2.804077458516148,84.0,640x480,h264,yuv420p,True,25.0
part_10/shoot_20241119_172653_1.mp4,shoot,29.97,29.97,119.0,3.9706373039706375,119.0,640x480,mpeg4,yuv420p,False,28.333333333333332
part_10/shoot_20241119_172653_33.mp4,shoot,29.918404351767904,29.916089018606346,165.0,5.515426829268293,165.0,640x480,h264,yuv420p,True,28.333333333333332
part_10/shoot_20241119_172653_64.mp4,shoot,30.418,30.418,72.0,2.3670195279111055,71.0,640x480,h264,yuv420p,True,28.333333333333332
part_10/shout_20241119_172654_1.mp4,shout,29.97,29.970000000000002,91.0,3.0363697030363697,91.0,640x480,mpeg4,yuv420p,False,24.333333333333332
part_10/shout_20241119_172654_2.mp4,shout,24.0,24.0,125.0,5.208333333333333,156.0,640x480,mpeg4,yuv420p,False,24.333333333333332
part_10/shout_20241119_172654_50.mp4,shout,29.996250468691414,30.003797949107483,80.0,2.6663291139240504,79.0,640x480,h264,yuv420p,True,24.333333333333332
part_10/silly_video_1.mp4,silly,29.97,29.97,60.0,2.002002002002002,60.0,640x480,mpeg4,yuv420p,False,22.5
part_10/silly_video_4.mp4,silly,29.97,29.970000000000002,43.0,1.434768101434768,43.0,640x480,mpeg4,yuv420p,False,22.5
part_1/03506137990077707-SINCE.mp4,since,29.920523609163162,29.914529914529915,64.0,2.1394285714285712,64.0,640x480,h264,yuv420p,True,21.0
part_1/08694207205390092-seedSINCE.mp4,since,31.107,31.107,106.0,3.4075931462371813,102.0,640x480,h264,yuv420p,True,21.0
part_10/siren_8.mp4,siren,30.323,30.323,86.0,2.836130989677802,85.0,640x480,h264,yuv420p,False,19.5
part_10/siren_video_2.mp4,siren,29.97,29.97,585.0,19.51951951951952,585.0,640x480,mpeg4,yuv420p,False,19.5
part_10/skate_1.mp4,skate,29.97,29.970000000000002,117.0,3.9039039039039034,117.0,640x480,mpeg4,yuv420p,False,19.5
part_6/9444202783785229-SKATE.mp4,skate,29.835029835029836,29.829545454545457,85.0,2.8495238095238093,85.0,640x480,h264,yuv420p,True,19.5
part_4/6610582264477418-SKILL.mp4,skill,29.988465974625143,29.97601918465228,26.0,0.8673599999999999,26.0,640x480,h264,yuv420p,True,18.5
part_1/11212498639216961-SKILL.mp4,skill,30.00545553737043,30.0,55.0,1.8333333333333333,55.0,640x480,h264,yuv420p,True,18.5
part_10/skirt_video_18.mp4,skirt,23.976,23.976,29.0,1.2095428762095428,36.0,640x480,mpeg4,yuv420p,False,29.5
part_1/10098852020824478-SKIRT.mp4,skirt,29.998064640990904,30.001948178453148,155.0,5.166331168831168,154.0,640x480,h264,yuv420p,True,29.5
part_4/7074460232925452-SKUNK.mp4,skunk,30.00319182891797,30.0,94.0,3.1333333333333333,94.0,640x480,h264,yuv420p,True,22.5
part_1/011161871973210946-SKUNK.mp4,skunk,28.91,28.91,80.0,2.767208578346593,83.0,640x480,h264,yuv420p,True,22.5
part_4/7091364855553395-SLAVE.mp4,slave,30.003947887879985,30.0,76.0,2.533333333333333,76.0,640x480,h264,yuv420p,True,20.0
part_3/5089085938467057-SLAVE.mp4,slave,29.920523609163162,29.914529914529915,64.0,2.1394285714285712,64.0,640x480,h264,yuv420p,True,20.0
part_10/sleep_video_7.mp4,sleep,25.118,25.118000000000002,90.0,3.5830878254638105,107.0,640x480,mpeg4,yuv420p,False,22.5
part_5/8262299304164866-SLEEP.mp4,sleep,29.997272975184075,30.002752546105146,110.0,3.666330275229358,109.0,640x480,h264,yuv420p,True,22.5
part_10/slice_20241119_172659_27.mp4,slice,29.84344422700587,29.83590253605172,61.0,2.0445166666666665,61.0,640x480,h264,yuv420p,True,39.666666666666664
part_10/slice_20241119_172659_55.mp4,slice,30.0,29.996250468691414,81.0,2.7003375,81.0,640x480,h264,yuv420p,True,39.666666666666664
part_10/slice_20241119_172659_61.mp4,slice,29.919802590993214,29.91586163913992,97.0,3.2424270833333333,97.0,640x480,h264,yuv420p,True,39.666666666666664
part_10/slide_20241119_172654_6.mp4,slide,29.97,29.970000000000002,98.0,3.269936603269936,98.0,640x480,mpeg4,yuv420p,False,22.666666666666668
part_10/slide_20241119_172654_60.mp4,slide,30.0,30.000000000000004,45.0,1.4999999999999998,45.0,640x480,mpeg4,yuv420p,False,22.666666666666668
part_10/slide_20241119_172654_62.mp4,slide,29.967036260113876,29.97275204359673,100.0,3.3363636363636364,100.0,640x480,h264,yuv420p,True,22.666666666666668
part_10/small_video_20.mp4,small,29.97,29.970000000000002,69.0,2.302302302302302,69.0,640x480,mpeg4,yuv420p,False,23.333333333333332
part_10/small_video_19.mp4,small,29.97,29.97,100.0,3.3366700033366703,100.0,640x480,mpeg4,yuv420p,False,23.333333333333332
part_5/7388125968431167-SMALL.mp4,small,29.991431019708656,30.00882612533098,35.0,1.1663235294117646,34.0,640x480,h264,yuv420p,True,23.333333333333332
part_5/8348149026254514-SMART.mp4,smart,29.97002997002997,29.97002997002997,91.0,3.036366666666667,91.0,640x480,h264,yuv420p,True,23.5
part_2/35674024720037867-SMART.mp4,smart,29.9625468164794,29.974489795918366,48.0,1.6013617021276596,48.0,640x480,h264,yuv420p,True,23.5
part_4/6016276962472635-SMELL.mp4,smell,29.92843201040989,29.920212765957448,46.0,1.5374222222222222,46.0,640x480,h264,yuv420p,True,22.0
part_4/6070214109343359-seedSMELL.mp4,smell,29.9173922750614,29.914529914529915,134.0,4.4794285714285715,134.0,640x480,h264,yuv420p,True,22.0
part_10/smile_20241119_173205.mp4,smile,30.342,30.342,70.0,2.307033155362204,69.0,640x480,h264,yuv420p,True,24.0
part_10/smile_20241119_172654_28.mp4,smile,29.978586723768736,29.97275204359673,56.0,1.8683636363636362,56.0,640x480,h264,yuv420p,True,24.0
part_10/smile_20241119_172654_70.mp4,smile,29.84106389879987,29.836065573770494,92.0,3.083516483516483,92.0,640x480,h264,yuv420p,True,24.0
part_10/smoke_video_13.mp4,smoke,29.97,29.97,90.0,3.0030030030030033,90.0,640x480,mpeg4,yuv420p,False,24.0
part_6/9351690172034859-SMOKE.mp4,smoke,29.922522041143466,29.919137466307276,112.0,3.7434234234234234,112.0,640x480,h264,yuv420p,True,24.0
part_3/5196094177577344-SNAIL.mp4,snail,25.0,25.0,73.0,2.92,87.0,640x480,h264,yuv420p,True,10.666666666666666
part_4/6048178370051767-seedSNAIL.mp4,snail,31.058,31.058,124.0,3.9925301049649042,119.0,640x480,h264,yuv420p,True,10.666666666666666
part_2/3457371440459813-SNAIL.mp4,snail,29.995588883987647,30.004478280340347,68.0,2.2663283582089555,67.0,640x480,h264,yuv420p,True,10.666666666666666
part_10/snake_video_7.mp4,snake,29.97,29.97,79.0,2.6359693026359694,79.0,640x480,mpeg4,yuv420p,False,23.5
part_3/41518796326029683-seedSNAKE.mp4,snake,30.998,30.998000000000005,154.0,4.968062455642299,149.0,640x480,h264,yuv420p,True,23.5
part_5/7757384717963021-SOCKS.mp4,socks,29.995385325334563,30.004688232536335,65.0,2.1663281249999997,64.0,640x480,h264,yuv420p,True,18.5
part_5/7896521856740983-SOCKS.mp4,socks,30.004110152075626,30.0,73.0,2.433333333333333,73.0,640x480,h264,yuv420p,True,18.5
part_10/sorry_6.mp4,sorry,23.976,23.976000000000003,59.0,2.460794127460794,73.0,640x480,mpeg4,yuv420p,False,19.5
part_2/1812960858393966-SORRY.mp4,sorry,29.967159277504106,29.97502081598668,73.0,2.435361111111111,73.0,640x480,h264,yuv420p,True,19.5
part_4/6909294211912751-SOUND.mp4,sound,29.914529914529915,29.920692141312184,84.0,2.807421686746988,84.0,640x480,h264,yuv420p,True,22.5
part_4/5637447161194917-SOUND.mp4,sound,29.919447640966627,29.912023460410555,52.0,1.7384313725490197,52.0,640x480,h264,yuv420p,True,22.5
part_6/South_video_1.mp4,south,29.97,29.970000000000002,69.0,2.302302302302302,69.0,640x480,h264,yuv420p,False,22.0
part_2/2751007271026711-SOUTH.mp4,south,29.835902536051716,29.832038104788168,120.0,4.022521008403361,120.0,640x480,h264,yuv420p,True,22.0
part_10/space_video_5.mp4,space,29.97,29.970000000000002,117.0,3.9039039039039034,117.0,640x480,mpeg4,yuv420p,False,20.5
part_5/86475700969934-SPACE.mp4,space,30.0,30.0,46.0,1.5333333333333334,46.0,640x480,mpeg4,yuv420p,False,20.5
part_3/46699947315402235-SPAIN.mp4,spain,30.0,29.99434069043577,54.0,1.8003396226415092,54.0,640x480,h264,yuv420p,True,22.5
part_4/719002181156206-SPAIN.mp4,spain,29.99651203348448,30.003529827038474,86.0,2.8663294117647062,85.0,640x480,h264,yuv420p,True,22.5
part_10/spate_video_11.mp4,spate,23.976,23.976,32.0,1.3346680013346681,40.0,640x480,mpeg4,yuv420p,False,25.5
part_10/spate_video_48.mp4,spate,29.97,29.97,115.0,3.8371705038371706,115.0,640x480,mpeg4,yuv420p,False,25.5
part_6/9999181221026603-SPEND.mp4,spend,30.0,29.99638597759306,84.0,2.8003373493975903,84.0,640x480,h264,yuv420p,True,16.5
part_3/5153087510496133-SPEND.mp4,spend,29.974489795918366,29.97099581050596,94.0,3.1363655913978494,94.0,640x480,h264,yuv420p,True,16.5
part_4/6724445450060734-SPICY.mp4,spicy,29.993618379068284,30.00652315720809,47.0,1.5663260869565216,46.0,640x480,h264,yuv420p,True,18.0
part_1/12642977335113303-SPICY.mp4,spicy,29.96914940502424,29.964221824686938,68.0,2.2693731343283585,68.0,640x480,h264,yuv420p,True,18.0
part_10/spill_20241119_172654_5.mp4,spill,29.97,29.97,57.0,1.901901901901902,57.0,640x480,mpeg4,yuv420p,False,34.0
part_10/spill_20241119_172654_27.mp4,spill,30.0,30.0,42.0,1.4,42.0,640x480,mpeg4,yuv420p,False,34.0
part_5/8035766172480758-SPOON.mp4,spoon,29.99400119976005,30.006123698714024,50.0,1.6663265306122448,49.0,640x480,h264,yuv420p,True,21.0
part_5/8841886333943738-SPOON.mp4,spoon,29.922423346878464,29.917726252804787,81.0,2.707425,81.0,640x480,h264,yuv420p,True,21.0
part_11/stack_20241119_172658_11.mp4,stack,29.97560125479261,29.97179125528914,86.0,2.869364705882353,86.0,640x480,h264,yuv420p,True,39.0
part_11/stack_20241119_172658_35.mp4,stack,29.997479203428284,30.002542588354945,119.0,3.9663305084745764,118.0,640x480,h264,yuv420p,True,39.0
part_11/stack_20241119_172658_52.mp4,stack,29.91869918699187,29.914529914529915,92.0,3.075428571428571,92.0,640x480,h264,yuv420p,True,39.0
part_11/staff_5.mp4,staff,30.003896609949344,30.003947887879985,77.0,2.566328947368421,76.0,640x480,h264,yuv420p,True,21.5
part_4/7084386663017326-STAFF.mp4,staff,30.0,30.0,44.0,1.4666666666666666,44.0,640x480,mpeg4,yuv420p,False,21.5
part_11/stamp_20241119_172655_16.mp4,stamp,30.00206910821436,30.0,145.0,4.833333333333333,145.0,640x480,h264,yuv420p,True,34.666666666666664
part_11/stamp_20241119_172655_70.mp4,stamp,29.994916115912556,30.005173305742368,59.0,1.9663275862068967,58.0,640x480,h264,yuv420p,True,34.666666666666664
part_11/stamp_20241119_172655_78.mp4,stamp,30.0,29.994001199760046,51.0,1.7003400000000002,51.0,640x480,h264,yuv420p,True,34.666666666666664
part_11/stand_20241119_172655_22.mp4,stand,30.0,30.0,79.0,2.6333333333333333,79.0,640x480,h264,yuv420p,True,28.666666666666668
part_11/stand_20241119_172655_62.mp4,stand,26.935,26.935,97.0,3.6012622981251163,108.0,640x480,h264,yuv420p,True,28.666666666666668
part_11/stand_20241119_172655_65.mp4,stand,29.996629592180653,30.003409478349813,89.0,2.9663295454545455,88.0,640x480,h264,yuv420p,True,28.666666666666668
part_1/16405239193196186-STARE.mp4,stare,30.0,30.0,94.0,3.1333333333333333,94.0,640x480,mpeg4,yuv420p,False,22.5
part_3/4970204648129277-STARE.mp4,stare,16.666666666666668,16.666666666666668,57.0,3.42,102.0,640x480,h264,yuv420p,True,22.5
part_2/25838183143766313-STARS.mp4,stars,30.487,30.487000000000002,75.0,2.4600649457145667,73.0,640x480,h264,yuv420p,True,10.333333333333334
part_6/898847225318828-STARS.mp4,stars,30.0,29.99903540079097,312.0,10.400334405144696,312.0,640x480,h264,yuv420p,True,10.333333333333334
part_5/8412582026001008-seedSTARS.mp4,stars,29.968158831241805,29.971724787935912,160.0,5.3383647798742135,160.0,640x480,h264,yuv420p,True,10.333333333333334
part_11/start_8.mp4,start,29.97,29.970000000000002,38.0,1.2679346012679344,38.0,288x192,h264,yuv420p,False,28.5
part_2/27723416720074834-START.mp4,start,30.0,29.994001199760046,51.0,1.7003400000000002,51.0,640x480,h264,yuv420p,True,28.5
part_11/state_video_2.mp4,state,29.97,29.97,58.0,1.9352686019352687,58.0,640x480,mpeg4,yuv420p,False,27.5
part_1/01618476176159689-STATE.mp4,state,30.423,30.423,69.0,2.26802090523617,68.0,640x480,h264,yuv420p,True,27.5
part_5/8428969268838955-STEAK.mp4,steak,30.685,30.685000000000002,51.0,1.6620498614958448,49.0,640x480,mpeg4,yuv420p,False,16.5
part_4/5688725140267121-STEAK.mp4,steak,29.918032786885245,29.912754466140424,73.0,2.4404305555555554,73.0,640x480,h264,yuv420p,True,16.5
part_11/steal_13.mp4,steal,29.97,29.970000000000002,38.0,1.2679346012679344,38.0,640x480,mpeg4,yuv420p,False,22.5
part_1/09362242423036249-STEAL.mp4,steal,29.996250468691414,30.003797949107483,80.0,2.6663291139240504,79.0,640x480,h264,yuv420p,True,22.5
part_11/steam_video_0.mp4,steam,29.97,29.970000000000002,94.0,3.1364698031364697,94.0,640x480,h264,yuv420p,False,17.0
part_5/7959297646314938-STEAM.mp4,steam,29.99610440202571,30.003947887879985,77.0,2.566328947368421,76.0,640x480,h264,yuv420p,True,17.0
part_11/still_video_0.mp4,still,29.97,29.97,93.0,3.1031031031031033,93.0,640x480,h264,yuv420p,False,24.0
part_5/7398048680821319-seedSTILL.mp4,still,30.303,30.303,91.0,3.003003003003003,90.0,640x480,h264,yuv420p,True,24.0
part_1/026478949400837504-STING.mp4,sting,30.006978367062107,30.000000000000004,43.0,1.4333333333333331,43.0,640x480,h264,yuv420p,True,22.0
part_1/11313864643649452-STING.mp4,sting,30.0,30.0,46.0,1.5333333333333334,46.0,640x480,mpeg4,yuv420p,False,22.0
part_3/3864598272222315-STINK.mp4,stink,25.0,25.0,48.0,1.92,57.0,640x480,h264,yuv420p,True,22.5
part_3/4564762256590038-STINK.mp4,stink,30.385,30.385,78.0,2.5670561132137566,77.0,640x480,mpeg4,yuv420p,False,22.5
part_11/story_20241119_172655_31.mp4,story,29.971181556195965,29.964747356051706,52.0,1.7353725490196077,52.0,640x480,h264,yuv420p,True,35.333333333333336
part_11/story_20241119_172655_73.mp4,story,30.554,30.554,70.0,2.2910257249459973,68.0,640x480,h264,yuv420p,True,35.333333333333336
part_11/story_20241119_172655_102.mp4,story,30.337,30.337,134.0,4.41704848864423,132.0,640x480,h264,yuv420p,True,35.333333333333336
part_11/straw_3.mp4,straw,23.976,23.976,34.0,1.4180847514180848,42.0,640x480,h264,yuv420p,False,21.5
part_4/6333943174803407-STRAW.mp4,straw,30.37,30.37,69.0,2.271978926572275,68.0,640x480,h264,yuv420p,True,21.5
part_5/8212600923134266-STUCK.mp4,stuck,30.78,30.78,41.0,1.332033788174139,39.0,640x480,mpeg4,yuv420p,False,17.0
part_2/21542443238968834-STUCK.mp4,stuck,25.0,25.0,65.0,2.6,78.0,640x480,h264,yuv420p,True,17.0
part_11/study_video_19.mp4,study,29.97,29.97,73.0,2.4357691024357693,73.0,640x480,mpeg4,yuv420p,False,24.666666666666668
part_5/8898715289966257-STUDY.mp4,study,30.006978367062107,30.000000000000004,43.0,1.4333333333333331,43.0,640x480,h264,yuv420p,True,24.666666666666668
part_5/8478160589016772-STUDY.mp4,study,14.991181657848324,14.986376021798366,34.0,2.2687272727272725,68.0,640x480,h264,yuv420p,True,24.666666666666668
part_2/2916603704313079-SUSHI.mp4,sushi,30.00517330574237,30.0,58.0,1.9333333333333333,58.0,640x480,h264,yuv420p,True,16.5
part_3/3828391878319799-SUSHI.mp4,sushi,29.976019184652277,29.96941896024465,50.0,1.6683673469387754,50.0,640x480,h264,yuv420p,True,16.5
part_1/06916785652169821-SWEAT.mp4,sweat,29.916897506925206,29.909706546275395,54.0,1.8054339622641509,54.0,640x480,h264,yuv420p,True,17.5
part_3/5149778124707185-SWEAT.mp4,sweat,23.939,23.939,81.0,3.383599983290864,101.0,640x480,h264,yuv420p,True,17.5
part_11/sweep_video_10.mp4,sweep,29.97,29.97,190.0,6.339673006339673,190.0,640x480,mpeg4,yuv420p,False,24.0
part_4/7068138619325417-SWEEP.mp4,sweep,30.0,29.998101385988228,159.0,5.300335443037975,159.0,640x480,h264,yuv420p,True,24.0
part_11/sweet_video_1.mp4,sweet,23.976,23.976000000000003,37.0,1.5432098765432096,46.0,640x480,mpeg4,yuv420p,False,27.0
part_1/17146468242733048-SWEET.mp4,sweet,29.92194275802255,29.916410030796303,69.0,2.3064264705882356,69.0,640x480,h264,yuv420p,True,27.0
part_11/swing_20241119_172656_3.mp4,swing,29.97,29.97,118.0,3.9372706039372707,118.0,640x480,mpeg4,yuv420p,False,23.666666666666668
part_11/swing_20241119_172656_30.mp4,swing,30.531,30.531000000000002,97.0,3.177098686580852,95.0,640x480,h264,yuv420p,True,23.666666666666668
part_11/swing_20241119_172656_43.mp4,swing,30.00211282484682,30.0,142.0,4.733333333333333,142.0,640x480,h264,yuv420p,True,23.666666666666668
part_3/36313079633553214-SWORD.mp4,sword,30.0,29.99558888398765,69.0,2.3003382352941175,69.0,640x480,h264,yuv420p,True,17.0
part_2/29923379031943553-SWORD.mp4,sword,29.974160206718345,29.971331769611673,116.0,3.8703652173913046,116.0,640x480,h264,yuv420p,True,17.0
part_11/table_13.mp4,table,29.97,29.970000000000002,72.0,2.402402402402402,72.0,640x480,mpeg4,yuv420p,False,25.0
part_4/5757520428166414-TABLE.mp4,table,30.002912904165452,30.0,103.0,3.433333333333333,103.0,640x480,h264,yuv420p,True,25.0
part_11/taste_video_0.mp4,taste,29.97,29.97,115.0,3.8371705038371706,115.0,640x480,mpeg4,yuv420p,False,19.0
part_2/3583049668962337-TASTE.mp4,taste,31.176,31.176000000000002,40.0,1.2830382345393891,38.0,640x480,mpeg4,yuv420p,False,19.0
part_11/teach_20241119_172656.mp4,teach,29.917,29.917,104.0,3.4762843868034894,104.0,640x480,h264,yuv420p,False,26.0
part_11/teach_20241119_172656_9.mp4,teach,29.97,29.97,42.0,1.4014014014014013,42.0,640x480,mpeg4,yuv420p,False,26.0
part_11/teach_20241119_172656_49.mp4,teach,30.00750187546887,30.0,40.0,1.3333333333333333,40.0,640x480,h264,yuv420p,True,26.0
part_2/19661357148684688-TEASE.mp4,tease,30.001807337791433,30.0,166.0,5.533333333333333,166.0,640x480,h264,yuv420p,True,21.5
part_1/06684888263881805-TEASE.mp4,tease,30.0,30.0,176.0,5.866666666666666,176.0,640x480,mpeg4,yuv420p,False,21.5
part_1/08394666724822031-TEETH.mp4,teeth,30.0,30.0,83.0,2.7666666666666666,83.0,640x480,mpeg4,yuv420p,False,19.0
part_2/29493606985510623-TEETH.mp4,teeth,30.0,29.996104402025708,78.0,2.6003376623376626,78.0,640x480,h264,yuv420p,True,19.0
part_11/there_10.mp4,there,29.97,29.970000000000002,51.0,1.7017017017017015,51.0,640x480,h264,yuv420p,False,22.0
part_4/6796219642957484-THERE.mp4,there,30.404,30.404,112.0,3.6837258255492698,110.0,640x480,h264,yuv420p,True,22.0
part_1/16407922585338386-THESE.mp4,these,25.0,25.0,71.0,2.84,85.0,640x480,h264,yuv420p,True,11.0
part_4/6471786191873465-THESE.mp4,these,30.0,29.99434069043577,54.0,1.8003396226415092,54.0,640x480,h264,yuv420p,True,11.0
part_5/7432407220043384-THESE.mp4,these,30.729,30.729,49.0,1.5945849197826159,47.0,640x480,mpeg4,yuv420p,False,11.0
part_11/thief_20241119_172656_45.mp4,thief,29.921259842519685,29.918404351767908,133.0,4.4454242424242425,133.0,640x480,h264,yuv420p,True,32.5
part_11/thief_20241119_172656_54.mp4,thief,29.919447640966627,29.912023460410555,52.0,1.7384313725490197,52.0,640x480,h264,yuv420p,True,32.5
part_5/7219677772800852-THINK.mp4,think,30.504,30.504,55.0,1.8030422239706267,54.0,640x480,h264,yuv420p,True,30.5
part_2/1931829449490161-THINK.mp4,think,30.0,29.995385325334567,66.0,2.200338461538461,66.0,640x480,h264,yuv420p,True,30.5
part_11/third_20241119_172656_2.mp4,third,29.97,29.97,58.0,1.9352686019352687,58.0,640x480,mpeg4,yuv420p,False,27.0
part_11/third_20241119_172656_18.mp4,third,29.97,29.970000000000002,75.0,2.5025025025025025,75.0,640x480,mpeg4,yuv420p,False,27.0
part_11/third_20241119_172656_66.mp4,third,30.004688232536335,30.0,64.0,2.1333333333333333,64.0,640x480,h264,yuv420p,True,27.0
part_11/three_video_1.mp4,three,29.97,29.970000000000002,88.0,2.936269602936269,88.0,640x480,mpeg4,yuv420p,False,24.5
part_2/26520120613127607-seedTHREE.mp4,three,29.99790224459828,30.002112824846822,143.0,4.766330985915492,142.0,640x480,h264,yuv420p,True,24.5
part_11/throw_20241119_172656_27.mp4,throw,30.0,29.999999999999996,63.0,2.1,63.0,640x480,mpeg4,yuv420p,False,27.0
part_11/throw_20241119_172656_52.mp4,throw,29.916897506925206,29.909706546275395,54.0,1.8054339622641509,54.0,640x480,h264,yuv420p,True,27.0
part_11/throw_20241119_172656_76.mp4,throw,25.0,25.0,79.0,3.16,94.0,640x480,h264,yuv420p,True,27.0
part_11/tieup_20241119_195755_29.mp4,tieup,30.0,29.998678472313994,228.0,7.600334801762115,228.0,640x480,h264,yuv420p,True,29.5
part_11/tieup_20241119_195755_48.mp4,tieup,30.0,29.996629592180653,90.0,3.0003370786516856,90.0,640x480,h264,yuv420p,True,29.5
part_6/Panthera_tigris_video_2.mp4,tiger,29.97,29.97,84.0,2.8028028028028027,84.0,640x480,mpeg4,yuv420p,False,24.5
part_6/Panthera_tigris_video_0.mp4,tiger,29.97,29.97,76.0,2.5358692025358693,76.0,640x480,mpeg4,yuv420p,False,24.5
part_11/tired_14.mp4,tired,29.97,29.970000000000002,65.0,2.1688355021688355,65.0,640x480,mpeg4,yuv420p,False,23.5
part_3/4564640182785744-TIRED.mp4,tired,30.808,30.808000000000003,48.0,1.5580368735393402,46.0,640x480,mpeg4,yuv420p,False,23.5
part_11/toast_14.mp4,toast,29.97,29.97,80.0,2.6693360026693362,80.0,640x480,mpeg4,yuv420p,False,25.5
part_4/6121905305821014-TOAST.mp4,toast,29.838022165387894,29.83138780804151,70.0,2.3465217391304343,70.0,640x480,h264,yuv420p,True,25.5
part_5/88212363001045-TODAY.mp4,today,29.751,29.751,98.0,3.294006924137004,98.0,640x480,h264,yuv420p,True,24.0
part_3/4065009791471248-TODAY.mp4,today,30.0,29.995385325334567,66.0,2.200338461538461,66.0,640x480,h264,yuv420p,True,24.0
part_11/topic_video_1.mp4,topic,29.97,29.970000000000002,88.0,2.936269602936269,88.0,640x480,mpeg4,yuv420p,False,24.5
part_2/24820599776883578-TOPIC.mp4,topic,30.0,29.99651203348448,87.0,2.9003372093023256,87.0,640x480,h264,yuv420p,True,24.5
part_2/21292817361779193-TOTAL.mp4,total,30.00365898280278,29.999999999999996,82.0,2.733333333333334,82.0,640x480,h264,yuv420p,True,24.5
part_5/7266570100816736-TOTAL.mp4,total,29.977628635346758,29.97275204359673,67.0,2.2353636363636364,67.0,640x480,h264,yuv420p,True,24.5
part_11/touch_2.mp4,touch,29.97,29.970000000000002,98.0,3.269936603269936,98.0,640x480,mpeg4,yuv420p,False,23.0
part_6/9368540135693042-seedTOUCH.mp4,touch,30.33,30.330000000000002,101.0,3.3300362677217277,99.0,640x480,h264,yuv420p,True,23.0
part_1/05851410984809369-TOUGH.mp4,tough,30.0,29.994001199760046,51.0,1.7003400000000002,51.0,640x480,h264,yuv420p,True,21.0
part_6/9137575399806512-TOUGH.mp4,tough,29.967036260113876,29.97275204359673,100.0,3.3363636363636364,100.0,640x480,h264,yuv420p,True,21.0
part_4/5801416071763943-TOWEL.mp4,towel,29.917061611374407,29.91325157044571,101.0,3.3764299999999996,101.0,640x480,h264,yuv420p,True,21.0
part_6/9589508719435043-TOWEL.mp4,towel,25.0,25.0,71.0,2.84,85.0,640x480,h264,yuv420p,True,21.0
part_4/6216167837665176-TRAIN.mp4,train,30.303,30.303,114.0,3.762003762003762,112.0,640x480,h264,yuv420p,True,27.0
part_5/8102249642212314-TRAIN.mp4,train,29.99693908784818,30.003093102381687,98.0,3.2663298969072168,97.0,640x480,h264,yuv420p,True,27.0
part_11/trash_video_4.mp4,trash,29.97,29.97,124.0,4.137470804137471,124.0,640x480,mpeg4,yuv420p,False,17.5
part_3/45659508809122484-TRASH.mp4,trash,24.592,24.592000000000002,77.0,3.1310995445673386,93.0,640x480,h264,yuv420p,True,17.5
part_11/truck_20241119_172657_13.mp4,truck,30.003947887879985,30.0,76.0,2.533333333333333,76.0,640x480,h264,yuv420p,True,34.0
part_11/truck_20241119_172657_23.mp4,truck,25.0,25.0,66.0,2.64,79.0,640x480,h264,yuv420p,True,34.0
part_11/truth_video_1.mp4,truth,29.97,29.97,99.0,3.3033033033033035,99.0,640x480,mpeg4,yuv420p,False,23.5
part_3/510276766820573-TRUTH.mp4,truth,30.0,29.999999999999996,71.0,2.366666666666667,71.0,640x480,mpeg4,yuv420p,False,23.5
part_11/twins_20241119_172657_6.mp4,twins,30.003947887879985,30.0,76.0,2.533333333333333,76.0,640x480,h264,yuv420p,True,32.5
part_11/twins_20241119_172657_16.mp4,twins,30.916,30.916000000000004,126.0,4.0755595807995855,122.0,640x480,h264,yuv420p,True,32.5
part_11/twirl_video_0.mp4,twirl,29.97,29.97,136.0,4.537871204537871,136.0,640x480,h264,yuv420p,False,18.5
part_1/0623205087261407-TWIRL.mp4,twirl,29.916666666666668,29.916666666666668,92.0,3.075208913649025,92.0,640x480,h264,yuv420p,True,18.5
part_5/8059821810106005-UDDER.mp4,udder,30.978,30.977999999999998,57.0,1.8400154948673253,55.0,640x480,h264,yuv420p,True,10.333333333333334
part_5/7794220901854785-UDDER.mp4,udder,30.0,29.99754118514876,123.0,4.100336065573771,123.0,640x480,h264,yuv420p,True,10.333333333333334
part_1/11515947422052664-UDDER.mp4,udder,29.995385325334563,30.004688232536335,65.0,2.1663281249999997,64.0,640x480,h264,yuv420p,True,10.333333333333334
part_6/9469937489412126-UNCLE.mp4,uncle,25.0,25.0,68.0,2.72,81.0,640x480,h264,yuv420p,True,22.5
part_5/7387972111302437-UNCLE.mp4,uncle,30.00491883915396,30.0,61.0,2.033333333333333,61.0,640x480,h264,yuv420p,True,22.5
part_3/5014515462779037-UNDER.mp4,under,30.389,30.389,113.0,3.7184507552074764,111.0,640x480,h264,yuv420p,True,21.0
part_2/2722148210073596-UNDER.mp4,under,30.002608922515,30.0,115.0,3.8333333333333335,115.0,640x480,h264,yuv420p,True,21.0
part_11/until_7.mp4,until,23.976,23.976,35.0,1.4597931264597932,43.0,640x480,h264,yuv420p,False,21.0
part_11/until_6.mp4,until,29.97,29.97,60.0,2.002002002002002,60.0,640x480,mpeg4,yuv420p,False,21.0
part_11/upset_20241119_172657_17.mp4,upset,30.34,30.34,82.0,2.7027027027027026,81.0,640x480,mpeg4,yuv420p,False,27.666666666666668
part_11/upset_20241119_172657_21.mp4,upset,23.976,23.976000000000003,59.0,2.460794127460794,73.0,640x480,mpeg4,yuv420p,False,27.666666666666668
part_11/upset_20241119_172657_61.mp4,upset,30.521,30.520999999999997,72.0,2.35903148651748,70.0,640x480,h264,yuv420p,True,27.666666666666668
part_11/value_video_13.mp4,value,29.97,29.970000000000002,169.0,5.638972305638972,169.0,640x480,mpeg4,yuv420p,False,25.5
part_11/value_video_1.mp4,value,23.976,23.976000000000003,65.0,2.711044377711044,81.0,640x480,mpeg4,yuv420p,False,25.5
part_11/visit_video_3.mp4,visit,23.976,23.976,49.0,2.0437103770437104,61.0,640x480,h264,yuv420p,False,24.0
part_4/7055805893799301-VISIT.mp4,visit,30.0,30.0,53.0,1.7666666666666666,53.0,640x480,mpeg4,yuv420p,False,24.0
part_2/3356973641507637-VOICE.mp4,voice,30.00652315720809,30.0,46.0,1.5333333333333334,46.0,640x480,h264,yuv420p,True,24.5
part_3/408010215031793-VOICE.mp4,voice,28.161,28.161,52.0,1.8465253364582224,55.0,640x480,h264,yuv420p,True,24.5
part_11/vomit_7.mp4,vomit,29.97,29.97,29.0,0.9676343009676344,29.0,288x192,h264,yuv420p,False,30.0
part_11/vomit_video_13.mp4,vomit,29.97,29.97,79.0,2.6359693026359694,79.0,640x480,mpeg4,yuv420p,False,30.0
part_11/waste_video_3.mp4,waste,29.97,29.97,223.0,7.440774107440775,223.0,640x480,mpeg4,yuv420p,False,24.0
part_3/441835985791468-WASTE.mp4,waste,30.001986886548778,30.0,151.0,5.033333333333333,151.0,640x480,h264,yuv420p,True,24.0
part_11/watch_video_7.mp4,watch,24.0,24.0,108.0,4.5,135.0,640x480,mpeg4,yuv420p,False,26.5
part_11/watch_12.mp4,watch,29.97,29.970000000000002,85.0,2.836169502836169,85.0,640x480,mpeg4,yuv420p,False,26.5
part_6/H2O_video_10.mp4,water,29.97,29.97,118.0,3.9372706039372707,118.0,640x480,mpeg4,yuv420p,False,26.0
part_5/8633906244621417-WATER.mp4,water,30.0,29.99638597759306,84.0,2.8003373493975903,84.0,640x480,h264,yuv420p,True,26.0
part_11/weave_video_2.mp4,weave,29.97,29.97,77.0,2.569235902569236,77.0,640x480,mpeg4,yuv420p,False,20.0
part_2/28131642297999915-WEAVE.mp4,weave,29.997272975184075,30.002752546105146,110.0,3.666330275229358,109.0,640x480,h264,yuv420p,True,20.0
part_5/8544555379103123-WEIGH.mp4,weigh,14.992503748125937,14.982712255090279,40.0,2.66974358974359,80.0,640x480,h264,yuv420p,True,19.5
part_2/2186976521499402-WEIGH.mp4,weigh,30.00750187546887,30.0,40.0,1.3333333333333333,40.0,640x480,h264,yuv420p,True,19.5
part_9/keister_video_10.mp4,weird,29.97,29.97,106.0,3.5368702035368704,106.0,640x480,mpeg4,yuv420p,False,23.5
part_1/03187648265200993-WEIRD.mp4,weird,30.0,30.0,53.0,1.7666666666666666,53.0,640x480,h264,yuv420p,True,23.5
part_11/whale_7.mp4,whale,30.0,30.0,92.0,3.066666666666667,92.0,640x480,h264,yuv420p,True,22.5
part_1/1703241192438152-WHALE.mp4,whale,29.914529914529915,29.92194275802255,70.0,2.3394202898550724,70.0,640x480,h264,yuv420p,True,22.5
part_11/wheel_video_16.mp4,wheel,29.0,29.0,165.0,5.689655172413793,170.0,640x480,mpeg4,yuv420p,False,31.0
part_6/9795294817135527-WHEEL.mp4,wheel,30.0,29.996842437638144,96.0,3.200336842105263,96.0,640x480,h264,yuv420p,True,31.0
part_6/9084539059220444-WHERE.mp4,where,29.96742671009772,29.96005326231691,46.0,1.5353777777777777,46.0,640x480,h264,yuv420p,True,24.0
part_3/4223618248504115-WHERE.mp4,where,29.996629592180653,30.003409478349813,89.0,2.9663295454545455,88.0,640x480,h264,yuv420p,True,24.0
part_1/13862091664987353-WHICH.mp4,which,29.980013324450365,29.97275204359673,45.0,1.5013636363636362,45.0,640x480,h264,yuv420p,True,20.0
part_2/29098784760878327-WHICH.mp4,which,30.00447828034035,29.999999999999996,67.0,2.2333333333333334,67.0,640x480,h264,yuv420p,True,20.0
part_4/5828054326873555-WHILE.mp4,while,30.00365898280278,29.999999999999996,82.0,2.733333333333334,82.0,640x480,h264,yuv420p,True,23.0
part_5/7210531974249805-WHILE.mp4,while,30.003947887879985,30.0,76.0,2.533333333333333,76.0,640x480,h264,yuv420p,True,23.0
part_11/white_video_2.mp4,white,29.97,29.970000000000002,72.0,2.402402402402402,72.0,640x480,mpeg4,yuv420p,False,29.5
part_2/23198740707187815-WHITE.mp4,white,30.0,29.99754118514876,123.0,4.100336065573771,123.0,640x480,h264,yuv420p,True,29.5
part_11/whole_video_0.mp4,whole,29.97,29.97,76.0,2.5358692025358693,76.0,640x480,h264,yuv420p,False,26.0
part_11/whole_video_5.mp4,whole,29.97,29.97,142.0,4.738071404738071,142.0,640x480,mpeg4,yuv420p,False,26.0
part_1/11699917353944511-WINDY.mp4,windy,30.0,29.998728867420873,237.0,7.900334745762712,237.0,640x480,h264,yuv420p,True,17.5
part_5/7337255224084942-WINDY.mp4,windy,30.474,30.474,81.0,2.658003544004725,79.0,640x480,h264,yuv420p,True,17.5
part_11/witch_20241119_172658_6.mp4,witch,29.97,29.97,47.0,1.5682349015682349,47.0,640x480,mpeg4,yuv420p,False,24.0
part_11/witch_20241119_172658_15.mp4,witch,30.0,29.99558888398765,69.0,2.3003382352941175,69.0,640x480,h264,yuv420p,True,24.0
part_11/witch_20241119_172658_64.mp4,witch,31.011,31.011,105.0,3.385895327464448,101.0,640x480,h264,yuv420p,True,24.0
part_11/woman_20241119_172658_17.mp4,woman,23.976,23.976,49.0,2.0437103770437104,61.0,640x480,mpeg4,yuv420p,False,26.666666666666668
part_11/woman_20241119_172658_27.mp4,woman,29.97658079625293,29.971455756422458,64.0,2.135365079365079,64.0,640x480,h264,yuv420p,True,26.666666666666668
part_11/woman_20241119_172658_29.mp4,woman,30.00652315720809,30.0,46.0,1.5333333333333334,46.0,640x480,h264,yuv420p,True,26.666666666666668
part_11/world_video_31.mp4,world,29.97,29.970000000000002,68.0,2.2689356022689355,68.0,640x480,mpeg4,yuv420p,False,23.666666666666668
part_11/world_video_23.mp4,world,23.976,23.976,39.0,1.6266266266266267,48.0,640x480,mpeg4,yuv420p,False,23.666666666666668
part_11/world_video_28.mp4,world,29.97,29.97,80.0,2.6693360026693362,80.0,640x480,mpeg4,yuv420p,False,23.666666666666668
part_11/worry_video_0.mp4,worry,29.97,29.970000000000002,104.0,3.4701368034701363,104.0,640x480,mpeg4,yuv420p,False,19.5
part_2/24346178492469872-WORRY.mp4,worry,30.00165755014089,30.0,181.0,6.033333333333333,181.0,640x480,h264,yuv420p,True,19.5
part_2/3045453800934359-WORSE.mp4,worse,29.967036260113876,29.97275204359673,100.0,3.3363636363636364,100.0,640x480,h264,yuv420p,True,20.5
part_4/6216072480535293-WORSE.mp4,worse,29.268,29.267999999999997,66.0,2.2550225502255024,67.0,640x480,h264,yuv420p,True,20.5
part_11/wring.mp4,wring,29.97,29.970000000000002,30.0,1.0010010010010009,30.0,640x480,mpeg4,yuv420p,False,19.0
part_3/38038886909627667-WRING.mp4,wring,26.55,26.55,130.0,4.8964218455743875,146.0,640x480,h264,yuv420p,True,19.0
part_11/write_video_14.mp4,write,29.97,29.97,127.0,4.237570904237571,127.0,640x480,mpeg4,yuv420p,False,30.0
part_11/write_9.mp4,write,23.976,23.976,58.0,2.4190857524190856,72.0,640x480,mpeg4,yuv420p,False,30.0
part_11/wrong_video_10.mp4,wrong,15.36,15.36,33.0,2.1484375,64.0,640x480,mpeg4,yuv420p,False,25.5
part_4/6994938811440015-WRONG.mp4,wrong,29.99210734017364,30.0081103000811,38.0,1.2663243243243245,37.0,640x480,h264,yuv420p,True,25.5
part_4/6902128724087659-YOUNG.mp4,young,29.995775242923532,30.004286326618086,71.0,2.366328571428572,70.0,640x480,h264,yuv420p,True,23.5
part_3/44057586592649245-YOUNG.mp4,young,29.97002997002997,29.964448958862366,60.0,2.002372881355932,60.0,640x480,h264,yuv420p,True,23.5
part_4/5695730923223203-YUCKY.mp4,yucky,30.006123698714024,30.0,49.0,1.6333333333333333,49.0,640x480,h264,yuv420p,True,18.5
part_1/08985732608051511-YUCKY.mp4,yucky,29.994340690435767,30.005770340450084,53.0,1.7663269230769232,52.0,640x480,h264,yuv420p,True,18.5
part_4/6234049897280949-ZEBRA.mp4,zebra,30.329,30.328999999999997,71.0,2.340993768340532,70.0,640x480,h264,yuv420p,True,18.5
part_2/2252640115571123-ZEBRA.mp4,zebra,30.001807337791433,30.0,166.0,5.533333333333333,166.0,640x480,h264,yuv420p,True,18.5
part_5/8601391713136628-ACCENT.mp4,accent,29.91623454327882,29.911075181891675,75.0,2.507432432432432,75.0,640x480,h264,yuv420p,True,23.5
part_1/006466386479419883-ACCENT.mp4,accent,30.0,29.992684711046085,42.0,1.4003414634146343,42.0,640x480,h264,yuv420p,True,23.5
part_6/accept_12.mp4,accept,30.327,30.326999999999998,85.0,2.8027829986480697,84.0,640x480,mpeg4,yuv420p,False,23.5
part_1/10898894897979505-ACCEPT.mp4,accept,30.701,30.701000000000004,63.0,2.0520504218103643,61.0,640x480,h264,yuv420p,True,23.5
part_5/8685800603107479-ACCESS.mp4,access,30.0,29.994643813604714,57.0,1.9003392857142856,57.0,640x480,h264,yuv420p,True,21.0
part_4/7121790681768692-ACCESS.mp4,access,30.004,30.004,79.0,2.6329822690307956,78.0,640x480,mpeg4,yuv420p,False,21.0
part_5/8778046791266789-ACTION.mp4,action,30.001948178453148,30.000000000000004,154.0,5.133333333333333,154.0,640x480,h264,yuv420p,True,23.0
part_3/4857863969659344-ACTION.mp4,action,25.0,25.0,64.0,2.56,76.0,640x480,h264,yuv420p,True,23.0
part_2/31812805396277244-ADDICT.mp4,addict,30.488,30.488000000000003,173.0,5.674363684072421,170.0,640x480,h264,yuv420p,True,19.0
part_5/7764626910348973-ADDICT.mp4,addict,29.99400119976005,30.006123698714024,50.0,1.6663265306122448,49.0,640x480,h264,yuv420p,True,19.0
part_6/adjust_video_19.mp4,adjust,29.97,29.970000000000002,95.0,3.169836503169836,95.0,640x480,mpeg4,yuv420p,False,22.0
part_6/adjust_video_15.mp4,adjust,29.97,29.97,231.0,7.707707707707708,231.0,640x480,mpeg4,yuv420p,False,22.0
part_6/admire_video_3.mp4,admire,29.97,29.97,99.0,3.3033033033033035,99.0,640x480,mpeg4,yuv420p,False,20.0
part_2/3502523422635888-ADMIRE.mp4,admire,29.92179530771846,29.917469050894088,88.0,2.9414252873563216,88.0,640x480,h264,yuv420p,True,20.0
part_1/10761069132949075-AFRICA.mp4,africa,30.008110300081103,30.0,37.0,1.2333333333333334,37.0,640x480,h264,yuv420p,True,24.0
part_1/003572310576983817-AFRICA.mp4,africa,30.0,29.996629592180657,90.0,3.000337078651685,90.0,640x480,h264,yuv420p,True,24.0
part_6/9695686579199725-AGENCY.mp4,agency,30.421,30.421000000000003,63.0,2.070937838992801,62.0,640x480,h264,yuv420p,True,19.0
part_4/637166540888664-AGENCY.mp4,agency,30.0,29.995775242923532,72.0,2.400338028169014,72.0,640x480,h264,yuv420p,True,19.0
part_6/Alaska.mp4,alaska,29.97,29.970000000000002,68.0,2.2689356022689355,68.0,640x480,mpeg4,yuv420p,False,18.0
part_2/19151595519059494-ALASKA.mp4,alaska,30.481,30.480999999999998,88.0,2.8870443883074706,86.0,640x480,mpeg4,yuv420p,False,18.0
part_5/763498941361828-ALL WAY.mp4,allway,29.92633517495396,29.920523609163162,65.0,2.172421875,65.0,640x480,h264,yuv420p,True,10.333333333333334
part_1/02711411387156848-ALL WAY.mp4,allway,30.004688232536335,30.000000000000004,64.0,2.133333333333333,64.0,640x480,h264,yuv420p,True,10.333333333333334
part_1/061121861139364464-ALL WAY.mp4,allway,30.0,29.99558888398765,69.0,2.3003382352941175,69.0,640x480,h264,yuv420p,True,10.333333333333334
part_6/almost_video_4.mp4,almost,23.976,23.976,90.0,3.7537537537537538,112.0,640x480,mpeg4,yuv420p,False,21.5
part_6/almost.mp4,almost,29.97,29.97,64.0,2.135468802135469,64.0,640x480,h264,yuv420p,False,21.5
part_6/always_video_1.mp4,always,29.97002997002997,29.97002997002997,73.0,2.435766666666667,73.0,512x384,h264,yuv420p,False,23.0
part_4/5637115074804606-ALWAYS.mp4,always,30.0,29.991431019708653,36.0,1.2003428571428572,36.0,640x480,h264,yuv420p,True,23.0
part_6/animal_13.mp4,animal,29.97,29.970000000000002,54.0,1.8018018018018016,54.0,288x192,h264,yuv420p,False,33.0
part_5/8470723155711255-ANIMAL.mp4,animal,30.371,30.371,92.0,3.0292054920812617,90.0,640x480,h264,yuv420p,True,33.0
part_3/4793596621710592-ANIMAL.mp4,animal,30.00365898280278,29.999999999999996,82.0,2.733333333333334,82.0,640x480,h264,yuv420p,True,33.0
part_6/answer_video_12.mp4,answer,29.97,29.970000000000002,163.0,5.438772105438772,163.0,640x480,mpeg4,yuv420p,False,25.5
part_1/013172617492703598-ANSWER.mp4,answer,30.0,29.994643813604714,57.0,1.9003392857142856,57.0,640x480,h264,yuv420p,True,25.5
part_5/7224199836145444-ANYONE.mp4,anyone,29.842647856755292,29.834254143646408,55.0,1.8435185185185186,55.0,640x480,h264,yuv420p,True,18.0
part_1/16545894863628696-ANYONE.mp4,anyone,30.004688232536335,30.0,64.0,2.1333333333333333,64.0,640x480,h264,yuv420p,True,18.0
part_4/6592056777778998-APPEAR.mp4,appear,30.714,30.714000000000002,52.0,1.693039005014,50.0,640x480,h264,yuv420p,True,25.0
part_5/8923422468814945-APPEAR.mp4,appear,29.996250468691414,30.003797949107483,80.0,2.6663291139240504,79.0,640x480,h264,yuv420p,True,25.0
part_6/arrest_20241119_172633_13.mp4,arrest,29.929577464788732,29.922202274087372,51.0,1.70442,51.0,640x480,h264,yuv420p,True,34.0
part_6/arrest_20241119_172633_87.mp4,arrest,30.00447828034035,30.000000000000004,67.0,2.233333333333333,67.0,640x480,h264,yuv420p,True,34.0
part_6/arrest_20241119_172633_99.mp4,arrest,30.0,29.995162070633768,63.0,2.1003387096774193,63.0,640x480,h264,yuv420p,True,34.0
part_6/arrive_video_4.mp4,arrive,29.97,29.97,60.0,2.002002002002002,60.0,640x480,mpeg4,yuv420p,False,21.0
part_2/18379932971765545-ARRIVE.mp4,arrive,30.00447828034035,29.999999999999996,67.0,2.2333333333333334,67.0,640x480,h264,yuv420p,True,21.0
part_1/006112291010692106-ASSIGN.mp4,assign,30.002542588354945,30.0,118.0,3.933333333333333,118.0,640x480,h264,yuv420p,True,10.666666666666666
part_3/44776986101909877-ASSIGN.mp4,assign,29.974720115565187,29.970760233918128,83.0,2.769365853658537,83.0,640x480,h264,yuv420p,True,10.666666666666666
part_5/8215964391296668-ASSIGN.mp4,assign,29.923170238576628,29.918032786885245,74.0,2.4734246575342467,74.0,640x480,h264,yuv420p,True,10.666666666666666
part_6/assist_8.mp4,assist,30.37,30.369999999999997,76.0,2.5024695423114918,75.0,640x480,mpeg4,yuv420p,False,32.0
part_3/40652817246538375-ASSIST.mp4,assist,29.97737556561086,29.971181556195965,53.0,1.7683653846153846,53.0,640x480,h264,yuv420p,True,32.0
part_6/autism_20241119_172633_8.mp4,autism,29.920212765957448,29.915966386554626,90.0,3.0084269662921344,90.0,640x480,h264,yuv420p,True,32.5
part_6/autism_20241119_172633_49.mp4,autism,29.92194275802255,29.916410030796303,69.0,2.3064264705882356,69.0,640x480,h264,yuv420p,True,32.5
part_6/backup_video_0.mp4,backup,29.97,29.970000000000002,95.0,3.169836503169836,95.0,640x480,h264,yuv420p,False,29.0
part_6/backup_video_6.mp4,backup,23.976,23.976,28.0,1.1678345011678346,35.0,640x480,mpeg4,yuv420p,False,29.0
part_6/banana_20241119_172634_8.mp4,banana,25.0,25.0,80.0,3.2,96.0,640x480,mpeg4,yuv420p,False,46.0
part_6/banana_20241119_172634_54.mp4,banana,29.994643813604714,30.00545553737043,56.0,1.8663272727272728,55.0,640x480,h264,yuv420p,True,46.0
part_6/banana_20241119_172634_60.mp4,banana,30.501,30.501,126.0,4.131012097964001,123.0,640x480,h264,yuv420p,True,46.0
part_6/9772004004889832-BARELY.mp4,barely,29.997,29.997,110.0,3.6670333700036672,110.0,640x480,mpeg4,yuv420p,False,25.0
part_1/09465968724119245-seedBARELY.mp4,barely,29.969650986342945,29.967551059362474,158.0,5.272369426751593,158.0,640x480,h264,yuv420p,True,25.0
part_7/basket_20241119_172634_33.mp4,basket,29.995775242923532,30.004286326618086,71.0,2.366328571428572,70.0,640x480,h264,yuv420p,True,34.0
part_7/basket_20241119_172634_38.mp4,basket,29.99610440202571,30.003947887879985,77.0,2.566328947368421,76.0,640x480,h264,yuv420p,True,34.0
part_2/20551774602534345-BEANIE.mp4,beanie,29.975020815986678,29.970451667370202,72.0,2.402366197183098,72.0,640x480,h264,yuv420p,True,10.333333333333334
part_1/011696803212028817-BEANIE.mp4,beanie,30.303,30.303,107.0,3.531003531003531,105.0,640x480,h264,yuv420p,True,10.333333333333334
part_2/20358862080750018-BEANIE.mp4,beanie,29.97002997002997,29.964448958862366,60.0,2.002372881355932,60.0,640x480,h264,yuv420p,True,10.333333333333334
part_2/26489688307705284-BEAVER.mp4,beaver,25.0,25.0,92.0,3.68,110.0,640x480,h264,yuv420p,True,18.0
part_1/06719565918762238-BEAVER.mp4,beaver,29.920692141312184,29.916089018606346,83.0,2.7744268292682928,83.0,640x480,h264,yuv420p,True,18.0
part_4/595659331701432-BECOME.mp4,become,25.0,25.0,65.0,2.6,78.0,640x480,h264,yuv420p,True,20.0
part_3/44032563676770886-BECOME.mp4,become,29.99651203348448,30.003529827038474,86.0,2.8663294117647062,85.0,640x480,h264,yuv420p,True,20.0
part_7/before_video_20.mp4,before,29.97,29.97,76.0,2.5358692025358693,76.0,640x480,mpeg4,yuv420p,False,25.666666666666668
part_7/before_26.mp4,before,29.97,29.97,28.0,0.9342676009342676,28.0,288x192,h264,yuv420p,False,25.666666666666668
part_3/4197770326170689-BEFORE.mp4,before,29.915771129828638,29.92079788794368,103.0,3.4424215686274504,103.0,640x480,h264,yuv420p,True,25.666666666666668
part_7/behind_video_7.mp4,behind,29.97,29.97,79.0,2.6359693026359694,79.0,640x480,mpeg4,yuv420p,False,28.5
part_7/behind_video_5.mp4,behind,29.97,29.97,50.0,1.6683350016683351,50.0,640x480,mpeg4,yuv420p,False,28.5
part_7/better_video_11.mp4,better,29.97,29.97,97.0,3.2365699032365702,97.0,640x480,h264,yuv420p,False,26.0
part_6/9504749022893753-BETTER.mp4,better,30.0,29.993618379068284,48.0,1.600340425531915,48.0,640x480,h264,yuv420p,True,26.0
part_7/blinds_20241119_180303_25.mp4,blinds,29.969308539447553,29.96730839084635,166.0,5.539369696969697,166.0,640x480,h264,yuv420p,True,29.5
part_7/blinds_20241119_180303_40.mp4,blinds,28.878,28.878,94.0,3.255073066001801,97.0,640x480,h264,yuv420p,True,29.5
part_7/blouse_video_1.mp4,blouse,29.97,29.970000000000002,95.0,3.169836503169836,95.0,640x480,h264,yuv420p,False,11.0
part_5/8212055107925722-BLOUSE.mp4,blouse,29.995385325334563,30.004688232536335,65.0,2.1663281249999997,64.0,640x480,h264,yuv420p,True,11.0
part_1/056094110311323275-BLOUSE.mp4,blouse,30.407,30.407,62.0,2.0390041766698457,61.0,640x480,h264,yuv420p,True,11.0
part_7/borrow_8.mp4,borrow,29.97,29.97,47.0,1.5682349015682349,47.0,288x192,h264,yuv420p,False,22.0
part_4/5692457968488476-BORROW.mp4,borrow,30.0,29.997479203428284,120.0,4.000336134453781,120.0,640x480,h264,yuv420p,True,22.0
part_4/662213227167517-BOSTON.mp4,boston,30.0,29.997710098465767,132.0,4.400335877862595,132.0,640x480,h264,yuv420p,True,16.5
part_6/9752030835719785-BOSTON.mp4,boston,29.844097995545656,29.837251356238703,67.0,2.2455151515151512,67.0,640x480,h264,yuv420p,True,16.5
part_7/bother_10.mp4,bother,29.97,29.97,89.0,2.9696363029696364,89.0,288x192,h264,yuv420p,False,32.0
part_7/bother_video_3.mp4,bother,29.97002997002997,29.97002997002997,91.0,3.036366666666667,91.0,512x384,h264,yuv420p,False,32.0
part_4/5506938029180888-BOTTLE.mp4,bottle,30.00968054211036,30.0,31.0,1.0333333333333334,31.0,640x480,h264,yuv420p,True,24.0
part_4/6075631787111653-BOTTLE.mp4,bottle,29.451,29.450999999999997,67.0,2.2749651964279654,68.0,640x480,h264,yuv420p,True,24.0
part_7/bottom_video_5.mp4,bottom,29.97,29.97,50.0,1.6683350016683351,50.0,640x480,h264,yuv420p,False,31.5
part_7/bottom_15.mp4,bottom,29.97,29.97,40.0,1.3346680013346681,40.0,640x480,mpeg4,yuv420p,False,31.5
part_5/7714794969926679-BOUNCE.mp4,bounce,30.396,30.396,69.0,2.2700355309909197,68.0,640x480,h264,yuv420p,True,26.0
part_4/5897962235833296-BOUNCE.mp4,bounce,29.974160206718345,29.96845425867508,58.0,1.9353684210526314,58.0,640x480,h264,yuv420p,True,26.0
part_2/30332381891097904-BOWTIE.mp4,bowtie,30.006978367062107,30.000000000000004,43.0,1.4333333333333331,43.0,640x480,h264,yuv420p,True,10.333333333333334
part_5/7786100367371376-BOWTIE.mp4,bowtie,30.243,30.243,92.0,3.0420262540091922,91.0,640x480,h264,yuv420p,True,10.333333333333334
part_2/252826089074325-BOWTIE.mp4,bowtie,30.094,30.094,311.0,10.334285904166943,310.0,640x480,h264,yuv420p,True,10.333333333333334
part_6/9383898598024172-BOXING.mp4,boxing,25.0,25.0,82.0,3.28,98.0,640x480,h264,yuv420p,True,21.0
part_2/2189584700386229-BOXING.mp4,boxing,29.967159277504106,29.975020815986674,73.0,2.4353611111111113,73.0,640x480,h264,yuv420p,True,21.0
part_5/851295603065974-BRAIDS.mp4,braids,29.92633517495396,29.920523609163162,65.0,2.172421875,65.0,640x480,h264,yuv420p,True,10.666666666666666
part_5/7362879567649985-BRAIDS.mp4,braids,29.966329966329965,29.97275204359673,89.0,2.9693636363636364,89.0,640x480,h264,yuv420p,True,10.666666666666666
part_3/4714783693619875-BRAIDS.mp4,braids,29.99610440202571,30.003947887879985,77.0,2.566328947368421,76.0,640x480,h264,yuv420p,True,10.666666666666666
part_7/bridge_20241119_172635_24.mp4,bridge,30.578,30.577999999999992,63.0,2.0603047942965538,61.0,640x480,h264,yuv420p,True,25.0
part_7/bridge_20241119_172635_36.mp4,bridge,30.0,29.994643813604714,57.0,1.9003392857142856,57.0,640x480,h264,yuv420p,True,25.0
part_7/bridge_20241119_172635_64.mp4,bridge,30.406,30.406,81.0,2.6639479050187465,79.0,640x480,h264,yuv420p,True,25.0
part_4/63226247444836-BRIGHT.mp4,bright,30.564,30.564,85.0,2.7810496008375867,83.0,640x480,h264,yuv420p,True,27.0
part_1/07582590427612179-BRIGHT.mp4,bright,30.0,29.995385325334567,66.0,2.200338461538461,66.0,640x480,h264,yuv420p,True,27.0
part_7/buckle_20241119_172635_37.mp4,buckle,30.004110152075626,30.0,73.0,2.433333333333333,73.0,640x480,h264,yuv420p,True,32.5
part_7/buckle_20241119_172635_41.mp4,buckle,30.002608922515,30.0,115.0,3.8333333333333335,115.0,640x480,h264,yuv420p,True,32.5
part_7/budget_video_3.mp4,budget,29.97,29.97,37.0,1.234567901234568,37.0,640x480,mpeg4,yuv420p,False,19.0
part_3/3748681331603294-BUDGET.mp4,budget,29.973772948669914,29.96965098634295,80.0,2.6693670886075944,80.0,640x480,h264,yuv420p,True,19.0
part_4/6947179407989328-BUSTED.mp4,busted,30.0,29.995946493717064,75.0,2.500337837837838,75.0,640x480,h264,yuv420p,True,17.0
part_3/36944671188387734-BUSTED.mp4,busted,29.968454258675077,29.974489795918366,95.0,3.16936170212766,95.0,640x480,h264,yuv420p,True,17.0
part_7/butter_video_7.mp4,butter,29.97,29.97,160.0,5.3386720053386725,160.0,640x480,mpeg4,yuv420p,False,23.0
part_2/27132753275576826-BUTTER.mp4,butter,29.994643813604714,30.00545553737043,56.0,1.8663272727272728,55.0,640x480,h264,yuv420p,True,23.0
part_3/5102007840743572-CAMERA.mp4,camera,29.96914940502424,29.964221824686938,68.0,2.2693731343283585,68.0,640x480,h264,yuv420p,True,23.0
part_4/5426746451173785-CAMERA.mp4,camera,29.97275204359673,29.970451667370195,143.0,4.771366197183099,143.0,640x480,h264,yuv420p,True,23.0
part_7/canada_3.mp4,canada,23.976,23.976,63.0,2.6276276276276276,78.0,640x480,mpeg4,yuv420p,False,23.0
part_5/7512417128553919-CANADA.mp4,canada,29.149,29.148999999999997,126.0,4.322618271638822,129.0,640x480,h264,yuv420p,True,23.0
part_7/cancel_20241119_172636.mp4,cancel,23.976,23.976,83.0,3.4617951284617954,103.0,640x480,h264,yuv420p,False,25.0
part_7/cancel_20241119_172636_29.mp4,cancel,29.97275204359673,29.97088542558657,176.0,5.872365714285715,176.0,640x480,h264,yuv420p,True,25.0
part_7/cancel_20241119_172636_56.mp4,cancel,25.0,25.0,74.0,2.96,88.0,640x480,h264,yuv420p,True,25.0
part_7/cancer_20241119_172636_34.mp4,cancer,29.997029997029998,30.003000300030006,101.0,3.3663299999999996,100.0,640x480,h264,yuv420p,True,32.0
part_7/cancer_20241119_172636_55.mp4,cancer,29.997479203428284,30.002542588354945,119.0,3.9663305084745764,118.0,640x480,h264,yuv420p,True,32.0
part_1/053736961760217916-CANDLE.mp4,candle,30.00447828034035,29.999999999999996,67.0,2.2333333333333334,67.0,640x480,h264,yuv420p,True,21.0
part_5/8425270346773122-CANDLE.mp4,candle,29.995385325334563,30.004688232536335,65.0,2.1663281249999997,64.0,640x480,h264,yuv420p,True,21.0
part_6/9738124822287095-CANNON.mp4,cannon,30.004688232536335,30.0,64.0,2.1333333333333333,64.0,640x480,h264,yuv420p,True,17.0
part_2/305627764030979-CANNON.mp4,cannon,29.966703662597116,29.973772948669914,81.0,2.7023625,81.0,640x480,h264,yuv420p,True,17.0
part_3/3634545302775196-CANNOT.mp4,cannot,14.990328820116055,14.985014985014987,31.0,2.0687333333333333,62.0,640x480,h264,yuv420p,True,21.5
part_3/4888901019829972-CANNOT.mp4,cannot,30.803,30.803,41.0,1.3310391844950167,39.0,640x480,mpeg4,yuv420p,False,21.5
part_7/carrot_20241119_172636_65.mp4,carrot,30.006123698714024,30.0,49.0,1.6333333333333333,49.0,640x480,h264,yuv420p,True,36.0
part_7/carrot_20241119_172636_75.mp4,carrot,29.993618379068284,30.00652315720809,47.0,1.5663260869565216,46.0,640x480,h264,yuv420p,True,36.0
part_7/carrot_20241119_172636_92.mp4,carrot,25.654,25.654,99.0,3.8590473220550403,115.0,640x480,h264,yuv420p,True,36.0
part_7/castle_20241119_172636_37.mp4,castle,30.0,29.99638597759306,84.0,2.8003373493975903,84.0,640x480,h264,yuv420p,True,41.333333333333336
part_7/castle_20241119_172636_43.mp4,castle,29.671,29.671,76.0,2.5614236122813523,76.0,640x480,h264,yuv420p,True,41.333333333333336
part_7/castle_20241119_172636_107.mp4,castle,29.99840434019467,30.001604363869728,188.0,6.266331550802138,187.0,640x480,h264,yuv420p,True,41.333333333333336
part_7/casual_video_3.mp4,casual,29.97,29.97,115.0,3.8371705038371706,115.0,640x480,mpeg4,yuv420p,False,18.0
part_6/9431640847782232-CASUAL.mp4,casual,30.0,29.99638597759306,84.0,2.8003373493975903,84.0,640x480,h264,yuv420p,True,18.0
part_5/8388624178421817-seedCELERY.mp4,celery,30.303,30.303,113.0,3.729003729003729,111.0,640x480,h264,yuv420p,True,17.0
part_5/8007639597218466-CELERY.mp4,celery,29.974038234599952,29.971455756422458,127.0,4.237365079365079,127.0,640x480,h264,yuv420p,True,17.0
part_7/center_15.mp4,center,23.976,23.976,31.0,1.2929596262929597,38.0,640x480,mpeg4,yuv420p,False,23.0
part_7/center_video_18.mp4,center,29.97,29.970000000000002,91.0,3.0363697030363697,91.0,640x480,mpeg4,yuv420p,False,23.0
part_2/19102300390841576-CENTER.mp4,center,15.004055150040552,15.0,37.0,2.466666666666667,74.0,640x480,h264,yuv420p,True,23.0
part_7/cereal_video_11.mp4,cereal,29.97,29.970000000000002,59.0,1.9686353019686351,59.0,640x480,mpeg4,yuv420p,False,26.0
part_7/cereal_video_8.mp4,cereal,30.0,30.0,127.0,4.233333333333333,127.0,640x480,mpeg4,yuv420p,False,26.0
part_7/chance_4.mp4,chance,23.976,23.976,53.0,2.210543877210544,66.0,640x480,mpeg4,yuv420p,False,27.5
part_2/27538078966291435-CHANCE.mp4,chance,30.0,29.993618379068284,48.0,1.600340425531915,48.0,640x480,h264,yuv420p,True,27.5
part_7/change_5.mp4,change,25.0,24.999999999999996,69.0,2.7600000000000002,82.0,640x480,h264,yuv420p,False,31.0
part_3/47206663865385545-CHANGE.mp4,change,30.0,29.992684711046085,42.0,1.4003414634146343,42.0,640x480,h264,yuv420p,True,31.0
part_7/charge_video_2.mp4,charge,29.97,29.97,49.0,1.6349683016349683,49.0,640x480,mpeg4,yuv420p,False,25.0
part_3/4334982896949342-CHARGE.mp4,charge,30.00365898280278,30.000000000000004,82.0,2.733333333333333,82.0,640x480,h264,yuv420p,True,25.0
part_2/32225355297489533-CHEESE.mp4,cheese,30.0,29.99823539791777,171.0,5.700335294117647,171.0,640x480,h264,yuv420p,True,23.0
part_2/3036534782847351-CHEESE.mp4,cheese,30.006,30.006,52.0,1.7329867359861362,51.0,640x480,mpeg4,yuv420p,False,23.0
part_7/cherry_20241119_172637_20.mp4,cherry,30.0,29.995775242923532,72.0,2.400338028169014,72.0,640x480,h264,yuv420p,True,34.0
part_7/cherry_20241119_172637_37.mp4,cherry,30.002419549963708,30.000000000000004,124.0,4.133333333333333,124.0,640x480,h264,yuv420p,True,34.0
part_7/church_8.mp4,church,29.97,29.97,39.0,1.3013013013013013,39.0,640x480,mpeg4,yuv420p,False,23.5
part_2/2564743607263267-CHURCH.mp4,church,30.453,30.453,50.0,1.6418743637736841,49.0,640x480,h264,yuv420p,True,23.5
part_7/circle_video_17.mp4,circle,29.97,29.970000000000002,95.0,3.169836503169836,95.0,640x480,mpeg4,yuv420p,False,28.0
part_2/24133511848986-CIRCLE.mp4,circle,30.0,29.99434069043577,54.0,1.8003396226415092,54.0,640x480,h264,yuv420p,True,28.0
part_2/295061685532646-CLAUSE.mp4,clause,29.914529914529915,29.92194275802255,70.0,2.3394202898550724,70.0,640x480,h264,yuv420p,True,10.666666666666666
part_1/15482497857476263-CLAUSE.mp4,clause,25.0,24.999999999999996,69.0,2.7600000000000002,82.0,640x480,h264,yuv420p,True,10.666666666666666
part_2/2531065034150297-CLAUSE.mp4,clause,29.995588883987647,30.004478280340347,68.0,2.2663283582089555,67.0,640x480,h264,yuv420p,True,10.666666666666666
part_3/45522547932041335-CLIENT.mp4,client,30.429,30.429000000000002,80.0,2.6290709520523183,78.0,640x480,h264,yuv420p,True,19.0
part_2/19749527870729988-CLIENT.mp4,client,29.96941896024465,29.96601791782515,98.0,3.2703711340206185,98.0,640x480,h264,yuv420p,True,19.0
part_7/closet_20241119_172637_3.mp4,closet,29.97,29.97,32.0,1.0677344010677345,32.0,640x480,mpeg4,yuv420p,False,26.666666666666668
part_7/closet_20241119_172637_4.mp4,closet,29.97,29.970000000000002,75.0,2.5025025025025025,75.0,640x480,mpeg4,yuv420p,False,26.666666666666668
part_7/closet_20241119_172637_19.mp4,closet,29.97,29.97,96.0,3.2032032032032034,96.0,640x480,mpeg4,yuv420p,False,26.666666666666668
part_2/3559723766609495-COFFEE.mp4,coffee,29.996250468691414,30.003797949107483,80.0,2.6663291139240504,79.0,640x480,h264,yuv420p,True,24.5
part_1/029190112469061447-seedCOFFEE.mp4,coffee,30.0,29.99823539791777,171.0,5.700335294117647,171.0,640x480,h264,yuv420p,True,24.5
part_7/cookie_video_13.mp4,cookie,29.0,29.0,173.0,5.9655172413793105,178.0,640x480,mpeg4,yuv420p,False,28.0
part_3/4066086933377757-COOKIE.mp4,cookie,30.0,29.99558888398765,69.0,2.3003382352941175,69.0,640x480,h264,yuv420p,True,28.0
part_3/4574770617964685-CORNER.mp4,corner,30.002158428663932,30.000000000000004,139.0,4.633333333333333,139.0,640x480,h264,yuv420p,True,24.5
part_2/21575808056407753-CORNER.mp4,corner,30.0,29.996250468691414,81.0,2.7003375,81.0,640x480,h264,yuv420p,True,24.5
part_7/cousin_16.mp4,cousin,29.97,29.970000000000002,59.0,1.9686353019686351,59.0,288x192,h264,yuv420p,False,23.5
part_3/5257926876077117-COUSIN.mp4,cousin,29.997272975184075,30.002752546105146,110.0,3.666330275229358,109.0,640x480,h264,yuv420p,True,23.5
part_2/3100682726323747-COWBOY.mp4,cowboy,25.0,25.0,89.0,3.56,106.0,640x480,h264,yuv420p,True,10.666666666666666
part_2/3186897194617564-seedCOWBOY.mp4,cowboy,30.278,30.278,112.0,3.6990554197767356,110.0,640x480,h264,yuv420p,True,10.666666666666666
part_5/835590735705803-COWBOY.mp4,cowboy,30.244,30.244000000000003,78.0,2.5790239386324556,77.0,640x480,h264,yuv420p,True,10.666666666666666
part_2/25993662411872887-CRANKY.mp4,cranky,30.0,29.992684711046085,42.0,1.4003414634146343,42.0,640x480,h264,yuv420p,True,10.666666666666666
part_4/6898707540545106-CRANKY.mp4,cranky,29.922522041143466,29.919137466307276,112.0,3.7434234234234234,112.0,640x480,h264,yuv420p,True,10.666666666666666
part_1/17267589398895922-CRANKY.mp4,cranky,30.356,30.355999999999998,69.0,2.2730267492423244,68.0,640x480,h264,yuv420p,True,10.666666666666666
part_7/create_video_2.mp4,create,29.97002997002997,29.97002997002997,102.0,3.4034,102.0,512x384,h264,yuv420p,False,24.5
part_2/3117424410424654-CREATE.mp4,create,30.0,29.99434069043577,54.0,1.8003396226415092,54.0,640x480,h264,yuv420p,True,24.5
part_7/dancer_3.mp4,dancer,25.0,25.0,73.0,2.92,87.0,640x480,mpeg4,yuv420p,False,18.0
part_1/12712616260351028-DANCER.mp4,dancer,29.922779922779924,29.91869918699187,93.0,3.1084239130434783,93.0,640x480,h264,yuv420p,True,18.0
part_7/danger_video_0.mp4,danger,23.976,23.976,52.0,2.1688355021688355,65.0,640x480,mpeg4,yuv420p,False,20.5
part_5/8766883347750865-DANGER.mp4,danger,30.0,30.0,49.0,1.6333333333333333,49.0,640x480,mpeg4,yuv420p,False,20.5
part_7/decide_20241119_172639_11.mp4,decide,23.976,23.976,29.0,1.2095428762095428,36.0,640x480,mpeg4,yuv420p,False,25.0
part_7/decide_20241119_172639_39.mp4,decide,29.996,29.996,77.0,2.5670089345246034,77.0,640x480,mpeg4,yuv420p,False,25.0
part_7/decide_20241119_172639_69.mp4,decide,29.997710098465767,30.00230786983614,131.0,4.366330769230769,130.0,640x480,h264,yuv420p,True,25.0
part_6/906079223645682-DEFEAT.mp4,defeat,29.967036260113876,29.97275204359673,100.0,3.3363636363636364,100.0,640x480,h264,yuv420p,True,19.0
part_5/7745857790794899-DEFEAT.mp4,defeat,28.379,28.379,56.0,1.9732901088833292,59.0,640x480,h264,yuv420p,True,19.0
part_2/1952536922716328-DEGREE.mp4,degree,30.734,30.733999999999998,54.0,1.757011778486367,52.0,640x480,h264,yuv420p,True,20.5
part_1/0059711020824766425-DEGREE.mp4,degree,30.0,29.996250468691414,81.0,2.7003375,81.0,640x480,h264,yuv420p,True,20.5
part_7/demand_20241119_172639_2.mp4,demand,29.97002997002997,29.97002997002997,90.0,3.003,90.0,640x480,h264,yuv420p,False,27.0
part_7/demand_20241119_172639_19.mp4,demand,29.97,29.97,67.0,2.235568902235569,67.0,640x480,mpeg4,yuv420p,False,27.0
part_8/demand_20241119_172639_64.mp4,demand,30.0,29.995385325334567,66.0,2.200338461538461,66.0,640x480,h264,yuv420p,True,27.0
part_8/demote_video_3.mp4,demote,29.97,29.970000000000002,51.0,1.7017017017017015,51.0,640x480,mpeg4,yuv420p,False,18.0
part_3/4393671567213542-DEMOTE.mp4,demote,25.0,25.0,76.0,3.04,91.0,640x480,h264,yuv420p,True,18.0
part_8/desert.mp4,desert,29.97,29.97,39.0,1.3013013013013013,39.0,640x480,mpeg4,yuv420p,False,23.0
part_2/19555143420060128-DESERT.mp4,desert,31.293,31.293,67.0,2.1410539098200876,64.0,640x480,h264,yuv420p,True,23.0
part_8/design_video_1.mp4,design,29.97,29.970000000000002,81.0,2.7027027027027026,81.0,640x480,mpeg4,yuv420p,False,26.0
part_3/49534662119341966-DESIGN.mp4,design,29.970760233918128,29.962546816479403,41.0,1.368375,41.0,640x480,h264,yuv420p,True,26.0
part_8/devour_video_2.mp4,devour,29.97,29.970000000000002,88.0,2.936269602936269,88.0,640x480,mpeg4,yuv420p,False,18.0
part_1/08167080058381582-DEVOUR.mp4,devour,29.844097995545656,29.837251356238703,67.0,2.2455151515151512,67.0,640x480,h264,yuv420p,True,18.0
part_5/8516777186517894-DIAPER.mp4,diaper,29.99693908784818,30.003093102381687,98.0,3.2663298969072168,97.0,640x480,h264,yuv420p,True,21.0
part_1/1186350330164565-DIAPER.mp4,diaper,30.001579030475288,30.0,190.0,6.333333333333333,190.0,640x480,h264,yuv420p,True,21.0
part_8/dinner_20241119_172640_17.mp4,dinner,23.976,23.976000000000003,62.0,2.585919252585919,77.0,640x480,mpeg4,yuv420p,False,26.666666666666668
part_8/dinner_20241119_172640_77.mp4,dinner,29.974489795918366,29.967426710097723,47.0,1.5683695652173912,47.0,640x480,h264,yuv420p,True,26.666666666666668
part_8/dinner_20241119_172640_78.mp4,dinner,29.97275204359673,29.966703662597112,55.0,1.8353703703703705,55.0,640x480,h264,yuv420p,True,26.666666666666668
part_4/5707086234873997-DISNEY.mp4,disney,29.996250468691414,30.003797949107483,80.0,2.6663291139240504,79.0,640x480,h264,yuv420p,True,17.5
part_1/057961626489608786-DISNEY.mp4,disney,29.991431019708656,30.00882612533098,35.0,1.1663235294117646,34.0,640x480,h264,yuv420p,True,17.5
part_8/divide_10.mp4,divide,30.0,30.0,88.0,2.933333333333333,88.0,640x480,h264,yuv420p,True,26.5
part_2/24656148000917666-DIVIDE.mp4,divide,30.00206910821436,30.0,145.0,4.833333333333333,145.0,640x480,h264,yuv420p,True,26.5
part_8/doctor_20241119_172640_29.mp4,doctor,15.169541939321832,15.16530178950561,51.0,3.36294,100.0,640x480,h264,yuv420p,True,28.666666666666668
part_8/doctor_20241119_172640_38.mp4,doctor,30.329,30.329,96.0,3.165287348742128,94.0,640x480,h264,yuv420p,True,28.666666666666668
part_8/doctor_20241119_172640_66.mp4,doctor,30.724,30.723999999999997,64.0,2.083062101288895,62.0,640x480,h264,yuv420p,True,28.666666666666668
part_3/3599563560615682-DONKEY.mp4,donkey,24.24,24.240000000000002,85.0,3.5066006600660065,105.0,640x480,h264,yuv420p,True,17.0
part_1/1076383990208638-DONKEY.mp4,donkey,29.997115661955583,30.002912904165456,104.0,3.4663300970873783,103.0,640x480,h264,yuv420p,True,17.0
part_4/622465892789205-DOUBLE.mp4,double,29.978586723768736,29.97275204359673,56.0,1.8683636363636362,56.0,640x480,h264,yuv420p,True,24.5
part_5/8702489292382782-DOUBLE.mp4,double,29.834254143646408,29.82848620432513,81.0,2.715525,81.0,640x480,h264,yuv420p,True,24.5
part_5/8914968718031042-seedDRAGON.mp4,dragon,30.364,30.364,119.0,3.9191147411408247,117.0,640x480,h264,yuv420p,True,18.5
part_4/6203808185694046-DRAGON.mp4,dragon,30.008110300081103,30.0,37.0,1.2333333333333334,37.0,640x480,h264,yuv420p,True,18.5
part_8/drawer_9.mp4,drawer,29.97,29.970000000000002,46.0,1.534868201534868,46.0,288x192,h264,yuv420p,False,22.0
part_1/1550374651873463-DRAWER.mp4,drawer,29.97560125479261,29.97179125528914,86.0,2.869364705882353,86.0,640x480,h264,yuv420p,True,22.0
part_3/531487149082726-EASTER.mp4,easter,30.0,29.99638597759306,84.0,2.8003373493975903,84.0,640x480,h264,yuv420p,True,23.0
part_5/7409663262626625-EASTER.mp4,easter,14.991181657848324,14.986376021798366,34.0,2.2687272727272725,68.0,640x480,h264,yuv420p,True,23.0
part_1/040062474583947294-EFFECT.mp4,effect,29.975020815986678,29.970451667370202,72.0,2.402366197183098,72.0,640x480,h264,yuv420p,True,23.0
part_2/21575193782807123-EFFECT.mp4,effect,30.526,30.526,62.0,2.031055493677521,60.0,640x480,h264,yuv420p,True,23.0
part_8/either_video_2.mp4,either,29.97,29.970000000000002,94.0,3.1364698031364697,94.0,640x480,h264,yuv420p,False,20.0
part_8/either_2.mp4,either,23.976,23.976000000000003,59.0,2.460794127460794,73.0,640x480,mpeg4,yuv420p,False,20.0
part_2/2531498398025418-ELEVEN.mp4,eleven,29.919802590993214,29.91586163913992,97.0,3.2424270833333333,97.0,640x480,h264,yuv420p,True,19.0
part_3/42062102594500606-ELEVEN.mp4,eleven,29.994340690435767,30.005770340450084,53.0,1.7663269230769232,52.0,640x480,h264,yuv420p,True,19.0
part_8/energy_6.mp4,energy,29.97,29.970000000000002,38.0,1.2679346012679344,38.0,288x192,h264,yuv420p,False,22.5
part_8/energy_4.mp4,energy,30.0,30.0,91.0,3.033333333333333,91.0,640x480,h264,yuv420p,True,22.5
part_8/enough_video_2.mp4,enough,29.97,29.970000000000002,65.0,2.1688355021688355,65.0,640x480,mpeg4,yuv420p,False,20.0
part_5/7414975897417961-ENOUGH.mp4,enough,30.627,30.627000000000002,81.0,2.644725242433147,79.0,640x480,mpeg4,yuv420p,False,20.0
part_3/5074168700798052-ERASER.mp4,eraser,30.00428632661809,30.000000000000004,70.0,2.333333333333333,70.0,640x480,h264,yuv420p,True,22.0
part_6/9352677927623119-ERASER.mp4,eraser,30.0,30.0,64.0,2.1333333333333333,64.0,640x480,mpeg4,yuv420p,False,22.0
part_5/7798893370763214-ESCAPE.mp4,escape,29.997986712301188,30.002027163997568,149.0,4.966331081081081,148.0,640x480,h264,yuv420p,True,23.5
part_4/5452240161577155-ESCAPE.mp4,escape,29.965753424657535,29.97393570807993,70.0,2.3353623188405797,70.0,640x480,h264,yuv420p,True,23.5
part_3/48402554796252195-EUROPE.mp4,europe,29.97002997002997,29.964448958862366,60.0,2.002372881355932,60.0,640x480,h264,yuv420p,True,24.0
part_6/9216049743419545-EUROPE.mp4,europe,29.993618379068284,30.00652315720809,47.0,1.5663260869565216,46.0,640x480,h264,yuv420p,True,24.0
part_6/9022647882602894-EXCUSE.mp4,excuse,30.004688232536335,30.000000000000004,64.0,2.133333333333333,64.0,640x480,h264,yuv420p,True,19.5
part_3/39908142454870754-EXCUSE.mp4,excuse,30.003947887879985,30.0,76.0,2.533333333333333,76.0,640x480,h264,yuv420p,True,19.5
part_8/expect_6.mp4,expect,29.97,29.97,50.0,1.6683350016683351,50.0,288x192,h264,yuv420p,False,25.5
part_1/14951362833349968-EXPECT.mp4,expect,29.915370989962607,29.918763621953637,152.0,5.080423841059602,152.0,640x480,h264,yuv420p,True,25.5
part_8/expert_video_4.mp4,expert,29.97,29.970000000000002,30.0,1.0010010010010009,30.0,640x480,h264,yuv420p,False,22.5
part_4/643531443304312-EXPERT.mp4,expert,29.995775242923532,30.004286326618086,71.0,2.366328571428572,70.0,640x480,h264,yuv420p,True,22.5
part_8/family_11.mp4,family,23.976,23.976,68.0,2.8361695028361695,85.0,640x480,mpeg4,yuv420p,False,29.0
part_1/1654484908904772-FAMILY.mp4,family,29.994340690435767,30.005770340450084,53.0,1.7663269230769232,52.0,640x480,h264,yuv420p,True,29.0
part_4/6978076914016362-FAMOUS.mp4,famous,30.862,30.862000000000002,102.0,3.305035318514678,99.0,640x480,h264,yuv420p,True,21.0
part_3/4759757652686678-FAMOUS.mp4,famous,30.003797949107483,30.0,79.0,2.6333333333333333,79.0,640x480,h264,yuv420p,True,21.0
part_8/father_video_0.mp4,father,29.97,29.97,97.0,3.2365699032365702,97.0,640x480,mpeg4,yuv420p,False,23.5
part_6/9265869776877644-FATHER.mp4,father,29.967159277504106,29.97502081598668,73.0,2.435361111111111,73.0,640x480,h264,yuv420p,True,23.5
part_8/faucet_video_1.mp4,faucet,29.97,29.97,208.0,6.9402736069402735,208.0,640x480,h264,yuv420p,False,16.5
part_1/005317918514047726-FAUCET.mp4,faucet,30.0,29.993618379068284,48.0,1.600340425531915,48.0,640x480,h264,yuv420p,True,16.5
part_8/fiance_video_0.mp4,fiance,23.976,23.976,42.0,1.7517517517517518,52.0,640x480,h264,yuv420p,False,17.0
part_6/9010430715549747-FIANCE.mp4,fiance,29.996739484838603,30.003297065611605,92.0,3.0663296703296705,91.0,640x480,h264,yuv420p,True,17.0
part_8/figure_video_1.mp4,figure,29.97,29.97,60.0,2.002002002002002,60.0,640x480,h264,yuv420p,False,30.0
part_5/7221015492603862-FIGURE.mp4,figure,30.0,29.99558888398765,69.0,2.3003382352941175,69.0,640x480,h264,yuv420p,True,30.0
part_1/06449354422980114-FILTER.mp4,filter,30.0,29.993618379068284,48.0,1.600340425531915,48.0,640x480,h264,yuv420p,True,18.0
part_5/8903716457023132-FILTER.mp4,filter,30.0,29.996842437638144,96.0,3.200336842105263,96.0,640x480,h264,yuv420p,True,18.0
part_8/finger_video_3.mp4,finger,30.0,30.0,68.0,2.2666666666666666,68.0,640x480,mpeg4,yuv420p,False,17.5
part_4/6735292433767321-FINGER.mp4,finger,30.0,29.995162070633768,63.0,2.1003387096774193,63.0,640x480,h264,yuv420p,True,17.5
part_8/finish_8.mp4,finish,29.97,29.97,31.0,1.0343677010343677,31.0,640x480,mpeg4,yuv420p,False,24.333333333333332
part_8/finish_video_23.mp4,finish,29.97,29.970000000000002,54.0,1.8018018018018016,54.0,640x480,mpeg4,yuv420p,False,24.333333333333332
part_4/5415420016012211-FINISH.mp4,finish,29.916897506925206,29.909706546275395,54.0,1.8054339622641509,54.0,640x480,h264,yuv420p,True,24.333333333333332
part_5/7281385110348666-FLOWER.mp4,flower,30.0,29.999999999999996,93.0,3.1000000000000005,93.0,640x480,mpeg4,yuv420p,False,26.5
part_2/2588394853802809-FLOWER.mp4,flower,29.994340690435767,30.005770340450084,53.0,1.7663269230769232,52.0,640x480,h264,yuv420p,True,26.5
part_8/follow_20241119_172643_46.mp4,follow,29.995588883987647,30.004478280340347,68.0,2.2663283582089555,67.0,640x480,h264,yuv420p,True,48.0
part_8/follow_20241119_172643_61.mp4,follow,29.968454258675077,29.9625468164794,57.0,1.9023750000000001,57.0,640x480,h264,yuv420p,True,48.0
part_8/follow_20241119_172643_75.mp4,follow,30.0,30.000000000000004,66.0,2.1999999999999997,66.0,640x480,mpeg4,yuv420p,False,48.0
part_5/7245686630052164-FORBID.mp4,forbid,29.995946493717064,30.00411015207563,74.0,2.4663287671232874,73.0,640x480,h264,yuv420p,True,24.0
part_4/6642997903737804-FORBID.mp4,forbid,29.99400119976005,30.006123698714024,50.0,1.6663265306122448,49.0,640x480,h264,yuv420p,True,24.0
part_2/2597890978149069-FOREST.mp4,forest,30.359,30.359,65.0,2.14104548898185,64.0,640x480,h264,yuv420p,True,22.5
part_1/16408506140188406-FOREST.mp4,forest,29.995588883987647,30.004478280340354,68.0,2.266328358208955,67.0,640x480,h264,yuv420p,True,22.5
part_1/0704393991202783-FORMER.mp4,former,29.968119022316685,29.972168700492396,141.0,4.704364285714286,141.0,640x480,h264,yuv420p,True,19.5
part_5/7638272252110807-FORMER.mp4,former,29.966703662597116,29.97737556561086,54.0,1.8013584905660378,54.0,640x480,h264,yuv420p,True,19.5
part_8/fourth_video_17.mp4,fourth,29.97,29.97,79.0,2.6359693026359694,79.0,640x480,mpeg4,yuv420p,False,29.5
part_8/fourth_video_21.mp4,fourth,29.97,29.97,223.0,7.440774107440775,223.0,640x480,mpeg4,yuv420p,False,29.5
part_3/40039219798906656-FRANCE.mp4,france,24.325,24.325,74.0,3.0421377183967113,91.0,640x480,h264,yuv420p,True,22.5
part_4/5580173174516418-seedFRANCE.mp4,france,30.278,30.278,111.0,3.6660281392430147,109.0,640x480,h264,yuv420p,True,22.5
part_8/freeze_6.mp4,freeze,23.976,23.976,36.0,1.5015015015015016,45.0,640x480,mpeg4,yuv420p,False,23.0
part_8/freeze_video_7.mp4,freeze,29.97,29.970000000000002,104.0,3.4701368034701363,104.0,640x480,mpeg4,yuv420p,False,23.0
part_4/6762844244359867-FRENCH.mp4,french,29.996250468691414,30.003797949107483,80.0,2.6663291139240504,79.0,640x480,h264,yuv420p,True,19.5
part_2/1919855927330869-FRENCH.mp4,french,30.001442377037357,30.0,208.0,6.933333333333334,208.0,640x480,h264,yuv420p,True,19.5
part_1/052906472872056964-FRIDAY.mp4,friday,30.809,30.809,59.0,1.9150248304066992,57.0,640x480,h264,yuv420p,True,23.5
part_4/6051595271256582-seedFRIDAY.mp4,friday,29.997857295907433,30.002158428663932,140.0,4.666330935251799,139.0,640x480,h264,yuv420p,True,23.5
part_8/friend_video_11.mp4,friend,29.97,29.97,127.0,4.237570904237571,127.0,640x480,mpeg4,yuv420p,False,25.5
part_4/6298947790810541-FRIEND.mp4,friend,30.402,30.402,74.0,2.434050391421617,73.0,640x480,h264,yuv420p,True,25.5
part_8/fringe_video_2.mp4,fringe,29.97,29.970000000000002,75.0,2.5025025025025025,75.0,640x480,mpeg4,yuv420p,False,18.0
part_2/35126518793598405-FRINGE.mp4,fringe,30.0,30.0,61.0,2.033333333333333,61.0,640x480,mpeg4,yuv420p,False,18.0
part_6/9639796450051754-FUTURE.mp4,future,29.995946493717064,30.00411015207563,74.0,2.4663287671232874,73.0,640x480,h264,yuv420p,True,24.5
part_5/7917764178879947-FUTURE.mp4,future,29.996250468691414,30.003797949107483,80.0,2.6663291139240504,79.0,640x480,h264,yuv420p,True,24.5
part_6/9441078313462758-GAMBLE.mp4,gamble,30.216,30.216,118.0,3.9052157797193536,117.0,640x480,h264,yuv420p,True,21.5
part_3/4946108057555212-GAMBLE.mp4,gamble,29.97275204359673,29.966703662597112,55.0,1.8353703703703705,55.0,640x480,h264,yuv420p,True,21.5
part_8/garage_video_2.mp4,garage,29.97,29.97,80.0,2.6693360026693362,80.0,640x480,mpeg4,yuv420p,False,20.5
part_5/857303910466829-GARAGE.mp4,garage,25.0,25.0,71.0,2.84,85.0,640x480,h264,yuv420p,True,20.5
part_1/1036929145081551-GARLIC.mp4,garlic,30.0,29.995385325334567,66.0,2.200338461538461,66.0,640x480,h264,yuv420p,True,16.5
part_1/0846339115625272-GARLIC.mp4,garlic,30.404,30.404,83.0,2.7299039600052626,81.0,640x480,h264,yuv420p,True,16.5
part_1/030688045834717848-GIVE UP.mp4,giveup,14.990138067061144,14.98582422033212,38.0,2.5357297297297294,76.0,640x480,h264,yuv420p,True,10.333333333333334
part_5/7482790508587511-GIVE UP.mp4,giveup,29.917121487770366,29.914529914529915,148.0,4.9474285714285715,148.0,640x480,h264,yuv420p,True,10.333333333333334
part_3/4399847219956021-GIVE UP.mp4,giveup,29.997710098465767,30.00230786983614,131.0,4.366330769230769,130.0,640x480,h264,yuv420p,True,10.333333333333334
part_8/gloves_20241119_172643_21.mp4,gloves,29.994,29.994,50.0,1.6670000666800027,50.0,640x480,mpeg4,yuv420p,False,43.333333333333336
part_8/gloves_20241119_172643_112.mp4,gloves,30.0,29.992684711046085,42.0,1.4003414634146343,42.0,640x480,h264,yuv420p,True,43.333333333333336
part_8/gloves_20241119_172643_122.mp4,gloves,29.964448958862366,29.97416020671835,59.0,1.968362068965517,59.0,640x480,h264,yuv420p,True,43.333333333333336
part_4/5410618077304279-GOATEE.mp4,goatee,29.996842437638144,30.00319182891797,95.0,3.1663297872340426,94.0,640x480,h264,yuv420p,True,10.666666666666666
part_4/7074084818235076-GOATEE.mp4,goatee,28.076,28.076,48.0,1.7096452486109133,51.0,640x480,h264,yuv420p,True,10.666666666666666
part_4/5676768035152318-GOATEE.mp4,goatee,30.0,29.995162070633768,63.0,2.1003387096774193,63.0,640x480,h264,yuv420p,True,10.666666666666666
part_8/gossip_video_21.mp4,gossip,29.97,29.97,58.0,1.9352686019352687,58.0,640x480,mpeg4,yuv420p,False,29.5
part_2/19391081371059826-GOSSIP.mp4,gossip,29.965753424657535,29.97393570807993,70.0,2.3353623188405797,70.0,640x480,h264,yuv420p,True,29.5
part_8/grapes_20241119_172659_56.mp4,grapes,30.0,29.997710098465767,132.0,4.400335877862595,132.0,640x480,h264,yuv420p,True,33.0
part_8/grapes_20241119_172659_57.mp4,grapes,30.994,30.994,103.0,3.3232238497773765,99.0,640x480,h264,yuv420p,True,33.0
part_8/greece_5.mp4,greece,25.0,25.0,74.0,2.96,88.0,640x480,h264,yuv420p,False,24.5
part_5/8754407246359903-GREECE.mp4,greece,30.00545553737043,30.0,55.0,1.8333333333333333,55.0,640x480,h264,yuv420p,True,24.5
part_8/grieve_video_2.mp4,grieve,29.97,29.97,232.0,7.741074407741075,232.0,640x480,mpeg4,yuv420p,False,18.5
part_3/40742409105706634-GRIEVE.mp4,grieve,30.0,29.99765643309117,129.0,4.300335937499999,129.0,640x480,h264,yuv420p,True,18.5
part_8/ground_video_18.mp4,ground,29.97,29.97,118.0,3.9372706039372707,118.0,640x480,mpeg4,yuv420p,False,20.5
part_8/ground_video_26.mp4,ground,29.97,29.970000000000002,51.0,1.7017017017017015,51.0,640x480,mpeg4,yuv420p,False,20.5
part_8/guilty_7.mp4,guilty,30.0,29.999999999999996,67.0,2.2333333333333334,67.0,640x480,h264,yuv420p,True,22.0
part_2/292736379695298-GUILTY.mp4,guilty,30.006123698714024,30.0,49.0,1.6333333333333333,49.0,640x480,h264,yuv420p,True,22.0
part_8/guitar_2.mp4,guitar,30.35,30.35,80.0,2.6359143327841843,79.0,640x480,mpeg4,yuv420p,False,22.0
part_3/5257192509177833-GUITAR.mp4,guitar,29.91869918699187,29.914529914529915,92.0,3.075428571428571,92.0,640x480,h264,yuv420p,True,22.0
part_4/6926540658417655-HAMMER.mp4,hammer,29.993618379068284,30.00652315720809,47.0,1.5663260869565216,46.0,640x480,h264,yuv420p,True,22.5
part_4/6560940631184506-HAMMER.mp4,hammer,29.921700223713646,29.918148461755575,107.0,3.576424528301887,107.0,640x480,h264,yuv420p,True,22.5
part_8/happen.mp4,happen,29.97,29.970000000000002,35.0,1.1678345011678344,35.0,640x480,mpeg4,yuv420p,False,22.5
part_2/27367511467097927-HAPPEN.mp4,happen,30.00447828034035,29.999999999999996,67.0,2.2333333333333334,67.0,640x480,h264,yuv420p,True,22.5
part_8/hatful_video_29.mp4,hatful,29.97,29.97,97.0,3.2365699032365702,97.0,640x480,mpeg4,yuv420p,False,25.5
part_8/hatful_video_39.mp4,hatful,29.97,29.97,253.0,8.441775108441776,253.0,640x480,mpeg4,yuv420p,False,25.5
part_6/Hawaii_video_4.mp4,hawaii,29.97,29.97,53.0,1.7684351017684352,53.0,640x480,mpeg4,yuv420p,False,22.5
part_2/20725414525609387-HAWAII.mp4,hawaii,30.0,29.997656433091162,129.0,4.300335937500001,129.0,640x480,h264,yuv420p,True,22.5
part_1/14278756187909525-HEALTH.mp4,health,30.0,30.000000000000004,43.0,1.4333333333333331,43.0,640x480,mpeg4,yuv420p,False,21.5
part_4/6719130837178156-HEALTH.mp4,health,29.99693908784818,30.003093102381687,98.0,3.2663298969072168,97.0,640x480,h264,yuv420p,True,21.5
part_6/9329041594904617-HEAVEN.mp4,heaven,29.97275204359673,29.966703662597112,55.0,1.8353703703703705,55.0,640x480,h264,yuv420p,True,19.0
part_6/9110725231993742-HEAVEN.mp4,heaven,14.990953734815198,14.98422712933754,58.0,3.870736842105263,116.0,640x480,h264,yuv420p,True,19.0
part_8/helmet_20241119_173205.mp4,helmet,29.99693908784818,30.003093102381687,98.0,3.2663298969072168,97.0,640x480,h264,yuv420p,True,24.666666666666668
part_8/helmet_20241119_172644_8.mp4,helmet,29.97,29.97,80.0,2.6693360026693362,80.0,640x480,mpeg4,yuv420p,False,24.666666666666668
part_8/helmet_20241119_172644_50.mp4,helmet,30.346,30.346,105.0,3.460093587293218,103.0,640x480,h264,yuv420p,True,24.666666666666668
part_5/8405128045414143-HOCKEY.mp4,hockey,30.0,29.994916115912556,60.0,2.0003389830508476,60.0,640x480,h264,yuv420p,True,21.5
part_2/18187533488410978-HOCKEY.mp4,hockey,29.923451635351427,29.919042590637098,86.0,2.874423529411765,86.0,640x480,h264,yuv420p,True,21.5
part_9/honest_video_2.mp4,honest,29.97,29.97,109.0,3.6369703036369705,109.0,640x480,mpeg4,yuv420p,False,19.5
part_9/honest_video_0.mp4,honest,23.976,23.976,60.0,2.5025025025025025,75.0,640x480,mpeg4,yuv420p,False,19.5
part_9/hoodie_20241119_180303_35.mp4,hoodie,30.446,30.445999999999998,67.0,2.20061748669776,66.0,640x480,h264,yuv420p,True,29.5
part_9/hoodie_20241119_180303_44.mp4,hoodie,59.94005994005994,59.94005994005994,363.0,6.05605,181.0,640x480,h264,yuv420p,True,29.5
part_3/5370506967910422-HOTDOG.mp4,hotdog,29.971181556195965,29.964747356051706,52.0,1.7353725490196077,52.0,640x480,h264,yuv420p,True,21.0
part_6/9011569050076182-HOTDOG.mp4,hotdog,29.91623454327882,29.91367195342301,150.0,5.014429530201342,150.0,640x480,h264,yuv420p,True,21.0
part_9/humble_1.mp4,humble,29.97,29.97,36.0,1.2012012012012012,36.0,640x480,mpeg4,yuv420p,False,28.5
part_9/humble_video_16.mp4,humble,29.97,29.97,136.0,4.537871204537871,136.0,640x480,mpeg4,yuv420p,False,28.5
part_5/8268071690304826-HUNGRY.mp4,hungry,24.846,24.846,106.0,4.266280286565242,127.0,640x480,h264,yuv420p,True,22.0
part_3/43016432877599997-HUNGRY.mp4,hungry,29.995588883987647,30.004478280340347,68.0,2.2663283582089555,67.0,640x480,h264,yuv420p,True,22.0
part_4/6582550912371123-IGNORE.mp4,ignore,29.993183367416496,30.006978367062107,44.0,1.4663255813953489,43.0,640x480,h264,yuv420p,True,25.0
part_5/805978190305658-IGNORE.mp4,ignore,29.922202274087372,29.914529914529915,50.0,1.6714285714285715,50.0,640x480,h264,yuv420p,True,25.0
part_4/5416045536951872-IMPACT.mp4,impact,30.0,29.995385325334567,66.0,2.200338461538461,66.0,640x480,h264,yuv420p,True,19.5
part_5/8239577266637659-IMPACT.mp4,impact,30.0,29.99719652368938,108.0,3.60033644859813,108.0,640x480,h264,yuv420p,True,19.5
part_4/6515057454623217-INDIAN.mp4,indian,29.997479203428284,30.002542588354945,119.0,3.9663305084745764,118.0,640x480,h264,yuv420p,True,18.0
part_3/4738790658820944-INDIAN.mp4,indian,30.0,30.0,60.0,2.0,60.0,640x480,mpeg4,yuv420p,False,18.0
part_1/13218611842797512-INHALE.mp4,inhale,29.997272975184075,30.002752546105146,110.0,3.666330275229358,109.0,640x480,h264,yuv420p,True,18.0
part_4/5466183976793917-INHALE.mp4,inhale,30.0,29.99434069043577,54.0,1.8003396226415092,54.0,640x480,h264,yuv420p,True,18.0
part_9/inject_video_5.mp4,inject,29.97,29.970000000000002,69.0,2.302302302302302,69.0,640x480,mpeg4,yuv420p,False,19.0
part_4/6421543927162738-INJECT.mp4,inject,30.0,29.998064640990904,156.0,5.200335483870968,156.0,640x480,h264,yuv420p,True,19.0
part_9/inside_3.mp4,inside,25.0,25.0,83.0,3.32,99.0,640x480,mpeg4,yuv420p,False,23.5
part_4/6861641803078751-INSIDE.mp4,inside,30.003529827038474,30.000000000000004,85.0,2.833333333333333,85.0,640x480,h264,yuv420p,True,23.5
part_2/3573935929719414-INSULT.mp4,insult,29.99062792877226,30.00968054211036,32.0,1.0663225806451613,31.0,640x480,h264,yuv420p,True,18.5
part_4/6381103677127045-INSULT.mp4,insult,30.0,29.99558888398765,69.0,2.3003382352941175,69.0,640x480,h264,yuv420p,True,18.5
part_9/invest_video_10.mp4,invest,29.97,29.97,80.0,2.6693360026693362,80.0,640x480,h264,yuv420p,False,29.5
part_9/invest_8.mp4,invest,29.97,29.970000000000002,59.0,1.9686353019686351,59.0,288x192,h264,yuv420p,False,29.5
part_9/invite_7.mp4,invite,29.97,29.97,49.0,1.6349683016349683,49.0,288x192,h264,yuv420p,False,20.5
part_4/5816944690447621-INVITE.mp4,invite,29.914529914529915,29.92700729927007,42.0,1.4034146341463416,42.0,640x480,h264,yuv420p,True,20.5
part_3/3608172402037815-IPHONE.mp4,iphone,29.978586723768736,29.970760233918128,42.0,1.4013658536585367,42.0,640x480,h264,yuv420p,True,16.5
part_2/2449157121104073-IPHONE.mp4,iphone,30.0,30.0,72.0,2.4,72.0,640x480,mpeg4,yuv420p,False,16.5
part_1/01917031008539216-ISLAND.mp4,island,29.921259842519685,29.91623454327882,76.0,2.540426666666667,76.0,640x480,h264,yuv420p,True,19.5
part_3/3769714842302383-ISLAND.mp4,island,25.0,25.0,73.0,2.92,87.0,640x480,h264,yuv420p,True,19.5
part_6/Israel_video_6.mp4,israel,29.97,29.97,128.0,4.270937604270938,128.0,640x480,mpeg4,yuv420p,False,23.5
part_1/06383166189041911-ISRAEL.mp4,israel,29.915966386554622,29.91162474507138,89.0,2.9754318181818182,89.0,640x480,h264,yuv420p,True,23.5
part_9/jacket_20241119_172645_2.mp4,jacket,29.97,29.970000000000002,94.0,3.1364698031364697,94.0,640x480,mpeg4,yuv420p,False,45.0
part_9/jacket_20241119_172645_57.mp4,jacket,29.993618379068284,30.006523157208086,47.0,1.5663260869565219,46.0,640x480,h264,yuv420p,True,45.0
part_9/jacket_20241119_172645_127.mp4,jacket,30.0,29.999999999999996,96.0,3.2,96.0,640x480,h264,yuv420p,True,45.0
part_3/45693056242037966-JEWISH.mp4,jewish,29.991431019708656,30.00882612533098,35.0,1.1663235294117646,34.0,640x480,h264,yuv420p,True,19.0
part_4/5444330186403921-JEWISH.mp4,jewish,29.968454258675077,29.96404314822213,76.0,2.5363733333333336,76.0,640x480,h264,yuv420p,True,19.0
part_4/6554942682231863-JUGGLE.mp4,juggle,30.003297065611605,30.0,91.0,3.033333333333333,91.0,640x480,h264,yuv420p,True,10.333333333333334
part_2/3216640513985556-JUGGLE.mp4,juggle,29.998064640990904,30.001948178453148,155.0,5.166331168831168,154.0,640x480,h264,yuv420p,True,10.333333333333334
part_2/3520246184230904-JUGGLE.mp4,juggle,29.971181556195965,29.967995344777425,104.0,3.4703689320388347,104.0,640x480,h264,yuv420p,True,10.333333333333334
part_4/5654183416756002-JUNIOR.mp4,junior,29.997761361092454,30.002255808707424,134.0,4.466330827067669,133.0,640x480,h264,yuv420p,True,21.5
part_5/816808112104978-JUNIOR.mp4,junior,29.995588883987647,30.004478280340347,68.0,2.2663283582089555,67.0,640x480,h264,yuv420p,True,21.5
part_4/6570694789542784-KITTEN.mp4,kitten,29.99210734017364,30.0081103000811,38.0,1.2663243243243245,37.0,640x480,h264,yuv420p,True,17.0
part_6/9167901328389056-KITTEN.mp4,kitten,29.974160206718345,29.96845425867508,58.0,1.9353684210526314,58.0,640x480,h264,yuv420p,True,17.0
part_9/knight_20241119_172646_6.mp4,knight,25.0,25.0,74.0,2.96,88.0,640x480,h264,yuv420p,True,39.0
part_9/knight_20241119_172646_27.mp4,knight,30.00319182891797,30.000000000000004,94.0,3.133333333333333,94.0,640x480,h264,yuv420p,True,39.0
part_9/knight_20241119_172646_28.mp4,knight,29.999053657613324,30.00094939713282,317.0,10.566332278481012,316.0,640x480,h264,yuv420p,True,39.0
part_2/20319284109876623-LAPTOP.mp4,laptop,29.8371137159385,29.834761321909426,196.0,6.569517948717949,197.0,640x480,h264,yuv420p,True,21.0
part_1/12668711408656264-LAPTOP.mp4,laptop,30.612,30.612000000000002,4.0,0.13066771200836272,3.0,640x480,h264,yuv420p,True,21.0
part_6/9715320948620612-LAWYER.mp4,lawyer,30.575,30.575000000000003,69.0,2.256745707277187,67.0,640x480,h264,yuv420p,True,21.0
part_2/23550968056635102-LAWYER.mp4,lawyer,30.0,30.0,58.0,1.9333333333333333,58.0,640x480,mpeg4,yuv420p,False,21.0
part_6/9029111515933583-LEAGUE.mp4,league,30.003529827038474,30.000000000000004,85.0,2.833333333333333,85.0,640x480,h264,yuv420p,True,18.0
part_4/6309058888749792-LEAGUE.mp4,league,29.995946493717064,30.00411015207563,74.0,2.4663287671232874,73.0,640x480,h264,yuv420p,True,18.0
part_9/lesson_video_0.mp4,lesson,29.97,29.97,80.0,2.6693360026693362,80.0,640x480,mpeg4,yuv420p,False,20.0
part_2/20772622210555358-seedLESSON.mp4,lesson,30.622,30.622,125.0,4.082032525635165,122.0,640x480,h264,yuv420p,True,20.0
part_9/letter_20241119_172646_5.mp4,letter,30.34,30.34,82.0,2.7027027027027026,81.0,640x480,mpeg4,yuv420p,False,27.666666666666668
part_9/letter_20241119_172646_79.mp4,letter,29.97737556561086,29.971181556195965,53.0,1.7683653846153846,53.0,640x480,h264,yuv420p,True,27.666666666666668
part_9/letter_20241119_172646_81.mp4,letter,30.00319182891797,30.0,94.0,3.1333333333333333,94.0,640x480,h264,yuv420p,True,27.666666666666668
part_9/listen_6.mp4,listen,30.273,30.273,100.0,3.3032735440821854,99.0,640x480,mpeg4,yuv420p,False,23.0
part_2/20384437998668337-LISTEN.mp4,listen,29.9704516673702,29.968119022316685,142.0,4.738368794326241,142.0,640x480,h264,yuv420p,True,23.0
part_2/2520605504352351-LOCKER.mp4,locker,29.841269841269842,29.836381135707413,94.0,3.150516129032258,94.0,640x480,h264,yuv420p,True,17.0
part_4/5693005138323348-LOCKER.mp4,locker,29.844807003581376,29.838709677419356,75.0,2.5135135135135136,75.0,640x480,h264,yuv420p,True,17.0
part_5/8322599304215745-LONELY.mp4,lonely,30.0,30.0,107.0,3.566666666666667,107.0,640x480,mpeg4,yuv420p,False,20.0
part_5/8909248449374083-LONELY.mp4,lonely,30.0,29.997479203428284,120.0,4.000336134453781,120.0,640x480,h264,yuv420p,True,20.0
part_5/830943775589045-LOOK AT.mp4,lookat,30.645,30.645,57.0,1.8600097895252081,55.0,640x480,h264,yuv420p,True,10.333333333333334
part_5/8122344601646359-LOOK AT.mp4,lookat,30.0,30.0,49.0,1.6333333333333333,49.0,640x480,mpeg4,yuv420p,False,10.333333333333334
part_2/34887228279036164-LOOK AT.mp4,lookat,29.971988795518207,29.968900197907832,107.0,3.570367924528302,107.0,640x480,h264,yuv420p,True,10.333333333333334
part_9/magnet_20241119_172647_73.mp4,magnet,29.966703662597116,29.973772948669914,81.0,2.7023625,81.0,640x480,h264,yuv420p,True,40.333333333333336
part_9/magnet_20241119_172647_76.mp4,magnet,14.989910637071201,14.986776373787833,52.0,3.469725490196079,104.0,640x480,h264,yuv420p,True,40.333333333333336
part_9/magnet_20241119_172647_100.mp4,magnet,30.003000300030003,30.0,100.0,3.3333333333333335,100.0,640x480,h264,yuv420p,True,40.333333333333336
part_9/manage_video_2.mp4,manage,29.97,29.970000000000002,68.0,2.2689356022689355,68.0,640x480,mpeg4,yuv420p,False,22.0
part_9/manage_video_4.mp4,manage,29.97,29.97,160.0,5.3386720053386725,160.0,640x480,mpeg4,yuv420p,False,22.0
part_9/member_9.mp4,member,30.35,30.35,80.0,2.6359143327841843,79.0,640x480,mpeg4,yuv420p,False,21.0
part_3/5136087734043544-MEMBER.mp4,member,29.99802644562858,30.001986886548774,152.0,5.066331125827815,151.0,640x480,h264,yuv420p,True,21.0
part_9/mickle_video_4.mp4,mickle,29.97,29.97,87.0,2.902902902902903,87.0,640x480,mpeg4,yuv420p,False,25.5
part_9/mickle_video_34.mp4,mickle,29.97,29.970000000000002,81.0,2.7027027027027026,81.0,640x480,mpeg4,yuv420p,False,25.5
part_9/middle_video_10.mp4,middle,30.0,30.0,111.0,3.7,111.0,640x480,mpeg4,yuv420p,False,24.5
part_4/6921040855972516-MIDDLE.mp4,middle,30.00447828034035,29.999999999999996,67.0,2.2333333333333334,67.0,640x480,h264,yuv420p,True,24.5
part_9/minute_video_8.mp4,minute,29.97,29.97,154.0,5.138471805138472,154.0,640x480,mpeg4,yuv420p,False,32.5
part_9/minute_video_15.mp4,minute,29.97,29.97,74.0,2.469135802469136,74.0,640x480,mpeg4,yuv420p,False,32.5
part_4/6739155491670814-MIRROR.mp4,mirror,29.993183367416496,30.006978367062107,44.0,1.4663255813953489,43.0,640x480,h264,yuv420p,True,23.0
part_2/27060204573109714-MIRROR.mp4,mirror,30.478,30.478,84.0,2.756086357372531,82.0,640x480,h264,yuv420p,True,23.0
part_6/Monday_video_2.mp4,monday,23.976,23.976000000000003,73.0,3.044711378044711,91.0,640x480,h264,yuv420p,False,24.0
part_9/monday_11.mp4,monday,29.97,29.970000000000002,134.0,4.471137804471137,134.0,640x480,mpeg4,yuv420p,False,24.0
part_3/4185441589753509-MONKEY.mp4,monkey,29.995385325334563,30.004688232536335,65.0,2.1663281249999997,64.0,640x480,h264,yuv420p,True,24.5
part_3/48721430044979885-MONKEY.mp4,monkey,29.915560916767188,29.919727560204333,124.0,4.144422764227642,124.0,640x480,h264,yuv420p,True,24.5
part_2/2815788565679065-MOTHER.mp4,mother,30.0,29.98965873836608,30.0,1.0003448275862068,30.0,640x480,h264,yuv420p,True,27.0
part_4/5651079602343521-seedMOTHER.mp4,mother,29.919236417033773,29.916897506925206,163.0,5.4484259259259264,163.0,640x480,h264,yuv420p,True,27.0
part_9/muckle_video_0.mp4,muckle,23.976,23.976,52.0,2.1688355021688355,65.0,640x480,h264,yuv420p,False,25.5
part_9/muckle_video_50.mp4,muckle,29.97,29.97,61.0,2.0353687020353686,61.0,640x480,mpeg4,yuv420p,False,25.5
part_2/319675739798847-MURDER.mp4,murder,30.612,30.612,45.0,1.4700117600940807,44.0,640x480,mpeg4,yuv420p,False,18.5
part_3/39927559578150507-MURDER.mp4,murder,29.966703662597116,29.97737556561086,54.0,1.8013584905660378,54.0,640x480,h264,yuv420p,True,18.5
part_5/7393964002256637-MUSCLE.mp4,muscle,30.514,30.514,48.0,1.573048436783116,47.0,640x480,mpeg4,yuv420p,False,21.0
part_2/23566998911673398-MUSCLE.mp4,muscle,30.289,30.288999999999998,66.0,2.179008881111955,65.0,640x480,h264,yuv420p,True,21.0
part_9/museum_video_3.mp4,museum,29.97,29.97,136.0,4.537871204537871,136.0,640x480,mpeg4,yuv420p,False,20.5
part_2/27471129944182593-MUSEUM.mp4,museum,30.00491883915396,30.0,61.0,2.033333333333333,61.0,640x480,h264,yuv420p,True,20.5
part_9/myself_3.mp4,myself,30.004412413590234,30.004478280340347,68.0,2.2663283582089555,67.0,640x480,h264,yuv420p,True,20.5
part_9/myself_0.mp4,myself,25.0,25.0,74.0,2.96,88.0,640x480,mpeg4,yuv420p,False,20.5
part_9/napkin_video_3.mp4,napkin,29.97,29.97,86.0,2.8695362028695364,86.0,640x480,h264,yuv420p,False,26.0
part_3/39652459676285323-NAPKIN.mp4,napkin,30.002,30.002,109.0,3.633091127258183,108.0,640x480,h264,yuv420p,True,26.0
part_9/nearly_video_0.mp4,nearly,29.97,29.97,77.0,2.569235902569236,77.0,640x480,h264,yuv420p,False,18.5
part_9/nearly_video_32.mp4,nearly,29.97,29.97,70.0,2.335669002335669,70.0,640x480,mpeg4,yuv420p,False,18.5
part_4/6461866467069535-NEEDLE.mp4,needle,30.0,29.995775242923532,72.0,2.400338028169014,72.0,640x480,h264,yuv420p,True,17.0
part_1/1623722749948504-seedNEEDLE.mp4,needle,31.133,31.133,113.0,3.6295891818970225,108.0,640x480,h264,yuv420p,True,17.0
part_9/nephew_8.mp4,nephew,29.97,29.970000000000002,75.0,2.5025025025025025,75.0,640x480,mpeg4,yuv420p,False,21.0
part_6/9045930300472638-NEPHEW.mp4,nephew,29.915692140331792,29.920395278616528,110.0,3.6764220183486236,110.0,640x480,h264,yuv420p,True,21.0
part_2/2343216679570781-NORMAL.mp4,normal,30.0,30.0,64.0,2.1333333333333333,64.0,640x480,mpeg4,yuv420p,False,20.0
part_1/025416276958850625-NORMAL.mp4,normal,29.996629592180653,30.003409478349813,89.0,2.9663295454545455,88.0,640x480,h264,yuv420p,True,20.0
part_6/9280491319774942-NOT YET.mp4,notyet,29.99610440202571,30.003947887879985,77.0,2.566328947368421,76.0,640x480,h264,yuv420p,True,10.333333333333334
part_5/8686922353055204-NOT YET.mp4,notyet,29.995162070633768,30.004918839153962,62.0,2.0663278688524587,61.0,640x480,h264,yuv420p,True,10.333333333333334
part_4/6291789323730252-NOT YET.mp4,notyet,29.974720115565187,29.970760233918128,83.0,2.769365853658537,83.0,640x480,h264,yuv420p,True,10.333333333333334
part_5/8485835265917068-OBSESS.mp4,obsess,29.99854376001165,30.001463486023706,206.0,6.866331707317074,205.0,640x480,h264,yuv420p,True,23.0
part_5/8213420013877373-OBSESS.mp4,obsess,30.003409478349813,30.0,88.0,2.933333333333333,88.0,640x480,h264,yuv420p,True,23.0
part_9/offend_video_2.mp4,offend,29.97,29.97,102.0,3.4034034034034035,102.0,640x480,mpeg4,yuv420p,False,17.5
part_2/20998843420473312-OFFEND.mp4,offend,15.008576329331046,14.997794441993825,35.0,2.333676470588235,70.0,640x480,h264,yuv420p,True,17.5
part_9/office_2.mp4,office,30.003261224046092,30.003297065611605,92.0,3.0663296703296705,91.0,640x480,h264,yuv420p,True,27.5
part_9/office_video_2.mp4,office,24.0,24.0,144.0,6.0,180.0,640x480,mpeg4,yuv420p,False,27.5
part_2/2782982759169226-OPTION.mp4,option,30.00428632661809,30.000000000000004,70.0,2.333333333333333,70.0,640x480,h264,yuv420p,True,17.0
part_1/1522165717878956-OPTION.mp4,option,30.9,30.9,47.0,1.5210355987055018,45.0,640x480,h264,yuv420p,True,17.0
part_9/orange_video_5.mp4,orange,29.97,29.97,89.0,2.9696363029696364,89.0,640x480,h264,yuv420p,False,27.5
part_5/8546219501477439-ORANGE.mp4,orange,29.91993257479983,29.914529914529915,71.0,2.373428571428571,71.0,640x480,h264,yuv420p,True,27.5
part_9/parade_video_0.mp4,parade,29.97,29.97,77.0,2.569235902569236,77.0,640x480,h264,yuv420p,False,21.0
part_9/parade_video_4.mp4,parade,29.97,29.970000000000002,88.0,2.936269602936269,88.0,640x480,mpeg4,yuv420p,False,21.0
part_3/5081035251879509-PENCIL.mp4,pencil,29.996842437638144,30.00319182891797,95.0,3.1663297872340426,94.0,640x480,h264,yuv420p,True,21.5
part_2/3255496098738173-PENCIL.mp4,pencil,30.0,29.994001199760046,51.0,1.7003400000000002,51.0,640x480,h264,yuv420p,True,21.5
part_10/people_1.mp4,people,29.97,29.97,73.0,2.4357691024357693,73.0,640x480,mpeg4,yuv420p,False,25.0
part_3/5056161312464404-PEOPLE.mp4,people,30.003409478349813,30.0,88.0,2.933333333333333,88.0,640x480,h264,yuv420p,True,25.0
part_10/pepper_video_11.mp4,pepper,30.0,30.0,142.0,4.733333333333333,142.0,640x480,mpeg4,yuv420p,False,25.5
part_6/9715318084790794-PEPPER.mp4,pepper,30.677,30.676999999999996,82.0,2.673012354532712,80.0,640x480,h264,yuv420p,True,25.5
part_10/period_video_4.mp4,period,120.0,120.0,361.0,3.0083333333333333,90.0,640x480,mpeg4,yuv420p,False,22.0
part_4/646221123398681-PERIOD.mp4,period,29.995385325334563,30.004688232536335,65.0,2.1663281249999997,64.0,640x480,h264,yuv420p,True,22.0
part_4/610863620137152-PERSON.mp4,person,30.0,29.994340690435763,54.0,1.8003396226415096,54.0,640x480,h264,yuv420p,True,29.0
part_4/6554596280012666-PERSON.mp4,person,31.172,31.172,50.0,1.6040035929680483,48.0,640x480,h264,yuv420p,True,29.0
part_10/pickle_8.mp4,pickle,29.97,29.97,39.0,1.3013013013013013,39.0,288x192,h264,yuv420p,False,20.0
part_2/2647412878717248-PICKLE.mp4,pickle,59.94005994005994,59.94005994005994,222.0,3.7037,111.0,640x480,h264,yuv420p,True,20.0
part_3/4756491102518132-PICNIC.mp4,picnic,30.0,29.997115661955583,105.0,3.5003365384615384,105.0,640x480,h264,yuv420p,True,10.666666666666666
part_5/8184709006523805-PICNIC.mp4,picnic,29.99638597759306,30.00365898280278,83.0,2.766329268292683,82.0,640x480,h264,yuv420p,True,10.666666666666666
part_3/4109266145112127-PICNIC.mp4,picnic,15.17290049400141,15.167930660888407,43.0,2.8349285714285712,85.0,640x480,h264,yuv420p,True,10.666666666666666
part_10/pillow_20241119_172650_25.mp4,pillow,30.0,30.0,68.0,2.2666666666666666,68.0,640x480,mpeg4,yuv420p,False,33.666666666666664
part_10/pillow_20241119_172650_49.mp4,pillow,29.99610440202571,30.003947887879985,77.0,2.566328947368421,76.0,640x480,h264,yuv420p,True,33.666666666666664
part_10/pillow_20241119_172650_58.mp4,pillow,29.917469050894084,29.91304347826087,87.0,2.9084302325581395,87.0,640x480,h264,yuv420p,True,33.666666666666664
part_6/9756898650736014-PIRATE.mp4,pirate,30.0,30.0,75.0,2.5,75.0,640x480,mpeg4,yuv420p,False,17.5
part_2/2008056408638712-PIRATE.mp4,pirate,30.0,30.0,219.0,7.3,219.0,640x480,mpeg4,yuv420p,False,17.5
part_5/8465208745383512-PLANET.mp4,planet,29.994916115912556,30.005173305742368,59.0,1.9663275862068967,58.0,640x480,h264,yuv420p,True,18.5
part_4/6943849762726484-PLANET.mp4,planet,30.0,30.0,49.0,1.6333333333333333,49.0,640x480,mpeg4,yuv420p,False,18.5
part_2/3584447878251358-PLEASE.mp4,please,29.850746268656717,29.837251356238696,34.0,1.1395151515151516,34.0,640x480,h264,yuv420p,True,24.0
part_6/9117047483562963-PLEASE.mp4,please,29.97275204359673,29.968454258675077,77.0,2.5693684210526317,77.0,640x480,h264,yuv420p,True,24.0
part_10/plenty_video_1.mp4,plenty,29.97,29.970000000000002,95.0,3.169836503169836,95.0,640x480,mpeg4,yuv420p,False,30.0
part_10/plenty_video_32.mp4,plenty,29.97,29.97,127.0,4.237570904237571,127.0,640x480,mpeg4,yuv420p,False,30.0
part_10/plenty_video_37.mp4,plenty,29.97,29.97,83.0,2.7694361027694363,83.0,640x480,mpeg4,yuv420p,False,30.0
part_1/060999688755789094-PLIERS.mp4,pliers,30.001744287458575,30.0,172.0,5.733333333333333,172.0,640x480,h264,yuv420p,True,11.0
part_4/5744597115889964-PLIERS.mp4,pliers,29.97658079625293,29.971455756422458,64.0,2.135365079365079,64.0,640x480,h264,yuv420p,True,11.0
part_3/49724316634466303-PLIERS.mp4,pliers,29.99400119976005,30.006123698714024,50.0,1.6663265306122448,49.0,640x480,h264,yuv420p,True,11.0
part_10/policy_4.mp4,policy,23.976,23.976,35.0,1.4597931264597932,43.0,640x480,h264,yuv420p,False,21.5
part_10/policy_video_4.mp4,policy,32.51,32.510000000000005,100.0,3.075976622577668,92.0,640x480,mpeg4,yuv420p,False,21.5
part_10/polish_video_2.mp4,polish,29.97,29.970000000000002,81.0,2.7027027027027026,81.0,640x480,mpeg4,yuv420p,False,23.0
part_3/5041054652077896-POLISH.mp4,polish,29.918621349928195,29.91556091676719,125.0,4.178427419354838,125.0,640x480,h264,yuv420p,True,23.0
part_3/44598012598160386-PONDER.mp4,ponder,29.997,29.997,86.0,2.866953362002867,86.0,640x480,mpeg4,yuv420p,False,21.5
part_1/07652904644501302-PONDER.mp4,ponder,29.916666666666668,29.916666666666668,77.0,2.5738161559888577,77.0,640x480,h264,yuv420p,True,21.5
part_5/8714071069688005-POSSUM.mp4,possum,25.0,25.0,76.0,3.04,91.0,640x480,h264,yuv420p,True,16.5
part_4/6306259523214208-POSSUM.mp4,possum,29.923451635351427,29.9190425906371,86.0,2.8744235294117644,86.0,640x480,h264,yuv420p,True,16.5
part_2/23200756464812655-POTATO.mp4,potato,29.997196523689375,30.002830455703368,107.0,3.5663301886792453,106.0,640x480,h264,yuv420p,True,23.0
part_6/9141931551586939-seedPOTATO.mp4,potato,30.002158428663932,30.000000000000004,139.0,4.633333333333333,139.0,640x480,h264,yuv420p,True,23.0
part_5/8342259238668124-POWDER.mp4,powder,30.00319182891797,30.000000000000004,94.0,3.133333333333333,94.0,640x480,h264,yuv420p,True,16.5
part_3/4311687680889107-POWDER.mp4,powder,30.0,29.99719652368937,108.0,3.600336448598131,108.0,640x480,h264,yuv420p,True,16.5
part_4/7173077094908851-PRAYER.mp4,prayer,29.837570621468927,29.834842834310066,169.0,5.664517857142858,169.0,640x480,h264,yuv420p,True,10.333333333333334
part_2/225079188813188-PRAYER.mp4,prayer,29.850746268656717,29.836381135707413,32.0,1.072516129032258,32.0,640x480,h264,yuv420p,True,10.333333333333334
part_3/48529303593751827-PRAYER.mp4,prayer,30.0,29.99594649371707,75.0,2.5003378378378374,75.0,640x480,h264,yuv420p,True,10.333333333333334
part_4/6620417008413066-PREFER.mp4,prefer,29.929577464788732,29.922202274087372,51.0,1.70442,51.0,640x480,h264,yuv420p,True,20.0
part_6/977843503491413-PREFER.mp4,prefer,30.0,29.993618379068284,48.0,1.600340425531915,48.0,640x480,h264,yuv420p,True,20.0
part_3/4317924942761133-PRETTY.mp4,pretty,29.91725015913431,29.90897269180754,47.0,1.5714347826086956,47.0,640x480,h264,yuv420p,True,20.0
part_3/5036626107958495-PRETTY.mp4,pretty,25.0,25.0,61.0,2.44,73.0,640x480,h264,yuv420p,True,20.0
part_10/priest_video_4.mp4,priest,29.97,29.97,125.0,4.170837504170838,125.0,640x480,h264,yuv420p,False,21.5
part_1/01950806825844098-PRIEST.mp4,priest,29.992684711046085,30.00750187546887,41.0,1.366325,40.0,640x480,h264,yuv420p,True,21.5
part_10/prince_1.mp4,prince,30.002586429864643,30.002608922514998,116.0,3.866330434782609,115.0,640x480,h264,yuv420p,True,18.5
part_4/5775162207444298-PRINCE.mp4,prince,30.00428632661809,30.000000000000004,70.0,2.333333333333333,70.0,640x480,h264,yuv420p,True,18.5
part_2/22551845855888408-PRISON.mp4,prison,30.0,30.0,53.0,1.7666666666666666,53.0,640x480,mpeg4,yuv420p,False,19.0
part_1/009173376387241472-PRISON.mp4,prison,30.776,30.776,110.0,3.5742136729919416,107.0,640x480,h264,yuv420p,True,19.0
part_10/public_9.mp4,public,30.355,30.355,79.0,2.6025366496458573,78.0,640x480,mpeg4,yuv420p,False,20.0
part_4/6772261745685777-PUBLIC.mp4,public,29.99610440202571,30.003947887879985,77.0,2.566328947368421,76.0,640x480,h264,yuv420p,True,20.0
part_10/punish_7.mp4,punish,29.97,29.97,32.0,1.0677344010677345,32.0,288x192,h264,yuv420p,False,21.0
part_3/3835325029953278-PUNISH.mp4,punish,29.974720115565187,29.97076023391813,83.0,2.7693658536585364,83.0,640x480,h264,yuv420p,True,21.0
part_5/8299290667631187-PURPLE.mp4,purple,30.008110300081103,30.0,37.0,1.2333333333333334,37.0,640x480,h264,yuv420p,True,26.0
part_2/29355912356884195-PURPLE.mp4,purple,28.48,28.48,127.0,4.459269662921348,133.0,640x480,h264,yuv420p,True,26.0
part_10/rabbit_20241119_172651_20.mp4,rabbit,30.311,30.311000000000003,106.0,3.4970802678895447,104.0,640x480,h264,yuv420p,True,24.666666666666668
part_10/rabbit_20241119_172651_27.mp4,rabbit,30.004688232536335,30.0,64.0,2.1333333333333333,64.0,640x480,h264,yuv420p,True,24.666666666666668
part_10/rabbit_20241119_172651_68.mp4,rabbit,29.922423346878464,29.917726252804787,81.0,2.707425,81.0,640x480,h264,yuv420p,True,24.666666666666668
part_6/9497784582138018-RAISIN.mp4,raisin,30.0,29.997272975184075,111.0,3.7003363636363638,111.0,640x480,h264,yuv420p,True,17.0
part_5/8819469349352005-RAISIN.mp4,raisin,30.00365898280278,29.999999999999996,82.0,2.733333333333334,82.0,640x480,h264,yuv420p,True,17.0
part_10/really_1.mp4,really,29.97,29.970000000000002,78.0,2.6026026026026026,78.0,640x480,mpeg4,yuv420p,False,23.5
part_2/35219838646364776-REALLY.mp4,really,30.375,30.375,115.0,3.786008230452675,113.0,640x480,h264,yuv420p,True,23.5
part_10/reason_video_0.mp4,reason,23.976,23.976,69.0,2.877877877877878,86.0,640x480,mpeg4,yuv420p,False,22.5
part_3/507543366303941-REASON.mp4,reason,29.92179530771846,29.917469050894088,88.0,2.9414252873563216,88.0,640x480,h264,yuv420p,True,22.5
part_10/recent_20241119_172658_26.mp4,recent,30.0,29.99820370037722,168.0,5.600335329341318,168.0,640x480,h264,yuv420p,True,23.0
part_10/recent_20241119_172658_40.mp4,recent,30.008,30.008,40.0,1.3329778725673154,39.0,640x480,mpeg4,yuv420p,False,23.0
part_10/recent_20241119_172658_56.mp4,recent,30.0,29.995775242923532,72.0,2.400338028169014,72.0,640x480,h264,yuv420p,True,23.0
part_4/5913874030551471-RECITE.mp4,recite,29.92633517495396,29.920523609163162,65.0,2.172421875,65.0,640x480,h264,yuv420p,True,18.0
part_4/6685968250536625-RECITE.mp4,recite,29.974489795918366,29.97099581050596,94.0,3.1363655913978494,94.0,640x480,h264,yuv420p,True,18.0
part_3/46775969568523945-RECORD.mp4,record,30.0,30.0,87.0,2.9,87.0,640x480,h264,yuv420p,True,11.0
part_2/3009054342712476-RECORD.mp4,record,29.96616723054616,29.97542997542997,62.0,2.0683606557377052,62.0,640x480,h264,yuv420p,True,11.0
part_4/6632590144512025-RECORD.mp4,record,30.003297065611605,30.0,91.0,3.033333333333333,91.0,640x480,h264,yuv420p,True,11.0
part_10/reduce_video_25.mp4,reduce,29.97,29.970000000000002,88.0,2.936269602936269,88.0,640x480,mpeg4,yuv420p,False,26.333333333333332
part_6/9491636443930247-REDUCE.mp4,reduce,30.0,30.0,51.0,1.7,51.0,640x480,mpeg4,yuv420p,False,26.333333333333332
part_3/4958072496453685-REDUCE.mp4,reduce,29.995588883987647,30.004478280340347,68.0,2.2663283582089555,67.0,640x480,h264,yuv420p,True,26.333333333333332
part_4/5985270755790466-REFUSE.mp4,refuse,30.0,30.0,62.0,2.066666666666667,62.0,640x480,mpeg4,yuv420p,False,29.0
part_1/11298429838781332-REFUSE.mp4,refuse,29.918404351767904,29.906542056074766,33.0,1.1034375,33.0,640x480,h264,yuv420p,True,29.0
part_10/relief_video_10.mp4,relief,29.97,29.970000000000002,51.0,1.7017017017017015,51.0,640x480,mpeg4,yuv420p,False,29.5
part_10/relief_video_21.mp4,relief,29.97,29.97,77.0,2.569235902569236,77.0,640x480,mpeg4,yuv420p,False,29.5
part_1/17527540534077146-REMIND.mp4,remind,29.998378466028864,30.00163052339801,185.0,6.166331521739131,184.0,640x480,h264,yuv420p,True,17.0
part_4/654918035865115-REMIND.mp4,remind,29.923830250272037,29.91689750692521,55.0,1.8384259259259257,55.0,640x480,h264,yuv420p,True,17.0
part_10/remove_5.mp4,remove,30.0,30.0,88.0,2.933333333333333,88.0,640x480,h264,yuv420p,True,22.5
part_1/02182224776558872-REMOVE.mp4,remove,29.995162070633768,30.004918839153962,62.0,2.0663278688524587,61.0,640x480,h264,yuv420p,True,22.5
part_3/3907480152359877-RESCUE.mp4,rescue,30.001744287458575,30.0,172.0,5.733333333333333,172.0,640x480,h264,yuv420p,True,19.0
part_3/49299448822050906-RESCUE.mp4,rescue,29.919447640966627,29.912023460410555,52.0,1.7384313725490197,52.0,640x480,h264,yuv420p,True,19.0
part_4/6212986699126888-RESENT.mp4,resent,13.333333333333334,13.333333333333334,36.0,2.6999999999999997,81.0,640x480,h264,yuv420p,True,16.5
part_5/8528797172921572-RESENT.mp4,resent,29.922202274087372,29.918404351767904,100.0,3.3424242424242427,100.0,640x480,h264,yuv420p,True,16.5
part_2/22777635146086017-RESIGN.mp4,resign,30.003529827038474,30.000000000000004,85.0,2.833333333333333,85.0,640x480,h264,yuv420p,True,21.0
part_2/25893101303507393-RESIGN.mp4,resign,29.75653742110009,29.748283752860416,66.0,2.218615384615384,66.0,640x480,h264,yuv420p,True,21.0
part_10/resist_video_0.mp4,resist,29.97002997002997,29.970029970029973,121.0,4.037366666666666,121.0,512x384,h264,yuv420p,False,19.5
part_10/resist_video_3.mp4,resist,29.97,29.970000000000002,54.0,1.8018018018018016,54.0,640x480,mpeg4,yuv420p,False,19.5
part_10/result_5.mp4,result,29.97,29.97,37.0,1.234567901234568,37.0,640x480,mpeg4,yuv420p,False,26.0
part_5/7450392207540715-RESULT.mp4,result,30.003529827038474,30.000000000000004,85.0,2.833333333333333,85.0,640x480,h264,yuv420p,True,26.0
part_10/retire_1.mp4,retire,30.345,30.345,81.0,2.6693030153237767,80.0,640x480,mpeg4,yuv420p,False,26.0
part_10/retire_video_8.mp4,retire,29.97,29.97,118.0,3.9372706039372707,118.0,640x480,mpeg4,yuv420p,False,26.0
part_10/rocket_20241119_172652_36.mp4,rocket,29.996842437638144,30.00319182891797,95.0,3.1663297872340426,94.0,640x480,h264,yuv420p,True,31.0
part_10/rocket_20241119_172652_52.mp4,rocket,30.0,29.996104402025708,78.0,2.6003376623376626,78.0,640x480,h264,yuv420p,True,31.0
part_10/russia_3.mp4,russia,29.97,29.97,40.0,1.3346680013346681,40.0,640x480,mpeg4,yuv420p,False,23.0
part_1/17745541678783927-RUSSIA.mp4,russia,25.0,25.0,71.0,2.84,85.0,640x480,h264,yuv420p,True,23.0
part_10/scared_video_1.mp4,scared,24.0,24.0,98.0,4.083333333333333,122.0,640x480,mpeg4,yuv420p,False,24.0
part_6/9548419990208963-SCARED.mp4,scared,25.0,25.0,63.0,2.52,75.0,640x480,h264,yuv420p,True,24.0
part_1/02185976473813267-SCHOOL.mp4,school,30.47,30.47,77.0,2.527075812274368,75.0,640x480,h264,yuv420p,True,27.0
part_3/4838074686766505-SCHOOL.mp4,school,29.91586163913992,29.921259842519685,96.0,3.208421052631579,96.0,640x480,h264,yuv420p,True,27.0
part_10/scream.mp4,scream,29.97,29.970000000000002,62.0,2.0687354020687354,62.0,640x480,h264,yuv420p,False,18.0
part_5/8491701758363834-SCREAM.mp4,scream,29.974489795918366,29.967426710097723,47.0,1.5683695652173912,47.0,640x480,h264,yuv420p,True,18.0
part_2/33927198866118635-SCRIPT.mp4,script,30.502,30.502,65.0,2.131007802767032,63.0,640x480,h264,yuv420p,True,18.0
part_4/6412633209521272-SCRIPT.mp4,script,29.97364953886693,29.97002997002997,91.0,3.036366666666667,91.0,640x480,h264,yuv420p,True,18.0
part_2/22674341962713362-SCULPT.mp4,sculpt,30.00171438367907,30.0,175.0,5.833333333333333,175.0,640x480,h264,yuv420p,True,16.5
part_5/7431397568277758-SCULPT.mp4,sculpt,30.0,29.995385325334567,66.0,2.200338461538461,66.0,640x480,h264,yuv420p,True,16.5
part_4/5656569741315018-SECRET.mp4,secret,29.99638597759306,30.00365898280278,83.0,2.766329268292683,82.0,640x480,h264,yuv420p,True,25.0
part_4/5430223814691273-SECRET.mp4,secret,29.971181556195965,29.969914371673227,260.0,8.675366795366795,260.0,640x480,h264,yuv420p,True,25.0
part_3/48351518338479105-SEE SEE.mp4,seesee,30.0,30.0,42.0,1.4,42.0,640x480,mpeg4,yuv420p,False,10.333333333333334
part_5/7815792220536741-SEE SEE.mp4,seesee,29.995162070633768,30.004918839153962,62.0,2.0663278688524587,61.0,640x480,h264,yuv420p,True,10.333333333333334
part_2/24918317051208416-SEE SEE.mp4,seesee,30.0,29.98500749625187,21.0,0.70035,21.0,640x480,h264,yuv420p,True,10.333333333333334
part_1/03150905619350208-SELECT.mp4,select,30.318,30.318,58.0,1.9130549508542778,57.0,640x480,h264,yuv420p,True,17.5
part_3/44771872253749656-SELECT.mp4,select,30.0,30.0,42.0,1.4,42.0,640x480,mpeg4,yuv420p,False,17.5
part_6/9420492625722177-SENATE.mp4,senate,29.99400119976005,30.006123698714024,50.0,1.6663265306122448,49.0,640x480,h264,yuv420p,True,21.5
part_1/17508160450121624-seedSENATE.mp4,senate,30.00163052339801,30.0,184.0,6.133333333333334,184.0,640x480,h264,yuv420p,True,21.5
part_10/set_up_video_4.mp4,set up,29.97,29.97,105.0,3.5035035035035036,105.0,640x480,mpeg4,yuv420p,False,20.0
part_10/set_up_video_37.mp4,set up,29.97,29.97,99.0,3.3033033033033035,99.0,640x480,mpeg4,yuv420p,False,20.0
part_10/shield_video_0.mp4,shield,29.97,29.97,79.0,2.6359693026359694,79.0,640x480,h264,yuv420p,False,10.333333333333334
part_1/03088268698265395-SHIELD.mp4,shield,28.801,28.801000000000002,52.0,1.8054928648310822,54.0,640x480,h264,yuv420p,True,10.333333333333334
part_2/18641623865112966-SHIELD.mp4,shield,29.993618379068284,30.00652315720809,47.0,1.5663260869565216,46.0,640x480,h264,yuv420p,True,10.333333333333334
part_4/627055844532713-SHORTS.mp4,shorts,30.284,30.284,98.0,3.2360322282393343,97.0,640x480,h264,yuv420p,True,18.5
part_2/2600127060313222-SHORTS.mp4,shorts,30.361,30.361,95.0,3.1290141958433515,93.0,640x480,h264,yuv420p,True,18.5
part_10/should_4.mp4,should,30.003371165299473,30.003409478349813,89.0,2.9663295454545455,88.0,640x480,h264,yuv420p,True,19.0
part_4/5703931820618922-SHOULD.mp4,should,30.0,29.99638597759306,84.0,2.8003373493975903,84.0,640x480,h264,yuv420p,True,19.0
part_10/shovel_20241119_172654_3.mp4,shovel,29.97,29.97,76.0,2.5358692025358693,76.0,640x480,mpeg4,yuv420p,False,24.0
part_10/shovel_20241119_172654_19.mp4,shovel,29.914529914529915,29.920692141312184,84.0,2.807421686746988,84.0,640x480,h264,yuv420p,True,24.0
part_10/shovel_20241119_172654_69.mp4,shovel,29.997710098465767,30.00230786983614,131.0,4.366330769230769,130.0,640x480,h264,yuv420p,True,24.0
part_10/shower_9.mp4,shower,29.97,29.97,86.0,2.8695362028695364,86.0,640x480,mpeg4,yuv420p,False,27.0
part_4/7127119676193776-SHOWER.mp4,shower,30.0,29.997600191984642,126.0,4.200336,126.0,640x480,h264,yuv420p,True,27.0
part_6/9260383471979989-SHRIMP.mp4,shrimp,29.919447640966627,29.904306220095695,26.0,0.86944,26.0,640x480,h264,yuv420p,True,22.0
part_4/5438201148520057-SHRIMP.mp4,shrimp,30.0,30.0,51.0,1.7,51.0,640x480,mpeg4,yuv420p,False,22.0
part_10/silver_video_5.mp4,silver,29.0,29.0,165.0,5.689655172413793,170.0,640x480,mpeg4,yuv420p,False,23.0
part_6/9007589901712383-SILVER.mp4,silver,30.0,29.993618379068284,48.0,1.600340425531915,48.0,640x480,h264,yuv420p,True,23.0
part_6/9483511875606008-SINGLE.mp4,single,30.366,30.366000000000003,67.0,2.2064150694856086,66.0,640x480,h264,yuv420p,True,27.0
part_4/6165598399416836-SINGLE.mp4,single,29.113,29.113,46.0,1.5800501494177859,47.0,640x480,h264,yuv420p,True,27.0
part_3/39360373168973983-SISTER.mp4,sister,14.994232987312571,14.984227129337539,39.0,2.6027368421052635,78.0,640x480,h264,yuv420p,True,25.0
part_3/5049858314243783-SISTER.mp4,sister,14.991482112436115,14.982578397212542,44.0,2.936744186046512,88.0,640x480,h264,yuv420p,True,25.0
part_1/03986864186458483-SKI-CA.mp4,ski-ca,30.00491883915396,30.0,61.0,2.033333333333333,61.0,640x480,h264,yuv420p,True,10.333333333333334
part_3/390710289933893-SKI-CA.mp4,ski-ca,29.787,29.787,120.0,4.028603081881358,120.0,640x480,h264,yuv420p,True,10.333333333333334
part_3/41850154065199363-SKI-CA.mp4,ski-ca,30.0,30.0,79.0,2.6333333333333333,79.0,640x480,h264,yuv420p,True,10.333333333333334
part_10/smooth_video_9.mp4,smooth,29.97002997002997,29.970029970029973,110.0,3.670333333333333,110.0,640x480,h264,yuv420p,False,27.0
part_2/2624714159753343-SMOOTH.mp4,smooth,30.00517330574237,30.0,58.0,1.9333333333333333,58.0,640x480,h264,yuv420p,True,27.0
part_10/sneeze_20241119_172654_8.mp4,sneeze,23.976,23.976000000000003,33.0,1.3763763763763763,41.0,640x480,mpeg4,yuv420p,False,23.333333333333332
part_10/sneeze_20241119_172654_23.mp4,sneeze,30.00428632661809,30.000000000000004,70.0,2.333333333333333,70.0,640x480,h264,yuv420p,True,23.333333333333332
part_10/sneeze_20241119_172654_49.mp4,sneeze,29.976019184652277,29.96941896024465,50.0,1.6683673469387754,50.0,640x480,h264,yuv420p,True,23.333333333333332
part_10/soccer_20241119_172654_17.mp4,soccer,29.83912817851583,29.835121695891125,115.0,3.8545175438596493,115.0,640x480,h264,yuv420p,True,23.666666666666668
part_10/soccer_20241119_172654_30.mp4,soccer,30.00491883915396,30.0,61.0,2.033333333333333,61.0,640x480,h264,yuv420p,True,23.666666666666668
part_10/soccer_20241119_172654_51.mp4,soccer,30.00267881060809,30.000000000000004,112.0,3.733333333333333,112.0,640x480,h264,yuv420p,True,23.666666666666668
part_1/09043790147657482-SOCIAL.mp4,social,25.641,25.641,101.0,3.939003939003939,118.0,640x480,h264,yuv420p,True,18.5
part_1/12779265852014388-SOCIAL.mp4,social,29.920797887943678,29.917061611374407,102.0,3.4094257425742573,102.0,640x480,h264,yuv420p,True,18.5
part_2/35447461198208385-SPIDER.mp4,spider,29.97737556561086,29.971181556195965,53.0,1.7683653846153846,53.0,640x480,h264,yuv420p,True,22.0
part_1/05027944513859417-SPIDER.mp4,spider,29.995385325334563,30.004688232536335,65.0,2.1663281249999997,64.0,640x480,h264,yuv420p,True,22.0
part_1/176551176702612-SPORTS.mp4,sports,30.0,29.995385325334567,66.0,2.200338461538461,66.0,640x480,h264,yuv420p,True,10.333333333333334
part_1/17742163042096148-SPORTS.mp4,sports,29.96742671009772,29.97364953886693,92.0,3.0693626373626373,92.0,640x480,h264,yuv420p,True,10.333333333333334
part_1/13522996281771027-SPORTS.mp4,sports,30.0,29.99638597759306,84.0,2.8003373493975903,84.0,640x480,h264,yuv420p,True,10.333333333333334
part_10/spread_20241119_172654_38.mp4,spread,29.996629592180653,30.003409478349813,89.0,2.9663295454545455,88.0,640x480,h264,yuv420p,True,38.0
part_10/spread_20241119_172654_55.mp4,spread,25.0,25.000000000000004,70.0,2.8,84.0,640x480,h264,yuv420p,True,38.0
part_10/spread_20241119_172655_3.mp4,spread,30.001604363869724,30.0,187.0,6.233333333333333,187.0,640x480,h264,yuv420p,True,38.0
part_10/spring_video_24.mp4,spring,29.753,29.753,92.0,3.0921251638490235,92.0,640x480,mpeg4,yuv420p,False,26.666666666666668
part_10/spring_video_28.mp4,spring,30.0,29.999999999999996,36.0,1.2000000000000002,36.0,640x480,mpeg4,yuv420p,False,26.666666666666668
part_4/595876962162293-SPRING.mp4,spring,25.0,25.0,74.0,2.96,88.0,640x480,h264,yuv420p,True,26.666666666666668
part_10/square_video_7.mp4,square,29.97,29.97,105.0,3.5035035035035036,105.0,640x480,mpeg4,yuv420p,False,22.0
part_1/10650428965233605-SQUARE.mp4,square,29.856,29.855999999999998,80.0,2.679528403001072,80.0,640x480,h264,yuv420p,True,22.0
part_5/786634973152029-STAIRS.mp4,stairs,27.757,27.757,78.0,2.810101956263285,84.0,640x480,h264,yuv420p,True,21.5
part_6/9083508733318004-STAIRS.mp4,stairs,30.392,30.392,82.0,2.698078441695183,80.0,640x480,h264,yuv420p,True,21.5
part_2/3329010543829014-STICKY.mp4,sticky,30.00491883915396,30.0,61.0,2.033333333333333,61.0,640x480,h264,yuv420p,True,20.0
part_5/8865841351039696-STICKY.mp4,sticky,29.975278121137208,29.971901342491417,97.0,3.236364583333333,97.0,640x480,h264,yuv420p,True,20.0
part_11/strain_20241119_172655_17.mp4,strain,30.0,29.99693908784818,99.0,3.3003367346938774,99.0,640x480,h264,yuv420p,True,23.0
part_11/strain_20241119_172655_40.mp4,strain,29.978586723768736,29.97275204359673,56.0,1.8683636363636362,56.0,640x480,h264,yuv420p,True,23.0
part_11/strain_20241119_172655_66.mp4,strain,30.888,30.888,123.0,3.982128982128982,119.0,640x480,h264,yuv420p,True,23.0
part_2/20766051469884816-STREET.mp4,street,29.836381135707413,29.82885085574572,62.0,2.0785245901639344,62.0,640x480,h264,yuv420p,True,22.0
part_1/15672572094594428-STREET.mp4,street,24.365,24.365,74.0,3.0371434434639855,91.0,640x480,h264,yuv420p,True,22.0
part_3/48714163597601834-STRESS.mp4,stress,30.0,29.995385325334567,66.0,2.200338461538461,66.0,640x480,h264,yuv420p,True,24.5
part_2/20025016708103083-STRESS.mp4,stress,29.997710098465767,30.00230786983614,131.0,4.366330769230769,130.0,640x480,h264,yuv420p,True,24.5
part_11/strict_video_1.mp4,strict,23.976,23.976,46.0,1.9185852519185853,57.0,640x480,mpeg4,yuv420p,False,20.5
part_6/9284636627704901-STRICT.mp4,strict,24.457,24.457,98.0,4.007032751359529,120.0,640x480,h264,yuv420p,True,20.5
part_1/05711711994795321-STRING.mp4,string,30.985,30.985,106.0,3.4210101662094563,102.0,640x480,h264,yuv420p,True,18.5
part_6/905009416067118-STRING.mp4,string,29.995588883987647,30.004478280340347,68.0,2.2663283582089555,67.0,640x480,h264,yuv420p,True,18.5
part_4/7197509317177178-STRIPE.mp4,stripe,24.81,24.81,96.0,3.8694074969770256,116.0,640x480,h264,yuv420p,True,16.5
part_5/8340912640326554-STRIPE.mp4,stripe,30.0,29.99651203348448,87.0,2.9003372093023256,87.0,640x480,h264,yuv420p,True,16.5
part_11/strong_12.mp4,strong,29.97,29.97,31.0,1.0343677010343677,31.0,288x192,h264,yuv420p,False,24.5
part_5/7665344568774906-STRONG.mp4,strong,29.966703662597116,29.97737556561086,54.0,1.8013584905660378,54.0,640x480,h264,yuv420p,True,24.5
part_11/stupid_20241119_172655_5.mp4,stupid,29.97,29.97,214.0,7.140473807140474,214.0,640x480,mpeg4,yuv420p,False,23.666666666666668
part_11/stupid_20241119_172655_19.mp4,stupid,30.001910949742022,30.0,157.0,5.233333333333333,157.0,640x480,h264,yuv420p,True,23.666666666666668
part_11/stupid_20241119_172655_61.mp4,stupid,30.00267881060809,30.0,112.0,3.7333333333333334,112.0,640x480,h264,yuv420p,True,23.666666666666668
part_3/5099794103667052-SUMMER.mp4,summer,30.367,30.366999999999997,83.0,2.7332301511509205,81.0,640x480,h264,yuv420p,True,24.0
part_2/28028396790543786-SUMMER.mp4,summer,29.995588883987647,30.004478280340347,68.0,2.2663283582089555,67.0,640x480,h264,yuv420p,True,24.0
part_4/5628093426848517-SUMMON.mp4,summon,30.00365898280278,29.999999999999996,82.0,2.733333333333334,82.0,640x480,h264,yuv420p,True,20.0
part_2/296572263590543-SUMMON.mp4,summon,29.97658079625293,29.971455756422458,64.0,2.135365079365079,64.0,640x480,h264,yuv420p,True,20.0
part_11/sunday_2.mp4,sunday,29.996154339187285,29.996104402025708,78.0,2.6003376623376626,78.0,640x480,h264,yuv420p,True,26.5
part_4/5796516731435355-SUNDAY.mp4,sunday,30.0,29.99638597759306,84.0,2.8003373493975903,84.0,640x480,h264,yuv420p,True,26.5
part_2/28909770479226293-SUNSET.mp4,sunset,30.0,29.997029997029998,102.0,3.4003366336633665,102.0,640x480,h264,yuv420p,True,21.5
part_4/5441833695602987-SUNSET.mp4,sunset,30.0,30.0,53.0,1.7666666666666666,53.0,640x480,mpeg4,yuv420p,False,21.5
part_5/8471553256217637-SYSTEM.mp4,system,30.516,30.516,65.0,2.13003014811902,63.0,640x480,h264,yuv420p,True,20.5
part_6/9720480632034718-SYSTEM.mp4,system,29.996739484838603,30.003297065611605,92.0,3.0663296703296705,91.0,640x480,h264,yuv420p,True,20.5
part_11/tablet_video_3.mp4,tablet,29.97,29.97,199.0,6.639973306639973,199.0,640x480,mpeg4,yuv420p,False,18.0
part_3/4685589437656512-TABLET.mp4,tablet,29.975020815986678,29.970451667370195,72.0,2.402366197183099,72.0,640x480,h264,yuv420p,True,18.0
part_2/2679250104180271-TENNIS.mp4,tennis,26.607,26.607,74.0,2.781222986432142,83.0,640x480,h264,yuv420p,True,21.0
part_1/11962113875865654-TENNIS.mp4,tennis,29.969755292823756,29.966703662597116,109.0,3.63737037037037,109.0,640x480,h264,yuv420p,True,21.0
part_11/theory_12.mp4,theory,30.38,30.38,74.0,2.435813034891376,73.0,640x480,h264,yuv420p,False,22.5
part_3/3626726585759281-THEORY.mp4,theory,29.97275204359673,29.968454258675077,77.0,2.5693684210526317,77.0,640x480,h264,yuv420p,True,22.5
part_11/things_video_1.mp4,things,29.97,29.97,74.0,2.469135802469136,74.0,640x480,h264,yuv420p,False,17.0
part_5/8673308540057565-THINGS.mp4,things,28.985,28.985,32.0,1.104019320338106,33.0,640x480,h264,yuv420p,True,17.0
part_3/44054531314757606-TICKET.mp4,ticket,30.817,30.817,69.0,2.239023915371386,67.0,640x480,h264,yuv420p,True,21.5
part_5/7779185868411755-TICKET.mp4,ticket,30.00319182891797,30.000000000000004,94.0,3.133333333333333,94.0,640x480,h264,yuv420p,True,21.5
part_3/4383507371408264-TICKLE.mp4,tickle,30.802,30.802,44.0,1.4284786702162198,42.0,640x480,mpeg4,yuv420p,False,17.0
part_3/4451563075931084-TICKLE.mp4,tickle,31.263,31.263,123.0,3.934363304865176,118.0,640x480,h264,yuv420p,True,17.0
part_1/1010858099901013-TISSUE.mp4,tissue,14.917951268025858,14.91769547325103,30.0,2.0110344827586206,60.0,640x480,h264,yuv420p,True,19.5
part_1/07789363838152141-TISSUE.mp4,tissue,30.0,29.997272975184075,111.0,3.7003363636363638,111.0,640x480,h264,yuv420p,True,19.5
part_11/toilet_video_15.mp4,toilet,29.97,29.97,93.0,3.1031031031031033,93.0,640x480,h264,yuv420p,False,28.0
part_4/6462920394888634-TOILET.mp4,toilet,29.916666666666668,29.916666666666664,58.0,1.9387186629526465,58.0,640x480,h264,yuv420p,True,28.0
part_1/13405524573349736-TOMATO.mp4,tomato,30.965,30.965,102.0,3.2940416599386406,98.0,640x480,h264,yuv420p,True,24.0
part_5/7333486518832899-TOMATO.mp4,tomato,30.003797949107483,30.0,79.0,2.6333333333333333,79.0,640x480,h264,yuv420p,True,24.0
part_1/1731074372958592-TONGUE.mp4,tongue,29.995385325334563,30.004688232536335,65.0,2.1663281249999997,64.0,640x480,h264,yuv420p,True,21.0
part_3/3766203415307263-TONGUE.mp4,tongue,29.974720115565187,29.970760233918128,83.0,2.769365853658537,83.0,640x480,h264,yuv420p,True,21.0
part_11/travel_video_9.mp4,travel,29.97,29.97,50.0,1.6683350016683351,50.0,640x480,mpeg4,yuv420p,False,25.0
part_1/15162960602736475-TRAVEL.mp4,travel,30.303,30.303000000000004,67.0,2.2110022110022105,66.0,640x480,h264,yuv420p,True,25.0
part_2/2982228806060243-TRAVEL.mp4,travel,29.966703662597116,29.97737556561086,54.0,1.8013584905660378,54.0,640x480,h264,yuv420p,True,25.0
part_11/triple_video_0.mp4,triple,29.97,29.970000000000002,95.0,3.169836503169836,95.0,640x480,h264,yuv420p,False,17.0
part_11/triple_video_3.mp4,triple,29.97,29.970000000000002,673.0,22.455789122455787,673.0,640x480,mpeg4,yuv420p,False,17.0
part_2/3482559971557835-TROPHY.mp4,trophy,29.964448958862366,29.97416020671835,59.0,1.968362068965517,59.0,640x480,h264,yuv420p,True,19.0
part_2/29748512731686017-TROPHY.mp4,trophy,29.996842437638144,30.00319182891797,95.0,3.1663297872340426,94.0,640x480,h264,yuv420p,True,19.0
part_4/6328244491722343-TURBAN.mp4,turban,30.292,30.292,87.0,2.8720454245345306,86.0,640x480,h264,yuv420p,True,10.666666666666666
part_5/7891741905381562-TURBAN.mp4,turban,29.916753381893862,29.913408554185253,115.0,3.8444298245614035,115.0,640x480,h264,yuv420p,True,10.666666666666666
part_6/9845660015904845-TURBAN.mp4,turban,29.995385325334563,30.004688232536335,65.0,2.1663281249999997,64.0,640x480,h264,yuv420p,True,10.666666666666666
part_11/turkey_20241119_172657_9.mp4,turkey,29.97002997002997,29.97002997002997,102.0,3.4034,102.0,640x480,h264,yuv420p,False,27.666666666666668
part_11/turkey_20241119_172657_26.mp4,turkey,30.0,29.996250468691414,81.0,2.7003375,81.0,640x480,h264,yuv420p,True,27.666666666666668
part_11/turkey_20241119_172657_70.mp4,turkey,30.0,29.99516207063377,63.0,2.1003387096774193,63.0,640x480,h264,yuv420p,True,27.666666666666668
part_11/turtle_video_3.mp4,turtle,29.97,29.97,113.0,3.7704371037704374,113.0,640x480,mpeg4,yuv420p,False,21.0
part_6/9588976859568643-TURTLE.mp4,turtle,30.319,30.319,111.0,3.6610706157854813,109.0,640x480,mpeg4,yuv420p,False,21.0
part_2/21708262601904083-UNIQUE.mp4,unique,29.970760233918128,29.966703662597116,82.0,2.7363703703703703,82.0,640x480,h264,yuv420p,True,21.5
part_4/6827887297589506-seedUNIQUE.mp4,unique,30.635,30.635,106.0,3.4600946629671943,103.0,640x480,h264,yuv420p,True,21.5
part_2/2395354166092203-UPLOAD.mp4,upload,30.0,30.0,50.0,1.6666666666666667,50.0,640x480,mpeg4,yuv420p,False,17.5
part_4/6839998849019848-seedUPLOAD.mp4,upload,29.83383685800604,29.830894926847805,158.0,5.296522292993631,158.0,640x480,h264,yuv420p,True,17.5
part_2/22145735379351894-VACUUM.mp4,vacuum,29.980013324450365,29.97275204359673,45.0,1.5013636363636362,45.0,640x480,h264,yuv420p,True,18.0
part_5/8876638287648129-VACUUM.mp4,vacuum,29.968997588701342,29.96515679442509,87.0,2.9033720930232554,87.0,640x480,h264,yuv420p,True,18.0
part_2/2409711677783568-VAGINA.mp4,vagina,30.492,30.492,73.0,2.3940705758887577,71.0,640x480,h264,yuv420p,True,17.0
part_2/20402848526577788-VAGINA.mp4,vagina,29.997272975184075,30.002752546105146,110.0,3.666330275229358,109.0,640x480,h264,yuv420p,True,17.0
part_5/815874736400386-VALLEY.mp4,valley,30.389,30.389,85.0,2.797064727368456,83.0,640x480,h264,yuv420p,True,19.5
part_2/35085497568468305-VALLEY.mp4,valley,30.002542588354945,30.0,118.0,3.933333333333333,118.0,640x480,h264,yuv420p,True,19.5
part_11/vanish_video_9.mp4,vanish,29.97,29.97,97.0,3.2365699032365702,97.0,640x480,mpeg4,yuv420p,False,23.0
part_11/vanish.mp4,vanish,29.97,29.970000000000002,22.0,0.7340674007340673,22.0,640x480,mpeg4,yuv420p,False,23.0
part_11/violin_9.mp4,violin,29.97,29.97,73.0,2.4357691024357693,73.0,288x192,h264,yuv420p,False,21.5
part_1/12672689578677043-VIOLIN.mp4,violin,29.965753424657535,29.97393570807993,70.0,2.3353623188405797,70.0,640x480,h264,yuv420p,True,21.5
part_5/7272603779950209-VISION.mp4,vision,30.569,30.569000000000003,66.0,2.1590500179920835,64.0,640x480,mpeg4,yuv420p,False,18.5
part_5/7863709260122529-VISION.mp4,vision,25.0,25.0,79.0,3.16,94.0,640x480,h264,yuv420p,True,18.5
part_5/7605506405338134-WAITER.mp4,waiter,30.003947887879985,30.0,76.0,2.533333333333333,76.0,640x480,h264,yuv420p,True,20.0
part_6/9106484216705377-WAITER.mp4,waiter,29.919447640966627,29.912023460410555,52.0,1.7384313725490197,52.0,640x480,h264,yuv420p,True,20.0
part_3/42938123075771184-WALLET.mp4,wallet,30.003947887879985,30.0,76.0,2.533333333333333,76.0,640x480,h264,yuv420p,True,20.5
part_6/960325374891432-WALLET.mp4,wallet,29.845107669059313,29.827915869980878,79.0,2.6485256410256413,79.0,640x480,h264,yuv420p,True,20.5
part_5/8261495725724408-WALRUS.mp4,walrus,29.97099581050596,29.967426710097723,93.0,3.103369565217391,93.0,640x480,h264,yuv420p,True,10.666666666666666
part_3/4867654962751582-WALRUS.mp4,walrus,30.00517330574237,30.0,58.0,1.9333333333333333,58.0,640x480,h264,yuv420p,True,10.666666666666666
part_2/2729486147494833-WALRUS.mp4,walrus,30.002419549963708,30.000000000000004,124.0,4.133333333333333,124.0,640x480,h264,yuv420p,True,10.666666666666666
part_11/wander_video_6.mp4,wander,29.97,29.97,66.0,2.2022022022022023,66.0,640x480,mpeg4,yuv420p,False,23.0
part_5/8066048833516137-WANDER.mp4,wander,30.0,29.99651203348448,87.0,2.9003372093023256,87.0,640x480,h264,yuv420p,True,23.0
part_3/45757520326719336-WEIGHT.mp4,weight,30.00517330574237,29.999999999999996,58.0,1.9333333333333336,58.0,640x480,h264,yuv420p,True,21.0
part_2/31925311439909554-WEIGHT.mp4,weight,30.352,30.352,144.0,4.74433315761729,142.0,640x480,h264,yuv420p,True,21.0
part_4/6251111692566835-WILL GO.mp4,willgo,29.968454258675077,29.9625468164794,57.0,1.9023750000000001,57.0,640x480,h264,yuv420p,True,10.333333333333334
part_5/7298159511111773-WILL GO.mp4,willgo,30.0,29.995385325334567,66.0,2.200338461538461,66.0,640x480,h264,yuv420p,True,10.333333333333334
part_5/7964077639125973-WILL GO.mp4,willgo,15.0093808630394,15.003261578604045,24.0,1.5996521739130434,47.0,640x480,h264,yuv420p,True,10.333333333333334
part_2/290923566270898-WINDOW.mp4,window,30.0,30.000000000000004,43.0,1.4333333333333331,43.0,640x480,mpeg4,yuv420p,False,24.5
part_2/3454261786353474-WINDOW.mp4,window,30.004110152075626,30.0,73.0,2.433333333333333,73.0,640x480,h264,yuv420p,True,24.5
part_2/32990255486491704-WINTER.mp4,winter,29.834254143646408,29.8313878080415,162.0,5.430521739130436,162.0,640x480,h264,yuv420p,True,22.0
part_5/7969650056912201-WINTER.mp4,winter,30.00545553737043,30.0,55.0,1.8333333333333333,55.0,640x480,h264,yuv420p,True,22.0
part_2/25645696041773425-WONDER.mp4,wonder,30.001807337791433,30.0,166.0,5.533333333333333,166.0,640x480,h264,yuv420p,True,19.0
part_6/9963858360484934-WONDER.mp4,wonder,30.425,30.425,90.0,2.9580936729663105,88.0,640x480,h264,yuv420p,True,19.0
part_11/wrapup_20241119_195755_1.mp4,wrapup,30.0,30.0,73.0,2.433333333333333,73.0,640x480,h264,yuv420p,False,29.0
part_11/wrapup_20241119_195755_28.mp4,wrapup,29.976019184652277,29.96941896024465,50.0,1.6683673469387754,50.0,640x480,h264,yuv420p,True,29.0
part_1/12059502197035998-YELLOW.mp4,yellow,30.002608922515,30.0,115.0,3.8333333333333335,115.0,640x480,h264,yuv420p,True,26.0
part_5/812390941200497-YELLOW.mp4,yellow,29.976019184652277,29.97164844066424,75.0,2.5023648648648646,75.0,640x480,h264,yuv420p,True,26.0
part_3/4993283542043576-ZIPPER.mp4,zipper,29.97275204359673,29.966703662597112,55.0,1.8353703703703705,55.0,640x480,h264,yuv420p,True,19.0
part_1/024041678740859274-ZIPPER.mp4,zipper,30.0,29.995946493717064,75.0,2.500337837837838,75.0,640x480,h264,yuv420p,True,19.0
part_3/3758657990369867-1 DOLLAR.mp4,1dollar,30.0,29.997945346209164,147.0,4.9003356164383565,147.0,640x480,h264,yuv420p,True,10.333333333333334
part_3/3827306090663467-1 DOLLAR.mp4,1dollar,29.970760233918128,29.966703662597116,82.0,2.7363703703703703,82.0,640x480,h264,yuv420p,True,10.333333333333334
part_6/9984633646517553-1 DOLLAR.mp4,1dollar,29.97275204359673,29.968454258675077,77.0,2.5693684210526317,77.0,640x480,h264,yuv420p,True,10.333333333333334
part_1/12926298027950378-9 OCLOCK.mp4,9oclock,29.967727063162748,29.97658079625293,65.0,2.168359375,65.0,640x480,h264,yuv420p,True,10.333333333333334
part_6/9079978416295513-9 OCLOCK.mp4,9oclock,30.0,29.992684711046085,42.0,1.4003414634146343,42.0,640x480,h264,yuv420p,True,10.333333333333334
part_6/9387022474506177-9 OCLOCK.mp4,9oclock,30.00309310238169,30.0,97.0,3.2333333333333334,97.0,640x480,h264,yuv420p,True,10.333333333333334
part_6/acquire_video_14.mp4,acquire,29.97,29.97,79.0,2.6359693026359694,79.0,640x480,mpeg4,yuv420p,False,23.0
part_1/11281293290494587-ACQUIRE.mp4,acquire,30.911,30.910999999999998,57.0,1.8440037527093915,55.0,640x480,h264,yuv420p,True,23.0
part_6/address_video_2.mp4,address,29.97,29.970000000000002,91.0,3.0363697030363697,91.0,640x480,mpeg4,yuv420p,False,30.5
part_6/address_video_8.mp4,address,29.97,29.97,49.0,1.6349683016349683,49.0,640x480,mpeg4,yuv420p,False,30.5
part_6/against_video_3.mp4,against,29.97,29.97,93.0,3.1031031031031033,93.0,640x480,mpeg4,yuv420p,False,22.5
part_6/against_video_0.mp4,against,23.976,23.976,63.0,2.6276276276276276,78.0,640x480,mpeg4,yuv420p,False,22.5
part_4/6663722432029446-ALCOHOL.mp4,alcohol,30.0,29.995775242923532,72.0,2.400338028169014,72.0,640x480,h264,yuv420p,True,18.5
part_4/6083569707519658-ALCOHOL.mp4,alcohol,30.004110152075626,30.0,73.0,2.433333333333333,73.0,640x480,h264,yuv420p,True,18.5
part_6/all_but_video_4.mp4,all but,23.976,23.976,90.0,3.7537537537537538,112.0,640x480,mpeg4,yuv420p,False,18.5
part_6/all_but_video_32.mp4,all but,29.97,29.97,70.0,2.335669002335669,70.0,640x480,mpeg4,yuv420p,False,18.5
part_1/15033058083907358-ALL GONE.mp4,allgone,30.00491883915396,30.0,61.0,2.033333333333333,61.0,640x480,h264,yuv420p,True,10.333333333333334
part_1/1168259717284319-ALL GONE.mp4,allgone,30.0,30.0,83.0,2.7666666666666666,83.0,640x480,h264,yuv420p,True,10.333333333333334
part_1/07221071917738486-ALL GONE.mp4,allgone,30.0,29.993183367416496,45.0,1.5003409090909092,45.0,640x480,h264,yuv420p,True,10.333333333333334
part_1/1591001151701419-ALL OVER.mp4,allover,30.003529827038474,30.000000000000004,85.0,2.833333333333333,85.0,640x480,h264,yuv420p,True,10.333333333333334
part_3/49885900456457044-ALL OVER.mp4,allover,30.00652315720809,30.0,46.0,1.5333333333333334,46.0,640x480,h264,yuv420p,True,10.333333333333334
part_2/19569011535131775-ALL OVER.mp4,allover,29.659,29.659,95.0,3.2030749519538757,96.0,640x480,h264,yuv420p,True,10.333333333333334
part_3/4458334706879319-ALRIGHT.mp4,alright,30.534,30.534,56.0,1.8340210912425494,55.0,640x480,mpeg4,yuv420p,False,21.0
part_4/617659350623428-ALRIGHT.mp4,alright,29.97179125528914,29.967891544773458,85.0,2.8363690476190473,85.0,640x480,h264,yuv420p,True,21.0
part_6/amazing_video_13.mp4,amazing,29.97,29.970000000000002,78.0,2.6026026026026026,78.0,640x480,mpeg4,yuv420p,False,25.0
part_3/43375070344921074-AMAZING.mp4,amazing,30.345,30.345000000000002,86.0,2.8340748063931454,85.0,640x480,mpeg4,yuv420p,False,25.0
part_5/7407541022614605-AMERICA.mp4,america,30.0,30.0,51.0,1.7,51.0,640x480,mpeg4,yuv420p,False,27.5
part_5/8914507219870214-AMERICA.mp4,america,30.0,29.994001199760046,51.0,1.7003400000000002,51.0,640x480,h264,yuv420p,True,27.5
part_6/analyze_3.mp4,analyze,23.976,23.976,58.0,2.4190857524190856,72.0,640x480,mpeg4,yuv420p,False,26.0
part_6/9871348073839943-ANALYZE.mp4,analyze,30.0,29.995775242923532,72.0,2.400338028169014,72.0,640x480,h264,yuv420p,True,26.0
part_6/apparel_video_12.mp4,apparel,23.976,23.976,52.0,2.1688355021688355,65.0,640x480,mpeg4,yuv420p,False,11.0
part_6/apparel_video_14.mp4,apparel,23.976,23.976,69.0,2.877877877877878,86.0,640x480,mpeg4,yuv420p,False,11.0
part_6/apparel_video_18.mp4,apparel,23.976,23.976,38.0,1.5849182515849183,47.0,640x480,mpeg4,yuv420p,False,11.0
part_2/2059630750106589-ARIZONA.mp4,arizona,29.917726252804787,29.912911775842485,80.0,2.6744303797468354,80.0,640x480,h264,yuv420p,True,20.0
part_2/35359931273860434-ARIZONA.mp4,arizona,30.0,29.98696219035202,24.0,0.8003478260869565,24.0,640x480,h264,yuv420p,True,20.0
part_6/article_5.mp4,article,29.97,29.97,37.0,1.234567901234568,37.0,288x192,h264,yuv420p,False,21.0
part_4/5842078290214612-ARTICLE.mp4,article,29.914529914529915,29.920212765957448,91.0,3.0414222222222222,91.0,640x480,h264,yuv420p,True,21.0
part_6/9102289429225916-ATHLETE.mp4,athlete,30.0,30.000000000000004,70.0,2.333333333333333,70.0,640x480,mpeg4,yuv420p,False,18.0
part_5/817706326550818-ATHLETE.mp4,athlete,29.835902536051716,29.828109201213348,60.0,2.0115254237288136,60.0,640x480,h264,yuv420p,True,18.0
part_6/9112603238031598-ATLANTA.mp4,atlanta,30.0,29.994916115912556,60.0,2.0003389830508476,60.0,640x480,h264,yuv420p,True,11.0
part_3/5320352660994052-ATLANTA.mp4,atlanta,29.99847723465814,30.001530690341344,197.0,6.566331632653061,196.0,640x480,h264,yuv420p,True,11.0
part_2/20257590002949333-ATLANTA.mp4,atlanta,29.99400119976005,30.006123698714024,50.0,1.6663265306122448,49.0,640x480,h264,yuv420p,True,11.0
part_6/9474479231438555-AVERAGE.mp4,average,29.975429975429975,29.970029970029973,61.0,2.0353666666666665,61.0,640x480,h264,yuv420p,True,26.0
part_2/20543405806823345-AVERAGE.mp4,average,25.0,25.0,89.0,3.56,106.0,640x480,h264,yuv420p,True,26.0
part_6/awkward_video_12.mp4,awkward,29.97,29.97,99.0,3.3033033033033035,99.0,640x480,mpeg4,yuv420p,False,26.0
part_6/9636828569119571-AWKWARD.mp4,awkward,30.004688232536335,30.0,64.0,2.1333333333333333,64.0,640x480,h264,yuv420p,True,26.0
part_2/2871810964822772-BACK OUT.mp4,backout,29.838544860004088,29.835390946502056,146.0,4.89351724137931,146.0,640x480,h264,yuv420p,True,10.666666666666666
part_1/1368347920989088-BACK OUT.mp4,backout,29.97275204359673,29.967727063162748,66.0,2.202369230769231,66.0,640x480,h264,yuv420p,True,10.666666666666666
part_5/7351415588891392-BACK OUT.mp4,backout,29.995775242923532,30.004286326618086,71.0,2.366328571428572,70.0,640x480,h264,yuv420p,True,10.666666666666666
part_6/balance_video_12.mp4,balance,29.97,29.970000000000002,187.0,6.239572906239572,187.0,640x480,mpeg4,yuv420p,False,30.5
part_3/36798218729571786-BALANCE.mp4,balance,30.00309310238169,30.000000000000004,97.0,3.233333333333333,97.0,640x480,h264,yuv420p,True,30.5
part_1/13730175629662345-BALLOON.mp4,balloon,29.9704516673702,29.965753424657535,71.0,2.3693714285714287,71.0,640x480,h264,yuv420p,True,25.0
part_1/09199887724499445-BALLOON.mp4,balloon,30.0,30.0,50.0,1.6666666666666667,50.0,640x480,mpeg4,yuv420p,False,25.0
part_6/bandage_video_1.mp4,bandage,29.97,29.970000000000002,82.0,2.736069402736069,82.0,640x480,h264,yuv420p,False,20.5
part_2/18345266216385014-BANDAGE.mp4,bandage,29.997,29.997,95.0,3.166983365003167,95.0,640x480,mpeg4,yuv420p,False,20.5
part_6/bandaid_20241119_180303_45.mp4,bandaid,29.55,29.55,70.0,2.3688663282571913,71.0,640x480,h264,yuv420p,True,29.0
part_6/bandaid_20241119_180303_54.mp4,bandaid,29.993183367416496,30.006978367062107,44.0,1.4663255813953489,43.0,640x480,h264,yuv420p,True,29.0
part_2/257818320953896-BATHTUB.mp4,bathtub,30.0,29.99558888398765,69.0,2.3003382352941175,69.0,640x480,h264,yuv420p,True,17.5
part_1/11996422127581696-BATHTUB.mp4,bathtub,30.327,30.327,75.0,2.473043822336532,74.0,640x480,h264,yuv420p,True,17.5
part_7/battery_video_7.mp4,battery,29.97,29.97,97.0,3.2365699032365702,97.0,640x480,mpeg4,yuv420p,False,21.5
part_5/7629087348006736-BATTERY.mp4,battery,30.0,29.999999999999996,60.0,2.0000000000000004,60.0,640x480,h264,yuv420p,True,21.5
part_1/1293300004047313-BECAUSE.mp4,because,29.97275204359673,29.968997588701342,88.0,2.936367816091954,88.0,640x480,h264,yuv420p,True,24.0
part_4/6101003551738955-BECAUSE.mp4,because,30.0,29.994001199760046,51.0,1.7003400000000002,51.0,640x480,h264,yuv420p,True,24.0
part_7/bedroom_video_6.mp4,bedroom,29.97,29.97,241.0,8.041374708041374,241.0,640x480,mpeg4,yuv420p,False,23.5
part_1/16201647939654906-BEDROOM.mp4,bedroom,30.186,30.186,87.0,2.882130789107533,86.0,640x480,h264,yuv420p,True,23.5
part_7/believe_20241119_172634_43.mp4,believe,14.99302649930265,14.983945772386729,43.0,2.869738095238095,86.0,640x480,h264,yuv420p,True,24.333333333333332
part_7/believe_20241119_172634_50.mp4,believe,30.551,30.551000000000002,57.0,1.8657327092402867,55.0,640x480,h264,yuv420p,True,24.333333333333332
part_7/believe_20241119_172634_65.mp4,believe,30.001401934669843,30.0,214.0,7.133333333333334,214.0,640x480,h264,yuv420p,True,24.333333333333332
part_7/benefit_video_6.mp4,benefit,29.97,29.97,97.0,3.2365699032365702,97.0,640x480,h264,yuv420p,False,24.5
part_5/8549492244783126-BENEFIT.mp4,benefit,29.923170238576628,29.918032786885245,74.0,2.4734246575342467,74.0,640x480,h264,yuv420p,True,24.5
part_7/between_2.mp4,between,25.0,25.0,84.0,3.36,100.0,640x480,mpeg4,yuv420p,False,19.5
part_4/5622784592697969-BETWEEN.mp4,between,29.974720115565187,29.970760233918128,83.0,2.769365853658537,83.0,640x480,h264,yuv420p,True,19.5
part_7/bicycle_video_15.mp4,bicycle,25.0,25.0,60.0,2.4,72.0,640x480,mpeg4,yuv420p,False,32.5
part_3/5347467939885553-BICYCLE.mp4,bicycle,30.944,30.944000000000003,95.0,3.0700620475698033,92.0,640x480,h264,yuv420p,True,32.5
part_7/biology_3.mp4,biology,29.97,29.97,83.0,2.7694361027694363,83.0,640x480,mpeg4,yuv420p,False,21.0
part_4/5991179948045715-BIOLOGY.mp4,biology,29.915692140331792,29.920395278616528,110.0,3.6764220183486236,110.0,640x480,h264,yuv420p,True,21.0
part_5/8230794042753584-BLANKET.mp4,blanket,29.996250468691414,30.003797949107483,80.0,2.6663291139240504,79.0,640x480,h264,yuv420p,True,29.5
part_1/026396248381266085-BLANKET.mp4,blanket,29.411,29.410999999999998,66.0,2.244058345516984,67.0,640x480,h264,yuv420p,True,29.5
part_7/bowling_20241119_172635_25.mp4,bowling,30.244,30.244,110.0,3.6370850416611558,109.0,640x480,h264,yuv420p,True,26.333333333333332
part_7/bowling_20241119_172635_64.mp4,bowling,29.97393570807993,29.96914940502424,69.0,2.3023676470588237,69.0,640x480,h264,yuv420p,True,26.333333333333332
part_7/bowling_20241119_172635_65.mp4,bowling,30.00428632661809,30.000000000000004,70.0,2.333333333333333,70.0,640x480,h264,yuv420p,True,26.333333333333332
part_5/7892864031885056-BRAILLE.mp4,braille,14.988814317673379,14.986376021798366,67.0,4.470727272727273,134.0,640x480,h264,yuv420p,True,17.5
part_4/6561232593110933-BRAILLE.mp4,braille,29.99638597759306,30.00365898280278,83.0,2.766329268292683,82.0,640x480,h264,yuv420p,True,17.5
part_7/breathe_video_1.mp4,breathe,29.97,29.97,52.0,1.7350684017350684,52.0,640x480,mpeg4,yuv420p,False,23.5
part_7/breathe_video_4.mp4,breathe,29.97,29.970000000000002,82.0,2.736069402736069,82.0,640x480,mpeg4,yuv420p,False,23.5
part_7/brother_video_14.mp4,brother,30.002,30.002,169.0,5.632957802813146,168.0,640x480,mpeg4,yuv420p,False,32.5
part_2/22790289140952047-BROTHER.mp4,brother,29.976019184652277,29.97164844066424,75.0,2.5023648648648646,75.0,640x480,h264,yuv420p,True,32.5
part_1/10899776819659879-BUFFALO.mp4,buffalo,29.917726252804787,29.912911775842485,80.0,2.6744303797468354,80.0,640x480,h264,yuv420p,True,19.0
part_5/8835249307418074-BUFFALO.mp4,buffalo,29.92633517495396,29.920523609163162,65.0,2.172421875,65.0,640x480,h264,yuv420p,True,19.0
part_7/cabinet_video_6.mp4,cabinet,29.0,29.0,171.0,5.896551724137931,176.0,640x480,mpeg4,yuv420p,False,22.0
part_6/9810377484871167-CABINET.mp4,cabinet,28.112,28.112,247.0,8.786283437677861,263.0,640x480,h264,yuv420p,True,22.0
part_1/14658700756318543-CALL TTY.mp4,calltty,30.004,30.004,73.0,2.433008932142381,72.0,640x480,mpeg4,yuv420p,False,10.666666666666666
part_2/28443825486402274-CALL TTY.mp4,calltty,29.97393570807993,29.96914940502424,69.0,2.3023676470588237,69.0,640x480,h264,yuv420p,True,10.666666666666666
part_4/568818048922445-CALL TTY.mp4,calltty,29.99400119976005,30.006123698714024,50.0,1.6663265306122448,49.0,640x480,h264,yuv420p,True,10.666666666666666
part_2/29395328697222856-CAMPING.mp4,camping,29.925187032418954,29.91993257479983,72.0,2.406422535211268,72.0,640x480,h264,yuv420p,True,20.5
part_6/9630861129708574-CAMPING.mp4,camping,30.003947887879985,30.0,76.0,2.533333333333333,76.0,640x480,h264,yuv420p,True,20.5
part_7/caption_7.mp4,caption,29.97,29.97,52.0,1.7350684017350684,52.0,288x192,h264,yuv420p,False,23.5
part_5/7345075955640721-CAPTION.mp4,caption,30.0,30.0,81.0,2.7,81.0,640x480,mpeg4,yuv420p,False,23.5
part_7/capture.mp4,capture,29.97,29.97,64.0,2.135468802135469,64.0,640x480,h264,yuv420p,False,17.0
part_1/07431273052799936-CAPTURE.mp4,capture,29.994643813604714,30.00545553737043,56.0,1.8663272727272728,55.0,640x480,h264,yuv420p,True,17.0
part_7/careful_video_1.mp4,careful,29.97,29.97,83.0,2.7694361027694363,83.0,640x480,mpeg4,yuv420p,False,25.0
part_5/7561801326116206-CAREFUL.mp4,careful,29.918763621953637,29.91623454327882,151.0,5.0474266666666665,151.0,640x480,h264,yuv420p,True,25.0
part_3/42203686586778355-CEILING.mp4,ceiling,28.311,28.311000000000003,56.0,1.9780297410900354,59.0,640x480,h264,yuv420p,True,22.0
part_3/47640478896552985-CEILING.mp4,ceiling,15.17290049400141,15.167930660888407,43.0,2.8349285714285712,85.0,640x480,h264,yuv420p,True,22.0
part_5/7416766344210868-CHANNEL.mp4,channel,29.99610440202571,30.003947887879985,77.0,2.566328947368421,76.0,640x480,h264,yuv420p,True,21.5
part_6/9871698372610154-CHANNEL.mp4,channel,29.97275204359673,29.968997588701342,88.0,2.936367816091954,88.0,640x480,h264,yuv420p,True,21.5
part_7/cherish_video_0.mp4,cherish,29.97,29.97,73.0,2.4357691024357693,73.0,640x480,h264,yuv420p,False,17.5
part_3/5042752638822519-CHERISH.mp4,cherish,30.436,30.436,62.0,2.0370613746878696,61.0,640x480,h264,yuv420p,True,17.5
part_3/5304080132041145-CHICAGO.mp4,chicago,30.114,30.114,59.0,1.959221624493591,58.0,640x480,h264,yuv420p,True,20.5
part_4/7031515900538949-CHICAGO.mp4,chicago,30.0,29.99719652368937,108.0,3.600336448598131,108.0,640x480,h264,yuv420p,True,20.5
part_5/7927031689417372-CHIMNEY.mp4,chimney,29.995588883987647,30.004478280340347,68.0,2.2663283582089555,67.0,640x480,h264,yuv420p,True,10.666666666666666
part_3/5323886922521792-CHIMNEY.mp4,chimney,30.002912904165452,30.0,103.0,3.433333333333333,103.0,640x480,h264,yuv420p,True,10.666666666666666
part_3/37054954900254655-CHIMNEY.mp4,chimney,30.0,29.998728867420873,237.0,7.900334745762712,237.0,640x480,h264,yuv420p,True,10.666666666666666
part_7/clothes_video_14.mp4,clothes,23.976,23.976,69.0,2.877877877877878,86.0,640x480,mpeg4,yuv420p,False,32.0
part_5/7744756142346709-CLOTHES.mp4,clothes,30.623,30.623,55.0,1.796035659471639,53.0,640x480,h264,yuv420p,True,32.0
part_2/238640910300711-COCAINE.mp4,cocaine,30.0,29.99734536766658,114.0,3.8003362831858407,114.0,640x480,h264,yuv420p,True,17.0
part_5/8771685364164121-COCAINE.mp4,cocaine,30.0,30.0,50.0,1.6666666666666667,50.0,640x480,mpeg4,yuv420p,False,17.0
part_7/coconut_9.mp4,coconut,30.28,30.28,98.0,3.236459709379128,97.0,640x480,mpeg4,yuv420p,False,21.0
part_2/2700670818989992-COCONUT.mp4,coconut,29.919447640966627,29.904306220095695,26.0,0.86944,26.0,640x480,h264,yuv420p,True,21.0
part_1/12537760846669932-COLLEGE.mp4,college,30.705,30.705000000000002,67.0,2.1820550398957823,65.0,640x480,h264,yuv420p,True,24.0
part_6/956025106373187-COLLEGE.mp4,college,25.0,25.0,78.0,3.12,93.0,640x480,h264,yuv420p,True,24.0
part_4/5981538548006924-COME OUT.mp4,comeout,27.153,27.153000000000002,94.0,3.4618642507273596,103.0,640x480,h264,yuv420p,True,10.333333333333334
part_3/5262453723882226-COME OUT.mp4,comeout,29.99400119976005,30.006123698714024,50.0,1.6663265306122448,49.0,640x480,h264,yuv420p,True,10.333333333333334
part_4/6564979311240984-COME OUT.mp4,comeout,30.75,30.75,60.0,1.951219512195122,58.0,640x480,h264,yuv420p,True,10.333333333333334
part_7/comment_video_6.mp4,comment,29.97,29.970000000000002,82.0,2.736069402736069,82.0,640x480,mpeg4,yuv420p,False,23.0
part_1/12467291315780615-COMMENT.mp4,comment,29.83484283431007,29.832082886745265,168.0,5.631520958083833,168.0,640x480,h264,yuv420p,True,23.0
part_5/8953075518220837-COMMUTE.mp4,commute,29.971830985915492,29.97059488803438,266.0,8.87536603773585,266.0,640x480,h264,yuv420p,True,21.0
part_2/23806947132366774-COMMUTE.mp4,commute,30.004110152075626,30.0,73.0,2.433333333333333,73.0,640x480,h264,yuv420p,True,21.0
part_7/compass_video_0.mp4,compass,29.97,29.970000000000002,65.0,2.1688355021688355,65.0,640x480,h264,yuv420p,False,21.5
part_3/5296903911309254-COMPASS.mp4,compass,29.978586723768736,29.97275204359673,56.0,1.8683636363636362,56.0,640x480,h264,yuv420p,True,21.5
part_7/complex_video_3.mp4,complex,23.976,23.976,34.0,1.4180847514180848,42.0,640x480,mpeg4,yuv420p,False,22.5
part_1/001814379538470856-COMPLEX.mp4,complex,30.006123698714024,30.0,49.0,1.6333333333333333,49.0,640x480,h264,yuv420p,True,22.5
part_6/9850872261495947-CONCEPT.mp4,concept,29.914529914529915,29.92518703241895,49.0,1.6374166666666667,49.0,640x480,h264,yuv420p,True,19.5
part_1/16071486723940542-seedCONCEPT.mp4,concept,30.001875117194825,30.0,160.0,5.333333333333333,160.0,640x480,h264,yuv420p,True,19.5
part_7/conduct_20241119_172638_1.mp4,conduct,29.996250468691414,30.003797949107483,80.0,2.6663291139240504,79.0,640x480,h264,yuv420p,True,34.333333333333336
part_7/conduct_20241119_172638_39.mp4,conduct,29.99693908784818,30.003093102381687,98.0,3.2663298969072168,97.0,640x480,h264,yuv420p,True,34.333333333333336
part_7/conduct_20241119_172638_64.mp4,conduct,29.994916115912556,30.005173305742368,59.0,1.9663275862068967,58.0,640x480,h264,yuv420p,True,34.333333333333336
part_3/5377518041774723-CONSUME.mp4,consume,30.362,30.362,78.0,2.569000724589948,77.0,640x480,h264,yuv420p,True,22.0
part_2/21373290562498437-CONSUME.mp4,consume,30.0,29.993618379068284,48.0,1.600340425531915,48.0,640x480,h264,yuv420p,True,22.0
part_7/contact_video_4.mp4,contact,23.976,23.976000000000003,21.0,0.8758758758758758,26.0,640x480,mpeg4,yuv420p,False,21.5
part_3/38780893871249833-CONTACT.mp4,contact,30.429,30.429,51.0,1.6760327319333532,50.0,640x480,h264,yuv420p,True,21.5
part_7/correct_video_26.mp4,correct,29.97,29.970000000000002,88.0,2.936269602936269,88.0,640x480,h264,yuv420p,False,27.0
part_7/correct_video_41.mp4,correct,29.97,29.97,128.0,4.270937604270938,128.0,640x480,mpeg4,yuv420p,False,27.0
part_7/country_video_19.mp4,country,29.97,29.97,49.0,1.6349683016349683,49.0,640x480,mpeg4,yuv420p,False,23.333333333333332
part_4/6849051691440626-COUNTRY.mp4,country,29.97364953886693,29.970029970029973,91.0,3.0363666666666664,91.0,640x480,h264,yuv420p,True,23.333333333333332
part_4/5747790634584196-COUNTRY.mp4,country,30.00517330574237,29.999999999999996,58.0,1.9333333333333336,58.0,640x480,h264,yuv420p,True,23.333333333333332
part_3/40461766637070795-COVER UP.mp4,coverup,29.974489795918366,29.967426710097723,47.0,1.5683695652173912,47.0,640x480,h264,yuv420p,True,10.666666666666666
part_3/38836319428880084-COVER UP.mp4,coverup,29.964448958862366,29.97416020671835,59.0,1.968362068965517,59.0,640x480,h264,yuv420p,True,10.666666666666666
part_1/09279523960833669-COVER UP.mp4,coverup,30.523,30.523000000000003,63.0,2.0640172984306915,61.0,640x480,mpeg4,yuv420p,False,10.666666666666666
part_7/cracker_20241119_172638_25.mp4,cracker,29.996,29.996,74.0,2.4669955994132553,74.0,640x480,mpeg4,yuv420p,False,23.333333333333332
part_7/cracker_20241119_172638_53.mp4,cracker,30.004,30.004,76.0,2.532995600586588,75.0,640x480,mpeg4,yuv420p,False,23.333333333333332
part_7/cracker_20241119_172638_63.mp4,cracker,30.577,30.576999999999998,118.0,3.8591097884030483,115.0,640x480,mpeg4,yuv420p,False,23.333333333333332
part_6/9847509193749933-CRUMPLE.mp4,crumple,30.00165755014089,30.0,181.0,6.033333333333333,181.0,640x480,h264,yuv420p,True,17.5
part_3/5189613581992953-CRUMPLE.mp4,crumple,30.0,29.995162070633768,63.0,2.1003387096774193,63.0,640x480,h264,yuv420p,True,17.5
part_7/culture_6.mp4,culture,23.976,23.976,78.0,3.2532532532532534,97.0,640x480,mpeg4,yuv420p,False,22.5
part_4/6292250323947755-CULTURE.mp4,culture,30.004110152075626,30.0,73.0,2.433333333333333,73.0,640x480,h264,yuv420p,True,22.5
part_3/4915361101643214-CURIOUS.mp4,curious,29.921259842519685,29.91725015913431,95.0,3.1754255319148936,95.0,640x480,h264,yuv420p,True,21.5
part_6/9061752761485327-CURIOUS.mp4,curious,29.90897269180754,29.931972789115648,23.0,0.7684090909090909,23.0,640x480,h264,yuv420p,True,21.5
part_1/10930595489719597-CURTAIN.mp4,curtain,15.005001667222407,15.001704739174906,45.0,2.9996590909090908,89.0,640x480,h264,yuv420p,True,21.0
part_5/8789305254600346-CURTAIN.mp4,curtain,29.556,29.555999999999997,79.0,2.6728921369603467,80.0,640x480,h264,yuv420p,True,21.0
part_7/curtsey_20241119_180303_40.mp4,curtsey,30.37,30.370000000000005,136.0,4.478103391504773,134.0,640x480,h264,yuv420p,True,29.5
part_7/curtsey_20241119_180303_41.mp4,curtsey,29.995588883987647,30.004478280340347,68.0,2.2663283582089555,67.0,640x480,h264,yuv420p,True,29.5
part_3/46680862295329617-DECLINE.mp4,decline,30.29,30.29,72.0,2.37702211951139,71.0,640x480,h264,yuv420p,True,24.0
part_3/49206019003505763-DECLINE.mp4,decline,29.996739484838603,30.003297065611605,92.0,3.0663296703296705,91.0,640x480,h264,yuv420p,True,24.0
part_5/8943085679831104-DEFLATE.mp4,deflate,30.0,30.0,42.0,1.4,42.0,640x480,mpeg4,yuv420p,False,18.5
part_5/8631506472137154-DEFLATE.mp4,deflate,29.97002997002997,29.97002997002997,69.0,2.3023000000000002,69.0,640x480,h264,yuv420p,True,18.5
part_8/dentist_20241119_172639_2.mp4,dentist,29.97,29.970000000000002,81.0,2.7027027027027026,81.0,640x480,mpeg4,yuv420p,False,25.666666666666668
part_8/dentist_20241119_172639_52.mp4,dentist,25.0,25.0,67.0,2.68,80.0,640x480,h264,yuv420p,True,25.666666666666668
part_8/dentist_20241119_172639_72.mp4,dentist,29.974160206718345,29.968454258675077,58.0,1.9353684210526316,58.0,640x480,h264,yuv420p,True,25.666666666666668
part_6/9898985707134531-DEPRESS.mp4,depress,29.974489795918366,29.967426710097723,47.0,1.5683695652173912,47.0,640x480,h264,yuv420p,True,16.5
part_1/12967813466333067-DEPRESS.mp4,depress,29.83465132997843,29.831856807087327,166.0,5.564521212121212,166.0,640x480,h264,yuv420p,True,16.5
part_8/dessert_4.mp4,dessert,30.331,30.331,84.0,2.76944380336949,83.0,640x480,mpeg4,yuv420p,False,23.0
part_6/9797579977381494-DESSERT.mp4,dessert,30.0,29.994340690435763,54.0,1.8003396226415096,54.0,640x480,h264,yuv420p,True,23.0
part_4/7101600150395044-DESTROY.mp4,destroy,29.97275204359673,29.970451667370195,143.0,4.771366197183099,143.0,640x480,h264,yuv420p,True,20.0
part_2/2682841563949141-DESTROY.mp4,destroy,30.0,29.997029997029998,102.0,3.4003366336633665,102.0,640x480,h264,yuv420p,True,20.0
part_8/develop_20241119_172639_7.mp4,develop,23.976,23.976,53.0,2.210543877210544,66.0,640x480,mpeg4,yuv420p,False,25.666666666666668
part_8/develop_20241119_172639_10.mp4,develop,23.976,23.976,69.0,2.877877877877878,86.0,640x480,mpeg4,yuv420p,False,25.666666666666668
part_8/develop_20241119_172640_33.mp4,develop,29.991431019708656,30.00882612533098,35.0,1.1663235294117646,34.0,640x480,h264,yuv420p,True,25.666666666666668
part_8/diamond_video_12.mp4,diamond,29.97,29.970000000000002,101.0,3.3700367033700362,101.0,640x480,mpeg4,yuv420p,False,25.0
part_3/43553473692647326-DIAMOND.mp4,diamond,29.995385325334563,30.004688232536335,65.0,2.1663281249999997,64.0,640x480,h264,yuv420p,True,25.0
part_5/861943373105919-DILEMMA.mp4,dilemma,29.915966386554622,29.911624745071382,89.0,2.975431818181818,89.0,640x480,h264,yuv420p,True,17.0
part_3/42650319894665367-DILEMMA.mp4,dilemma,30.0,29.995946493717064,75.0,2.500337837837838,75.0,640x480,h264,yuv420p,True,17.0
part_8/discuss_7.mp4,discuss,23.976,23.976,50.0,2.085418752085419,62.0,640x480,mpeg4,yuv420p,False,22.5
part_1/12462305481732772-DISCUSS.mp4,discuss,29.969650986342945,29.965424510180558,79.0,2.636371794871795,79.0,640x480,h264,yuv420p,True,22.5
part_6/9160200161897563-DISLIKE.mp4,dislike,30.0,29.995162070633768,63.0,2.1003387096774193,63.0,640x480,h264,yuv420p,True,19.5
part_3/4147060757530827-DISLIKE.mp4,dislike,29.77346278317152,29.74223397224058,46.0,1.5466222222222223,46.0,640x480,h264,yuv420p,True,19.5
part_5/8679999504638329-DISRUPT.mp4,disrupt,30.446,30.445999999999998,78.0,2.5619128949615715,76.0,640x480,h264,yuv420p,True,18.0
part_3/4450514157308827-DISRUPT.mp4,disrupt,29.917469050894084,29.915268891578762,174.0,5.816427745664741,174.0,640x480,h264,yuv420p,True,18.0
part_1/023626760901068522-DISSECT.mp4,dissect,30.006123698714024,30.0,49.0,1.6333333333333333,49.0,640x480,h264,yuv420p,True,10.666666666666666
part_1/08934694981095093-DISSECT.mp4,dissect,29.99693908784818,30.003093102381687,98.0,3.2663298969072168,97.0,640x480,h264,yuv420p,True,10.666666666666666
part_1/18059362471821427-DISSECT.mp4,dissect,30.00491883915396,30.0,61.0,2.033333333333333,61.0,640x480,h264,yuv420p,True,10.666666666666666
part_2/2657092647313746-DIVORCE.mp4,divorce,30.0,29.994001199760046,51.0,1.7003400000000002,51.0,640x480,h264,yuv420p,True,23.0
part_4/7070682716404322-DIVORCE.mp4,divorce,14.991896272285251,14.987510407993337,37.0,2.4687222222222225,74.0,640x480,h264,yuv420p,True,23.0
part_8/dolphin_20241119_172640.mp4,dolphin,29.0,29.0,140.0,4.827586206896552,144.0,640x480,h264,yuv420p,False,33.0
part_8/dolphin_20241119_172640_16.mp4,dolphin,29.91608901860635,29.919236417033773,164.0,5.481423312883436,164.0,640x480,h264,yuv420p,True,33.0
part_8/dolphin_20241119_172640_45.mp4,dolphin,30.138,30.138,227.0,7.532019377530028,225.0,640x480,h264,yuv420p,True,33.0
part_8/dresser_video_1.mp4,dresser,29.97,29.97,110.0,3.6703370036703373,110.0,640x480,h264,yuv420p,False,17.5
part_2/2742982444356956-DRESSER.mp4,dresser,29.978586723768736,29.97275204359673,56.0,1.8683636363636362,56.0,640x480,h264,yuv420p,True,17.5
part_4/5642885310456234-DRESS UP.mp4,dressup,29.967727063162748,29.97658079625293,65.0,2.168359375,65.0,640x480,h264,yuv420p,True,10.333333333333334
part_2/3346244872272235-DRESS UP.mp4,dressup,30.391,30.391,184.0,6.054424007107368,181.0,640x480,h264,yuv420p,True,10.333333333333334
part_3/4198176200549266-DRESS UP.mp4,dressup,29.97275204359673,29.966703662597112,55.0,1.8353703703703705,55.0,640x480,h264,yuv420p,True,10.333333333333334
part_5/7754911280572665-DRIBBLE.mp4,dribble,29.99400119976005,30.006123698714024,50.0,1.6663265306122448,49.0,640x480,h264,yuv420p,True,20.0
part_1/04690553070267223-DRIBBLE.mp4,dribble,30.0,30.0,50.0,1.6666666666666667,50.0,640x480,mpeg4,yuv420p,False,20.0
part_5/7459120796811722-EARRING.mp4,earring,29.963,29.962999999999997,91.0,3.0370790641791547,91.0,640x480,h264,yuv420p,True,21.0
part_5/8329783926843606-EARRING.mp4,earring,29.99802644562858,30.001986886548774,152.0,5.066331125827815,151.0,640x480,h264,yuv420p,True,21.0
part_1/1242678197081728-ECLIPSE.mp4,eclipse,25.0,25.0,81.0,3.24,97.0,640x480,h264,yuv420p,True,10.666666666666666
part_2/26574475047261026-ECLIPSE.mp4,eclipse,30.0,29.996842437638144,96.0,3.200336842105263,96.0,640x480,h264,yuv420p,True,10.666666666666666
part_1/070238749478994-ECLIPSE.mp4,eclipse,30.0,29.99651203348448,87.0,2.9003372093023256,87.0,640x480,h264,yuv420p,True,10.666666666666666
part_8/emotion_8.mp4,emotion,29.97,29.97,61.0,2.0353687020353686,61.0,288x192,h264,yuv420p,False,20.0
part_2/29349387879932376-EMOTION.mp4,emotion,29.997196523689375,30.002830455703368,107.0,3.5663301886792453,106.0,640x480,h264,yuv420p,True,20.0
part_3/5080601858515521-ENGLISH.mp4,english,30.503,30.503000000000004,61.0,1.9998032980362586,59.0,640x480,h264,yuv420p,True,20.5
part_1/03324413261492598-ENGLISH.mp4,english,29.994340690435767,30.005770340450084,53.0,1.7663269230769232,52.0,640x480,h264,yuv420p,True,20.5
part_8/example_2.mp4,example,23.976,23.976000000000003,30.0,1.251251251251251,37.0,640x480,h264,yuv420p,False,26.5
part_5/7687587074918798-EXAMPLE.mp4,example,30.0,29.99434069043577,54.0,1.8003396226415092,54.0,640x480,h264,yuv420p,True,26.5
part_8/excited_video_3.mp4,excited,29.97,29.970000000000002,81.0,2.7027027027027026,81.0,640x480,mpeg4,yuv420p,False,21.5
part_6/9439168798514366-EXCITED.mp4,excited,29.9721687004924,29.969814575247952,140.0,4.6713669064748204,140.0,640x480,h264,yuv420p,True,21.5
part_4/6385604913876339-EXPLODE.mp4,explode,30.526,30.526,63.0,2.0638144532529648,61.0,640x480,h264,yuv420p,True,19.0
part_4/5775302005177583-EXPLODE.mp4,explode,29.97275204359673,29.969755292823756,110.0,3.6703669724770642,110.0,640x480,h264,yuv420p,True,19.0
part_8/express_5.mp4,express,29.97,29.970000000000002,59.0,1.9686353019686351,59.0,288x192,h264,yuv420p,False,19.5
part_2/34566407454803105-EXPRESS.mp4,express,31.069,31.069000000000003,91.0,2.9289645627474328,87.0,640x480,h264,yuv420p,True,19.5
part_2/26754674503430453-EYE TURN.mp4,eyeturn,30.001807337791433,30.0,166.0,5.533333333333333,166.0,640x480,h264,yuv420p,True,10.333333333333334
part_2/2734109237358191-EYE TURN.mp4,eyeturn,29.752,29.752,108.0,3.6300080666845926,108.0,640x480,h264,yuv420p,True,10.333333333333334
part_4/5971786001618433-EYE TURN.mp4,eyeturn,30.0,29.992684711046085,42.0,1.4003414634146343,42.0,640x480,h264,yuv420p,True,10.333333333333334
part_8/faculty_4.mp4,faculty,30.003896609949344,30.003947887879985,77.0,2.566328947368421,76.0,640x480,h264,yuv420p,True,19.5
part_3/48815312931489907-FACULTY.mp4,faculty,29.97159090909091,29.970029970029973,211.0,7.0403666666666656,211.0,640x480,h264,yuv420p,True,19.5
part_3/42788781167615575-FANTASY.mp4,fantasy,30.0,29.998026445628575,153.0,5.1003355263157895,153.0,640x480,h264,yuv420p,True,17.5
part_4/6639287403552572-FANTASY.mp4,fantasy,23.156,23.156,82.0,3.5411988253584386,106.0,640x480,h264,yuv420p,True,17.5
part_6/9768746362774403-FASHION.mp4,fashion,29.925187032418954,29.918864097363084,60.0,2.0054237288135592,60.0,640x480,h264,yuv420p,True,22.0
part_6/9278651456757845-FASHION.mp4,fashion,30.0,29.99734536766658,114.0,3.8003362831858407,114.0,640x480,h264,yuv420p,True,22.0
part_6/9054174350851254-FENCING.mp4,fencing,29.99210734017364,30.0081103000811,38.0,1.2663243243243245,37.0,640x480,h264,yuv420p,True,20.0
part_4/5506960244216781-FENCING.mp4,fencing,30.524,30.524,92.0,3.014021753374394,90.0,640x480,h264,yuv420p,True,20.0
part_5/8756543991409855-seedFILL OUT.mp4,fillout,30.275,30.275000000000002,131.0,4.327002477291495,129.0,640x480,h264,yuv420p,True,10.333333333333334
part_2/2371431881239774-FILL OUT.mp4,fillout,29.844807003581376,29.838709677419356,75.0,2.5135135135135136,75.0,640x480,h264,yuv420p,True,10.333333333333334
part_1/15950448381963422-FILL OUT.mp4,fillout,29.991,29.991,102.0,3.4010203060918274,102.0,640x480,h264,yuv420p,True,10.333333333333334
part_8/finally_video_7.mp4,finally,29.97,29.97,52.0,1.7350684017350684,52.0,640x480,mpeg4,yuv420p,False,22.0
part_5/7882046931519788-FINALLY.mp4,finally,30.001310100877767,30.0,229.0,7.633333333333334,229.0,640x480,h264,yuv420p,True,22.0
part_6/9507501771257567-FINANCE.mp4,finance,29.97002997002997,29.964448958862366,60.0,2.002372881355932,60.0,640x480,h264,yuv420p,True,20.0
part_2/20363244064212505-FINANCE.mp4,finance,29.998324115971176,30.001685487948762,179.0,5.966331460674157,178.0,640x480,h264,yuv420p,True,20.0
part_8/fireman_20241119_172642.mp4,fireman,23.976,23.976,44.0,1.8351685018351687,55.0,640x480,h264,yuv420p,False,33.5
part_8/fireman_20241119_172642_31.mp4,fireman,29.9625468164794,29.974489795918366,48.0,1.6013617021276596,48.0,640x480,h264,yuv420p,True,33.5
part_8/fishing_20241119_172642_4.mp4,fishing,29.97,29.97,84.0,2.8028028028028027,84.0,640x480,mpeg4,yuv420p,False,24.0
part_8/fishing_20241119_172642_36.mp4,fishing,30.956,30.956000000000003,99.0,3.1980876082181156,95.0,640x480,h264,yuv420p,True,24.0
part_8/fishing_20241119_172642_61.mp4,fishing,30.149,30.149,167.0,5.5391555275465185,166.0,640x480,h264,yuv420p,True,24.0
part_8/forever_20241119_172642_39.mp4,forever,29.922423346878464,29.917726252804787,81.0,2.707425,81.0,640x480,h264,yuv420p,True,25.0
part_8/forever_20241119_172642_52.mp4,forever,30.444,30.444000000000003,78.0,2.562081198265668,76.0,640x480,mpeg4,yuv420p,False,25.0
part_8/forever_20241119_172642_66.mp4,forever,30.004688232536335,30.000000000000004,64.0,2.133333333333333,64.0,640x480,h264,yuv420p,True,25.0
part_2/25550811573585164-FORFEIT.mp4,forfeit,30.0,29.992107340173636,39.0,1.300342105263158,39.0,640x480,h264,yuv420p,True,10.666666666666666
part_3/40895058487061586-FORFEIT.mp4,forfeit,30.0,30.0,87.0,2.9,87.0,640x480,mpeg4,yuv420p,False,10.666666666666666
part_5/727797349899711-FORFEIT.mp4,forfeit,30.003297065611605,30.0,91.0,3.033333333333333,91.0,640x480,h264,yuv420p,True,10.666666666666666
part_4/6174000049197139-FREEDOM.mp4,freedom,29.99610440202571,30.003947887879985,77.0,2.566328947368421,76.0,640x480,h264,yuv420p,True,11.0
part_5/7689789349084961-FREEDOM.mp4,freedom,30.00652315720809,30.0,46.0,1.5333333333333334,46.0,640x480,h264,yuv420p,True,11.0
part_3/35969967298763006-FREEDOM.mp4,freedom,30.43,30.43,58.0,1.9060138021689124,57.0,640x480,h264,yuv420p,True,11.0
part_8/freeway_video_0.mp4,freeway,29.97,29.97,61.0,2.0353687020353686,61.0,640x480,h264,yuv420p,False,19.5
part_3/4211879723345817-FREEWAY.mp4,freeway,29.9190425906371,29.914529914529915,85.0,2.841428571428571,85.0,640x480,h264,yuv420p,True,19.5
part_6/Germany_video_5.mp4,germany,25.0,25.0,86.0,3.44,103.0,640x480,mpeg4,yuv420p,False,22.5
part_1/10006032755375949-GERMANY.mp4,germany,29.996250468691414,30.003797949107483,80.0,2.6663291139240504,79.0,640x480,h264,yuv420p,True,22.5
part_6/966817927080009-GESTURE.mp4,gesture,29.914529914529915,29.922779922779927,63.0,2.1054193548387095,63.0,640x480,h264,yuv420p,True,17.0
part_2/2733583144506315-GESTURE.mp4,gesture,29.996250468691414,30.003797949107483,80.0,2.6663291139240504,79.0,640x480,h264,yuv420p,True,17.0
part_8/giraffe_6.mp4,giraffe,29.97,29.970000000000002,69.0,2.302302302302302,69.0,640x480,mpeg4,yuv420p,False,24.5
part_2/355013001873564-GIRAFFE.mp4,giraffe,30.0,29.995385325334567,66.0,2.200338461538461,66.0,640x480,h264,yuv420p,True,24.5
part_8/glasses_4.mp4,glasses,30.004616094783813,30.004688232536335,65.0,2.1663281249999997,64.0,640x480,h264,yuv420p,True,27.5
part_4/7044334115669642-GLASSES.mp4,glasses,30.341,30.341,106.0,3.4936224910187534,104.0,640x480,h264,yuv420p,True,27.5
part_1/033295161052134814-GORILLA.mp4,gorilla,30.00428632661809,30.000000000000004,70.0,2.333333333333333,70.0,640x480,h264,yuv420p,True,20.5
part_4/582216781283561-GORILLA.mp4,gorilla,29.99400119976005,30.006123698714024,50.0,1.6663265306122448,49.0,640x480,h264,yuv420p,True,20.5
part_8/grammar_5.mp4,grammar,24.0,24.0,115.0,4.791666666666667,143.0,640x480,mpeg4,yuv420p,False,23.5
part_5/8864781146850087-GRAMMAR.mp4,grammar,30.0,29.99651203348448,87.0,2.9003372093023256,87.0,640x480,h264,yuv420p,True,23.5
part_6/9376363226153179-GRENADE.mp4,grenade,42.253,42.253,3.0,0.07100087567746668,2.0,640x480,h264,yuv420p,True,10.666666666666666
part_2/22131493772876776-GRENADE.mp4,grenade,29.914529914529915,29.921259842519685,77.0,2.573421052631579,77.0,640x480,h264,yuv420p,True,10.666666666666666
part_3/39425185396252194-GRENADE.mp4,grenade,29.996250468691414,30.003797949107483,80.0,2.6663291139240504,79.0,640x480,h264,yuv420p,True,10.666666666666666
part_3/488572033077433-HAIRCUT.mp4,haircut,29.96914940502424,29.964221824686945,68.0,2.269373134328358,68.0,640x480,h264,yuv420p,True,18.5
part_1/11364269181236719-HAIRCUT.mp4,haircut,29.765,29.764999999999997,52.0,1.7470183100957501,52.0,640x480,mpeg4,yuv420p,False,18.5
part_4/551062102957099-HAMSTER.mp4,hamster,29.919802590993214,29.91586163913992,97.0,3.2424270833333333,97.0,640x480,h264,yuv420p,True,17.0
part_1/07830767068151334-HAMSTER.mp4,hamster,29.838709677419356,29.826014913007455,37.0,1.240527777777778,37.0,640x480,h264,yuv420p,True,17.0
part_5/8561080865990032-HEARING.mp4,hearing,29.97275204359673,29.968997588701342,88.0,2.936367816091954,88.0,640x480,h264,yuv420p,True,26.0
part_6/9584457487810747-HEARING.mp4,hearing,30.0,29.994001199760046,51.0,1.7003400000000002,51.0,640x480,h264,yuv420p,True,26.0
part_3/525722762809893-HISTORY.mp4,history,30.003,30.002999999999997,88.0,2.9330400293304004,87.0,640x480,mpeg4,yuv420p,False,23.5
part_1/026630953056852924-HISTORY.mp4,history,30.0,29.993618379068284,48.0,1.600340425531915,48.0,640x480,h264,yuv420p,True,23.5
part_6/Holiday.mp4,holiday,30.0,30.0,54.0,1.8,54.0,640x480,h264,yuv420p,False,10.666666666666666
part_6/9964601084801226-HOLIDAY.mp4,holiday,29.968997588701342,29.965156794425084,87.0,2.9033720930232563,87.0,640x480,h264,yuv420p,True,10.666666666666666
part_6/9128159121913213-HOLIDAY.mp4,holiday,29.921259842519685,29.91452991452991,57.0,1.9054285714285717,57.0,640x480,h264,yuv420p,True,10.666666666666666
part_4/579870990308373-HUNDRED.mp4,hundred,30.86,30.86,42.0,1.3609850939727803,40.0,640x480,mpeg4,yuv420p,False,24.0
part_4/7022292214541699-HUNDRED.mp4,hundred,30.502,30.502,65.0,2.131007802767032,63.0,640x480,h264,yuv420p,True,24.0
part_9/husband_7.mp4,husband,29.97,29.970000000000002,101.0,3.3700367033700362,101.0,640x480,mpeg4,yuv420p,False,25.5
part_3/4531824617841864-HUSBAND.mp4,husband,30.355,30.355,81.0,2.66842365343436,80.0,640x480,h264,yuv420p,True,25.5
part_9/imagine_20241119_172645_16.mp4,imagine,25.0,25.0,63.0,2.52,75.0,640x480,h264,yuv420p,True,23.333333333333332
part_9/imagine_20241119_172645_17.mp4,imagine,29.997029997029998,30.003000300030006,101.0,3.3663299999999996,100.0,640x480,h264,yuv420p,True,23.333333333333332
part_9/imagine_20241119_172645_40.mp4,imagine,30.968,30.968000000000004,143.0,4.617669852751226,138.0,640x480,h264,yuv420p,True,23.333333333333332
part_1/08357389333931375-IMMERSE.mp4,immerse,30.00545553737043,30.0,55.0,1.8333333333333333,55.0,640x480,h264,yuv420p,True,16.5
part_3/444367611830111-IMMERSE.mp4,immerse,29.973272241313477,29.971181556195965,157.0,5.238365384615385,157.0,640x480,h264,yuv420p,True,16.5
part_4/6077802900133438-IMPRESS.mp4,impress,29.996250468691414,30.003797949107483,80.0,2.6663291139240504,79.0,640x480,h264,yuv420p,True,18.0
part_1/1597311997598556-IMPRESS.mp4,impress,30.334,30.334,87.0,2.8680688336520075,86.0,640x480,h264,yuv420p,True,18.0
part_9/improve_4.mp4,improve,29.97,29.97,45.0,1.5015015015015016,45.0,288x192,h264,yuv420p,False,25.0
part_5/7275550135371469-IMPROVE.mp4,improve,29.996629592180653,30.003409478349813,89.0,2.9663295454545455,88.0,640x480,h264,yuv420p,True,25.0
part_9/inspire_video_14.mp4,inspire,29.97,29.970000000000002,108.0,3.603603603603603,108.0,640x480,mpeg4,yuv420p,False,25.5
part_5/7205199307774421-INSPIRE.mp4,inspire,29.920523609163162,29.914529914529915,64.0,2.1394285714285712,64.0,640x480,h264,yuv420p,True,25.5
part_2/217657866515359-INSTEAD.mp4,instead,29.978586723768736,29.97275204359673,56.0,1.8683636363636362,56.0,640x480,h264,yuv420p,True,20.0
part_3/4009403117629111-INSTEAD.mp4,instead,29.911,29.910999999999998,81.0,2.708033833706663,81.0,640x480,h264,yuv420p,True,20.0
part_9/jealous.mp4,jealous,29.97,29.97,39.0,1.3013013013013013,39.0,640x480,mpeg4,yuv420p,False,24.0
part_3/4889485962747655-JEALOUS.mp4,jealous,29.585,29.585000000000004,65.0,2.1970593206016558,65.0,640x480,h264,yuv420p,True,24.0
part_9/jewelry_video_4.mp4,jewelry,23.976,23.976,46.0,1.9185852519185853,57.0,640x480,h264,yuv420p,False,22.0
part_4/6280050722469468-JEWELRY.mp4,jewelry,30.002830455703368,30.0,106.0,3.533333333333333,106.0,640x480,h264,yuv420p,True,22.0
part_5/8416501321598842-seedJOURNEY.mp4,journey,31.056,31.056,110.0,3.54198866563627,106.0,640x480,h264,yuv420p,True,19.0
part_5/841822640179104-JOURNEY.mp4,journey,30.004688232536335,30.0,64.0,2.1333333333333333,64.0,640x480,h264,yuv420p,True,19.0
part_5/7650015175499278-KITCHEN.mp4,kitchen,29.917726252804787,29.9079754601227,40.0,1.3374358974358975,40.0,640x480,h264,yuv420p,True,23.5
part_6/994288282584332-KITCHEN.mp4,kitchen,29.967159277504106,29.975020815986674,73.0,2.4353611111111113,73.0,640x480,h264,yuv420p,True,23.5
part_1/02094806399088678-LAY DOWN.mp4,laydown,29.99638597759306,30.00365898280278,83.0,2.766329268292683,82.0,640x480,h264,yuv420p,True,10.333333333333334
part_4/5691246614576149-LAY DOWN.mp4,laydown,29.995162070633768,30.004918839153962,62.0,2.0663278688524587,61.0,640x480,h264,yuv420p,True,10.333333333333334
part_3/3662658676451145-LAY DOWN.mp4,laydown,29.997710098465767,30.00230786983614,131.0,4.366330769230769,130.0,640x480,h264,yuv420p,True,10.333333333333334
part_1/05529229163365468-LEATHER.mp4,leather,29.918404351767904,29.91256327657616,66.0,2.2064307692307694,66.0,640x480,h264,yuv420p,True,17.5
part_1/02601884651136177-LEATHER.mp4,leather,30.00206910821436,30.0,145.0,4.833333333333333,145.0,640x480,h264,yuv420p,True,17.5
part_9/lecture_6.mp4,lecture,23.976,23.976,31.0,1.2929596262929597,38.0,640x480,mpeg4,yuv420p,False,26.0
part_6/9110010217683278-LECTURE.mp4,lecture,30.469,30.469,61.0,2.002034855098625,60.0,640x480,h264,yuv420p,True,26.0
part_9/lesbian_video_4.mp4,lesbian,29.97,29.97,231.0,7.707707707707708,231.0,640x480,mpeg4,yuv420p,False,21.0
part_4/6371994458486465-seedLESBIAN.mp4,lesbian,30.309,30.309,135.0,4.454122537860042,133.0,640x480,h264,yuv420p,True,21.0
part_9/lettuce_20241119_172646_20.mp4,lettuce,29.966703662597116,29.97737556561086,54.0,1.8013584905660378,54.0,640x480,h264,yuv420p,True,24.666666666666668
part_9/lettuce_20241119_172646_57.mp4,lettuce,29.97275204359673,29.969755292823756,110.0,3.6703669724770642,110.0,640x480,h264,yuv420p,True,24.666666666666668
part_9/lettuce_20241119_172646_67.mp4,lettuce,14.99482936918304,14.9812734082397,29.0,1.93575,58.0,640x480,h264,yuv420p,True,24.666666666666668
part_9/library_8.mp4,library,29.97,29.97,58.0,1.9352686019352687,58.0,288x192,h264,yuv420p,False,20.5
part_6/9769917325972981-LIBRARY.mp4,library,30.478,30.477999999999998,59.0,1.9358225605354684,58.0,640x480,h264,yuv420p,True,20.5
part_4/5983320426555474-LICENSE.mp4,license,30.006123698714024,30.0,49.0,1.6333333333333333,49.0,640x480,h264,yuv420p,True,18.5
part_4/5840343628831042-LICENSE.mp4,license,30.0,29.998351738915442,183.0,6.100335164835165,183.0,640x480,h264,yuv420p,True,18.5
part_9/lighter_video_4.mp4,lighter,29.97,29.97,93.0,3.1031031031031033,93.0,640x480,mpeg4,yuv420p,False,19.0
part_2/22275662087526515-LIGHTER.mp4,lighter,29.835902536051716,29.828109201213348,60.0,2.0115254237288136,60.0,640x480,h264,yuv420p,True,19.0
part_9/lipread_video_1.mp4,lipread,23.976,23.976,66.0,2.7527527527527527,82.0,640x480,h264,yuv420p,False,18.5
part_5/7710478852038607-LIPREAD.mp4,lipread,29.917061611374407,29.915165947313586,202.0,6.752427860696518,202.0,640x480,h264,yuv420p,True,18.5
part_9/lobster_20241119_172647_25.mp4,lobster,29.996739484838603,30.003297065611605,92.0,3.0663296703296705,91.0,640x480,h264,yuv420p,True,34.0
part_9/lobster_20241119_172647_31.mp4,lobster,30.00309310238169,30.0,97.0,3.2333333333333334,97.0,640x480,h264,yuv420p,True,34.0
part_9/lobster_20241119_172647_97.mp4,lobster,31.061,31.061,102.0,3.2838607900582724,98.0,640x480,h264,yuv420p,True,34.0
part_9/machine_3.mp4,machine,25.0,25.0,82.0,3.28,98.0,640x480,mpeg4,yuv420p,False,32.5
part_5/7563947192059512-seedMACHINE.mp4,machine,29.99813676169182,30.001875117194825,161.0,5.36633125,160.0,640x480,h264,yuv420p,True,32.5
part_9/magnify_20241119_172647_16.mp4,magnify,30.0,30.0,46.0,1.5333333333333334,46.0,640x480,mpeg4,yuv420p,False,23.0
part_9/magnify_20241119_172647_37.mp4,magnify,30.00652315720809,30.0,46.0,1.5333333333333334,46.0,640x480,h264,yuv420p,True,23.0
part_9/magnify_20241119_172647_38.mp4,magnify,29.920212765957448,29.915966386554622,90.0,3.008426966292135,90.0,640x480,h264,yuv420p,True,23.0
part_9/mailman_video_2.mp4,mailman,29.97,29.97,99.0,3.3033033033033035,99.0,640x480,mpeg4,yuv420p,False,19.5
part_9/mailman_video_4.mp4,mailman,29.97,29.97,61.0,2.0353687020353686,61.0,640x480,mpeg4,yuv420p,False,19.5
part_9/mascara_video_1.mp4,mascara,29.97,29.970000000000002,315.0,10.51051051051051,315.0,640x480,h264,yuv420p,False,17.0
part_3/5236730717037961-MASCARA.mp4,mascara,29.994916115912556,30.005173305742368,59.0,1.9663275862068967,58.0,640x480,h264,yuv420p,True,17.0
part_4/5708154987302507-MASSAGE.mp4,massage,30.0,29.99813676169182,162.0,5.400335403726708,162.0,640x480,h264,yuv420p,True,17.5
part_2/2892453622492386-MASSAGE.mp4,massage,30.0,29.999999999999996,63.0,2.1,63.0,640x480,mpeg4,yuv420p,False,17.5
part_9/measure_20241119_172647_1.mp4,measure,29.97,29.97,115.0,3.8371705038371706,115.0,640x480,mpeg4,yuv420p,False,28.666666666666668
part_9/measure_20241119_172647_10.mp4,measure,24.0,24.0,87.0,3.625,108.0,640x480,mpeg4,yuv420p,False,28.666666666666668
part_9/measure_20241119_172647_57.mp4,measure,30.558,30.558,116.0,3.796059951567511,113.0,640x480,h264,yuv420p,True,28.666666666666668
part_5/8315022055723575-MEETING.mp4,meeting,30.001554484688327,30.0,193.0,6.433333333333334,193.0,640x480,h264,yuv420p,True,19.0
part_1/05427524094274294-MEETING.mp4,meeting,29.96542451018056,29.97275204359673,78.0,2.6023636363636364,78.0,640x480,h264,yuv420p,True,19.0
part_1/11137281856386338-MENTION.mp4,mention,29.978586723768736,29.970760233918128,42.0,1.4013658536585367,42.0,640x480,h264,yuv420p,True,23.5
part_5/7768118547167553-MENTION.mp4,mention,30.001685487948762,29.999999999999996,178.0,5.9333333333333345,178.0,640x480,h264,yuv420p,True,23.5
part_9/mexican_20241119_172648_1.mp4,mexican,23.976,23.976000000000003,70.0,2.919586252919586,87.0,640x480,mpeg4,yuv420p,False,33.0
part_9/mexican_20241119_172648_16.mp4,mexican,29.758850692662904,29.74947807933194,58.0,1.9496140350877194,58.0,640x480,h264,yuv420p,True,33.0
part_9/minimum_20241119_172648_40.mp4,minimum,29.99610440202571,30.003947887879985,77.0,2.566328947368421,76.0,640x480,h264,yuv420p,True,32.5
part_9/minimum_20241119_172648_52.mp4,minimum,29.99651203348448,30.003529827038477,86.0,2.866329411764706,85.0,640x480,h264,yuv420p,True,32.5
part_1/11468085655082505-MONSTER.mp4,monster,30.405,30.404999999999998,165.0,5.426739023186976,162.0,640x480,h264,yuv420p,True,21.5
part_4/5467765049213293-MONSTER.mp4,monster,26.969,26.969,91.0,3.3742445029478287,101.0,640x480,h264,yuv420p,True,21.5
part_2/33958708655307857-MORNING.mp4,morning,30.538,30.538,55.0,1.801034776344227,54.0,640x480,h264,yuv420p,True,28.0
part_5/7444758043561372-MORNING.mp4,morning,30.0,29.994643813604714,57.0,1.9003392857142856,57.0,640x480,h264,yuv420p,True,28.0
part_9/network_video_7.mp4,network,23.976,23.976,42.0,1.7517517517517518,52.0,640x480,mpeg4,yuv420p,False,24.0
part_9/network.mp4,network,29.97,29.97,64.0,2.135468802135469,64.0,640x480,h264,yuv420p,False,24.0
part_9/neutral_8.mp4,neutral,29.996552120445926,29.99651203348448,87.0,2.9003372093023256,87.0,640x480,h264,yuv420p,True,22.0
part_1/10751424634632123-NEUTRAL.mp4,neutral,29.975429975429975,29.970029970029973,61.0,2.0353666666666665,61.0,640x480,h264,yuv420p,True,22.0
part_9/nothing_20241119_172649.mp4,nothing,29.97,29.97,44.0,1.4681348014681348,44.0,640x480,h264,yuv420p,False,26.0
part_9/nothing_20241119_172649_18.mp4,nothing,30.438,30.438000000000002,68.0,2.2340495433339904,67.0,640x480,h264,yuv420p,True,26.0
part_9/nothing_20241119_172649_40.mp4,nothing,15.17150395778364,15.166835187057634,46.0,3.0329333333333333,90.0,640x480,h264,yuv420p,True,26.0
part_9/obvious.mp4,obvious,29.97,29.970000000000002,51.0,1.7017017017017015,51.0,640x480,mpeg4,yuv420p,False,16.5
part_5/8752921740758894-OBVIOUS.mp4,obvious,17.16581446311176,17.16417910447761,47.0,2.7382608695652175,82.0,640x480,h264,yuv420p,True,16.5
part_4/6095999940772356-OCTOPUS.mp4,octopus,30.003797949107483,30.000000000000004,79.0,2.633333333333333,79.0,640x480,h264,yuv420p,True,20.0
part_1/05697183864816657-OCTOPUS.mp4,octopus,30.462,30.462,81.0,2.6590506204451447,79.0,640x480,mpeg4,yuv420p,False,20.0
part_9/offhand_video_0.mp4,offhand,29.97,29.970000000000002,69.0,2.302302302302302,69.0,640x480,h264,yuv420p,False,10.666666666666666
part_5/7449165483490445-OFFHAND.mp4,offhand,29.974489795918366,29.97099581050596,94.0,3.1363655913978494,94.0,640x480,h264,yuv420p,True,10.666666666666666
part_4/6332458699270131-OFFHAND.mp4,offhand,29.973772948669914,29.96965098634294,80.0,2.6693670886075953,80.0,640x480,h264,yuv420p,True,10.666666666666666
part_9/onemore_20241119_195754_15.mp4,onemore,29.967891544773458,29.974720115565184,84.0,2.802361445783133,84.0,640x480,h264,yuv420p,True,29.5
part_9/onemore_20241119_195754_47.mp4,onemore,30.0,29.993183367416496,45.0,1.5003409090909092,45.0,640x480,h264,yuv420p,True,29.5
part_2/2075373618324825-ONLY ONE.mp4,onlyone,29.971648440664236,29.967159277504106,74.0,2.4693698630136987,74.0,640x480,h264,yuv420p,True,10.333333333333334
part_4/5959419630178846-ONLY ONE.mp4,onlyone,30.0,29.99210734017364,39.0,1.3003421052631579,39.0,640x480,h264,yuv420p,True,10.333333333333334
part_2/31747372904768145-ONLY ONE.mp4,onlyone,29.929577464788732,29.922202274087372,51.0,1.70442,51.0,640x480,h264,yuv420p,True,10.333333333333334
part_9/opinion_20241119_173205.mp4,opinion,29.99850007499625,30.001507613447913,200.0,6.666331658291457,199.0,640x480,h264,yuv420p,True,25.666666666666668
part_9/opinion_20241119_172649_9.mp4,opinion,29.97,29.97,71.0,2.3690357023690356,71.0,640x480,mpeg4,yuv420p,False,25.666666666666668
part_9/opinion_20241119_172649_52.mp4,opinion,29.968454258675077,29.96404314822213,76.0,2.5363733333333336,76.0,640x480,h264,yuv420p,True,25.666666666666668
part_4/5510822299428495-OSTRICH.mp4,ostrich,29.99651203348448,30.003529827038474,86.0,2.8663294117647062,85.0,640x480,h264,yuv420p,True,17.0
part_1/14792536131472378-OSTRICH.mp4,ostrich,30.117,30.117,369.0,12.252216356210777,367.0,640x480,h264,yuv420p,True,17.0
part_9/outside_8.mp4,outside,29.97,29.970000000000002,48.0,1.6016016016016015,48.0,288x192,h264,yuv420p,False,25.5
part_6/916286415627332-OUTSIDE.mp4,outside,30.328,30.328000000000003,171.0,5.638353996307043,169.0,640x480,h264,yuv420p,True,25.5
part_6/9083444482678442-PAGEANT.mp4,pageant,30.0,29.997656433091162,129.0,4.300335937500001,129.0,640x480,h264,yuv420p,True,17.5
part_3/39934854159376854-PAGEANT.mp4,pageant,14.989293361884368,14.986376021798366,56.0,3.7367272727272725,112.0,640x480,h264,yuv420p,True,17.5
part_5/7622043647524928-PANCAKE.mp4,pancake,29.91869918699187,29.914529914529915,92.0,3.075428571428571,92.0,640x480,h264,yuv420p,True,17.5
part_4/6727162982252604-PANCAKE.mp4,pancake,25.0,25.0,66.0,2.64,79.0,640x480,h264,yuv420p,True,17.5
part_3/43211526476120365-PARENTS.mp4,parents,30.0,29.99210734017364,39.0,1.3003421052631579,39.0,640x480,h264,yuv420p,True,17.0
part_2/3344429449933908-PARENTS.mp4,parents,29.994916115912556,30.005173305742368,59.0,1.9663275862068967,58.0,640x480,h264,yuv420p,True,17.0
part_1/057661881937279835-PASS OUT.mp4,passout,30.74,30.740000000000002,49.0,1.594014313597918,47.0,640x480,mpeg4,yuv420p,False,10.333333333333334
part_2/24204309620015718-PASS OUT.mp4,passout,30.00517330574237,29.999999999999996,58.0,1.9333333333333336,58.0,640x480,h264,yuv420p,True,10.333333333333334
part_5/8146145505335132-PASS OUT.mp4,passout,29.966703662597116,29.97737556561086,54.0,1.8013584905660378,54.0,640x480,h264,yuv420p,True,10.333333333333334
part_9/patient_20241119_172649.mp4,patient,29.97,29.970000000000002,75.0,2.5025025025025025,75.0,640x480,h264,yuv420p,False,34.333333333333336
part_9/patient_20241119_172649_1.mp4,patient,23.976,23.976,57.0,2.3773773773773774,71.0,640x480,mpeg4,yuv420p,False,34.333333333333336
part_9/patient_20241119_172649_2.mp4,patient,29.97,29.970000000000002,59.0,1.9686353019686351,59.0,640x480,mpeg4,yuv420p,False,34.333333333333336
part_6/9487582988599914-PEACOCK.mp4,peacock,30.0,29.99558888398765,69.0,2.3003382352941175,69.0,640x480,h264,yuv420p,True,18.0
part_4/563254890502427-PEACOCK.mp4,peacock,29.91869918699187,29.914529914529915,92.0,3.075428571428571,92.0,640x480,h264,yuv420p,True,18.0
part_2/35293005912835507-PENGUIN.mp4,penguin,29.91725015913431,29.91315535541975,94.0,3.1424301075268817,94.0,640x480,h264,yuv420p,True,17.0
part_4/5583564829066063-PENGUIN.mp4,penguin,29.920523609163162,29.914529914529915,64.0,2.1394285714285712,64.0,640x480,h264,yuv420p,True,17.0
part_10/percent_video_1.mp4,percent,29.97,29.970000000000002,56.0,1.868535201868535,56.0,640x480,mpeg4,yuv420p,False,18.0
part_1/06061645143738659-PERCENT.mp4,percent,29.96941896024465,29.9625468164794,49.0,1.635375,49.0,640x480,h264,yuv420p,True,18.0
part_1/05901498725772769-PERFECT.mp4,perfect,17.164435290078956,17.168885774351786,50.0,2.9122448979591837,87.0,640x480,h264,yuv420p,True,20.0
part_4/6751563567436816-PERFECT.mp4,perfect,25.0,25.0,75.0,3.0,90.0,640x480,h264,yuv420p,True,20.0
part_10/perfume_20241119_172650_55.mp4,perfume,29.97275204359673,29.968997588701342,88.0,2.936367816091954,88.0,640x480,h264,yuv420p,True,24.666666666666668
part_10/perfume_20241119_172650_70.mp4,perfume,30.544,30.544,59.0,1.931639601885804,57.0,640x480,h264,yuv420p,True,24.666666666666668
part_10/perfume_20241119_172650_71.mp4,perfume,30.00491883915396,30.0,61.0,2.033333333333333,61.0,640x480,h264,yuv420p,True,24.666666666666668
part_10/physics_1.mp4,physics,25.0,25.0,94.0,3.76,112.0,640x480,mpeg4,yuv420p,False,21.0
part_10/physics_9.mp4,physics,30.355,30.355,79.0,2.6025366496458573,78.0,640x480,mpeg4,yuv420p,False,21.0
part_10/picture_video_15.mp4,picture,29.97,29.97,190.0,6.339673006339673,190.0,640x480,h264,yuv420p,False,30.5
part_2/31970018406249-PICTURE.mp4,picture,29.918032786885245,29.915411594800904,146.0,4.880427586206897,146.0,640x480,h264,yuv420p,True,30.5
part_10/pitcher_video_6.mp4,pitcher,29.97,29.970000000000002,111.0,3.7037037037037033,111.0,640x480,mpeg4,yuv420p,False,19.0
part_4/6910214501008138-PITCHER.mp4,pitcher,30.352,30.351999999999997,107.0,3.5253031101739594,105.0,640x480,h264,yuv420p,True,19.0
part_2/3010989416326346-PLAYERS.mp4,players,30.0,29.997710098465767,132.0,4.400335877862595,132.0,640x480,h264,yuv420p,True,10.333333333333334
part_1/05007426062589193-PLAYERS.mp4,players,29.97002997002997,29.97002997002997,72.0,2.4024,72.0,640x480,h264,yuv420p,True,10.333333333333334
part_5/8584565930052828-PLAYERS.mp4,players,29.923451635351427,29.919042590637098,86.0,2.874423529411765,86.0,640x480,h264,yuv420p,True,10.333333333333334
part_10/plummet.mp4,plummet,29.97,29.970000000000002,88.0,2.936269602936269,88.0,640x480,mpeg4,yuv420p,False,17.0
part_6/99807997710766-PLUMMET.mp4,plummet,30.0,30.0,73.0,2.433333333333333,73.0,640x480,mpeg4,yuv420p,False,17.0
part_5/8726950146311769-PLUNGER.mp4,plunger,29.974160206718345,29.971331769611673,116.0,3.8703652173913046,116.0,640x480,h264,yuv420p,True,17.0
part_1/040206894467550436-PLUNGER.mp4,plunger,29.99734536766658,30.002678810608092,113.0,3.766330357142857,112.0,640x480,h264,yuv420p,True,17.0
part_5/888614784762559-POPCORN.mp4,popcorn,30.0,29.999999999999996,47.0,1.5666666666666669,47.0,640x480,mpeg4,yuv420p,False,20.5
part_1/1670760746032347-POPCORN.mp4,popcorn,30.00365898280278,30.000000000000004,82.0,2.733333333333333,82.0,640x480,h264,yuv420p,True,20.5
part_3/5233325828302235-POPULAR.mp4,popular,29.9625468164794,29.974489795918366,48.0,1.6013617021276596,48.0,640x480,h264,yuv420p,True,20.0
part_5/8467929388420512-POPULAR.mp4,popular,15.169756802311582,15.166340508806261,63.0,4.153935483870968,124.0,640x480,h264,yuv420p,True,20.0
part_2/229070483247223-PREDICT.mp4,predict,29.995162070633768,30.004918839153962,62.0,2.0663278688524587,61.0,640x480,h264,yuv420p,True,21.5
part_4/5735214635560155-PREDICT.mp4,predict,29.997115661955583,30.002912904165456,104.0,3.4663300970873783,103.0,640x480,h264,yuv420p,True,21.5
part_10/present_video_8.mp4,present,29.97,29.97,31.0,1.0343677010343677,31.0,640x480,mpeg4,yuv420p,False,20.0
part_10/present_20.mp4,present,30.35,30.35,80.0,2.6359143327841843,79.0,640x480,mpeg4,yuv420p,False,20.0
part_1/15517176121164677-PRETEND.mp4,pretend,30.788,30.788,50.0,1.6240093542938807,48.0,640x480,mpeg4,yuv420p,False,18.0
part_2/2646200439832638-seedPRETEND.mp4,pretend,30.522,30.522000000000002,118.0,3.866063822816329,115.0,640x480,h264,yuv420p,True,18.0
part_10/problem_20241119_172651_5.mp4,problem,29.97,29.970000000000002,46.0,1.534868201534868,46.0,640x480,mpeg4,yuv420p,False,26.333333333333332
part_10/problem_20241119_172651_17.mp4,problem,30.0,30.0,91.0,3.033333333333333,91.0,640x480,h264,yuv420p,True,26.333333333333332
part_10/problem_20241119_172651_18.mp4,problem,23.976,23.976,29.0,1.2095428762095428,36.0,640x480,mpeg4,yuv420p,False,26.333333333333332
part_10/process_2.mp4,process,25.0,25.0,94.0,3.76,112.0,640x480,mpeg4,yuv420p,False,21.5
part_4/547776524171991-PROCESS.mp4,process,29.997857295907433,30.002158428663932,140.0,4.666330935251799,139.0,640x480,h264,yuv420p,True,21.5
part_10/program_video_14.mp4,program,29.97,29.97,79.0,2.6359693026359694,79.0,640x480,mpeg4,yuv420p,False,28.0
part_4/6261250434431211-PROGRAM.mp4,program,29.97275204359673,29.968454258675077,77.0,2.5693684210526317,77.0,640x480,h264,yuv420p,True,28.0
part_1/12124668274226069-PROJECT.mp4,project,30.003409478349813,30.0,88.0,2.933333333333333,88.0,640x480,h264,yuv420p,True,25.0
part_5/7322275722299911-PROJECT.mp4,project,29.994340690435767,30.005770340450084,53.0,1.7663269230769232,52.0,640x480,h264,yuv420p,True,25.0
part_10/promise_video_8.mp4,promise,29.97,29.97,32.0,1.0677344010677345,32.0,640x480,mpeg4,yuv420p,False,24.5
part_5/7871589392560625-PROMISE.mp4,promise,30.00428632661809,30.000000000000004,70.0,2.333333333333333,70.0,640x480,h264,yuv420p,True,24.5
part_4/5802119850614031-PROMOTE.mp4,promote,28.173,28.173,82.0,2.910588151776524,87.0,640x480,h264,yuv420p,True,20.0
part_4/6199416921256531-PROMOTE.mp4,promote,30.00491883915396,30.0,61.0,2.033333333333333,61.0,640x480,h264,yuv420p,True,20.0
part_10/propose_video_3.mp4,propose,23.976,23.976000000000003,37.0,1.5432098765432096,46.0,640x480,mpeg4,yuv420p,False,20.5
part_5/8759129523620577-PROPOSE.mp4,propose,30.276,30.276,70.0,2.312062359624785,69.0,640x480,h264,yuv420p,True,20.5
part_2/2545370764789936-PROTEST.mp4,protest,29.917469050894084,29.91304347826087,87.0,2.9084302325581395,87.0,640x480,h264,yuv420p,True,17.0
part_3/36033088770134514-PROTEST.mp4,protest,25.0,24.999999999999996,69.0,2.7600000000000002,82.0,640x480,h264,yuv420p,True,17.0
part_10/provide_3.mp4,provide,30.00315822718181,30.00319182891797,95.0,3.1663297872340426,94.0,640x480,h264,yuv420p,True,23.0
part_10/provide_video_7.mp4,provide,29.97,29.97,151.0,5.038371705038372,151.0,640x480,mpeg4,yuv420p,False,23.0
part_10/pumpkin_video_1.mp4,pumpkin,29.97,29.97,90.0,3.0030030030030033,90.0,640x480,mpeg4,yuv420p,False,20.0
part_2/21097925917413285-PUMPKIN.mp4,pumpkin,29.978586723768736,29.970760233918128,42.0,1.4013658536585367,42.0,640x480,h264,yuv420p,True,20.0
part_4/6319025092044823-PUZZLED.mp4,puzzled,29.966703662597116,29.97737556561086,54.0,1.8013584905660378,54.0,640x480,h264,yuv420p,True,19.0
part_6/929892595638057-PUZZLED.mp4,puzzled,14.915693904020753,14.915254237288135,23.0,1.5420454545454547,46.0,640x480,h264,yuv420p,True,19.0
part_10/quality_5.mp4,quality,30.003371165299473,30.003409478349813,89.0,2.9663295454545455,88.0,640x480,h264,yuv420p,True,20.5
part_5/8916797121794564-QUALITY.mp4,quality,30.779,30.779,45.0,1.4620358036323466,43.0,640x480,mpeg4,yuv420p,False,20.5
part_10/quarter_video_5.mp4,quarter,29.97,29.97,180.0,6.0060060060060065,180.0,640x480,mpeg4,yuv420p,False,29.5
part_10/quarter_video_20.mp4,quarter,29.97,29.97,79.0,2.6359693026359694,79.0,640x480,mpeg4,yuv420p,False,29.5
part_1/018608011345459197-RAINBOW.mp4,rainbow,29.977628635346758,29.97275204359673,67.0,2.2353636363636364,67.0,640x480,h264,yuv420p,True,21.0
part_2/18368836617287454-RAINBOW.mp4,rainbow,31.113,31.113,57.0,1.832031626651239,54.0,640x480,h264,yuv420p,True,21.0
part_3/3797271150358241-REFLECT.mp4,reflect,29.918404351767904,29.914529914529915,99.0,3.3094285714285716,99.0,640x480,h264,yuv420p,True,23.0
part_2/33228668118113514-REFLECT.mp4,reflect,25.0,25.0,78.0,3.12,93.0,640x480,h264,yuv420p,True,23.0
part_3/42328787474025154-REGULAR.mp4,regular,29.920523609163162,29.914529914529915,64.0,2.1394285714285712,64.0,640x480,h264,yuv420p,True,20.0
part_3/4449202130254504-REGULAR.mp4,regular,29.99062792877226,30.00968054211036,32.0,1.0663225806451613,31.0,640x480,h264,yuv420p,True,20.0
part_10/release_video_0.mp4,release,23.976,23.976,55.0,2.2939606272939606,68.0,640x480,mpeg4,yuv420p,False,25.0
part_2/3469185889257007-RELEASE.mp4,release,29.995162070633768,30.004918839153962,62.0,2.0663278688524587,61.0,640x480,h264,yuv420p,True,25.0
part_10/replace_video_1.mp4,replace,29.97,29.970000000000002,69.0,2.302302302302302,69.0,640x480,mpeg4,yuv420p,False,19.0
part_1/001562079489014323-REPLACE.mp4,replace,29.991431019708656,30.00882612533098,35.0,1.1663235294117646,34.0,640x480,h264,yuv420p,True,19.0
part_3/3711702704443536-REQUEST.mp4,request,30.0,29.994643813604714,57.0,1.9003392857142856,57.0,640x480,h264,yuv420p,True,20.0
part_1/01537752498883549-REQUEST.mp4,request,29.971181556195965,29.964747356051706,52.0,1.7353725490196077,52.0,640x480,h264,yuv420p,True,20.0
part_5/7479859486433018-RESPECT.mp4,respect,29.995385325334563,30.004688232536335,65.0,2.1663281249999997,64.0,640x480,h264,yuv420p,True,23.0
part_4/614438075898758-RESPECT.mp4,respect,29.974160206718345,29.968454258675077,58.0,1.9353684210526316,58.0,640x480,h264,yuv420p,True,23.0
part_3/5333459691118159-REVENGE.mp4,revenge,29.97002997002997,29.97002997002997,103.0,3.4367666666666667,103.0,640x480,h264,yuv420p,True,20.0
part_3/368376359924691-REVENGE.mp4,revenge,29.914529914529915,29.920692141312184,84.0,2.807421686746988,84.0,640x480,h264,yuv420p,True,20.0
part_3/38504975507172157-ROOSTER.mp4,rooster,29.99845368795423,30.001554484688327,194.0,6.466331606217616,193.0,640x480,h264,yuv420p,True,17.5
part_2/2154008219562329-ROOSTER.mp4,rooster,30.462,30.462,87.0,2.856017333070711,85.0,640x480,mpeg4,yuv420p,False,17.5
part_3/4953174009627608-SAUSAGE.mp4,sausage,30.005770340450088,30.0,52.0,1.7333333333333334,52.0,640x480,h264,yuv420p,True,19.5
part_2/28386200621550595-SAUSAGE.mp4,sausage,30.0,30.000000000000004,45.0,1.4999999999999998,45.0,640x480,mpeg4,yuv420p,False,19.5
part_10/science_6.mp4,science,29.97,29.970000000000002,94.0,3.1364698031364697,94.0,640x480,mpeg4,yuv420p,False,22.0
part_10/science_video_1.mp4,science,29.97,29.97,87.0,2.902902902902903,87.0,640x480,mpeg4,yuv420p,False,22.0
part_3/4789772495266902-SCRATCH.mp4,scratch,29.84234234234234,29.833620195065976,53.0,1.776519230769231,53.0,640x480,h264,yuv420p,True,16.5
part_5/8406942268873892-SCRATCH.mp4,scratch,30.00365898280278,29.999999999999996,82.0,2.733333333333334,82.0,640x480,h264,yuv420p,True,16.5
part_1/02520335683762953-SERIOUS.mp4,serious,29.997029997029998,30.003000300030003,101.0,3.36633,100.0,640x480,h264,yuv420p,True,22.0
part_3/4181502606400014-SERIOUS.mp4,serious,29.91026919242273,29.927760577915375,30.0,1.0024137931034482,30.0,640x480,h264,yuv420p,True,22.0
part_6/9374088689873499-SEVERAL.mp4,several,31.017,31.017000000000003,89.0,2.8693942031789015,86.0,640x480,h264,yuv420p,True,11.0
part_4/6628122415433246-SEVERAL.mp4,several,25.0,25.000000000000004,70.0,2.8,84.0,640x480,h264,yuv420p,True,11.0
part_3/4200856674768396-SEVERAL.mp4,several,30.0,29.995162070633768,63.0,2.1003387096774193,63.0,640x480,h264,yuv420p,True,11.0
part_6/945595010493804-seedSHAMPOO.mp4,shampoo,30.911,30.911,193.0,6.243732004787939,187.0,640x480,h264,yuv420p,True,18.5
part_6/9891955765130152-SHAMPOO.mp4,shampoo,29.99610440202571,30.003947887879985,77.0,2.566328947368421,76.0,640x480,h264,yuv420p,True,18.5
part_10/sharpen_20241119_172658_19.mp4,sharpen,29.971181556195965,29.964747356051706,52.0,1.7353725490196077,52.0,640x480,h264,yuv420p,True,30.333333333333332
part_10/sharpen_20241119_172658_29.mp4,sharpen,29.916410030796303,29.91071428571428,68.0,2.2734328358208957,68.0,640x480,h264,yuv420p,True,30.333333333333332
part_10/sharpen_20241119_172658_69.mp4,sharpen,29.995162070633768,30.004918839153962,62.0,2.0663278688524587,61.0,640x480,h264,yuv420p,True,30.333333333333332
part_1/0659852923794384-SHOCKED.mp4,shocked,25.0,25.0,64.0,2.56,76.0,640x480,h264,yuv420p,True,10.333333333333334
part_4/5768210306391073-SHOCKED.mp4,shocked,30.0,29.993183367416496,45.0,1.5003409090909092,45.0,640x480,h264,yuv420p,True,10.333333333333334
part_3/36422367690574187-SHOCKED.mp4,shocked,27.856,27.856,90.0,3.23090178058587,96.0,640x480,h264,yuv420p,True,10.333333333333334
part_4/7129241223913552-SLIPPER.mp4,slipper,30.0,29.996250468691414,81.0,2.7003375,81.0,640x480,h264,yuv420p,True,18.0
part_6/9249741371593849-SLIPPER.mp4,slipper,29.976019184652277,29.97164844066424,75.0,2.5023648648648646,75.0,640x480,h264,yuv420p,True,18.0
part_10/smoking_video_1.mp4,smoking,23.976,23.976,64.0,2.6693360026693362,80.0,640x480,h264,yuv420p,False,20.0
part_10/smoking_0.mp4,smoking,29.97,29.970000000000002,59.0,1.9686353019686351,59.0,640x480,mpeg4,yuv420p,False,20.0
part_1/09959176420970262-SNORKEL.mp4,snorkel,30.006123698714024,30.0,49.0,1.6333333333333333,49.0,640x480,h264,yuv420p,True,18.5
part_2/2899742118494788-SNORKEL.mp4,snorkel,29.971181556195965,29.964747356051706,52.0,1.7353725490196077,52.0,640x480,h264,yuv420p,True,18.5
part_6/9884236451336463-SNOWMAN.mp4,snowman,29.967036260113876,29.97275204359673,100.0,3.3363636363636364,100.0,640x480,h264,yuv420p,True,20.5
part_1/08195340608830803-SNOWMAN.mp4,snowman,30.56,30.56,65.0,2.1269633507853403,63.0,640x480,mpeg4,yuv420p,False,20.5
part_10/society_3.mp4,society,23.976,23.976,69.0,2.877877877877878,86.0,640x480,mpeg4,yuv420p,False,23.5
part_5/8782764153522997-SOCIETY.mp4,society,29.996629592180653,30.003409478349813,89.0,2.9663295454545455,88.0,640x480,h264,yuv420p,True,23.5
part_10/special_20241119_172654_23.mp4,special,30.455,30.455,91.0,2.9880151042521756,89.0,640x480,mpeg4,yuv420p,False,23.333333333333332
part_10/special_20241119_172654_35.mp4,special,29.967727063162748,29.97658079625293,65.0,2.168359375,65.0,640x480,h264,yuv420p,True,23.333333333333332
part_10/special_20241119_172654_67.mp4,special,30.0,29.995385325334567,66.0,2.200338461538461,66.0,640x480,h264,yuv420p,True,23.333333333333332
part_1/13752916440820018-SPIT OUT.mp4,spitout,29.974,29.974,47.0,1.5680256222059117,47.0,640x480,mpeg4,yuv420p,False,10.333333333333334
part_6/9695744923373977-seedSPIT OUT.mp4,spitout,30.159,30.158999999999995,134.0,4.443118140521901,133.0,640x480,h264,yuv420p,True,10.333333333333334
part_4/575097801448069-SPIT OUT.mp4,spitout,29.9625468164794,29.974489795918366,48.0,1.6013617021276596,48.0,640x480,h264,yuv420p,True,10.333333333333334
part_11/squeeze_video_23.mp4,squeeze,29.97,29.97,39.0,1.3013013013013013,39.0,640x480,mpeg4,yuv420p,False,23.666666666666668
part_11/squeeze_video_2.mp4,squeeze,29.97,29.97,73.0,2.4357691024357693,73.0,640x480,mpeg4,yuv420p,False,23.666666666666668
part_2/2784088169530947-SQUEEZE.mp4,squeeze,29.997,29.997,89.0,2.966963363002967,89.0,640x480,mpeg4,yuv420p,False,23.666666666666668
part_11/stadium_6.mp4,stadium,30.293,30.293,94.0,3.1030271019707523,93.0,640x480,mpeg4,yuv420p,False,21.5
part_1/11993477987050905-STADIUM.mp4,stadium,16.666666666666668,16.666666666666668,85.0,5.1,153.0,640x480,h264,yuv420p,True,21.5
part_1/10717091851240812-STAPLER.mp4,stapler,29.99651203348448,30.003529827038474,86.0,2.8663294117647062,85.0,640x480,h264,yuv420p,True,10.666666666666666
part_1/057556263572714705-STAPLER.mp4,stapler,31.165,31.165000000000003,46.0,1.4760147601476012,44.0,640x480,h264,yuv420p,True,10.666666666666666
part_2/20070582821924887-STAPLER.mp4,stapler,30.669,30.668999999999997,66.0,2.1520101731390007,64.0,640x480,h264,yuv420p,True,10.666666666666666
part_2/3161821758630725-STOMACH.mp4,stomach,30.00750187546887,30.0,40.0,1.3333333333333333,40.0,640x480,h264,yuv420p,True,27.5
part_1/020385103296934215-STOMACH.mp4,stomach,29.839026305457402,29.83293556085919,76.0,2.5475199999999996,76.0,640x480,h264,yuv420p,True,27.5
part_11/strange_video_3.mp4,strange,29.97,29.97,151.0,5.038371705038372,151.0,640x480,mpeg4,yuv420p,False,22.0
part_3/5268295753822807-STRANGE.mp4,strange,30.0,29.992684711046085,42.0,1.4003414634146343,42.0,640x480,h264,yuv420p,True,22.0
part_11/stretch_20241119_172655_1.mp4,stretch,29.97,29.970000000000002,117.0,3.9039039039039034,117.0,640x480,mpeg4,yuv420p,False,25.0
part_11/stretch_20241119_172655_14.mp4,stretch,29.97,29.97,92.0,3.0697364030697365,92.0,640x480,mpeg4,yuv420p,False,25.0
part_11/stretch_20241119_172655_59.mp4,stretch,25.0,25.0,86.0,3.44,103.0,640x480,h264,yuv420p,True,25.0
part_11/student_video_11.mp4,student,29.97,29.97,268.0,8.942275608942277,268.0,640x480,mpeg4,yuv420p,False,25.5
part_5/7982676856318318-STUDENT.mp4,student,30.0,29.99558888398765,69.0,2.3003382352941175,69.0,640x480,h264,yuv420p,True,25.5
part_1/008737400694678765-STUMBLE.mp4,stumble,29.994340690435767,30.005770340450084,53.0,1.7663269230769232,52.0,640x480,h264,yuv420p,True,17.5
part_3/4334102281052954-STUMBLE.mp4,stumble,30.264,30.263999999999996,71.0,2.3460216759185837,70.0,640x480,h264,yuv420p,True,17.5
part_11/sunrise_12.mp4,sunrise,29.97,29.97,61.0,2.0353687020353686,61.0,288x192,h264,yuv420p,False,22.0
part_3/44873560511621013-SUNRISE.mp4,sunrise,30.0,30.0,54.0,1.8,54.0,640x480,mpeg4,yuv420p,False,22.0
part_11/support_20241119_172655_20.mp4,support,30.243,30.243000000000002,111.0,3.670270806467612,110.0,640x480,mpeg4,yuv420p,False,32.333333333333336
part_11/support_20241119_172655_35.mp4,support,29.97002997002997,29.97002997002997,76.0,2.5358666666666667,76.0,512x384,h264,yuv420p,False,32.333333333333336
part_11/support_20241119_172655_89.mp4,support,29.994916115912556,30.005173305742368,59.0,1.9663275862068967,58.0,640x480,h264,yuv420p,True,32.333333333333336
part_6/9738874434589104-SURGEON.mp4,surgeon,29.995162070633768,30.004918839153962,62.0,2.0663278688524587,61.0,640x480,h264,yuv420p,True,19.5
part_4/5805219254809522-SURGEON.mp4,surgeon,29.97737556561086,29.971181556195965,53.0,1.7683653846153846,53.0,640x480,h264,yuv420p,True,19.5
part_11/surgery_7.mp4,surgery,25.0,25.0,54.0,2.16,64.0,640x480,mpeg4,yuv420p,False,21.0
part_4/6870003448826199-SURGERY.mp4,surgery,29.91725015913431,29.91315535541975,94.0,3.1424301075268817,94.0,640x480,h264,yuv420p,True,21.0
part_2/27639576523965825-SUSPECT.mp4,suspect,29.885,29.884999999999998,89.0,2.978082650158943,89.0,640x480,h264,yuv420p,True,22.5
part_3/3971637067514109-SUSPECT.mp4,suspect,15.0,14.981273408239701,21.0,1.4017499999999998,42.0,640x480,h264,yuv420p,True,22.5
part_1/005939232047473597-SUSPEND.mp4,suspend,30.046,30.046,71.0,2.3630433335552152,70.0,640x480,mpeg4,yuv420p,False,20.0
part_3/5361592700937574-SUSPEND.mp4,suspend,29.995946493717064,30.00411015207563,74.0,2.4663287671232874,73.0,640x480,h264,yuv420p,True,20.0
part_1/09169771893591694-SWALLOW.mp4,swallow,30.0,29.995385325334567,66.0,2.200338461538461,66.0,640x480,h264,yuv420p,True,21.0
part_3/48726938722294433-SWALLOW.mp4,swallow,29.92633517495396,29.920523609163162,65.0,2.172421875,65.0,640x480,h264,yuv420p,True,21.0
part_11/sweater_20241119_172655_6.mp4,sweater,29.97,29.97,96.0,3.2032032032032034,96.0,640x480,mpeg4,yuv420p,False,33.333333333333336
part_11/sweater_20241119_172655_13.mp4,sweater,30.00267881060809,30.0,112.0,3.7333333333333334,112.0,640x480,h264,yuv420p,True,33.333333333333336
part_11/sweater_20241119_172655_34.mp4,sweater,30.0,29.99638597759306,84.0,2.8003373493975903,84.0,640x480,h264,yuv420p,True,33.333333333333336
part_11/takeoff_20241119_195755_32.mp4,takeoff,25.0,25.0,79.0,3.16,94.0,640x480,h264,yuv420p,True,28.5
part_11/takeoff_20241119_195755_44.mp4,takeoff,29.966329966329965,29.97275204359673,89.0,2.9693636363636364,89.0,640x480,h264,yuv420p,True,28.5
part_11/teacher_video_0.mp4,teacher,29.97,29.970000000000002,68.0,2.2689356022689355,68.0,640x480,mpeg4,yuv420p,False,24.0
part_3/3937326036464417-TEACHER.mp4,teacher,30.0,30.0,84.0,2.8,84.0,640x480,h264,yuv420p,True,24.0
part_11/tearrip_20241119_195755_8.mp4,tearrip,30.42,30.42,87.0,2.8599605522682445,85.0,640x480,h264,yuv420p,True,30.0
part_11/tearrip_20241119_195755_34.mp4,tearrip,31.014,31.014,119.0,3.8369768491648935,115.0,640x480,h264,yuv420p,True,30.0
part_11/therapy_1.mp4,therapy,29.97,29.970000000000002,43.0,1.434768101434768,43.0,288x192,h264,yuv420p,False,20.5
part_2/21633621738284448-seedTHERAPY.mp4,therapy,30.348,30.348,141.0,4.646105179913009,139.0,640x480,h264,yuv420p,True,20.5
part_11/thirsty_video_6.mp4,thirsty,29.966,29.966,86.0,2.8699192418073816,86.0,640x480,mpeg4,yuv420p,False,23.5
part_2/2166706317765814-seedTHIRSTY.mp4,thirsty,30.534,30.533999999999995,124.0,4.061046702037074,121.0,640x480,h264,yuv420p,True,23.5
part_4/5400034686127342-THUNDER.mp4,thunder,30.0,29.99813676169182,162.0,5.400335403726708,162.0,640x480,h264,yuv420p,True,18.0
part_4/6040690307068084-THUNDER.mp4,thunder,30.0,29.993183367416496,45.0,1.5003409090909092,45.0,640x480,h264,yuv420p,True,18.0
part_5/8302351765731029-TIRED OF.mp4,tiredof,30.56,30.56,72.0,2.356020942408377,70.0,640x480,h264,yuv420p,True,10.333333333333334
part_1/03433722050776988-TIRED OF.mp4,tiredof,15.086206896551724,15.082956259426847,21.0,1.3923,41.0,640x480,h264,yuv420p,True,10.333333333333334
part_5/7282806296371069-TIRED OF.mp4,tiredof,30.00750187546887,30.0,40.0,1.3333333333333333,40.0,640x480,h264,yuv420p,True,10.333333333333334
part_11/tobacco_5.mp4,tobacco,29.97,29.97,39.0,1.3013013013013013,39.0,288x192,h264,yuv420p,False,20.0
part_1/16366112564102542-TOBACCO.mp4,tobacco,30.00491883915396,30.0,61.0,2.033333333333333,61.0,640x480,h264,yuv420p,True,20.0
part_3/4584787301548656-TOO MUCH.mp4,toomuch,30.459,30.459,72.0,2.363833349748843,70.0,640x480,h264,yuv420p,True,10.333333333333334
part_5/8607670807410235-TOO MUCH.mp4,toomuch,30.661,30.660999999999998,57.0,1.8590391702814653,55.0,640x480,mpeg4,yuv420p,False,10.333333333333334
part_4/7162514999543839-TOO MUCH.mp4,toomuch,14.989293361884368,14.985380116959064,42.0,2.8027317073170734,84.0,640x480,h264,yuv420p,True,10.333333333333334
part_5/8820315059845052-TORNADO.mp4,tornado,30.45,30.45,100.0,3.284072249589491,98.0,640x480,mpeg4,yuv420p,False,20.0
part_4/5928269940353001-TORNADO.mp4,tornado,29.91725015913431,29.91315535541975,94.0,3.1424301075268817,94.0,640x480,h264,yuv420p,True,20.0
part_5/7615310870981122-TRACTOR.mp4,tractor,29.931972789115648,29.923451635351427,44.0,1.4704186046511627,44.0,640x480,h264,yuv420p,True,17.5
part_1/1810858997468241-TRACTOR.mp4,tractor,30.867,30.867,112.0,3.6284705348754334,108.0,640x480,h264,yuv420p,True,17.5
part_11/traffic_10.mp4,traffic,23.976,23.976,71.0,2.9612946279612946,88.0,640x480,h264,yuv420p,False,22.5
part_5/8467838419281637-TRAFFIC.mp4,traffic,30.0,30.0,52.0,1.7333333333333334,52.0,640x480,mpeg4,yuv420p,False,22.5
part_11/trouble.mp4,trouble,29.97,29.97,64.0,2.135468802135469,64.0,640x480,h264,yuv420p,False,26.0
part_1/08849217442526847-TROUBLE.mp4,trouble,30.0,29.999999999999996,63.0,2.1,63.0,640x480,mpeg4,yuv420p,False,26.0
part_3/36404985287549074-TUESDAY.mp4,tuesday,30.192,30.191999999999997,83.0,2.749072602013779,82.0,640x480,h264,yuv420p,True,25.5
part_5/8248092191130476-TUESDAY.mp4,tuesday,29.995162070633768,30.004918839153962,62.0,2.0663278688524587,61.0,640x480,h264,yuv420p,True,25.5
part_2/25945349958576314-seedTURN KEY.mp4,turnkey,30.0,29.99798671230119,150.0,5.000335570469798,150.0,640x480,h264,yuv420p,True,10.666666666666666
part_3/4496723770923641-TURN KEY.mp4,turnkey,30.0,29.999999999999996,58.0,1.9333333333333336,58.0,640x480,h264,yuv420p,True,10.666666666666666
part_5/7698583145088012-TURN KEY.mp4,turnkey,30.382,30.381999999999998,81.0,2.666052267790139,79.0,640x480,h264,yuv420p,True,10.666666666666666
part_5/8108313164566641-TWO MORE.mp4,twomore,30.004110152075626,30.0,73.0,2.433333333333333,73.0,640x480,h264,yuv420p,True,10.333333333333334
part_5/7388043140555935-TWO MORE.mp4,twomore,30.004,30.004,79.0,2.6329822690307956,78.0,640x480,mpeg4,yuv420p,False,10.333333333333334
part_6/9526586847511649-TWO MORE.mp4,twomore,30.867,30.866999999999997,109.0,3.5312793598341274,105.0,640x480,h264,yuv420p,True,10.333333333333334
part_2/3448451715728478-UNAWARE.mp4,unaware,30.0,29.994001199760046,51.0,1.7003400000000002,51.0,640x480,h264,yuv420p,True,17.0
part_5/847771335330531-UNAWARE.mp4,unaware,30.006123698714024,30.0,49.0,1.6333333333333333,49.0,640x480,h264,yuv420p,True,17.0
part_1/05269396381933089-seedUNICORN.mp4,unicorn,30.303,30.303,122.0,4.026004026004026,120.0,640x480,h264,yuv420p,True,10.666666666666666
part_4/6851609432154622-UNICORN.mp4,unicorn,30.0,29.995162070633768,63.0,2.1003387096774193,63.0,640x480,h264,yuv420p,True,10.666666666666666
part_4/5996470259230149-UNICORN.mp4,unicorn,30.802,30.802000000000003,43.0,1.3960132458931236,41.0,640x480,mpeg4,yuv420p,False,10.666666666666666
part_11/vampire_video_1.mp4,vampire,23.976,23.976,36.0,1.5015015015015016,45.0,640x480,h264,yuv420p,False,20.5
part_6/940276773741981-seedVAMPIRE.mp4,vampire,30.483,30.483000000000004,128.0,4.199061772135288,125.0,640x480,h264,yuv420p,True,20.5
part_4/607514001232982-VANILLA.mp4,vanilla,30.0,29.994916115912556,60.0,2.0003389830508476,60.0,640x480,h264,yuv420p,True,17.0
part_2/19453461622852508-VANILLA.mp4,vanilla,30.402,30.402,74.0,2.434050391421617,73.0,640x480,h264,yuv420p,True,17.0
part_1/04719718112425375-VIBRATE.mp4,vibrate,29.973552747575667,29.97032640949555,102.0,3.4033663366336633,102.0,640x480,h264,yuv420p,True,18.5
part_2/23356351458526836-VIBRATE.mp4,vibrate,30.0,29.998064640990904,156.0,5.200335483870968,156.0,640x480,h264,yuv420p,True,18.5
part_4/5571475124945835-VILLAGE.mp4,village,29.998604716059717,30.001401934669843,215.0,7.166331775700935,214.0,640x480,h264,yuv420p,True,16.5
part_3/4098284940336048-VILLAGE.mp4,village,30.0,29.998404340194668,189.0,6.300335106382979,189.0,640x480,h264,yuv420p,True,16.5
part_11/visitor.mp4,visitor,29.97,29.970000000000002,56.0,1.868535201868535,56.0,640x480,mpeg4,yuv420p,False,19.0
part_4/7066992019415372-VISITOR.mp4,visitor,29.556,29.555999999999997,61.0,2.063878738665584,61.0,640x480,h264,yuv420p,True,19.0
part_2/25850496015772384-WEATHER.mp4,weather,31.007,31.006999999999998,65.0,2.096300835295256,62.0,640x480,h264,yuv420p,True,24.0
part_2/2978007979767092-WEATHER.mp4,weather,29.97275204359673,29.970451667370195,143.0,4.771366197183099,143.0,640x480,h264,yuv420p,True,24.0
part_1/016059994303593284-WEDDING.mp4,wedding,30.006123698714024,30.0,49.0,1.6333333333333333,49.0,640x480,h264,yuv420p,True,22.0
part_4/6986285859680277-seedWEDDING.mp4,wedding,29.967819790828642,29.97164844066424,149.0,4.9713648648648645,149.0,640x480,h264,yuv420p,True,22.0
part_11/weekend_video_3.mp4,weekend,29.97,29.97,34.0,1.1344678011344678,34.0,640x480,mpeg4,yuv420p,False,22.5
part_4/661519014443605-WEEKEND.mp4,weekend,30.243,30.243,107.0,3.5380087954237345,106.0,640x480,h264,yuv420p,True,22.5
part_11/welcome_20241119_172657_21.mp4,welcome,29.97658079625293,29.971455756422458,64.0,2.135365079365079,64.0,640x480,h264,yuv420p,True,24.0
part_11/welcome_20241119_172657_36.mp4,welcome,29.996629592180653,30.003409478349813,89.0,2.9663295454545455,88.0,640x480,h264,yuv420p,True,24.0
part_11/welcome_20241119_172657_50.mp4,welcome,29.918576027267562,29.916158536585364,158.0,5.281426751592357,158.0,640x480,h264,yuv420p,True,24.0
part_11/whatfor_20241119_195755_11.mp4,whatfor,30.459,30.459,165.0,5.417118093174431,162.0,640x480,h264,yuv420p,True,28.333333333333332
part_11/whatfor_20241119_195755_38.mp4,whatfor,29.75653742110009,29.748283752860416,66.0,2.218615384615384,66.0,640x480,h264,yuv420p,True,28.333333333333332
part_11/whatfor_20241119_195755_65.mp4,whatfor,29.994916115912556,30.005173305742368,59.0,1.9663275862068967,58.0,640x480,h264,yuv420p,True,28.333333333333332
part_2/27027115015673386-WHISPER.mp4,whisper,29.052,29.052,88.0,3.0290513561889028,90.0,640x480,h264,yuv420p,True,17.5
part_3/5054898653185791-WHISPER.mp4,whisper,30.0,29.993183367416496,45.0,1.5003409090909092,45.0,640x480,h264,yuv420p,True,17.5
part_11/whistle_20241119_172658_31.mp4,whistle,15.013054830287206,14.996591683708248,23.0,1.5336818181818181,46.0,640x480,h264,yuv420p,True,23.0
part_11/whistle_20241119_172658_33.mp4,whistle,29.995775242923532,30.004286326618086,71.0,2.366328571428572,70.0,640x480,h264,yuv420p,True,23.0
part_11/whistle_20241119_172658_41.mp4,whistle,29.918404351767904,29.916089018606346,165.0,5.515426829268293,165.0,640x480,h264,yuv420p,True,23.0
part_1/07954921226317979-WITHOUT.mp4,without,30.00491883915396,30.0,61.0,2.033333333333333,61.0,640x480,h264,yuv420p,True,22.0
part_1/1349677090547572-WITHOUT.mp4,without,29.976019184652277,29.97164844066424,75.0,2.5023648648648646,75.0,640x480,h264,yuv420p,True,22.0
part_2/3282814396212965-WORK OUT.mp4,workout,30.0,29.99516207063377,63.0,2.1003387096774193,63.0,640x480,h264,yuv420p,True,10.666666666666666
part_5/7358908577194494-WORK OUT.mp4,workout,25.0,25.0,73.0,2.92,87.0,640x480,h264,yuv420p,True,10.666666666666666
part_1/027451512270941114-WORK OUT.mp4,workout,29.995588883987647,30.004478280340347,68.0,2.2663283582089555,67.0,640x480,h264,yuv420p,True,10.666666666666666
part_5/8790138383097685-WRESTLE.mp4,wrestle,29.97275204359673,29.968997588701342,88.0,2.936367816091954,88.0,640x480,h264,yuv420p,True,19.5
part_1/12476928883473892-WRESTLE.mp4,wrestle,29.915771129828638,29.92079788794368,103.0,3.4424215686274504,103.0,640x480,h264,yuv420p,True,19.5
part_3/5386272465310649-ZOOM OFF.mp4,zoomoff,31.123,31.122999999999998,101.0,3.24518844584391,97.0,640x480,h264,yuv420p,True,10.666666666666666
part_5/7550572181460327-ZOOM OFF.mp4,zoomoff,30.0,29.995385325334567,66.0,2.200338461538461,66.0,640x480,h264,yuv420p,True,10.666666666666666
part_2/19959052532136146-ZOOM OFF.mp4,zoomoff,30.004688232536335,30.0,64.0,2.1333333333333333,64.0,640x480,h264,yuv420p,True,10.666666666666666
part_5/8227831990208962-5 DOLLARS.mp4,5dollars,46.874,46.873999999999995,3.0,0.06400136536246107,1.0,640x480,h264,yuv420p,True,10.666666666666666
part_1/14198612699161606-5 DOLLARS.mp4,5dollars,29.91725015913431,29.90897269180754,47.0,1.5714347826086956,47.0,640x480,h264,yuv420p,True,10.666666666666666
part_6/9474631795822526-5 DOLLARS.mp4,5dollars,30.366,30.366,129.0,4.248172297964829,127.0,640x480,h264,yuv420p,True,10.666666666666666
part_6/accident_9.mp4,accident,29.97,29.970000000000002,75.0,2.5025025025025025,75.0,288x192,h264,yuv420p,False,26.5
part_1/09218836326656632-ACCIDENT.mp4,accident,29.976019184652277,29.96941896024465,50.0,1.6683673469387754,50.0,640x480,h264,yuv420p,True,26.5
part_1/06250661500867993-AIRPLANE.mp4,airplane,30.965,30.965,63.0,2.0345551429032778,61.0,640x480,h264,yuv420p,True,24.5
part_1/016320392648127235-AIRPLANE.mp4,airplane,29.99610440202571,30.003947887879985,77.0,2.566328947368421,76.0,640x480,h264,yuv420p,True,24.5
part_6/9859438685021533-ALPHABET.mp4,alphabet,30.0022060445621,30.0,136.0,4.533333333333333,136.0,640x480,h264,yuv420p,True,21.0
part_2/2078757046722417-ALPHABET.mp4,alphabet,30.252,30.252,91.0,3.0080655824408304,90.0,640x480,h264,yuv420p,True,21.0
part_5/7723586035505543-seedANNOUNCE.mp4,announce,29.836742353161945,29.83383685800604,159.0,5.329518987341772,159.0,640x480,h264,yuv420p,True,21.5
part_6/9150676102617621-ANNOUNCE.mp4,announce,29.918404351767904,29.914529914529915,99.0,3.3094285714285716,99.0,640x480,h264,yuv420p,True,21.5
part_6/assembly.mp4,assembly,29.97,29.97,67.0,2.235568902235569,67.0,640x480,mpeg4,yuv420p,False,17.5
part_6/947954875256692-ASSEMBLY.mp4,assembly,30.0,29.994643813604714,57.0,1.9003392857142856,57.0,640x480,h264,yuv420p,True,17.5
part_3/4544894332729774-ATTITUDE.mp4,attitude,29.923451635351427,29.914529914529915,43.0,1.4374285714285715,43.0,640x480,h264,yuv420p,True,22.0
part_4/5705855511606455-ATTITUDE.mp4,attitude,29.995775242923532,30.004286326618086,71.0,2.366328571428572,70.0,640x480,h264,yuv420p,True,22.0
part_6/audience_12.mp4,audience,29.997222479400055,29.99719652368937,108.0,3.600336448598131,108.0,640x480,h264,yuv420p,True,22.0
part_4/6565760090573052-AUDIENCE.mp4,audience,30.00652315720809,30.0,46.0,1.5333333333333334,46.0,640x480,h264,yuv420p,True,22.0
part_3/4743970777863702-BACHELOR.mp4,bachelor,29.995162070633768,30.004918839153962,62.0,2.0663278688524587,61.0,640x480,h264,yuv420p,True,18.0
part_2/18500968985019117-BACHELOR.mp4,bachelor,29.995162070633768,30.004918839153962,62.0,2.0663278688524587,61.0,640x480,h264,yuv420p,True,18.0
part_6/backbone_video_22.mp4,backbone,29.97,29.970000000000002,146.0,4.871538204871538,146.0,640x480,mpeg4,yuv420p,False,17.5
part_6/backbone_video_30.mp4,backbone,29.97,29.970000000000002,82.0,2.736069402736069,82.0,640x480,mpeg4,yuv420p,False,17.5
part_6/backpack_20241119_172633_3.mp4,backpack,29.97,29.97,96.0,3.2032032032032034,96.0,640x480,mpeg4,yuv420p,False,26.0
part_6/backpack_20241119_172633_47.mp4,backpack,30.0,29.997600191984642,126.0,4.200336,126.0,640x480,h264,yuv420p,True,26.0
part_6/backpack_20241119_172633_60.mp4,backpack,30.0,29.99719652368937,108.0,3.600336448598131,108.0,640x480,h264,yuv420p,True,26.0
part_6/968185019787583-BACKYARD.mp4,backyard,29.971284996410624,29.969308539447557,167.0,5.572367469879517,167.0,640x480,h264,yuv420p,True,16.5
part_5/7788272014565771-BACKYARD.mp4,backyard,29.968454258675077,29.974489795918366,95.0,3.16936170212766,95.0,640x480,h264,yuv420p,True,16.5
part_6/baseball_mitt_video_1.mp4,baseball,15.355,15.355,40.0,2.6050146532074243,78.0,640x480,mpeg4,yuv420p,False,20.0
part_4/5729552378593079-BASEBALL.mp4,baseball,30.003797949107483,30.0,79.0,2.6333333333333333,79.0,640x480,h264,yuv420p,True,20.0
part_5/7825531227659273-BASEMENT.mp4,basement,29.99638597759306,30.00365898280278,83.0,2.766329268292683,82.0,640x480,h264,yuv420p,True,23.0
part_3/4864182740964922-seedBASEMENT.mp4,basement,30.0,29.997902244598283,144.0,4.800335664335664,144.0,640x480,h264,yuv420p,True,23.0
part_7/bathroom_video_18.mp4,bathroom,29.97,29.970000000000002,81.0,2.7027027027027026,81.0,640x480,mpeg4,yuv420p,False,31.5
part_7/bathroom_8.mp4,bathroom,23.976,23.976,63.0,2.6276276276276276,78.0,640x480,mpeg4,yuv420p,False,31.5
part_3/37385927555652354-BEHAVIOR.mp4,behavior,29.921259842519685,29.91452991452991,57.0,1.9054285714285717,57.0,640x480,h264,yuv420p,True,21.5
part_1/14532328874612488-BEHAVIOR.mp4,behavior,29.971181556195965,29.964747356051706,52.0,1.7353725490196077,52.0,640x480,h264,yuv420p,True,21.5
part_7/birthday_video_5.mp4,birthday,29.97,29.97,64.0,2.135468802135469,64.0,640x480,mpeg4,yuv420p,False,23.5
part_1/10442884413640163-BIRTHDAY.mp4,birthday,29.995162070633768,30.004918839153962,62.0,2.0663278688524587,61.0,640x480,h264,yuv420p,True,23.5
part_1/17525947256945384-BLOW MIND.mp4,blowmind,30.447,30.447,64.0,2.1020133346470917,63.0,640x480,h264,yuv420p,True,10.333333333333334
part_1/13170672962843244-BLOW MIND.mp4,blowmind,30.0,29.995162070633768,63.0,2.1003387096774193,63.0,640x480,h264,yuv420p,True,10.333333333333334
part_5/8210462187869705-BLOW MIND.mp4,blowmind,29.968454258675077,29.9625468164794,57.0,1.9023750000000001,57.0,640x480,h264,yuv420p,True,10.333333333333334
part_7/bracelet_video_1.mp4,bracelet,29.97,29.97,105.0,3.5035035035035036,105.0,640x480,mpeg4,yuv420p,False,23.0
part_7/bracelet_video_3.mp4,bracelet,29.97,29.97,106.0,3.5368702035368704,106.0,640x480,mpeg4,yuv420p,False,23.0
part_5/7974012481346346-BUILDING.mp4,building,29.925187032418954,29.91993257479983,72.0,2.406422535211268,72.0,640x480,h264,yuv420p,True,21.0
part_5/8390833735368983-BUILDING.mp4,building,30.358,30.358,66.0,2.1740562619408395,65.0,640x480,h264,yuv420p,True,21.0
part_4/6234886627898228-BULLSHIT.mp4,bullshit,30.0,29.99558888398765,69.0,2.3003382352941175,69.0,640x480,h264,yuv420p,True,18.5
part_3/4252749551716435-BULLSHIT.mp4,bullshit,30.0,29.996739484838603,93.0,3.100336956521739,93.0,640x480,h264,yuv420p,True,18.5
part_7/business_video_14.mp4,business,29.97,29.97,79.0,2.6359693026359694,79.0,640x480,mpeg4,yuv420p,False,33.5
part_7/business_video_18.mp4,business,29.97,29.970000000000002,108.0,3.603603603603603,108.0,640x480,mpeg4,yuv420p,False,33.5
part_7/calendar_20241119_172635_22.mp4,calendar,30.0,29.996104402025708,78.0,2.6003376623376626,78.0,640x480,h264,yuv420p,True,23.0
part_7/calendar_20241119_172635_28.mp4,calendar,30.0,29.999999999999996,63.0,2.1,63.0,640x480,h264,yuv420p,True,23.0
part_7/calendar_20241119_172635_62.mp4,calendar,29.99734536766658,30.00267881060809,113.0,3.7663303571428575,112.0,640x480,h264,yuv420p,True,23.0
part_5/761622248999501-CAROUSEL.mp4,carousel,30.0,29.996842437638144,96.0,3.200336842105263,96.0,640x480,h264,yuv420p,True,11.0
part_4/5654550087796317-CAROUSEL.mp4,carousel,30.0,29.99594649371707,75.0,2.5003378378378374,75.0,640x480,h264,yuv420p,True,11.0
part_3/395104563048577-CAROUSEL.mp4,carousel,29.914529914529915,29.921259842519685,77.0,2.573421052631579,77.0,640x480,h264,yuv420p,True,11.0
part_7/catapult_video_0.mp4,catapult,29.97,29.97,77.0,2.569235902569236,77.0,640x480,h264,yuv420p,False,18.5
part_1/1588613660670608-CATAPULT.mp4,catapult,29.995775242923532,30.004286326618093,71.0,2.366328571428571,70.0,640x480,h264,yuv420p,True,18.5
part_5/879764766565525-CATEGORY.mp4,category,30.981,30.981,85.0,2.7436170556147315,82.0,640x480,h264,yuv420p,True,22.0
part_6/9267279530352368-CATEGORY.mp4,category,29.995588883987647,30.004478280340347,68.0,2.2663283582089555,67.0,640x480,h264,yuv420p,True,22.0
part_6/Catholic_video_0.mp4,catholic,23.976,23.976,36.0,1.5015015015015016,45.0,640x480,mpeg4,yuv420p,False,20.5
part_1/1696797435362305-CATHOLIC.mp4,catholic,29.363,29.363,91.0,3.099138371419814,92.0,640x480,h264,yuv420p,True,20.5
part_4/6633812621771165-CEMETERY.mp4,cemetery,29.964747356051703,29.97601918465228,51.0,1.70136,51.0,640x480,h264,yuv420p,True,21.5
part_3/4700164980726875-CEMETERY.mp4,cemetery,29.919447640966627,29.91577112982864,104.0,3.476427184466019,104.0,640x480,h264,yuv420p,True,21.5
part_5/7270428598615575-CHAMPION.mp4,champion,29.9190425906371,29.914529914529915,85.0,2.841428571428571,85.0,640x480,h264,yuv420p,True,26.0
part_1/06067548899251718-CHAMPION.mp4,champion,30.0,29.99719652368937,108.0,3.600336448598131,108.0,640x480,h264,yuv420p,True,26.0
part_2/3075486524911666-CHILDREN.mp4,children,30.00428632661809,30.000000000000004,70.0,2.333333333333333,70.0,640x480,h264,yuv420p,True,18.5
part_6/9843979772144966-CHILDREN.mp4,children,25.0,24.999999999999996,69.0,2.7600000000000002,82.0,640x480,h264,yuv420p,True,18.5
part_5/7638446466856583-CLUELESS.mp4,clueless,29.919236417033773,29.916897506925206,163.0,5.4484259259259264,163.0,640x480,h264,yuv420p,True,19.0
part_5/8942999888746439-CLUELESS.mp4,clueless,30.0,29.993618379068284,48.0,1.600340425531915,48.0,640x480,h264,yuv420p,True,19.0
part_2/21337224700467083-seedCOCACOLA.mp4,cocacola,30.00225580870742,30.000000000000004,133.0,4.433333333333333,133.0,640x480,h264,yuv420p,True,10.666666666666666
part_2/25335026100510283-COCACOLA.mp4,cocacola,30.791,30.790999999999997,42.0,1.3640349452762173,40.0,640x480,h264,yuv420p,True,10.666666666666666
part_4/6816094331725071-COCACOLA.mp4,cocacola,30.0,29.996104402025708,78.0,2.6003376623376626,78.0,640x480,h264,yuv420p,True,10.666666666666666
part_3/43620306429573485-COME HERE.mp4,comehere,30.0,29.997761361092458,135.0,4.500335820895522,135.0,640x480,h264,yuv420p,True,10.333333333333334
part_5/8399316048555681-COME HERE.mp4,comehere,30.006123698714024,30.0,49.0,1.6333333333333333,49.0,640x480,h264,yuv420p,True,10.333333333333334
part_2/27529039967889046-COME HERE.mp4,comehere,29.9704516673702,29.965753424657535,71.0,2.3693714285714287,71.0,640x480,h264,yuv420p,True,10.333333333333334
part_4/6094287713997724-COMPLAIN.mp4,complain,25.0,25.0,64.0,2.56,76.0,640x480,h264,yuv420p,True,22.0
part_2/3108622366050384-COMPLAIN.mp4,complain,30.0,29.995775242923532,72.0,2.400338028169014,72.0,640x480,h264,yuv420p,True,22.0
part_7/computer_programmer_video_0.mp4,computer,29.97,29.97,106.0,3.5368702035368704,106.0,640x480,h264,yuv420p,False,24.5
part_7/computer_30.mp4,computer,29.97,29.97,73.0,2.4357691024357693,73.0,288x192,h264,yuv420p,False,24.5
part_7/conflict_5.mp4,conflict,25.0,24.999999999999996,112.0,4.48,134.0,640x480,mpeg4,yuv420p,False,21.0
part_6/9592972476186636-CONFLICT.mp4,conflict,30.0,29.997029997029998,102.0,3.4003366336633665,102.0,640x480,h264,yuv420p,True,21.0
part_7/confused_20241119_172638_15.mp4,confused,30.479,30.479,89.0,2.920043308507497,87.0,640x480,h264,yuv420p,True,24.666666666666668
part_7/confused_20241119_172638_58.mp4,confused,29.976019184652277,29.96941896024465,50.0,1.6683673469387754,50.0,640x480,h264,yuv420p,True,24.666666666666668
part_7/confused_20241119_172638_68.mp4,confused,29.996842437638144,30.00319182891797,95.0,3.1663297872340426,94.0,640x480,h264,yuv420p,True,24.666666666666668
part_7/continue_video_6.mp4,continue,15.284,15.284,29.0,1.8974090552211462,56.0,640x480,mpeg4,yuv420p,False,24.0
part_4/5708598578821673-CONTINUE.mp4,continue,29.97275204359673,29.968997588701342,88.0,2.936367816091954,88.0,640x480,h264,yuv420p,True,24.0
part_7/convince_20241119_172638_23.mp4,convince,25.0,25.0,63.0,2.52,75.0,640x480,h264,yuv420p,True,24.666666666666668
part_7/convince_20241119_172638_52.mp4,convince,29.974160206718345,29.96845425867508,58.0,1.9353684210526314,58.0,640x480,h264,yuv420p,True,24.666666666666668
part_7/convince_20241119_172638_55.mp4,convince,30.001807337791433,30.0,166.0,5.533333333333333,166.0,640x480,h264,yuv420p,True,24.666666666666668
part_7/creature_video_0.mp4,creature,29.97,29.970000000000002,78.0,2.6026026026026026,78.0,640x480,h264,yuv420p,False,29.0
part_7/creature_video_4.mp4,creature,23.976,23.976,66.0,2.7527527527527527,82.0,640x480,mpeg4,yuv420p,False,29.0
part_7/cut_back_video_14.mp4,cut back,29.97,29.970000000000002,48.0,1.6016016016016015,48.0,640x480,mpeg4,yuv420p,False,11.0
part_7/cut_back_video_23.mp4,cut back,29.97,29.97,99.0,3.3033033033033035,99.0,640x480,mpeg4,yuv420p,False,11.0
part_7/cut_back_video_32.mp4,cut back,29.97,29.97,214.0,7.140473807140474,214.0,640x480,mpeg4,yuv420p,False,11.0
part_7/cut_down_video_26.mp4,cut down,30.0,30.000000000000004,248.0,8.266666666666666,248.0,640x480,mpeg4,yuv420p,False,18.0
part_7/cut_down_video_33.mp4,cut down,29.0,29.0,157.0,5.413793103448276,162.0,640x480,mpeg4,yuv420p,False,18.0
part_7/daughter.mp4,daughter,29.97,29.97,37.0,1.234567901234568,37.0,640x480,mpeg4,yuv420p,False,24.0
part_3/4202312257362306-DAUGHTER.mp4,daughter,30.001685487948762,29.999999999999996,178.0,5.9333333333333345,178.0,640x480,h264,yuv420p,True,24.0
part_7/decorate_20241119_172639_21.mp4,decorate,29.97,29.97,73.0,2.4357691024357693,73.0,640x480,mpeg4,yuv420p,False,30.0
part_7/decorate_20241119_172639_22.mp4,decorate,29.97,29.97,113.0,3.7704371037704374,113.0,640x480,mpeg4,yuv420p,False,30.0
part_7/decorate_20241119_172639_29.mp4,decorate,29.97,29.97,106.0,3.5368702035368704,106.0,640x480,mpeg4,yuv420p,False,30.0
part_7/dedicate_20241119_172639_2.mp4,dedicate,29.97,29.97,142.0,4.738071404738071,142.0,640x480,mpeg4,yuv420p,False,31.5
part_7/dedicate_20241119_172639_20.mp4,dedicate,29.997945346209164,30.002069108214357,146.0,4.866331034482759,145.0,640x480,h264,yuv420p,True,31.5
part_2/3497439737560162-DELEGATE.mp4,delegate,30.003947887879985,30.0,76.0,2.533333333333333,76.0,640x480,h264,yuv420p,True,20.0
part_2/3156356305193284-DELEGATE.mp4,delegate,29.96616723054616,29.97542997542998,62.0,2.068360655737705,62.0,640x480,h264,yuv420p,True,20.0
part_3/39653797772060484-DEPEND ON.mp4,dependon,30.0,29.994340690435763,54.0,1.8003396226415096,54.0,640x480,h264,yuv420p,True,10.666666666666666
part_4/6825074922954069-DEPEND ON.mp4,dependon,29.966703662597116,29.973772948669914,81.0,2.7023625,81.0,640x480,h264,yuv420p,True,10.666666666666666
part_2/24616098129861275-DEPEND ON.mp4,dependon,25.615,25.615,78.0,3.045090767128636,91.0,640x480,h264,yuv420p,True,10.666666666666666
part_8/dinosaur_20241119_172640_13.mp4,dinosaur,23.976,23.976,36.0,1.5015015015015016,45.0,640x480,mpeg4,yuv420p,False,24.0
part_8/dinosaur_20241119_172640_48.mp4,dinosaur,30.003797949107483,30.0,79.0,2.6333333333333333,79.0,640x480,h264,yuv420p,True,24.0
part_8/dinosaur_20241119_172640_54.mp4,dinosaur,29.918864097363084,29.912325941206806,59.0,1.9724310344827587,59.0,640x480,h264,yuv420p,True,24.0
part_8/director_video_11.mp4,director,29.97,29.970000000000002,361.0,12.045378712045379,361.0,640x480,mpeg4,yuv420p,False,24.0
part_1/07964079458380247-DIRECTOR.mp4,director,29.915771129828638,29.92079788794368,103.0,3.4424215686274504,103.0,640x480,h264,yuv420p,True,24.0
part_8/dispatch_video_0.mp4,dispatch,29.97,29.970000000000002,54.0,1.8018018018018016,54.0,640x480,h264,yuv420p,False,17.0
part_5/7882668493607337-DISPATCH.mp4,dispatch,29.968997588701342,29.96515679442509,87.0,2.9033720930232554,87.0,640x480,h264,yuv420p,True,17.0
part_8/dissolve_6.mp4,dissolve,29.97,29.970000000000002,69.0,2.302302302302302,69.0,288x192,h264,yuv420p,False,19.5
part_6/9037803709185512-DISSOLVE.mp4,dissolve,29.996250468691414,30.003797949107483,80.0,2.6663291139240504,79.0,640x480,h264,yuv420p,True,19.5
part_1/12057413994150168-seedDOCUMENT.mp4,document,31.125,31.124999999999996,112.0,3.598393574297189,107.0,640x480,h264,yuv420p,True,21.5
part_5/8353293127917796-DOCUMENT.mp4,document,29.97560125479261,29.97179125528914,86.0,2.869364705882353,86.0,640x480,h264,yuv420p,True,21.5
part_8/dominant_video_0.mp4,dominant,29.97,29.97,259.0,8.641975308641976,259.0,640x480,h264,yuv420p,False,10.666666666666666
part_1/0425054791021211-DOMINANT.mp4,dominant,29.181,29.181,68.0,2.330283403584524,69.0,640x480,h264,yuv420p,True,10.666666666666666
part_2/29864182558812624-DOMINANT.mp4,dominant,30.648,30.648,43.0,1.4030279300443749,42.0,640x480,mpeg4,yuv420p,False,10.666666666666666
part_2/2102101765959472-DONT KNOW.mp4,dontknow,30.0,29.996250468691414,81.0,2.7003375,81.0,640x480,h264,yuv420p,True,10.333333333333334
part_4/7067982649701063-DONT KNOW.mp4,dontknow,29.995385325334563,30.004688232536335,65.0,2.1663281249999997,64.0,640x480,h264,yuv420p,True,10.333333333333334
part_5/8166775639657509-DONT KNOW.mp4,dontknow,29.971455756422454,29.96616723054616,63.0,2.1023709677419355,63.0,640x480,h264,yuv420p,True,10.333333333333334
part_3/38545963253984183-seedDONT LIKE.mp4,dontlike,30.0,29.997902244598283,144.0,4.800335664335664,144.0,640x480,h264,yuv420p,True,10.333333333333334
part_4/6095720451246358-DONT LIKE.mp4,dontlike,29.969650986342945,29.965424510180558,79.0,2.636371794871795,79.0,640x480,h264,yuv420p,True,10.333333333333334
part_1/03024145767370201-DONT LIKE.mp4,dontlike,29.997656433091166,30.00236239073943,128.0,4.266330708661417,127.0,640x480,h264,yuv420p,True,10.333333333333334
part_3/46063073550956424-DONT MIND.mp4,dontmind,29.994916115912556,30.005173305742368,59.0,1.9663275862068967,58.0,640x480,h264,yuv420p,True,10.333333333333334
part_5/8170669057172821-DONT MIND.mp4,dontmind,30.0,29.994643813604714,57.0,1.9003392857142856,57.0,640x480,h264,yuv420p,True,10.333333333333334
part_3/4609040369113997-DONT MIND.mp4,dontmind,30.084,30.084000000000003,75.0,2.493019545273235,74.0,640x480,mpeg4,yuv420p,False,10.333333333333334
part_3/4159038427452184-DONT WANT.mp4,dontwant,29.973552747575667,29.97032640949555,102.0,3.4033663366336633,102.0,640x480,h264,yuv420p,True,10.333333333333334
part_4/6510776791424999-DONT WANT.mp4,dontwant,29.922202274087372,29.91452991452991,50.0,1.6714285714285717,50.0,640x480,h264,yuv420p,True,10.333333333333334
part_1/003010373720196746-DONT WANT.mp4,dontwant,29.91608901860635,29.911373707533233,82.0,2.7414320987654324,82.0,640x480,h264,yuv420p,True,10.333333333333334
part_1/038824905554629474-DOWNHILL.mp4,downhill,29.83539094650206,29.830038154699967,87.0,2.9165232558139533,87.0,640x480,h264,yuv420p,True,16.5
part_2/19504771270327392-DOWNHILL.mp4,downhill,25.256,25.256,87.0,3.4447260057016154,103.0,640x480,h264,yuv420p,True,16.5
part_8/download_video_5.mp4,download,30.0,30.0,110.0,3.6666666666666665,110.0,640x480,mpeg4,yuv420p,False,19.0
part_3/513989687565418-DOWNLOAD.mp4,download,30.0,29.99651203348448,87.0,2.9003372093023256,87.0,640x480,h264,yuv420p,True,19.0
part_8/downsize_20241119_172658_22.mp4,downsize,29.976019184652277,29.96941896024465,50.0,1.6683673469387754,50.0,640x480,h264,yuv420p,True,31.0
part_8/downsize_20241119_172658_24.mp4,downsize,29.971181556195965,29.969596061966122,208.0,6.940367149758454,208.0,640x480,h264,yuv420p,True,31.0
part_1/05450889049483698-EASY TO_DO.mp4,easytodo,29.921259842519685,29.91725015913431,95.0,3.1754255319148936,95.0,640x480,h264,yuv420p,True,10.333333333333334
part_5/7342952201700828-EASY TO_DO.mp4,easytodo,30.004110152075626,30.0,73.0,2.433333333333333,73.0,640x480,h264,yuv420p,True,10.333333333333334
part_3/4060290285689341-EASY TO_DO.mp4,easytodo,30.003409478349813,30.0,88.0,2.933333333333333,88.0,640x480,h264,yuv420p,True,10.333333333333334
part_4/6570479559536557-ELEGANCE.mp4,elegance,29.970760233918128,29.966703662597116,82.0,2.7363703703703703,82.0,640x480,h264,yuv420p,True,16.5
part_3/5322960163151325-ELEGANCE.mp4,elegance,30.002419549963708,30.000000000000004,124.0,4.133333333333333,124.0,640x480,h264,yuv420p,True,16.5
part_8/elephant_video_7.mp4,elephant,29.97,29.970000000000002,95.0,3.169836503169836,95.0,640x480,mpeg4,yuv420p,False,24.5
part_2/2219453084685552-ELEPHANT.mp4,elephant,15.172413793103448,15.167548500881834,44.0,2.9009302325581396,87.0,640x480,h264,yuv420p,True,24.5
part_8/elevator_20241119_172641_10.mp4,elevator,29.97,29.97,83.0,2.7694361027694363,83.0,640x480,mpeg4,yuv420p,False,34.0
part_8/elevator_20241119_172641_32.mp4,elevator,30.00165755014089,30.0,181.0,6.033333333333333,181.0,640x480,h264,yuv420p,True,34.0
part_8/elevator_20241119_172641_71.mp4,elevator,30.0,29.997272975184075,111.0,3.7003363636363638,111.0,640x480,h264,yuv420p,True,34.0
part_2/30784899637747887-EMPHASIS.mp4,emphasis,30.00428632661809,30.000000000000004,70.0,2.333333333333333,70.0,640x480,h264,yuv420p,True,17.0
part_3/49372329056034836-EMPHASIS.mp4,emphasis,29.929577464788732,29.922202274087372,51.0,1.70442,51.0,640x480,h264,yuv420p,True,17.0
part_4/6283747012244303-ENGINEER.mp4,engineer,25.572,25.572,124.0,4.849053652432348,145.0,640x480,h264,yuv420p,True,22.0
part_3/3863068160833265-ENGINEER.mp4,engineer,29.99693908784818,30.00309310238169,98.0,3.2663298969072163,97.0,640x480,h264,yuv420p,True,22.0
part_8/envelope_20241119_172641_53.mp4,envelope,30.003529827038474,30.000000000000004,85.0,2.833333333333333,85.0,640x480,h264,yuv420p,True,51.0
part_8/envelope_20241119_172641_80.mp4,envelope,30.0,29.99719652368938,108.0,3.60033644859813,108.0,640x480,h264,yuv420p,True,51.0
part_8/envelope_20241119_172641_121.mp4,envelope,30.0,29.99874482239237,240.0,8.000334728033472,240.0,640x480,h264,yuv420p,True,51.0
part_6/9519644599310157-ESCALATE.mp4,escalate,25.0,25.0,65.0,2.6,78.0,640x480,h264,yuv420p,True,10.666666666666666
part_3/5370997163515456-ESCALATE.mp4,escalate,30.0,30.0,48.0,1.6,48.0,640x480,mpeg4,yuv420p,False,10.666666666666666
part_1/03011304649279367-ESCALATE.mp4,escalate,30.00447828034035,29.999999999999996,67.0,2.2333333333333334,67.0,640x480,h264,yuv420p,True,10.666666666666666
part_8/evaluate_video_5.mp4,evaluate,29.97,29.97,49.0,1.6349683016349683,49.0,640x480,mpeg4,yuv420p,False,22.5
part_6/9468945982728585-EVALUATE.mp4,evaluate,29.916410030796303,29.91071428571429,68.0,2.2734328358208953,68.0,640x480,h264,yuv420p,True,22.5
part_5/8574210597765108-EVERYDAY.mp4,everyday,30.00365898280278,29.999999999999996,82.0,2.733333333333334,82.0,640x480,h264,yuv420p,True,17.5
part_3/5359984261732045-EVERYDAY.mp4,everyday,29.99638597759306,30.00365898280278,83.0,2.766329268292683,82.0,640x480,h264,yuv420p,True,17.5
part_8/evidence_video_1.mp4,evidence,24.0,24.0,144.0,6.0,180.0,640x480,mpeg4,yuv420p,False,22.5
part_3/49033133866712886-EVIDENCE.mp4,evidence,29.928,29.928,46.0,1.537022186581128,46.0,640x480,mpeg4,yuv420p,False,22.5
part_8/exercise_video_4.mp4,exercise,29.97,29.970000000000002,78.0,2.6026026026026026,78.0,640x480,mpeg4,yuv420p,False,30.5
part_8/exercise_video_22.mp4,exercise,25.0,25.0,92.0,3.68,110.0,640x480,h264,yuv420p,False,30.5
part_8/favorite_2.mp4,favorite,29.97,29.970000000000002,46.0,1.534868201534868,46.0,288x192,h264,yuv420p,False,21.5
part_3/3625122971713206-FAVORITE.mp4,favorite,29.917726252804787,29.9079754601227,40.0,1.3374358974358975,40.0,640x480,h264,yuv420p,True,21.5
part_8/february_2.mp4,february,25.0,24.999999999999996,57.0,2.2800000000000002,68.0,640x480,h264,yuv420p,False,19.0
part_3/3751481061490878-FEBRUARY.mp4,february,29.978586723768736,29.97275204359673,56.0,1.8683636363636362,56.0,640x480,h264,yuv420p,True,19.0
part_8/feedback_6.mp4,feedback,30.34,30.34,82.0,2.7027027027027026,81.0,640x480,mpeg4,yuv420p,False,22.0
part_4/624710800117203-FEEDBACK.mp4,feedback,29.969650986342945,29.965424510180565,79.0,2.6363717948717946,79.0,640x480,h264,yuv420p,True,22.0
part_8/football_video_2.mp4,football,23.976,23.976,57.0,2.3773773773773774,71.0,640x480,mpeg4,yuv420p,False,27.0
part_5/8213813824042293-FOOTBALL.mp4,football,29.995588883987647,30.004478280340347,68.0,2.2663283582089555,67.0,640x480,h264,yuv420p,True,27.0
part_2/3075139511825413-FRACTION.mp4,fraction,29.996842437638144,30.00319182891797,95.0,3.1663297872340426,94.0,640x480,h264,yuv420p,True,19.5
part_2/35405803115905177-FRACTION.mp4,fraction,30.0,29.99558888398765,69.0,2.3003382352941175,69.0,640x480,h264,yuv420p,True,19.5
part_3/46237114528907597-FREAK OUT.mp4,freakout,29.994643813604714,30.00545553737043,56.0,1.8663272727272728,55.0,640x480,h264,yuv420p,True,10.333333333333334
part_1/09750446486305164-FREAK OUT.mp4,freakout,29.994643813604714,30.00545553737043,56.0,1.8663272727272728,55.0,640x480,h264,yuv420p,True,10.333333333333334
part_2/33057196035186553-FREAK OUT.mp4,freakout,29.995162070633768,30.004918839153962,62.0,2.0663278688524587,61.0,640x480,h264,yuv420p,True,10.333333333333334
part_5/797112690704878-FRECKLES.mp4,freckles,29.996250468691414,30.003797949107483,80.0,2.6663291139240504,79.0,640x480,h264,yuv420p,True,10.333333333333334
part_2/2177877671717836-FRECKLES.mp4,freckles,29.996629592180653,30.003409478349813,89.0,2.9663295454545455,88.0,640x480,h264,yuv420p,True,10.333333333333334
part_5/8977104701979994-FRECKLES.mp4,freckles,15.004055150040552,15.0,37.0,2.466666666666667,74.0,640x480,h264,yuv420p,True,10.333333333333334
part_1/13423241010240927-FRIENDLY.mp4,friendly,30.716,30.716,54.0,1.7580414116421408,52.0,640x480,h264,yuv420p,True,22.5
part_3/3854547330374838-FRIENDLY.mp4,friendly,30.0,29.995775242923532,72.0,2.400338028169014,72.0,640x480,h264,yuv420p,True,22.5
part_8/function_5.mp4,function,23.976,23.976,28.0,1.1678345011678346,35.0,640x480,mpeg4,yuv420p,False,26.0
part_4/6074322670548999-FUNCTION.mp4,function,29.995775242923532,30.004286326618093,71.0,2.366328571428571,70.0,640x480,h264,yuv420p,True,26.0
part_8/get_down_video_11.mp4,get down,29.97,29.97,93.0,3.1031031031031033,93.0,640x480,mpeg4,yuv420p,False,18.0
part_8/get_down_video_35.mp4,get down,29.97,29.970000000000002,163.0,5.438772105438772,163.0,640x480,mpeg4,yuv420p,False,18.0
part_1/18103667827392633-GET IN_BED.mp4,getinbed,30.0,30.0,53.0,1.7666666666666666,53.0,640x480,mpeg4,yuv420p,False,10.333333333333334
part_3/4894632992540995-GET IN_BED.mp4,getinbed,30.482,30.481999999999996,85.0,2.78853093629027,83.0,640x480,h264,yuv420p,True,10.333333333333334
part_1/10673600991450427-GET IN_BED.mp4,getinbed,30.00447828034035,30.000000000000004,67.0,2.233333333333333,67.0,640x480,h264,yuv420p,True,10.333333333333334
part_1/1525292765911226-GO TO_JAIL.mp4,gotojail,31.036,31.035999999999998,102.0,3.2865059930403406,98.0,640x480,h264,yuv420p,True,10.333333333333334
part_1/08049155832863364-GO TO_JAIL.mp4,gotojail,29.996842437638144,30.00319182891797,95.0,3.1663297872340426,94.0,640x480,h264,yuv420p,True,10.333333333333334
part_1/09431891435327278-GO TO_JAIL.mp4,gotojail,29.992684711046085,30.00750187546887,41.0,1.366325,40.0,640x480,h264,yuv420p,True,10.333333333333334
part_8/graduate_9.mp4,graduate,29.97,29.97,32.0,1.0677344010677345,32.0,640x480,mpeg4,yuv420p,False,27.5
part_8/graduate_video_7.mp4,graduate,29.97,29.97,49.0,1.6349683016349683,49.0,640x480,mpeg4,yuv420p,False,27.5
part_2/2975167820813127-seedGULLIBLE.mp4,gullible,29.919447640966627,29.91577112982864,104.0,3.476427184466019,104.0,640x480,h264,yuv420p,True,17.5
part_6/9774986467910176-GULLIBLE.mp4,gullible,30.003947887879985,30.0,76.0,2.533333333333333,76.0,640x480,h264,yuv420p,True,17.5
part_5/8785832730738978-HAND SOAP.mp4,handsoap,30.00428632661809,30.000000000000004,70.0,2.333333333333333,70.0,640x480,h264,yuv420p,True,10.333333333333334
part_2/3140077256714713-HAND SOAP.mp4,handsoap,29.916512059369204,29.913531198878243,129.0,4.3124296875,129.0,640x480,h264,yuv420p,True,10.333333333333334
part_3/5193225116841553-HAND SOAP.mp4,handsoap,30.459,30.459,106.0,3.480087987130241,104.0,640x480,mpeg4,yuv420p,False,10.333333333333334
part_8/handsome_20241119_172644_62.mp4,handsome,29.995588883987647,30.004478280340347,68.0,2.2663283582089555,67.0,640x480,h264,yuv420p,True,43.333333333333336
part_8/handsome_20241119_172644_90.mp4,handsome,29.027,29.027,41.0,1.412478037689048,42.0,640x480,h264,yuv420p,True,43.333333333333336
part_8/handsome_20241119_172644_120.mp4,handsome,30.994,30.994,100.0,3.2264309221139578,96.0,640x480,h264,yuv420p,True,43.333333333333336
part_4/6834362654952608-HANUKKAH.mp4,hanukkah,30.0,29.99638597759306,84.0,2.8003373493975903,84.0,640x480,h264,yuv420p,True,20.5
part_5/8842194027785473-HANUKKAH.mp4,hanukkah,29.83787512935495,29.835212489158717,173.0,5.798517441860465,173.0,640x480,h264,yuv420p,True,20.5
part_4/5502470046977559-HEADACHE.mp4,headache,30.446,30.446,77.0,2.5290678578466794,75.0,640x480,mpeg4,yuv420p,False,22.5
part_3/4244698704791745-HEADACHE.mp4,headache,29.998564661977895,30.001442377037357,209.0,6.966331730769231,208.0,640x480,h264,yuv420p,True,22.5
part_3/4815032857671244-HEADCOLD.mp4,headcold,30.0,30.0,46.0,1.5333333333333334,46.0,640x480,mpeg4,yuv420p,False,10.333333333333334
part_1/08408587706637416-HEADCOLD.mp4,headcold,29.97275204359673,29.966703662597112,55.0,1.8353703703703705,55.0,640x480,h264,yuv420p,True,10.333333333333334
part_5/8554902350602769-HEADCOLD.mp4,headcold,30.0,29.99899668907394,300.0,10.000334448160537,300.0,640x480,h264,yuv420p,True,10.333333333333334
part_4/7057176695174743-HOMEWORK.mp4,homework,30.581,30.581000000000003,60.0,1.9620025506033156,58.0,640x480,h264,yuv420p,True,20.5
part_6/9475658580958672-HOMEWORK.mp4,homework,30.001107051920734,30.0,271.0,9.033333333333333,271.0,640x480,h264,yuv420p,True,20.5
part_9/horrible_video_0.mp4,horrible,29.97,29.970000000000002,91.0,3.0363697030363697,91.0,640x480,h264,yuv420p,False,19.5
part_2/20229366684834482-HORRIBLE.mp4,horrible,29.997656433091166,30.00236239073943,128.0,4.266330708661417,127.0,640x480,h264,yuv420p,True,19.5
part_9/hospital_20241119_172645_21.mp4,hospital,29.920212765957448,29.915966386554622,90.0,3.008426966292135,90.0,640x480,h264,yuv420p,True,26.666666666666668
part_9/hospital_20241119_172645_37.mp4,hospital,30.00428632661809,30.000000000000004,70.0,2.333333333333333,70.0,640x480,h264,yuv420p,True,26.666666666666668
part_9/hospital_20241119_172645_48.mp4,hospital,30.567,30.567,49.0,1.6030359538063925,48.0,640x480,h264,yuv420p,True,26.666666666666668
part_6/9873350412583777-ICECREAM.mp4,icecream,30.903,30.903000000000002,93.0,3.0094165614988833,90.0,640x480,h264,yuv420p,True,10.333333333333334
part_4/6665509376481926-ICECREAM.mp4,icecream,29.971988795518207,29.968900197907832,107.0,3.570367924528302,107.0,640x480,h264,yuv420p,True,10.333333333333334
part_5/8285722836345848-ICECREAM.mp4,icecream,29.97002997002997,29.96632996632997,90.0,3.0033707865168537,90.0,640x480,h264,yuv420p,True,10.333333333333334
part_9/identity_video_4.mp4,identity,23.976,23.976,36.0,1.5015015015015016,45.0,640x480,mpeg4,yuv420p,False,19.0
part_2/20420938909962083-IDENTITY.mp4,identity,30.0,30.000000000000004,45.0,1.4999999999999998,45.0,640x480,mpeg4,yuv420p,False,19.0
part_9/immature_video_7.mp4,immature,29.68,29.68,83.0,2.7964959568733154,83.0,640x480,mpeg4,yuv420p,False,22.0
part_2/3257664059784391-IMMATURE.mp4,immature,29.995162070633768,30.004918839153962,62.0,2.0663278688524587,61.0,640x480,h264,yuv420p,True,22.0
part_9/innocent_video_0.mp4,innocent,29.97,29.970000000000002,88.0,2.936269602936269,88.0,640x480,mpeg4,yuv420p,False,20.5
part_9/innocent_video_5.mp4,innocent,29.97,29.97,64.0,2.135468802135469,64.0,640x480,mpeg4,yuv420p,False,20.5
part_6/9359211738598516-INSTINCT.mp4,instinct,29.97275204359673,29.969755292823756,110.0,3.6703669724770642,110.0,640x480,h264,yuv420p,True,17.0
part_5/818775415339164-INSTINCT.mp4,instinct,29.998378466028864,30.00163052339801,185.0,6.166331521739131,184.0,640x480,h264,yuv420p,True,17.0
part_9/interest_4.mp4,interest,30.00405460197324,30.00411015207563,74.0,2.4663287671232874,73.0,640x480,h264,yuv420p,True,21.5
part_2/3200781635179144-INTEREST.mp4,interest,30.0,30.0,42.0,1.4,42.0,640x480,mpeg4,yuv420p,False,21.5
part_5/7662283228623028-INTERNET.mp4,internet,29.969650986342945,29.965424510180558,79.0,2.636371794871795,79.0,640x480,h264,yuv420p,True,22.5
part_2/34273370908515544-INTERNET.mp4,internet,29.994643813604714,30.00545553737043,56.0,1.8663272727272728,55.0,640x480,h264,yuv420p,True,22.5
part_5/7564072772343171-ISOLATED.mp4,isolated,30.423,30.423000000000002,92.0,3.0240278736482264,90.0,640x480,mpeg4,yuv420p,False,10.333333333333334
part_2/30769191586183053-ISOLATED.mp4,isolated,29.996842437638144,30.00319182891797,95.0,3.1663297872340426,94.0,640x480,h264,yuv420p,True,10.333333333333334
part_5/7445170951807052-ISOLATED.mp4,isolated,30.504,30.503999999999998,54.0,1.770259638080252,53.0,640x480,h264,yuv420p,True,10.333333333333334
part_9/kangaroo_20241119_172645_32.mp4,kangaroo,29.91725015913431,29.91315535541975,94.0,3.1424301075268817,94.0,640x480,h264,yuv420p,True,32.666666666666664
part_9/kangaroo_20241119_172645_34.mp4,kangaroo,29.995588883987647,30.004478280340347,68.0,2.2663283582089555,67.0,640x480,h264,yuv420p,True,32.666666666666664
part_9/kangaroo_20241119_172645_38.mp4,kangaroo,29.612,29.612,130.0,4.390112116709442,131.0,640x480,h264,yuv420p,True,32.666666666666664
part_1/004798560790486794-KEYBOARD.mp4,keyboard,30.004110152075626,30.0,73.0,2.433333333333333,73.0,640x480,h264,yuv420p,True,21.5
part_4/653894433602245-KEYBOARD.mp4,keyboard,29.966703662597116,29.97737556561086,54.0,1.8013584905660378,54.0,640x480,h264,yuv420p,True,21.5
part_4/6000797455208315-KISS FIST.mp4,kissfist,30.458,30.458000000000002,77.0,2.528071442642327,75.0,640x480,h264,yuv420p,True,10.333333333333334
part_4/5812949470759072-KISS FIST.mp4,kissfist,30.604,30.604,40.0,1.3070186903672723,39.0,640x480,mpeg4,yuv420p,False,10.333333333333334
part_6/9177014993952604-KISS FIST.mp4,kissfist,30.0,30.0,57.0,1.9,57.0,640x480,mpeg4,yuv420p,False,10.333333333333334
part_9/knitting_20241119_195754_48.mp4,knitting,30.0,29.997600191984642,126.0,4.200336,126.0,640x480,h264,yuv420p,True,29.0
part_9/knitting_20241119_195754_56.mp4,knitting,30.0,29.99734536766658,114.0,3.8003362831858407,114.0,640x480,h264,yuv420p,True,29.0
part_9/knitting_20241119_195754_68.mp4,knitting,29.9625468164794,29.97694081475788,40.0,1.3343589743589743,40.0,640x480,h264,yuv420p,True,29.0
part_9/language_video_8.mp4,language,29.97,29.97,205.0,6.8401735068401734,205.0,640x480,h264,yuv420p,False,24.5
part_5/7540291860771398-LANGUAGE.mp4,language,30.0,29.99594649371707,75.0,2.5003378378378374,75.0,640x480,h264,yuv420p,True,24.5
part_4/6954162646008715-LET ME_SEE.mp4,letmesee,29.993183367416496,30.006978367062107,44.0,1.4663255813953489,43.0,640x480,h264,yuv420p,True,10.333333333333334
part_1/062188296039833-LET ME_SEE.mp4,letmesee,14.991671293725707,14.985590778097983,27.0,1.8017307692307691,54.0,640x480,h264,yuv420p,True,10.333333333333334
part_3/5215190375698711-LET ME_SEE.mp4,letmesee,25.0,25.0,63.0,2.52,75.0,640x480,h264,yuv420p,True,10.333333333333334
part_1/17996767705308603-LIPSTICK.mp4,lipstick,29.995775242923532,30.004286326618093,71.0,2.366328571428571,70.0,640x480,h264,yuv420p,True,20.5
part_1/13697993160966937-LIPSTICK.mp4,lipstick,30.003529827038474,30.000000000000004,85.0,2.833333333333333,85.0,640x480,h264,yuv420p,True,20.5
part_5/7458355614439729-LOLLIPOP.mp4,lollipop,30.653,30.653,53.0,1.7290314161745997,51.0,640x480,h264,yuv420p,True,19.0
part_2/23547211650079825-LOLLIPOP.mp4,lollipop,29.974489795918366,29.967426710097723,47.0,1.5683695652173912,47.0,640x480,h264,yuv420p,True,19.0
part_5/8499231164577814-LONG LINE.mp4,longline,29.91926547411746,29.91725015913431,189.0,6.3174255319148935,189.0,640x480,h264,yuv420p,True,10.333333333333334
part_2/3448619139940019-LONG LINE.mp4,longline,29.609,29.609,88.0,2.9720693032523893,89.0,640x480,h264,yuv420p,True,10.333333333333334
part_2/19894739757704438-LONG LINE.mp4,longline,30.001685487948762,29.999999999999996,178.0,5.9333333333333345,178.0,640x480,h264,yuv420p,True,10.333333333333334
part_5/7389847417168793-LONG WORD.mp4,longword,29.978586723768736,29.97275204359673,56.0,1.8683636363636362,56.0,640x480,h264,yuv420p,True,10.333333333333334
part_1/03937988112658353-LONG WORD.mp4,longword,30.00545553737043,30.0,55.0,1.8333333333333333,55.0,640x480,h264,yuv420p,True,10.333333333333334
part_3/4948626135127654-LONG WORD.mp4,longword,29.994916115912556,30.005173305742368,59.0,1.9663275862068967,58.0,640x480,h264,yuv420p,True,10.333333333333334
part_6/9867246876380695-LOSE GAME.mp4,losegame,29.969562163427767,29.968268891761664,256.0,8.54236862745098,256.0,640x480,h264,yuv420p,True,10.333333333333334
part_4/6974116269624848-LOSE GAME.mp4,losegame,30.005770340450088,30.0,52.0,1.7333333333333334,52.0,640x480,h264,yuv420p,True,10.333333333333334
part_5/8321589788988195-LOSE GAME.mp4,losegame,29.97002997002997,29.97002997002997,78.0,2.6026000000000002,78.0,640x480,h264,yuv420p,True,10.333333333333334
part_4/6138389697064619-MAGAZINE.mp4,magazine,29.914529914529915,29.92194275802255,70.0,2.3394202898550724,70.0,640x480,h264,yuv420p,True,20.0
part_3/45123388701503875-MAGAZINE.mp4,magazine,30.003947887879985,30.0,76.0,2.533333333333333,76.0,640x480,h264,yuv420p,True,20.0
part_9/mechanic_20241119_172647.mp4,mechanic,23.976,23.976000000000003,41.0,1.7100433767100431,51.0,640x480,h264,yuv420p,False,25.333333333333332
part_9/mechanic_20241119_172647_27.mp4,mechanic,30.0,29.999999999999996,78.0,2.6,78.0,640x480,mpeg4,yuv420p,False,25.333333333333332
part_9/mechanic_20241119_172647_39.mp4,mechanic,14.989293361884368,14.986376021798366,56.0,3.7367272727272725,112.0,640x480,h264,yuv420p,True,25.333333333333332
part_9/medicine_3.mp4,medicine,30.0,30.0,121.0,4.033333333333333,121.0,640x480,h264,yuv420p,True,23.0
part_9/medicine_video_2.mp4,medicine,30.0,30.0,90.0,3.0,90.0,640x480,mpeg4,yuv420p,False,23.0
part_9/meditate_20241119_172647_10.mp4,meditate,29.97,29.97,424.0,14.147480814147482,424.0,640x480,mpeg4,yuv420p,False,35.0
part_9/meditate_20241119_172648_55.mp4,meditate,29.918032786885245,29.912754466140424,73.0,2.4404305555555554,73.0,640x480,h264,yuv420p,True,35.0
part_9/meditate_20241119_172648_63.mp4,meditate,30.0,29.995162070633768,63.0,2.1003387096774193,63.0,640x480,h264,yuv420p,True,35.0
part_9/memorize_7.mp4,memorize,29.97,29.97,37.0,1.234567901234568,37.0,288x192,h264,yuv420p,False,20.0
part_9/memorize_4.mp4,memorize,23.976,23.976,36.0,1.5015015015015016,45.0,640x480,mpeg4,yuv420p,False,20.0
part_6/9739598443063118-seedMETAPHOR.mp4,metaphor,30.258,30.258000000000003,102.0,3.371009319849296,101.0,640x480,h264,yuv420p,True,18.5
part_4/5675218090082352-METAPHOR.mp4,metaphor,30.0,30.0,49.0,1.6333333333333333,49.0,640x480,mpeg4,yuv420p,False,18.5
part_1/0070019227198838685-MOSQUITO.mp4,mosquito,30.0,29.99434069043577,54.0,1.8003396226415092,54.0,640x480,h264,yuv420p,True,20.5
part_3/418994738151502-MOSQUITO.mp4,mosquito,29.995775242923532,30.004286326618086,71.0,2.366328571428572,70.0,640x480,h264,yuv420p,True,20.5
part_9/mountain_20241119_172648_1.mp4,mountain,29.97,29.97,80.0,2.6693360026693362,80.0,288x192,h264,yuv420p,False,23.333333333333332
part_9/mountain_20241119_172648_26.mp4,mountain,30.0,29.99817084324127,165.0,5.500335365853658,165.0,640x480,h264,yuv420p,True,23.333333333333332
part_9/mountain_20241119_172648_46.mp4,mountain,29.918864097363084,29.91232594120681,59.0,1.9724310344827585,59.0,640x480,h264,yuv420p,True,23.333333333333332
part_3/3633074762068895-MOVE DOWN.mp4,movedown,30.0,29.994340690435763,54.0,1.8003396226415096,54.0,640x480,h264,yuv420p,True,10.333333333333334
part_4/5718034440116153-MOVE DOWN.mp4,movedown,14.990859232175502,14.986886474334957,41.0,2.735725,82.0,640x480,h264,yuv420p,True,10.333333333333334
part_1/020802790650389813-MOVE DOWN.mp4,movedown,29.995385325334563,30.004688232536335,65.0,2.1663281249999997,64.0,640x480,h264,yuv420p,True,10.333333333333334
part_3/3754892221313826-MUSHROOM.mp4,mushroom,30.00447828034035,29.999999999999996,67.0,2.2333333333333334,67.0,640x480,h264,yuv420p,True,21.0
part_5/7937864760203208-MUSHROOM.mp4,mushroom,30.0,29.99210734017364,39.0,1.3003421052631579,39.0,640x480,h264,yuv420p,True,21.0
part_1/051581123390527006-MUSTACHE.mp4,mustache,31.111,31.110999999999997,83.0,2.6678666709523964,80.0,640x480,h264,yuv420p,True,22.5
part_3/40599977168714196-MUSTACHE.mp4,mustache,30.0,29.994916115912556,60.0,2.0003389830508476,60.0,640x480,h264,yuv420p,True,22.5
part_9/necklace_20241119_172649_21.mp4,necklace,29.97737556561086,29.971181556195965,53.0,1.7683653846153846,53.0,640x480,h264,yuv420p,True,43.666666666666664
part_9/necklace_20241119_172649_27.mp4,necklace,25.0,24.999999999999996,69.0,2.7600000000000002,82.0,640x480,h264,yuv420p,True,43.666666666666664
part_9/necklace_20241119_172649_57.mp4,necklace,30.864,30.863999999999997,45.0,1.4580093312597202,43.0,640x480,mpeg4,yuv420p,False,43.666666666666664
part_5/7966919382563009-NEGATIVE.mp4,negative,29.657,29.657,103.0,3.4730417776578886,104.0,640x480,h264,yuv420p,True,22.0
part_3/44736909140240266-NEGATIVE.mp4,negative,29.843196762771875,29.835390946502056,59.0,1.9775172413793105,59.0,640x480,h264,yuv420p,True,22.0
part_2/2573372360128092-NONSENSE.mp4,nonsense,30.85,30.849999999999998,46.0,1.4910858995137763,44.0,640x480,h264,yuv420p,False,10.333333333333334
part_1/15422946220110756-NONSENSE.mp4,nonsense,28.291,28.291,53.0,1.8733872963133151,56.0,640x480,h264,yuv420p,True,10.333333333333334
part_5/7355141712214706-NONSENSE.mp4,nonsense,30.00447828034035,29.999999999999996,67.0,2.2333333333333334,67.0,640x480,h264,yuv420p,True,10.333333333333334
part_5/8453711741111225-OVERLOOK.mp4,overlook,30.005770340450088,30.0,52.0,1.7333333333333334,52.0,640x480,h264,yuv420p,True,17.5
part_1/03191004193493363-OVERLOOK.mp4,overlook,29.914529914529915,29.92518703241895,49.0,1.6374166666666667,49.0,640x480,h264,yuv420p,True,17.5
part_9/overtake_video_1.mp4,overtake,29.97,29.97,96.0,3.2032032032032034,96.0,640x480,h264,yuv420p,False,10.333333333333334
part_3/4595003690639041-OVERTAKE.mp4,overtake,29.91824665159158,29.916025192442266,172.0,5.749426900584796,172.0,640x480,h264,yuv420p,True,10.333333333333334
part_5/8234800651096137-OVERTAKE.mp4,overtake,30.0,29.99711566195558,105.0,3.500336538461539,105.0,640x480,h264,yuv420p,True,10.333333333333334
part_9/parallel_5.mp4,parallel,29.97,29.97,34.0,1.1344678011344678,34.0,288x192,h264,yuv420p,False,19.5
part_2/3135756296597123-PARALLEL.mp4,parallel,29.97331143502361,29.971062422488632,146.0,4.8713655172413795,146.0,640x480,h264,yuv420p,True,19.5
part_2/22894625859048356-PASSPORT.mp4,passport,30.527,30.526999999999997,66.0,2.162020506436925,64.0,640x480,h264,yuv420p,True,17.5
part_2/26082469312393997-PASSPORT.mp4,passport,30.616,30.615999999999996,151.0,4.932061667102169,147.0,640x480,h264,yuv420p,True,17.5
part_6/9091013977275411-PEEKABOO.mp4,peekaboo,29.996739484838603,30.003297065611605,92.0,3.0663296703296705,91.0,640x480,h264,yuv420p,True,17.0
part_3/404319922667568-PEEKABOO.mp4,peekaboo,30.0,29.99711566195558,105.0,3.500336538461539,105.0,640x480,h264,yuv420p,True,17.0
part_1/11052983155454288-PERCEIVE.mp4,perceive,29.971559833734414,29.96914940502424,137.0,4.571367647058824,137.0,640x480,h264,yuv420p,True,10.666666666666666
part_4/6619748121410192-PERCEIVE.mp4,perceive,30.00267881060809,30.000000000000004,112.0,3.733333333333333,112.0,640x480,h264,yuv420p,True,10.666666666666666
part_4/6031517687767562-PERCEIVE.mp4,perceive,30.0,29.995775242923532,72.0,2.400338028169014,72.0,640x480,h264,yuv420p,True,10.666666666666666
part_5/8734214522542973-PERSUADE.mp4,persuade,30.0,29.995775242923532,72.0,2.400338028169014,72.0,640x480,h264,yuv420p,True,18.5
part_2/32193537384897364-PERSUADE.mp4,persuade,30.003947887879985,30.0,76.0,2.533333333333333,76.0,640x480,h264,yuv420p,True,18.5
part_6/919873336324361-PLATFORM.mp4,platform,30.00365898280278,29.999999999999996,82.0,2.733333333333334,82.0,640x480,h264,yuv420p,True,10.666666666666666
part_1/16645281669979295-PLATFORM.mp4,platform,30.00365898280278,29.999999999999996,82.0,2.733333333333334,82.0,640x480,h264,yuv420p,True,10.666666666666666
part_3/4101890148556435-PLATFORM.mp4,platform,29.995775242923532,30.004286326618086,71.0,2.366328571428572,70.0,640x480,h264,yuv420p,True,10.666666666666666
part_1/08614435600681825-POSITIVE.mp4,positive,30.004110152075626,30.0,73.0,2.433333333333333,73.0,640x480,h264,yuv420p,True,19.5
part_2/2323645828053269-POSITIVE.mp4,positive,30.747,30.747,72.0,2.341691872377793,70.0,640x480,h264,yuv420p,True,19.5
part_10/possible_video_2.mp4,possible,29.97,29.970000000000002,82.0,2.736069402736069,82.0,640x480,mpeg4,yuv420p,False,21.0
part_10/possible_video_1.mp4,possible,29.97,29.970000000000002,111.0,3.7037037037037033,111.0,640x480,mpeg4,yuv420p,False,21.0
part_10/postpone_video_3.mp4,postpone,29.97,29.97,58.0,1.9352686019352687,58.0,640x480,h264,yuv420p,False,21.5
part_4/6782102586532928-POSTPONE.mp4,postpone,30.847,30.847,97.0,3.1445521444548903,94.0,640x480,h264,yuv420p,True,21.5
part_1/06254613801507869-PRACTICE.mp4,practice,30.003000300030003,30.0,100.0,3.3333333333333335,100.0,640x480,h264,yuv420p,True,29.5
part_1/08492990144159429-PRACTICE.mp4,practice,29.92194275802255,29.916410030796303,69.0,2.3064264705882356,69.0,640x480,h264,yuv420p,True,29.5
part_3/36949718497211914-PREACHER.mp4,preacher,30.0,29.996104402025708,78.0,2.6003376623376626,78.0,640x480,h264,yuv420p,True,17.0
part_5/8801508364149226-PREACHER.mp4,preacher,29.974489795918366,29.97099581050596,94.0,3.1363655913978494,94.0,640x480,h264,yuv420p,True,17.0
part_2/2814557853552391-PRECIOUS.mp4,precious,29.99651203348448,30.003529827038474,86.0,2.8663294117647062,85.0,640x480,h264,yuv420p,True,20.5
part_4/559768801316793-PRECIOUS.mp4,precious,30.0,29.99062792877226,33.0,1.10034375,33.0,640x480,h264,yuv420p,True,20.5
part_10/pregnant_7.mp4,pregnant,29.97,29.97,76.0,2.5358692025358693,76.0,640x480,mpeg4,yuv420p,False,18.5
part_2/2377390002720965-PREGNANT.mp4,pregnant,29.918864097363084,29.912325941206806,59.0,1.9724310344827587,59.0,640x480,h264,yuv420p,True,18.5
part_10/priority_video_6.mp4,priority,29.97,29.97,250.0,8.341675008341676,250.0,640x480,mpeg4,yuv420p,False,21.5
part_4/6285510871667204-PRIORITY.mp4,priority,30.0,29.995775242923532,72.0,2.400338028169014,72.0,640x480,h264,yuv420p,True,21.5
part_10/register_video_6.mp4,register,23.976,23.976,28.0,1.1678345011678346,35.0,640x480,mpeg4,yuv420p,False,27.5
part_4/5485982089040253-REGISTER.mp4,register,29.91869918699187,29.914529914529915,92.0,3.075428571428571,92.0,640x480,h264,yuv420p,True,27.5
part_10/religion_video_0.mp4,religion,29.97,29.97,52.0,1.7350684017350684,52.0,640x480,mpeg4,yuv420p,False,29.5
part_10/religion_video_6.mp4,religion,29.97,29.970000000000002,98.0,3.269936603269936,98.0,640x480,mpeg4,yuv420p,False,29.5
part_10/remember_20241119_172651_33.mp4,remember,25.0,25.0,66.0,2.64,79.0,640x480,h264,yuv420p,True,25.666666666666668
part_10/remember_20241119_172651_55.mp4,remember,29.97658079625293,29.971455756422458,64.0,2.135365079365079,64.0,640x480,h264,yuv420p,True,25.666666666666668
part_10/remember_20241119_172651_59.mp4,remember,29.919447640966627,29.912023460410555,52.0,1.7384313725490197,52.0,640x480,h264,yuv420p,True,25.666666666666668
part_10/research_20241119_172651_13.mp4,research,29.97,29.970000000000002,95.0,3.169836503169836,95.0,640x480,mpeg4,yuv420p,False,27.0
part_10/research_20241119_172651_20.mp4,research,23.976,23.976,34.0,1.4180847514180848,42.0,640x480,mpeg4,yuv420p,False,27.0
part_10/research_20241119_172651_66.mp4,research,30.005770340450088,30.0,52.0,1.7333333333333334,52.0,640x480,h264,yuv420p,True,27.0
part_4/6274192669956666-RESTLESS.mp4,restless,29.952,29.951999999999998,57.0,1.9030448717948718,57.0,640x480,h264,yuv420p,True,17.5
part_4/6690912295141158-RESTLESS.mp4,restless,29.997196523689375,30.002830455703368,107.0,3.5663301886792453,106.0,640x480,h264,yuv420p,True,17.5
part_10/retrieve_video_2.mp4,retrieve,29.97,29.97,79.0,2.6359693026359694,79.0,640x480,mpeg4,yuv420p,False,21.5
part_4/6218538894595054-RETRIEVE.mp4,retrieve,30.501,30.501,71.0,2.3277925313924133,69.0,640x480,mpeg4,yuv420p,False,21.5
part_5/7850894061058351-ROOMMATE.mp4,roommate,30.868,30.868000000000002,48.0,1.555008422962291,46.0,640x480,mpeg4,yuv420p,False,19.5
part_4/6613858252551286-ROOMMATE.mp4,roommate,29.995162070633768,30.004918839153962,62.0,2.0663278688524587,61.0,640x480,h264,yuv420p,True,19.5
part_3/501034080069992-SAILBOAT.mp4,sailboat,30.0,29.99651203348448,87.0,2.9003372093023256,87.0,640x480,h264,yuv420p,True,16.5
part_3/37379040309466083-SAILBOAT.mp4,sailboat,30.00309310238169,30.0,97.0,3.2333333333333334,97.0,640x480,h264,yuv420p,True,16.5
part_6/9510950748168263-SAME SAME.mp4,samesame,30.0,29.995385325334567,66.0,2.200338461538461,66.0,640x480,h264,yuv420p,True,10.333333333333334
part_3/36680704348288384-SAME SAME.mp4,samesame,30.998,30.998,91.0,2.935673269243177,88.0,640x480,h264,yuv420p,True,10.333333333333334
part_2/21861551221012654-SAME SAME.mp4,samesame,29.968454258675077,29.959514170040485,38.0,1.2683783783783784,38.0,640x480,h264,yuv420p,True,10.333333333333334
part_2/22693984894707575-SAME TIME.mp4,sametime,30.45,30.45,75.0,2.4630541871921183,73.0,640x480,h264,yuv420p,True,10.333333333333334
part_2/33168475416980825-SAME TIME.mp4,sametime,29.995588883987647,30.004478280340347,68.0,2.2663283582089555,67.0,640x480,h264,yuv420p,True,10.333333333333334
part_6/9367751623432383-SAME TIME.mp4,sametime,29.971455756422454,29.96616723054616,63.0,2.1023709677419355,63.0,640x480,h264,yuv420p,True,10.333333333333334
part_10/sandwich_20241119_172652_20.mp4,sandwich,30.0,29.995775242923532,72.0,2.400338028169014,72.0,640x480,h264,yuv420p,True,45.333333333333336
part_10/sandwich_20241119_172652_52.mp4,sandwich,30.0,29.99651203348448,87.0,2.9003372093023256,87.0,640x480,h264,yuv420p,True,45.333333333333336
part_10/sandwich_20241119_172652_102.mp4,sandwich,29.914529914529915,29.92194275802255,70.0,2.3394202898550724,70.0,640x480,h264,yuv420p,True,45.333333333333336
part_6/Saturday_video_6.mp4,saturday,25.0,25.0,78.0,3.12,93.0,640x480,mpeg4,yuv420p,False,23.5
part_4/5886530842290676-SATURDAY.mp4,saturday,29.914529914529915,29.920692141312184,84.0,2.807421686746988,84.0,640x480,h264,yuv420p,True,23.5
part_3/36059385950428324-SCARCELY.mp4,scarcely,30.439,30.439,88.0,2.8910279575544533,86.0,640x480,mpeg4,yuv420p,False,20.5
part_3/48828987217011344-SCARCELY.mp4,scarcely,29.995946493717064,30.00411015207563,74.0,2.4663287671232874,73.0,640x480,h264,yuv420p,True,20.5
part_3/3804865048102477-SCISSORS.mp4,scissors,29.917061611374407,29.91325157044571,101.0,3.3764299999999996,101.0,640x480,h264,yuv420p,True,22.0
part_1/08576941246615899-SCISSORS.mp4,scissors,30.519,30.519,81.0,2.6540843409023887,79.0,640x480,h264,yuv420p,True,22.0
part_10/sentence_20241119_172653_12.mp4,sentence,23.976,23.976,57.0,2.3773773773773774,71.0,640x480,mpeg4,yuv420p,False,24.333333333333332
part_10/sentence_20241119_172653_40.mp4,sentence,29.922202274087372,29.914529914529915,50.0,1.6714285714285715,50.0,640x480,h264,yuv420p,True,24.333333333333332
part_10/sentence_20241119_172653_42.mp4,sentence,30.0,29.99638597759306,84.0,2.8003373493975903,84.0,640x480,h264,yuv420p,True,24.333333333333332
part_10/separate_video_3.mp4,separate,29.97,29.970000000000002,132.0,4.404404404404404,132.0,640x480,h264,yuv420p,False,18.0
part_10/separate_video_10.mp4,separate,24.0,24.0,138.0,5.75,172.0,640x480,mpeg4,yuv420p,False,18.0
part_5/8667883005600749-SEQUENCE.mp4,sequence,29.916666666666668,29.916666666666668,82.0,2.7409470752089136,82.0,640x480,h264,yuv420p,True,19.5
part_5/7811975350293594-SEQUENCE.mp4,sequence,29.99638597759306,30.00365898280278,83.0,2.766329268292683,82.0,640x480,h264,yuv420p,True,19.5
part_2/21501932222050724-SHOOTING.mp4,shooting,25.0,25.0,83.0,3.32,99.0,640x480,h264,yuv420p,True,17.5
part_5/7791558174544222-SHOOTING.mp4,shooting,29.96742671009772,29.96005326231691,46.0,1.5353777777777777,46.0,640x480,h264,yuv420p,True,17.5
part_10/shoulder_20241119_172653_23.mp4,shoulder,30.0,29.994916115912556,60.0,2.0003389830508476,60.0,640x480,h264,yuv420p,True,33.0
part_10/shoulder_20241119_172653_35.mp4,shoulder,30.384,30.384,79.0,2.6000526592943656,78.0,640x480,mpeg4,yuv420p,False,33.0
part_10/shoulder_20241119_172654_29.mp4,shoulder,25.0,25.0,65.0,2.6,78.0,640x480,h264,yuv420p,True,33.0
part_2/34194685576800166-SNOWSUIT.mp4,snowsuit,29.996629592180653,30.003409478349813,89.0,2.9663295454545455,88.0,640x480,h264,yuv420p,True,10.333333333333334
part_6/9681853783680789-SNOWSUIT.mp4,snowsuit,30.00132749236692,30.0,226.0,7.533333333333333,226.0,640x480,h264,yuv420p,True,10.333333333333334
part_2/19134972933022198-SNOWSUIT.mp4,snowsuit,30.0,30.0,107.0,3.566666666666667,107.0,640x480,mpeg4,yuv420p,False,10.333333333333334
part_4/6234791610397161-SOFTBALL.mp4,softball,29.996739484838603,30.003297065611605,92.0,3.0663296703296705,91.0,640x480,h264,yuv420p,True,17.0
part_2/29577782773757466-SOFTBALL.mp4,softball,30.0,29.99210734017364,39.0,1.3003421052631579,39.0,640x480,h264,yuv420p,True,17.0
part_3/4502222374000242-SPEAKERS.mp4,speakers,30.0,30.0,56.0,1.8666666666666667,56.0,640x480,mpeg4,yuv420p,False,10.666666666666666
part_6/9202609076180219-SPEAKERS.mp4,speakers,30.00545553737043,30.0,55.0,1.8333333333333333,55.0,640x480,h264,yuv420p,True,10.666666666666666
part_5/7968285166549758-SPEAKERS.mp4,speakers,29.97002997002997,29.970029970029966,98.0,3.269933333333334,98.0,640x480,h264,yuv420p,True,10.666666666666666
part_10/specific_video_3.mp4,specific,23.976,23.976,39.0,1.6266266266266267,48.0,640x480,mpeg4,yuv420p,False,22.0
part_3/40349660956218725-SPECIFIC.mp4,specific,29.92633517495396,29.920523609163162,65.0,2.172421875,65.0,640x480,h264,yuv420p,True,22.0
part_3/39940658628495873-SQUIRREL.mp4,squirrel,30.004688232536335,30.0,64.0,2.1333333333333333,64.0,640x480,h264,yuv420p,True,20.0
part_4/5763337000940891-SQUIRREL.mp4,squirrel,30.002479543763947,30.0,121.0,4.033333333333333,121.0,640x480,h264,yuv420p,True,20.0
part_1/10772183334276608-STAND-UP.mp4,stand-up,29.974489795918366,29.97099581050596,94.0,3.1363655913978494,94.0,640x480,h264,yuv420p,True,10.333333333333334
part_1/02108819311047294-STAND-UP.mp4,stand-up,30.00517330574237,30.0,58.0,1.9333333333333333,58.0,640x480,h264,yuv420p,True,10.333333333333334
part_2/2356940929264013-STAND-UP.mp4,stand-up,29.970760233918128,29.96874425445854,164.0,5.472368098159509,164.0,640x480,h264,yuv420p,True,10.333333333333334
part_11/straight_13.mp4,straight,30.296,30.296,93.0,3.069712173224188,92.0,640x480,h264,yuv420p,False,21.5
part_4/5921657843863637-STRAIGHT.mp4,straight,30.0,29.994643813604714,57.0,1.9003392857142856,57.0,640x480,h264,yuv420p,True,21.5
part_1/03162833308491719-seedSTRANGLE.mp4,strangle,30.374,30.374,103.0,3.39105814183183,101.0,640x480,h264,yuv420p,True,16.5
part_4/5592882265114305-STRANGLE.mp4,strangle,29.915966386554622,29.91886409736308,178.0,5.94942372881356,178.0,640x480,h264,yuv420p,True,16.5
part_11/struggle_video_10.mp4,struggle,23.976,23.976,75.0,3.1281281281281283,93.0,640x480,h264,yuv420p,False,26.0
part_11/struggle_video_7.mp4,struggle,29.97,29.97,60.0,2.002002002002002,60.0,640x480,mpeg4,yuv420p,False,26.0
part_3/4846096640921751-STUBBORN.mp4,stubborn,30.227,30.227000000000004,85.0,2.8120554471168155,84.0,640x480,h264,yuv420p,True,20.0
part_6/927095782965432-STUBBORN.mp4,stubborn,30.0,29.994916115912556,60.0,2.0003389830508476,60.0,640x480,h264,yuv420p,True,20.0
part_11/subtract_video_9.mp4,subtract,29.97,29.97,109.0,3.6369703036369705,109.0,640x480,mpeg4,yuv420p,False,25.5
part_11/subtract_0.mp4,subtract,23.976,23.976,71.0,2.9612946279612946,88.0,640x480,mpeg4,yuv420p,False,25.5
part_11/sunbathe_20241119_172658_8.mp4,sunbathe,25.0,25.0,79.0,3.16,94.0,640x480,h264,yuv420p,True,30.0
part_11/sunbathe_20241119_172658_42.mp4,sunbathe,30.008110300081103,30.0,37.0,1.2333333333333334,37.0,640x480,h264,yuv420p,True,30.0
part_11/superior_video_2.mp4,superior,29.97,29.97,136.0,4.537871204537871,136.0,640x480,mpeg4,yuv420p,False,17.0
part_2/18651823409572987-SUPERIOR.mp4,superior,29.99610440202571,30.003947887879985,77.0,2.566328947368421,76.0,640x480,h264,yuv420p,True,17.0
part_5/7284891357037007-SURPRISE.mp4,surprise,29.91586163913992,29.921259842519685,96.0,3.208421052631579,96.0,640x480,h264,yuv420p,True,21.5
part_2/22535273597578098-SURPRISE.mp4,surprise,25.0,25.0,65.0,2.6,78.0,640x480,h264,yuv420p,True,21.5
part_11/sympathy_video_1.mp4,sympathy,29.97,29.97,39.0,1.3013013013013013,39.0,640x480,mpeg4,yuv420p,False,20.5
part_1/08229559234139794-SYMPATHY.mp4,sympathy,30.0,29.993618379068284,48.0,1.600340425531915,48.0,640x480,h264,yuv420p,True,20.5
part_2/20750341535026884-TAKE CARE.mp4,takecare,29.991431019708656,30.00882612533098,35.0,1.1663235294117646,34.0,640x480,h264,yuv420p,True,10.666666666666666
part_1/03445133771226505-TAKE CARE.mp4,takecare,30.0,29.996629592180653,90.0,3.0003370786516856,90.0,640x480,h264,yuv420p,True,10.666666666666666
part_5/8974660354440616-TAKE CARE.mp4,takecare,29.97275204359673,29.96941896024465,99.0,3.303367346938775,99.0,640x480,h264,yuv420p,True,10.666666666666666
part_4/6602261622676402-TEENAGER.mp4,teenager,30.062,30.062,72.0,2.395050229525647,71.0,640x480,h264,yuv420p,True,17.0
part_4/6852032624784132-TEENAGER.mp4,teenager,30.006123698714024,30.0,49.0,1.6333333333333333,49.0,640x480,h264,yuv420p,True,17.0
part_6/9014717712599731-TENDENCY.mp4,tendency,31.013,31.012999999999998,41.0,1.3220262470576856,39.0,640x480,mpeg4,yuv420p,False,18.0
part_2/23053191738531487-TENDENCY.mp4,tendency,30.972,30.972,106.0,3.422446080330621,102.0,640x480,h264,yuv420p,True,18.0
part_4/5815002632226274-TEND YOUR.mp4,tendyour,30.277,30.276999999999997,71.0,2.3450143673415464,70.0,640x480,h264,yuv420p,True,10.333333333333334
part_3/3718616056631494-TEND YOUR.mp4,tendyour,30.357,30.357,118.0,3.8870771156570147,116.0,640x480,mpeg4,yuv420p,False,10.333333333333334
part_5/8058855343928406-TEND YOUR.mp4,tendyour,29.97002997002997,29.970029970029966,80.0,2.669333333333334,80.0,640x480,h264,yuv420p,True,10.333333333333334
part_1/16270426237316316-THANK YOU.mp4,thankyou,30.00882612533098,29.999999999999996,34.0,1.1333333333333335,34.0,640x480,h264,yuv420p,True,10.333333333333334
part_4/6912280773625425-THANK YOU.mp4,thankyou,29.995162070633768,30.004918839153962,62.0,2.0663278688524587,61.0,640x480,h264,yuv420p,True,10.333333333333334
part_3/4624064779710624-THANK YOU.mp4,thankyou,28.529,28.529000000000003,61.0,2.1381751901573836,64.0,640x480,h264,yuv420p,True,10.333333333333334
part_11/thrilled_video_1.mp4,thrilled,23.976,23.976,42.0,1.7517517517517518,52.0,640x480,h264,yuv420p,False,11.0
part_1/06049408391461086-THRILLED.mp4,thrilled,29.995162070633768,30.004918839153962,62.0,2.0663278688524587,61.0,640x480,h264,yuv420p,True,11.0
part_1/13939574330656868-THRILLED.mp4,thrilled,30.0,30.0,38.0,1.2666666666666666,38.0,640x480,mpeg4,yuv420p,False,11.0
part_3/5250559152305585-THURSDAY.mp4,thursday,30.001744287458575,30.0,172.0,5.733333333333333,172.0,640x480,h264,yuv420p,True,21.5
part_6/9036149331863652-seedTHURSDAY.mp4,thursday,30.292,30.292,169.0,5.57903076719926,167.0,640x480,h264,yuv420p,True,21.5
part_11/tidy_sum_video_31.mp4,tidy sum,29.97,29.97,52.0,1.7350684017350684,52.0,640x480,mpeg4,yuv420p,False,25.5
part_11/tidy_sum_video_37.mp4,tidy sum,29.97,29.97,83.0,2.7694361027694363,83.0,640x480,mpeg4,yuv420p,False,25.5
part_3/480723814855363-seedTOGETHER.mp4,together,30.241,30.241000000000003,120.0,3.9681227472636484,119.0,640x480,h264,yuv420p,True,20.0
part_5/8316176400665405-TOGETHER.mp4,together,29.96914940502424,29.964221824686938,68.0,2.2693731343283585,68.0,640x480,h264,yuv420p,True,20.0
part_3/52182646297618-TOMORROW.mp4,tomorrow,29.995162070633768,30.004918839153962,62.0,2.0663278688524587,61.0,640x480,h264,yuv420p,True,23.5
part_6/9076139907774032-TOMORROW.mp4,tomorrow,29.964747356051703,29.97601918465228,51.0,1.70136,51.0,640x480,h264,yuv420p,True,23.5
part_11/transfer_12.mp4,transfer,29.97,29.97,37.0,1.234567901234568,37.0,640x480,mpeg4,yuv420p,False,23.5
part_2/20980902919938638-TRANSFER.mp4,transfer,30.006978367062107,30.000000000000004,43.0,1.4333333333333331,43.0,640x480,h264,yuv420p,True,23.5
part_3/48812095782934617-TRIANGLE.mp4,triangle,29.996842437638144,30.00319182891797,95.0,3.1663297872340426,94.0,640x480,h264,yuv420p,True,22.0
part_2/3225800752245196-TRIANGLE.mp4,triangle,29.967727063162748,29.97658079625293,65.0,2.168359375,65.0,640x480,h264,yuv420p,True,22.0
part_3/39681434831052087-UMBRELLA.mp4,umbrella,29.967727063162748,29.972118959107807,130.0,4.337364341085271,130.0,640x480,h264,yuv420p,True,21.5
part_4/5491929037140144-UMBRELLA.mp4,umbrella,30.0,29.996629592180653,90.0,3.0003370786516856,90.0,640x480,h264,yuv420p,True,21.5
part_5/7453065880681551-UNIVERSE.mp4,universe,29.920692141312184,29.916089018606353,83.0,2.7744268292682923,83.0,640x480,h264,yuv420p,True,18.5
part_4/5759401053206663-UNIVERSE.mp4,universe,59.94005994005994,59.94005994005994,222.0,3.7037,111.0,640x480,h264,yuv420p,True,18.5
part_4/5965262859191329-VACATION.mp4,vacation,30.0,29.995946493717064,75.0,2.500337837837838,75.0,640x480,h264,yuv420p,True,20.5
part_2/22329038084462538-VACATION.mp4,vacation,29.993618379068284,30.00652315720809,47.0,1.5663260869565216,46.0,640x480,h264,yuv420p,True,20.5
part_1/07605823285762692-VALIDATE.mp4,validate,30.979,30.979,108.0,3.4862326091868687,104.0,640x480,h264,yuv420p,True,11.0
part_5/8684886420670839-VALIDATE.mp4,validate,29.974489795918366,29.97099581050596,94.0,3.1363655913978494,94.0,640x480,h264,yuv420p,True,11.0
part_5/7954619989999274-VALIDATE.mp4,validate,29.976019184652277,29.96941896024465,50.0,1.6683673469387754,50.0,640x480,h264,yuv420p,True,11.0
part_4/6066172643835521-VITAMINS.mp4,vitamins,29.966703662597116,29.971988795518207,108.0,3.6033644859813085,108.0,640x480,h264,yuv420p,True,10.333333333333334
part_4/5578485990711219-VITAMINS.mp4,vitamins,30.0,30.0,79.0,2.6333333333333333,79.0,640x480,mpeg4,yuv420p,False,10.333333333333334
part_2/33586727129784033-VITAMINS.mp4,vitamins,29.997945346209164,30.002069108214357,146.0,4.866331034482759,145.0,640x480,h264,yuv420p,True,10.333333333333334
part_11/washface_20241119_195755_49.mp4,washface,29.996250468691414,30.003797949107483,80.0,2.6663291139240504,79.0,640x480,h264,yuv420p,True,29.0
part_11/washface_20241119_195755_50.mp4,washface,29.83554067821278,29.833284586136298,205.0,6.871519607843137,206.0,640x480,h264,yuv420p,True,29.0
part_2/3292388254990122-WATER SKI.mp4,waterski,30.005770340450088,30.0,52.0,1.7333333333333334,52.0,640x480,h264,yuv420p,True,10.333333333333334
part_6/9119089584743578-WATER SKI.mp4,waterski,29.99638597759306,30.003658982802783,83.0,2.7663292682926826,82.0,640x480,h264,yuv420p,True,10.333333333333334
part_4/6465568552581147-WATER SKI.mp4,waterski,29.96742671009772,29.971559833734414,138.0,4.60436496350365,138.0,640x480,h264,yuv420p,True,10.333333333333334
part_11/whatever_video_2.mp4,whatever,29.97,29.970000000000002,51.0,1.7017017017017015,51.0,640x480,mpeg4,yuv420p,False,20.0
part_5/7748741818745393-WHATEVER.mp4,whatever,29.920395278616525,29.91689750692521,109.0,3.643425925925926,109.0,640x480,h264,yuv420p,True,20.0
part_11/windmill_20241119_195755_63.mp4,windmill,29.998324115971176,30.001685487948762,179.0,5.966331460674157,178.0,640x480,h264,yuv420p,True,29.0
part_11/windmill_20241119_195755_81.mp4,windmill,30.002027163997568,29.999999999999996,148.0,4.933333333333334,148.0,640x480,h264,yuv420p,True,29.0
part_11/windmill_20241119_195755_83.mp4,windmill,27.019,27.019,101.0,3.7381102187349646,112.0,640x480,h264,yuv420p,True,29.0
part_6/993304501913798-WORKSHOP.mp4,workshop,30.654,30.654,55.0,1.7942193514712599,53.0,640x480,h264,yuv420p,True,20.5
part_4/6708956410631581-WORKSHOP.mp4,workshop,29.974489795918366,29.967426710097723,47.0,1.5683695652173912,47.0,640x480,h264,yuv420p,True,20.5
part_2/19071857221615507-YOURSELF.mp4,yourself,29.964448958862366,29.97416020671835,59.0,1.968362068965517,59.0,640x480,h264,yuv420p,True,20.0
part_6/9268534907068866-YOURSELF.mp4,yourself,30.0,30.0,51.0,1.7,51.0,640x480,mpeg4,yuv420p,False,20.0
part_6/9574216076966533-ACCORDION.mp4,accordion,29.971331769611677,29.96845425867508,115.0,3.8373684210526315,115.0,640x480,h264,yuv420p,True,17.0
part_4/6902804808473246-ACCORDION.mp4,accordion,30.577,30.576999999999998,81.0,2.6490499394970075,79.0,640x480,h264,yuv420p,True,17.0
part_6/advantage_video_2.mp4,advantage,29.97,29.97,93.0,3.1031031031031033,93.0,640x480,mpeg4,yuv420p,False,20.0
part_6/9693306524089746-ADVANTAGE.mp4,advantage,29.923451635351427,29.919042590637098,86.0,2.874423529411765,86.0,640x480,h264,yuv420p,True,20.0
part_6/advertise_video_3.mp4,advertise,29.97,29.97,57.0,1.901901901901902,57.0,640x480,mpeg4,yuv420p,False,19.0
part_6/9280997352000961-ADVERTISE.mp4,advertise,30.0,29.999999999999996,47.0,1.5666666666666669,47.0,640x480,mpeg4,yuv420p,False,19.0
part_6/afternoon_6.mp4,afternoon,25.0,25.000000000000004,70.0,2.8,84.0,640x480,mpeg4,yuv420p,False,24.5
part_6/afternoon_9.mp4,afternoon,30.0,30.0,130.0,4.333333333333333,130.0,640x480,h264,yuv420p,True,24.5
part_6/agreement_5.mp4,agreement,29.97,29.970000000000002,43.0,1.434768101434768,43.0,288x192,h264,yuv420p,False,20.5
part_5/7256675965666304-AGREEMENT.mp4,agreement,30.704,30.704,59.0,1.9215737363210006,57.0,640x480,h264,yuv420p,True,20.5
part_6/assistant_video_2.mp4,assistant,29.97,29.97,39.0,1.3013013013013013,39.0,640x480,h264,yuv420p,False,21.0
part_1/040801452480617284-ASSISTANT.mp4,assistant,29.840142095914743,29.83465132997843,84.0,2.815518072289157,84.0,640x480,h264,yuv420p,True,21.0
part_2/25146825020765307-ASTRONAUT.mp4,astronaut,30.004688232536335,30.0,64.0,2.1333333333333333,64.0,640x480,h264,yuv420p,True,17.0
part_4/5746010872027036-seedASTRONAUT.mp4,astronaut,30.00206910821436,30.0,145.0,4.833333333333333,145.0,640x480,h264,yuv420p,True,17.0
part_3/501088492290245-ATTENTION.mp4,attention,29.843893480257115,29.836829836829835,65.0,2.178515625,65.0,640x480,h264,yuv420p,True,19.5
part_5/8337247032758022-ATTENTION.mp4,attention,30.0,29.996250468691414,81.0,2.7003375,81.0,640x480,h264,yuv420p,True,19.5
part_6/9819041208235313-seedAUSTRALIA.mp4,australia,31.03,31.03,103.0,3.319368353206574,99.0,640x480,h264,yuv420p,True,24.0
part_2/26887722576084916-AUSTRALIA.mp4,australia,31.037,31.037,91.0,2.931984405709315,87.0,640x480,h264,yuv420p,True,24.0
part_2/22689907580202773-AUTOMATIC.mp4,automatic,31.059,31.059,101.0,3.2518754628288096,97.0,640x480,h264,yuv420p,True,19.0
part_3/43449941450139606-AUTOMATIC.mp4,automatic,15.168752370117558,15.169194865810967,40.0,2.636923076923077,79.0,640x480,h264,yuv420p,True,19.0
part_6/9214230709540736-BITE ON_ARM.mp4,biteonarm,30.0,29.995162070633768,63.0,2.1003387096774193,63.0,640x480,h264,yuv420p,True,10.333333333333334
part_6/9706391893134168-BITE ON_ARM.mp4,biteonarm,29.998170843241265,30.00184060371802,164.0,5.466331288343558,163.0,640x480,h264,yuv420p,True,10.333333333333334
part_1/05565288508425659-BITE ON_ARM.mp4,biteonarm,28.341,28.341,69.0,2.4346353339684557,73.0,640x480,h264,yuv420p,True,10.333333333333334
part_2/19545712784088498-BOYFRIEND.mp4,boyfriend,29.929577464788732,29.922202274087372,51.0,1.70442,51.0,640x480,h264,yuv420p,True,21.5
part_3/4727094511240908-BOYFRIEND.mp4,boyfriend,30.003529827038474,30.000000000000004,85.0,2.833333333333333,85.0,640x480,h264,yuv420p,True,21.5
part_4/5460541166365573-BRAINWASH.mp4,brainwash,29.995588883987647,30.004478280340347,68.0,2.2663283582089555,67.0,640x480,h264,yuv420p,True,17.0
part_5/8235310753213219-BRAINWASH.mp4,brainwash,29.967159277504106,29.975020815986674,73.0,2.4353611111111113,73.0,640x480,h264,yuv420p,True,17.0
part_7/breakdown_20241119_172659_19.mp4,breakdown,29.9173922750614,29.914529914529915,134.0,4.4794285714285715,134.0,640x480,h264,yuv420p,True,32.0
part_7/breakdown_20241119_172659_43.mp4,breakdown,29.995946493717064,30.00411015207563,74.0,2.4663287671232874,73.0,640x480,h264,yuv420p,True,32.0
part_7/breakfast_20241119_172635_6.mp4,breakfast,23.976,23.976,66.0,2.7527527527527527,82.0,640x480,mpeg4,yuv420p,False,26.666666666666668
part_7/breakfast_20241119_172635_59.mp4,breakfast,29.995946493717064,30.00411015207563,74.0,2.4663287671232874,73.0,640x480,h264,yuv420p,True,26.666666666666668
part_7/breakfast_20241119_172635_69.mp4,breakfast,30.002419549963708,30.000000000000004,124.0,4.133333333333333,124.0,640x480,h264,yuv420p,True,26.666666666666668
part_2/33274865025473366-BREAKTIME.mp4,breaktime,25.0,25.0,74.0,2.96,88.0,640x480,h264,yuv420p,True,10.333333333333334
part_6/9229609412318638-BREAKTIME.mp4,breaktime,30.0,29.996250468691414,81.0,2.7003375,81.0,640x480,h264,yuv420p,True,10.333333333333334
part_4/6415548017204482-BREAKTIME.mp4,breaktime,30.341,30.340999999999998,116.0,3.823209518473353,114.0,640x480,h264,yuv420p,True,10.333333333333334
part_7/butterfly_video_0.mp4,butterfly,29.97,29.970000000000002,91.0,3.0363697030363697,91.0,640x480,mpeg4,yuv420p,False,22.0
part_2/2364210157511506-BUTTERFLY.mp4,butterfly,29.995162070633768,30.004918839153962,62.0,2.0663278688524587,61.0,640x480,h264,yuv420p,True,22.0
part_4/5710586749820159-CAFETERIA.mp4,cafeteria,30.008110300081103,30.0,37.0,1.2333333333333334,37.0,640x480,h264,yuv420p,True,23.0
part_1/026603013015551014-CAFETERIA.mp4,cafeteria,30.506,30.506,59.0,1.934045761489543,58.0,640x480,h264,yuv420p,True,23.0
part_4/5633279216900626-CAMCORDER.mp4,camcorder,30.00447828034035,30.000000000000004,67.0,2.233333333333333,67.0,640x480,h264,yuv420p,True,10.333333333333334
part_6/9681062745057387-CAMCORDER.mp4,camcorder,29.974489795918366,29.97099581050596,94.0,3.1363655913978494,94.0,640x480,h264,yuv420p,True,10.333333333333334
part_4/5593829761691902-CAMCORDER.mp4,camcorder,30.00365898280278,29.999999999999996,82.0,2.733333333333334,82.0,640x480,h264,yuv420p,True,10.333333333333334
part_6/9537661978224965-CELEBRATE.mp4,celebrate,30.223,30.223000000000003,69.0,2.283029480858948,68.0,640x480,h264,yuv420p,True,19.0
part_6/9870925988949069-CELEBRATE.mp4,celebrate,29.994643813604714,30.00545553737043,56.0,1.8663272727272728,55.0,640x480,h264,yuv420p,True,19.0
part_7/cellphone_video_5.mp4,cellphone,30.0,29.999999999999996,126.0,4.2,126.0,640x480,mpeg4,yuv420p,False,20.0
part_5/7307911614479685-CELLPHONE.mp4,cellphone,30.341,30.341,150.0,4.943805411818991,148.0,640x480,h264,yuv420p,True,20.0
part_7/challenge_3.mp4,challenge,23.976,23.976000000000003,59.0,2.460794127460794,73.0,640x480,mpeg4,yuv420p,False,21.5
part_3/42181828799578835-CHALLENGE.mp4,challenge,29.994643813604714,30.00545553737043,56.0,1.8663272727272728,55.0,640x480,h264,yuv420p,True,21.5
part_1/07994933847535401-CHARACTER.mp4,character,30.0,29.994916115912556,60.0,2.0003389830508476,60.0,640x480,h264,yuv420p,True,27.5
part_1/1318480696997235-CHARACTER.mp4,character,29.925187032418954,29.91725015913431,48.0,1.6044255319148937,48.0,640x480,h264,yuv420p,True,27.5
part_7/chocolate_7.mp4,chocolate,30.0,30.0,97.0,3.2333333333333334,97.0,640x480,h264,yuv420p,True,25.0
part_7/chocolate_4.mp4,chocolate,25.0,25.0,118.0,4.72,141.0,640x480,mpeg4,yuv420p,False,25.0
part_7/christmas_20241119_172637_41.mp4,christmas,29.785,29.785,62.0,2.0815846902803425,62.0,640x480,h264,yuv420p,True,26.333333333333332
part_7/christmas_20241119_172637_56.mp4,christmas,30.003947887879985,30.0,76.0,2.533333333333333,76.0,640x480,h264,yuv420p,True,26.333333333333332
part_7/christmas_20241119_172637_74.mp4,christmas,29.914529914529915,29.92700729927007,42.0,1.4034146341463416,42.0,640x480,h264,yuv420p,True,26.333333333333332
part_4/6959378067801021-CIGARETTE.mp4,cigarette,30.003409478349813,30.0,88.0,2.933333333333333,88.0,640x480,h264,yuv420p,True,20.5
part_1/1514457535111562-CIGARETTE.mp4,cigarette,29.976019184652277,29.97164844066424,75.0,2.5023648648648646,75.0,640x480,h264,yuv420p,True,20.5
part_2/3393090669116592-CLEFTCHIN.mp4,cleftchin,29.967727063162748,29.97658079625293,65.0,2.168359375,65.0,640x480,h264,yuv420p,True,10.333333333333334
part_3/41666046500884324-CLEFTCHIN.mp4,cleftchin,30.0,29.995385325334567,66.0,2.200338461538461,66.0,640x480,h264,yuv420p,True,10.333333333333334
part_2/2655768751429066-CLEFTCHIN.mp4,cleftchin,29.834254143646408,29.82848620432513,81.0,2.715525,81.0,640x480,h264,yuv420p,True,10.333333333333334
part_3/4240616674706319-CLOSE EYES.mp4,closeeyes,27.387,27.387,76.0,2.775039252199949,83.0,640x480,h264,yuv420p,True,10.333333333333334
part_3/4195422371999784-CLOSE EYES.mp4,closeeyes,30.00365898280278,30.000000000000004,82.0,2.733333333333333,82.0,640x480,h264,yuv420p,True,10.333333333333334
part_1/1707427031266413-CLOSE EYES.mp4,closeeyes,29.919857524487977,29.91759226083841,168.0,5.615425149700599,168.0,640x480,h264,yuv420p,True,10.333333333333334
part_6/9467689723654071-COMMITTEE.mp4,committee,29.971559833734414,29.96914940502424,137.0,4.571367647058824,137.0,640x480,h264,yuv420p,True,23.0
part_1/037495253259864025-COMMITTEE.mp4,committee,30.624,30.624,53.0,1.7306687565308256,51.0,640x480,mpeg4,yuv420p,False,23.0
part_7/community_8.mp4,community,29.97,29.97,50.0,1.6683350016683351,50.0,288x192,h264,yuv420p,False,22.0
part_1/16122276575126704-COMMUNITY.mp4,community,30.0,29.993618379068284,48.0,1.600340425531915,48.0,640x480,h264,yuv420p,True,22.0
part_1/15168840137365303-CONCERNED.mp4,concerned,29.97275204359673,29.966703662597112,55.0,1.8353703703703705,55.0,640x480,h264,yuv420p,True,17.5
part_3/461459968787336-CONCERNED.mp4,concerned,30.0,29.99651203348448,87.0,2.9003372093023256,87.0,640x480,h264,yuv420p,True,17.5
part_4/5774167915990722-CONFIDENT.mp4,confident,29.975429975429975,29.970029970029973,61.0,2.0353666666666665,61.0,640x480,h264,yuv420p,True,18.0
part_2/28665443027662785-CONFIDENT.mp4,confident,29.994643813604714,30.00545553737043,56.0,1.8663272727272728,55.0,640x480,h264,yuv420p,True,18.0
part_3/4554891676895634-COOPERATE.mp4,cooperate,31.047,31.047,100.0,3.2209231165652077,96.0,640x480,h264,yuv420p,True,19.5
part_6/9199655806799358-COOPERATE.mp4,cooperate,29.924073246985262,29.918404351767908,67.0,2.239424242424242,67.0,640x480,h264,yuv420p,True,19.5
part_7/corkscrew_20241119_172638_6.mp4,corkscrew,29.97364953886693,29.97002997002997,91.0,3.036366666666667,91.0,640x480,h264,yuv420p,True,31.0
part_7/corkscrew_20241119_172638_17.mp4,corkscrew,27.098,27.098,105.0,3.8748247103107243,116.0,640x480,h264,yuv420p,True,31.0
part_1/0643558457378981-COUNSELOR.mp4,counselor,30.00491883915396,30.0,61.0,2.033333333333333,61.0,640x480,h264,yuv420p,True,19.0
part_5/7547178557316228-COUNSELOR.mp4,counselor,29.97179125528914,29.967891544773458,85.0,2.8363690476190473,85.0,640x480,h264,yuv420p,True,19.0
part_3/36480330348902146-CROCODILE.mp4,crocodile,29.074,29.074,66.0,2.27006947788402,68.0,640x480,h264,yuv420p,True,20.5
part_4/5654201049709489-CROCODILE.mp4,crocodile,25.0,25.0,95.0,3.8,114.0,640x480,h264,yuv420p,True,20.5
part_6/9216744084707416-CURLY HAIR.mp4,curlyhair,16.666666666666668,16.666666666666668,52.0,3.1199999999999997,93.0,640x480,h264,yuv420p,True,10.333333333333334
part_1/12190435905064412-CURLY HAIR.mp4,curlyhair,29.996250468691414,30.003797949107483,80.0,2.6663291139240504,79.0,640x480,h264,yuv420p,True,10.333333333333334
part_3/5102555871583432-CURLY HAIR.mp4,curlyhair,30.00428632661809,30.000000000000004,70.0,2.333333333333333,70.0,640x480,h264,yuv420p,True,10.333333333333334
part_7/delicious_14.mp4,delicious,30.315,30.314999999999998,88.0,2.9028533729176975,87.0,640x480,mpeg4,yuv420p,False,26.0
part_6/9345133610766025-DELICIOUS.mp4,delicious,30.00230786983614,30.0,130.0,4.333333333333333,130.0,640x480,h264,yuv420p,True,26.0
part_1/06667344658822971-DEODORANT.mp4,deodorant,30.0,29.99558888398765,69.0,2.3003382352941175,69.0,640x480,h264,yuv420p,True,20.5
part_3/37546749452952244-DEODORANT.mp4,deodorant,30.0,29.99516207063377,63.0,2.1003387096774193,63.0,640x480,h264,yuv420p,True,20.5
part_8/different.mp4,different,29.97,29.97,64.0,2.135468802135469,64.0,640x480,h264,yuv420p,False,26.5
part_3/3979542273376353-DIFFERENT.mp4,different,30.0,29.9974140160331,117.0,3.9003362068965517,117.0,640x480,h264,yuv420p,True,26.5
part_8/disappear_16.mp4,disappear,23.976,23.976,43.0,1.7934601267934602,53.0,640x480,mpeg4,yuv420p,False,27.5
part_2/2678812216170017-DISAPPEAR.mp4,disappear,29.974720115565187,29.970760233918128,83.0,2.769365853658537,83.0,640x480,h264,yuv420p,True,27.5
part_2/21823547164671253-DORMITORY.mp4,dormitory,25.0,25.0,53.0,2.12,63.0,640x480,h264,yuv420p,True,20.0
part_2/3015034607163163-DORMITORY.mp4,dormitory,14.99482936918304,14.9812734082397,29.0,1.93575,58.0,640x480,h264,yuv420p,True,20.0
part_3/37350001735257155-EGG BEATER.mp4,eggbeater,30.0,29.997656433091162,129.0,4.300335937500001,129.0,640x480,h264,yuv420p,True,10.666666666666666
part_1/11783459552698217-EGG BEATER.mp4,eggbeater,29.997810378804466,30.002206044562097,137.0,4.566330882352942,136.0,640x480,h264,yuv420p,True,10.666666666666666
part_5/8625172690258509-EGG BEATER.mp4,eggbeater,29.926595143986447,29.919447640966627,53.0,1.771423076923077,53.0,640x480,h264,yuv420p,True,10.666666666666666
part_8/embarrass_video_1.mp4,embarrass,29.97,29.97,102.0,3.4034034034034035,102.0,640x480,mpeg4,yuv420p,False,23.0
part_5/8801122812632831-EMBARRASS.mp4,embarrass,29.993618379068284,30.00652315720809,47.0,1.5663260869565216,46.0,640x480,h264,yuv420p,True,23.0
part_6/9170453263665774-ESCALATOR.mp4,escalator,29.997479203428284,30.002542588354945,119.0,3.9663305084745764,118.0,640x480,h264,yuv420p,True,17.5
part_1/016763892277617876-ESCALATOR.mp4,escalator,30.0,29.996104402025715,78.0,2.600337662337662,78.0,640x480,h264,yuv420p,True,17.5
part_6/9340538190167809-EVERY YEAR.mp4,everyyear,30.0,29.99638597759306,84.0,2.8003373493975903,84.0,640x480,h264,yuv420p,True,10.333333333333334
part_6/9384115347893336-EVERY YEAR.mp4,everyyear,29.968454258675077,29.9625468164794,57.0,1.9023750000000001,57.0,640x480,h264,yuv420p,True,10.333333333333334
part_4/668120263892662-EVERY YEAR.mp4,everyyear,30.004110152075626,30.0,73.0,2.433333333333333,73.0,640x480,h264,yuv420p,True,10.333333333333334
part_8/expensive.mp4,expensive,29.97,29.97,64.0,2.135468802135469,64.0,640x480,h264,yuv420p,False,22.5
part_4/6506034128131135-EXPENSIVE.mp4,expensive,30.681,30.681,59.0,1.9230142433427855,57.0,640x480,h264,yuv420p,True,22.5
part_6/9629974704309989-EYES AWAKE.mp4,eyesawake,30.00517330574237,29.999999999999996,58.0,1.9333333333333336,58.0,640x480,h264,yuv420p,True,10.333333333333334
part_3/5349350756267384-EYES AWAKE.mp4,eyesawake,29.916897506925206,29.909706546275395,54.0,1.8054339622641509,54.0,640x480,h264,yuv420p,True,10.333333333333334
part_3/47911569030503576-EYES AWAKE.mp4,eyesawake,29.927760577915375,29.921259842519685,58.0,1.938421052631579,58.0,640x480,h264,yuv420p,True,10.333333333333334
part_6/9001663609516171-FLIPFLOPS.mp4,flipflops,30.00491883915396,30.0,61.0,2.033333333333333,61.0,640x480,h264,yuv420p,True,10.333333333333334
part_3/46333344884863603-FLIPFLOPS.mp4,flipflops,29.996629592180653,30.003409478349813,89.0,2.9663295454545455,88.0,640x480,h264,yuv420p,True,10.333333333333334
part_5/8802489676217098-FLIPFLOPS.mp4,flipflops,29.995162070633768,30.004918839153962,62.0,2.0663278688524587,61.0,640x480,h264,yuv420p,True,10.333333333333334
part_8/foreigner_20241119_173205.mp4,foreigner,30.345,30.345000000000002,87.0,2.867029164607019,86.0,640x480,h264,yuv420p,True,32.5
part_8/foreigner_20241119_172643_8.mp4,foreigner,29.836381135707413,29.82885085574572,62.0,2.0785245901639344,62.0,640x480,h264,yuv420p,True,32.5
part_5/8317354999733653-FORGETFUL.mp4,forgetful,30.0,29.993183367416496,45.0,1.5003409090909092,45.0,640x480,h264,yuv420p,True,17.0
part_1/01839471631115286-FORGETFUL.mp4,forgetful,29.97737556561086,29.971181556195965,53.0,1.7683653846153846,53.0,640x480,h264,yuv420p,True,17.0
part_2/20991500959961606-FRUSTRATE.mp4,frustrate,30.001604363869724,30.0,187.0,6.233333333333333,187.0,640x480,h264,yuv420p,True,17.5
part_2/19285371678166952-FRUSTRATE.mp4,frustrate,30.0,29.997029997029998,102.0,3.4003366336633665,102.0,640x480,h264,yuv420p,True,17.5
part_3/4692667372252577-FURNITURE.mp4,furniture,30.0,29.993183367416496,45.0,1.5003409090909092,45.0,640x480,h264,yuv420p,True,18.0
part_3/4751035145945217-FURNITURE.mp4,furniture,29.997810378804466,30.002206044562097,137.0,4.566330882352942,136.0,640x480,h264,yuv420p,True,18.0
part_6/Gallaudet_video_1.mp4,gallaudet,23.976,23.976000000000003,73.0,3.044711378044711,91.0,640x480,h264,yuv420p,False,20.0
part_1/12221538032492663-GALLAUDET.mp4,gallaudet,30.005770340450088,30.0,52.0,1.7333333333333334,52.0,640x480,h264,yuv420p,True,20.0
part_8/good_deal_video_12.mp4,good deal,29.97,29.970000000000002,35.0,1.1678345011678344,35.0,640x480,mpeg4,yuv420p,False,25.5
part_8/good_deal_video_45.mp4,good deal,29.97,29.970000000000002,91.0,3.0363697030363697,91.0,640x480,mpeg4,yuv420p,False,25.5
part_6/9812831938147757-GO THROUGH.mp4,gothrough,29.915771129828638,29.92079788794368,103.0,3.4424215686274504,103.0,640x480,h264,yuv420p,True,10.333333333333334
part_3/4135844634037704-GO THROUGH.mp4,gothrough,29.71,29.709999999999997,82.0,2.76001346348031,82.0,640x480,h264,yuv420p,True,10.333333333333334
part_3/4633741924850623-GO THROUGH.mp4,gothrough,30.003947887879985,30.0,76.0,2.533333333333333,76.0,640x480,h264,yuv420p,True,10.333333333333334
part_8/hairdryer_20241119_180303_26.mp4,hairdryer,30.0,29.996104402025708,78.0,2.6003376623376626,78.0,640x480,h264,yuv420p,True,29.0
part_8/hairdryer_20241119_180303_49.mp4,hairdryer,30.003947887879985,30.0,76.0,2.533333333333333,76.0,640x480,h264,yuv420p,True,29.0
part_8/hairdryer_20241119_180303_72.mp4,hairdryer,29.917061611374407,29.91325157044571,101.0,3.3764299999999996,101.0,640x480,h264,yuv420p,True,29.0
part_8/halloween_20241119_172644_37.mp4,halloween,29.977628635346758,29.97275204359673,67.0,2.2353636363636364,67.0,640x480,h264,yuv420p,True,26.333333333333332
part_8/halloween_20241119_172644_57.mp4,halloween,29.998265996185193,30.001744287458575,173.0,5.766331395348837,172.0,640x480,h264,yuv420p,True,26.333333333333332
part_8/halloween_20241119_172644_76.mp4,halloween,29.967727063162748,29.972118959107807,130.0,4.337364341085271,130.0,640x480,h264,yuv420p,True,26.333333333333332
part_8/hamburger_8.mp4,hamburger,29.97,29.97,53.0,1.7684351017684352,53.0,288x192,h264,yuv420p,False,22.5
part_4/6856906374998-HAMBURGER.mp4,hamburger,30.00309310238169,30.0,97.0,3.2333333333333334,97.0,640x480,h264,yuv420p,True,22.5
part_6/9819880833945527-HANDCUFFS.mp4,handcuffs,30.0,30.0,81.0,2.7,81.0,640x480,mpeg4,yuv420p,False,10.333333333333334
part_1/15253285894430646-HANDCUFFS.mp4,handcuffs,29.83554067821278,29.833284586136298,205.0,6.871519607843137,206.0,640x480,h264,yuv420p,True,10.333333333333334
part_5/8241384431718983-HANDCUFFS.mp4,handcuffs,29.99610440202571,30.003947887879985,77.0,2.566328947368421,76.0,640x480,h264,yuv420p,True,10.333333333333334
part_6/9829233615930562-HARMONICA.mp4,harmonica,30.003409478349813,30.0,88.0,2.933333333333333,88.0,640x480,h264,yuv420p,True,18.5
part_5/8969706484663369-HARMONICA.mp4,harmonica,30.43,30.43,87.0,2.8590207032533685,85.0,640x480,h264,yuv420p,True,18.5
part_4/5568966830584794-HEAD GRIND.mp4,headgrind,29.923664122137403,29.919802590993214,98.0,3.275422680412371,98.0,640x480,h264,yuv420p,True,10.333333333333334
part_5/768134805612114-HEAD GRIND.mp4,headgrind,30.0,30.0,100.0,3.3333333333333335,100.0,640x480,mpeg4,yuv420p,False,10.333333333333334
part_4/6658545577547978-HEAD GRIND.mp4,headgrind,30.418,30.418000000000003,64.0,2.1040173581432047,63.0,640x480,h264,yuv420p,True,10.333333333333334
part_4/7170471283154412-HEARTBODY.mp4,heartbody,29.838259899609593,29.833943146636646,107.0,3.586518867924528,107.0,640x480,h264,yuv420p,True,10.333333333333334
part_4/5396509619343579-HEARTBODY.mp4,heartbody,29.920692141312184,29.918404351767908,166.0,5.548424242424242,166.0,640x480,h264,yuv420p,True,10.333333333333334
part_6/9540549470345112-seedHEARTBODY.mp4,heartbody,29.997986712301188,30.002027163997568,149.0,4.966331081081081,148.0,640x480,h264,yuv420p,True,10.333333333333334
part_2/19450596280511312-HITCHHIKE.mp4,hitchhike,29.97275204359673,29.966703662597112,55.0,1.8353703703703705,55.0,640x480,h264,yuv420p,True,11.0
part_6/9165946119253423-HITCHHIKE.mp4,hitchhike,29.923830250272037,29.91689750692521,55.0,1.8384259259259257,55.0,640x480,h264,yuv420p,True,11.0
part_2/1979759276900519-HITCHHIKE.mp4,hitchhike,30.0,29.994643813604714,57.0,1.9003392857142856,57.0,640x480,h264,yuv420p,True,11.0
part_5/8419054809855409-HOLD HANDS.mp4,holdhands,29.97179125528914,29.967891544773458,85.0,2.8363690476190473,85.0,640x480,h264,yuv420p,True,10.333333333333334
part_4/5958223461055481-HOLD HANDS.mp4,holdhands,30.0,29.99516207063377,63.0,2.1003387096774193,63.0,640x480,h264,yuv420p,True,10.333333333333334
part_3/379639037818327-HOLD HANDS.mp4,holdhands,30.00365898280278,29.999999999999996,82.0,2.733333333333334,82.0,640x480,h264,yuv420p,True,10.333333333333334
part_9/hurricane_2.mp4,hurricane,29.97,29.970000000000002,48.0,1.6016016016016015,48.0,640x480,mpeg4,yuv420p,False,19.5
part_2/18532012882158622-HURRICANE.mp4,hurricane,29.91586163913992,29.921259842519685,96.0,3.208421052631579,96.0,640x480,h264,yuv420p,True,19.5
part_9/hypocrite_video_0.mp4,hypocrite,23.976,23.976,60.0,2.5025025025025025,75.0,640x480,h264,yuv420p,False,18.0
part_6/9726236249048961-HYPOCRITE.mp4,hypocrite,30.003797949107483,30.0,79.0,2.6333333333333333,79.0,640x480,h264,yuv420p,True,18.0
part_4/7155317465236861-IMPORTANT.mp4,important,29.994643813604714,30.00545553737043,56.0,1.8663272727272728,55.0,640x480,h264,yuv420p,True,25.0
part_2/3177202412344484-IMPORTANT.mp4,important,29.918404351767904,29.916089018606346,165.0,5.515426829268293,165.0,640x480,h264,yuv420p,True,25.0
part_1/0056041416092114105-INFECTION.mp4,infection,30.0,29.997761361092458,135.0,4.500335820895522,135.0,640x480,h264,yuv420p,True,20.0
part_2/3419074485484206-INFECTION.mp4,infection,29.99610440202571,30.003947887879985,77.0,2.566328947368421,76.0,640x480,h264,yuv420p,True,20.0
part_1/0983141844046882-INFLUENCE.mp4,influence,30.366,30.366,103.0,3.3919515247316077,101.0,640x480,h264,yuv420p,True,20.0
part_4/5440638763202545-INFLUENCE.mp4,influence,29.994916115912556,30.005173305742368,59.0,1.9663275862068967,58.0,640x480,h264,yuv420p,True,20.0
part_1/14770856655445397-INSPIRING.mp4,inspiring,30.002912904165452,30.0,103.0,3.433333333333333,103.0,640x480,h264,yuv420p,True,10.333333333333334
part_1/1765996905933065-INSPIRING.mp4,inspiring,29.99813676169182,30.001875117194825,161.0,5.36633125,160.0,640x480,h264,yuv420p,True,10.333333333333334
part_1/008544076705374382-INSPIRING.mp4,inspiring,30.349,30.348999999999997,59.0,1.944050874822894,58.0,640x480,h264,yuv420p,True,10.333333333333334
part_3/43874405093167557-INSTAGRAM.mp4,instagram,30.363,30.363,88.0,2.89826433488127,86.0,640x480,h264,yuv420p,True,17.5
part_6/9152245074699332-INSTAGRAM.mp4,instagram,30.00517330574237,30.0,58.0,1.9333333333333333,58.0,640x480,h264,yuv420p,True,17.5
part_9/institute_video_1.mp4,institute,29.97,29.97,34.0,1.1344678011344678,34.0,640x480,mpeg4,yuv420p,False,20.5
part_3/41366895260587966-INSTITUTE.mp4,institute,30.003297065611605,30.0,91.0,3.033333333333333,91.0,640x480,h264,yuv420p,True,20.5
part_5/8720763871218964-INSURANCE.mp4,insurance,30.00447828034035,29.999999999999996,67.0,2.2333333333333334,67.0,640x480,h264,yuv420p,True,20.0
part_5/8188412216226328-INSURANCE.mp4,insurance,29.914529914529915,29.92700729927007,42.0,1.4034146341463416,42.0,640x480,h264,yuv420p,True,20.0
part_9/interpret_video_10.mp4,interpret,29.97,29.97,66.0,2.2022022022022023,66.0,640x480,mpeg4,yuv420p,False,23.0
part_3/5036874220798393-INTERPRET.mp4,interpret,30.0,29.995385325334567,66.0,2.200338461538461,66.0,640x480,h264,yuv420p,True,23.0
part_9/intervene_video_0.mp4,intervene,29.97,29.970000000000002,104.0,3.4701368034701363,104.0,640x480,h264,yuv420p,False,17.5
part_5/771263431622891-INTERVENE.mp4,intervene,30.002830455703368,30.0,106.0,3.533333333333333,106.0,640x480,h264,yuv420p,True,17.5
part_9/interview_video_8.mp4,interview,23.976,23.976,40.0,1.6683350016683351,50.0,640x480,h264,yuv420p,False,24.0
part_2/22865677977501964-INTERVIEW.mp4,interview,30.0,30.0,51.0,1.7,51.0,640x480,mpeg4,yuv420p,False,24.0
part_3/4294494165993583-INTRODUCE.mp4,introduce,29.994340690435767,30.005770340450084,53.0,1.7663269230769232,52.0,640x480,h264,yuv420p,True,22.5
part_4/6601908394563527-INTRODUCE.mp4,introduce,29.997857295907433,30.002158428663932,140.0,4.666330935251799,139.0,640x480,h264,yuv420p,True,22.5
part_3/37879668663027477-INTUITIVE.mp4,intuitive,30.0,29.99558888398765,69.0,2.3003382352941175,69.0,640x480,h264,yuv420p,True,10.333333333333334
part_5/870652211340813-INTUITIVE.mp4,intuitive,29.966703662597116,29.973772948669914,81.0,2.7023625,81.0,640x480,h264,yuv420p,True,10.333333333333334
part_5/8009848891932896-INTUITIVE.mp4,intuitive,30.418,30.418,119.0,3.9121572752975213,117.0,640x480,h264,yuv420p,True,10.333333333333334
part_4/5958230359085512-INVISIBLE.mp4,invisible,29.3,29.3,71.0,2.42320819112628,72.0,640x480,h264,yuv420p,True,17.0
part_3/48212757143827045-INVISIBLE.mp4,invisible,29.996739484838603,30.003297065611605,92.0,3.0663296703296705,91.0,640x480,h264,yuv420p,True,17.0
part_2/237267082717441-JELLYFISH.mp4,jellyfish,29.97393570807993,29.96914940502424,69.0,2.3023676470588237,69.0,640x480,h264,yuv420p,True,17.5
part_6/9801750310880526-JELLYFISH.mp4,jellyfish,30.0,29.99719652368937,108.0,3.600336448598131,108.0,640x480,h264,yuv420p,True,17.5
part_1/17919103557424498-LAWNMOWER.mp4,lawnmower,30.0,29.99798671230119,150.0,5.000335570469798,150.0,640x480,h264,yuv420p,True,10.333333333333334
part_1/11800833556484802-LAWNMOWER.mp4,lawnmower,29.995775242923532,30.004286326618086,71.0,2.366328571428572,70.0,640x480,h264,yuv420p,True,10.333333333333334
part_3/5093563551702363-LAWNMOWER.mp4,lawnmower,29.836829836829835,29.83321587972751,128.0,4.29051968503937,128.0,640x480,h264,yuv420p,True,10.333333333333334
part_9/lightning_9.mp4,lightning,29.97,29.97,44.0,1.4681348014681348,44.0,288x192,h264,yuv420p,False,20.0
part_1/11965070615236195-LIGHTNING.mp4,lightning,30.366,30.366000000000003,86.0,2.8321148653098858,84.0,640x480,h264,yuv420p,True,20.0
part_2/33369309315389284-MCDONALDS.mp4,mcdonalds,30.00309310238169,30.0,97.0,3.2333333333333334,97.0,640x480,h264,yuv420p,True,10.333333333333334
part_3/41720255599518996-MCDONALDS.mp4,mcdonalds,25.0,25.0,73.0,2.92,87.0,640x480,h264,yuv420p,True,10.333333333333334
part_6/9231284036574918-MCDONALDS.mp4,mcdonalds,29.997857295907433,30.002158428663932,140.0,4.666330935251799,139.0,640x480,h264,yuv420p,True,10.333333333333334
part_6/9295530959630687-MEGAPHONE.mp4,megaphone,29.99734536766658,30.00267881060809,113.0,3.7663303571428575,112.0,640x480,h264,yuv420p,True,16.5
part_1/04086427732072373-MEGAPHONE.mp4,megaphone,30.002158428663932,30.000000000000004,139.0,4.633333333333333,139.0,640x480,h264,yuv420p,True,16.5
part_9/microwave_6.mp4,microwave,23.976,23.976000000000003,73.0,3.044711378044711,91.0,640x480,mpeg4,yuv420p,False,25.5
part_9/microwave_video_2.mp4,microwave,29.97,29.97,73.0,2.4357691024357693,73.0,640x480,mpeg4,yuv420p,False,25.5
part_2/30910522748641944-NEWSPAPER.mp4,newspaper,29.995946493717064,30.00411015207563,74.0,2.4663287671232874,73.0,640x480,h264,yuv420p,True,21.0
part_1/09112985542377094-NEWSPAPER.mp4,newspaper,30.00652315720809,30.0,46.0,1.5333333333333334,46.0,640x480,h264,yuv420p,True,21.0
part_1/061175937439474026-NOSE BLEED.mp4,nosebleed,30.00447828034035,29.999999999999996,67.0,2.2333333333333334,67.0,640x480,h264,yuv420p,True,17.0
part_6/9469327065533588-NOSE BLEED.mp4,nosebleed,30.0,29.993618379068284,48.0,1.600340425531915,48.0,640x480,h264,yuv420p,True,17.0
part_4/631572863481012-NOT A_THING.mp4,notathing,29.996629592180653,30.003409478349813,89.0,2.9663295454545455,88.0,640x480,h264,yuv420p,True,10.333333333333334
part_3/506208258256283-NOT A_THING.mp4,notathing,30.0,29.993618379068284,48.0,1.600340425531915,48.0,640x480,h264,yuv420p,True,10.333333333333334
part_5/7245006849273199-NOT A_THING.mp4,notathing,30.928,30.928,89.0,2.8776513191929642,86.0,640x480,h264,yuv420p,True,10.333333333333334
part_4/7126436397872913-NOT USED_TO.mp4,notusedto,29.97393570807993,29.96914940502424,69.0,2.3023676470588237,69.0,640x480,h264,yuv420p,True,10.333333333333334
part_3/40989966700769687-NOT USED_TO.mp4,notusedto,29.914529914529915,29.920212765957448,91.0,3.0414222222222222,91.0,640x480,h264,yuv420p,True,10.333333333333334
part_1/16604517021539156-NOT USED_TO.mp4,notusedto,29.967262654243264,29.972059944119888,119.0,3.970364406779661,119.0,640x480,h264,yuv420p,True,10.333333333333334
part_9/overnight_video_1.mp4,overnight,29.682,29.682,104.0,3.503807021090223,105.0,640x480,h264,yuv420p,False,16.5
part_5/8841029270048923-OVERNIGHT.mp4,overnight,29.863,29.863,73.0,2.444496534172722,73.0,640x480,h264,yuv420p,True,16.5
part_9/parachute_20241119_172649_27.mp4,parachute,30.00428632661809,30.000000000000004,70.0,2.333333333333333,70.0,640x480,h264,yuv420p,True,32.333333333333336
part_9/parachute_20241119_172649_65.mp4,parachute,29.99754118514876,30.002479543763943,122.0,4.066330578512397,121.0,640x480,h264,yuv420p,True,32.333333333333336
part_9/parachute_20241119_172649_91.mp4,parachute,29.918864097363084,29.912325941206806,59.0,1.9724310344827587,59.0,640x480,h264,yuv420p,True,32.333333333333336
part_4/6421218704971745-PARAGRAPH.mp4,paragraph,30.405,30.405,81.0,2.664035520473606,79.0,640x480,h264,yuv420p,True,18.0
part_1/12845941567802943-PARAGRAPH.mp4,paragraph,30.00545553737043,30.0,55.0,1.8333333333333333,55.0,640x480,h264,yuv420p,True,18.0
part_10/pineapple_20241119_172633_69.mp4,pineapple,29.976019184652277,29.96941896024465,50.0,1.6683673469387754,50.0,640x480,h264,yuv420p,True,48.666666666666664
part_10/pineapple_20241119_172633_107.mp4,pineapple,29.744,29.744,71.0,2.3870360408821947,71.0,640x480,h264,yuv420p,True,48.666666666666664
part_10/pineapple_20241119_172633_142.mp4,pineapple,29.91608901860635,29.911373707533237,82.0,2.741432098765432,82.0,640x480,h264,yuv420p,True,48.666666666666664
part_4/5953301053730893-PISSED OFF.mp4,pissedoff,29.99734536766658,30.00267881060809,113.0,3.7663303571428575,112.0,640x480,h264,yuv420p,True,10.333333333333334
part_2/2192896134516107-PISSED OFF.mp4,pissedoff,30.928,30.928,112.0,3.621314019658562,108.0,640x480,h264,yuv420p,True,10.333333333333334
part_2/3530098642020014-PISSED OFF.mp4,pissedoff,30.0,29.99558888398765,69.0,2.3003382352941175,69.0,640x480,h264,yuv420p,True,10.333333333333334
part_10/policeman_20241119_172650_8.mp4,policeman,28.922,28.922,107.0,3.699605836387525,110.0,640x480,h264,yuv420p,True,23.0
part_10/policeman_20241119_172650_33.mp4,policeman,30.002479543763947,30.0,121.0,4.033333333333333,121.0,640x480,h264,yuv420p,True,23.0
part_10/policeman_20241119_172650_44.mp4,policeman,29.930928626247123,29.921259842519685,39.0,1.303421052631579,39.0,640x480,h264,yuv420p,True,23.0
part_1/15189700160154396-PORCUPINE.mp4,porcupine,29.994340690435767,30.005770340450084,53.0,1.7663269230769232,52.0,640x480,h264,yuv420p,True,17.5
part_2/25909697327603-PORCUPINE.mp4,porcupine,30.335,30.335,87.0,2.867974287127081,86.0,640x480,h264,yuv420p,True,17.5
part_5/7491483830245602-PRESIDENT.mp4,president,14.992503748125937,14.982712255090279,40.0,2.66974358974359,80.0,640x480,h264,yuv420p,True,24.0
part_5/7313288183154856-seedPRESIDENT.mp4,president,31.002,31.001999999999995,186.0,5.999612928198181,179.0,640x480,h264,yuv420p,True,24.0
part_1/016542732632021773-PRINCIPAL.mp4,principal,29.83892263005017,29.83484283431007,113.0,3.787517857142857,113.0,640x480,h264,yuv420p,True,22.0
part_5/7891619936847691-PRINCIPAL.mp4,principal,29.995775242923532,30.004286326618086,71.0,2.366328571428572,70.0,640x480,h264,yuv420p,True,22.0
part_4/5387296692777621-PROPELLER 1.mp4,propeller,29.975429975429975,29.970029970029973,61.0,2.0353666666666665,61.0,640x480,h264,yuv420p,True,10.333333333333334
part_1/10084900699196098-PROPELLER 1.mp4,propeller,30.0,29.996842437638144,96.0,3.200336842105263,96.0,640x480,h264,yuv420p,True,10.333333333333334
part_5/7689272619693217-PROPELLER 1.mp4,propeller,29.9190425906371,29.914529914529915,85.0,2.841428571428571,85.0,640x480,h264,yuv420p,True,10.333333333333334
part_6/9037005559860412-RECORDING.mp4,recording,29.967727063162748,29.97658079625293,65.0,2.168359375,65.0,640x480,h264,yuv420p,True,10.666666666666666
part_3/4587469445849506-RECORDING.mp4,recording,30.0,30.0,53.0,1.7666666666666666,53.0,640x480,mpeg4,yuv420p,False,10.666666666666666
part_5/7463563170502587-RECORDING.mp4,recording,25.0,25.0,78.0,3.12,93.0,640x480,h264,yuv420p,True,10.666666666666666
part_2/3279890428185033-SARCASTIC.mp4,sarcastic,25.0,25.0,71.0,2.84,85.0,640x480,h264,yuv420p,True,11.0
part_2/23590169334654387-SARCASTIC.mp4,sarcastic,27.422,27.421999999999997,106.0,3.8655094449711913,115.0,640x480,h264,yuv420p,True,11.0
part_2/3496459990981846-SARCASTIC.mp4,sarcastic,30.00365898280278,30.000000000000004,82.0,2.733333333333333,82.0,640x480,h264,yuv420p,True,11.0
part_4/5441646326714582-SAXOPHONE.mp4,saxophone,30.0,29.99210734017364,39.0,1.3003421052631579,39.0,640x480,h264,yuv420p,True,11.0
part_3/3674680400299326-SAXOPHONE.mp4,saxophone,29.91608901860635,29.911373707533237,82.0,2.741432098765432,82.0,640x480,h264,yuv420p,True,11.0
part_5/8873964892311108-SAXOPHONE.mp4,saxophone,29.97002997002997,29.97002997002997,76.0,2.5358666666666667,76.0,640x480,h264,yuv420p,True,11.0
part_6/9958784280094466-SCIENTIST.mp4,scientist,14.988758431176617,14.986029972059944,60.0,4.003728813559322,120.0,640x480,h264,yuv420p,True,20.0
part_1/12437164154444846-SCIENTIST.mp4,scientist,30.0,29.99651203348448,87.0,2.9003372093023256,87.0,640x480,h264,yuv420p,True,20.0
part_10/sculpture_1.mp4,sculpture,25.0,25.0,94.0,3.76,112.0,640x480,h264,yuv420p,False,19.5
part_1/16043272602789105-SCULPTURE.mp4,sculpture,30.312,30.311999999999998,94.0,3.101082079704408,93.0,640x480,h264,yuv420p,True,19.5
part_2/25212848794367093-SECRETARY.mp4,secretary,30.004110152075626,30.0,73.0,2.433333333333333,73.0,640x480,h264,yuv420p,True,23.5
part_1/07964199817590534-SECRETARY.mp4,secretary,30.003947887879985,30.0,76.0,2.533333333333333,76.0,640x480,h264,yuv420p,True,23.5
part_10/sensitive_video_6.mp4,sensitive,29.97,29.97,77.0,2.569235902569236,77.0,640x480,mpeg4,yuv420p,False,22.5
part_6/9146085216576842-SENSITIVE.mp4,sensitive,29.9625468164794,29.974489795918366,48.0,1.6013617021276596,48.0,640x480,h264,yuv420p,True,22.5
part_1/10080564714374285-SIDEBURNS.mp4,sideburns,29.975020815986678,29.970451667370195,72.0,2.402366197183099,72.0,640x480,h264,yuv420p,True,10.333333333333334
part_1/1165353984530082-SIDEBURNS.mp4,sideburns,29.99400119976005,30.006123698714024,50.0,1.6663265306122448,49.0,640x480,h264,yuv420p,True,10.333333333333334
part_1/17653195884018258-SIDEBURNS.mp4,sideburns,29.761904761904763,29.75206611570248,55.0,1.848611111111111,55.0,640x480,h264,yuv420p,True,10.333333333333334
part_1/09602770669006189-SIGNATURE.mp4,signature,30.0,29.99062792877226,33.0,1.10034375,33.0,640x480,h264,yuv420p,True,18.0
part_2/3133041020451406-SIGNATURE.mp4,signature,30.0,30.0,73.0,2.433333333333333,73.0,640x480,mpeg4,yuv420p,False,18.0
part_3/4866763129692353-SITUATION.mp4,situation,30.361,30.361,95.0,3.1290141958433515,93.0,640x480,h264,yuv420p,True,21.5
part_1/10158622166225939-SITUATION.mp4,situation,14.992503748125937,14.984709480122325,50.0,3.336734693877551,100.0,640x480,h264,yuv420p,True,21.5
part_2/30795772990782644-SLINGSHOT.mp4,slingshot,29.968997588701342,29.965156794425084,87.0,2.9033720930232563,87.0,640x480,h264,yuv420p,True,11.0
part_1/06386109001311979-SLINGSHOT.mp4,slingshot,29.97002997002997,29.964448958862366,60.0,2.002372881355932,60.0,640x480,h264,yuv420p,True,11.0
part_4/7202275052053524-SLINGSHOT.mp4,slingshot,29.923830250272037,29.916897506925206,55.0,1.838425925925926,55.0,640x480,h264,yuv420p,True,11.0
part_2/18178693393806356-SNOWBOARD.mp4,snowboard,30.0,29.99491611591256,60.0,2.000338983050847,60.0,640x480,h264,yuv420p,True,17.5
part_1/02887777999652741-SNOWBOARD.mp4,snowboard,30.0,29.99813676169182,162.0,5.400335403726708,162.0,640x480,h264,yuv420p,True,17.5
part_3/5034103561536645-SOCIALIZE.mp4,socialize,29.97393570807993,29.96914940502424,69.0,2.3023676470588237,69.0,640x480,h264,yuv420p,True,11.0
part_1/07055642168322596-SOCIALIZE.mp4,socialize,29.973552747575667,29.970326409495552,102.0,3.403366336633663,102.0,640x480,h264,yuv420p,True,11.0
part_5/7727005527667479-SOCIALIZE.mp4,socialize,30.00428632661809,30.000000000000004,70.0,2.333333333333333,70.0,640x480,h264,yuv420p,True,11.0
part_10/something_6.mp4,something,30.315,30.314999999999998,88.0,2.9028533729176975,87.0,640x480,mpeg4,yuv420p,False,19.5
part_2/2788845874552337-SOMETHING.mp4,something,30.0,30.0,52.0,1.7333333333333334,52.0,640x480,mpeg4,yuv420p,False,19.5
part_10/sometimes_video_0.mp4,sometimes,29.97,29.970000000000002,94.0,3.1364698031364697,94.0,640x480,mpeg4,yuv420p,False,20.5
part_5/7312927173371868-SOMETIMES.mp4,sometimes,29.996629592180653,30.003409478349813,89.0,2.9663295454545455,88.0,640x480,h264,yuv420p,True,20.5
part_5/739896592398043-seedSOPHOMORE.mp4,sophomore,30.364,30.364,104.0,3.4251086813331577,102.0,640x480,h264,yuv420p,True,18.5
part_4/6646330187244402-SOPHOMORE.mp4,sophomore,29.974489795918366,29.97099581050596,94.0,3.1363655913978494,94.0,640x480,h264,yuv420p,True,18.5
part_4/5390326082196386-SPACESHIP.mp4,spaceship,16.666666666666668,16.666666666666668,88.0,5.279999999999999,158.0,640x480,h264,yuv420p,True,10.333333333333334
part_3/4225094814556405-SPACESHIP.mp4,spaceship,30.004110152075626,30.0,73.0,2.433333333333333,73.0,640x480,h264,yuv420p,True,10.333333333333334
part_4/6092925139675291-SPACESHIP.mp4,spaceship,30.623,30.623,84.0,2.743036279920321,82.0,640x480,h264,yuv420p,True,10.333333333333334
part_10/spaghetti_video_1.mp4,spaghetti,15.286,15.286000000000001,29.0,1.8971608007326963,56.0,640x480,h264,yuv420p,False,18.0
part_10/spaghetti_video_3.mp4,spaghetti,29.0,29.0,190.0,6.551724137931035,196.0,640x480,mpeg4,yuv420p,False,18.0
part_5/7527029229359257-STARBUCKS.mp4,starbucks,30.324,30.324,84.0,2.7700831024930745,83.0,640x480,h264,yuv420p,True,10.333333333333334
part_1/05540223095463581-STARBUCKS.mp4,starbucks,29.974720115565187,29.970760233918128,83.0,2.769365853658537,83.0,640x480,h264,yuv420p,True,10.333333333333334
part_6/9744914593958067-STARBUCKS.mp4,starbucks,25.0,25.0,75.0,3.0,90.0,640x480,h264,yuv420p,True,10.333333333333334
part_3/472227364038047-STIMULATE.mp4,stimulate,25.0,25.0,42.0,1.68,50.0,640x480,h264,yuv420p,True,10.666666666666666
part_5/7779556414604709-STIMULATE.mp4,stimulate,29.922779922779924,29.91869918699187,93.0,3.1084239130434783,93.0,640x480,h264,yuv420p,True,10.666666666666666
part_4/6579462963080107-STIMULATE.mp4,stimulate,30.003409478349813,30.0,88.0,2.933333333333333,88.0,640x480,h264,yuv420p,True,10.666666666666666
part_4/5975411082615627-STOCKINGS.mp4,stockings,30.0,29.99719652368937,108.0,3.600336448598131,108.0,640x480,h264,yuv420p,True,10.333333333333334
part_3/4631716192200537-STOCKINGS.mp4,stockings,30.0,29.99754118514876,123.0,4.100336065573771,123.0,640x480,h264,yuv420p,True,10.333333333333334
part_5/8919548889591642-STOCKINGS.mp4,stockings,30.003409478349813,30.0,88.0,2.933333333333333,88.0,640x480,h264,yuv420p,True,10.333333333333334
part_1/08855914465072456-STOPWATCH.mp4,stopwatch,29.841269841269842,29.831387808041505,47.0,1.5755217391304348,47.0,640x480,h264,yuv420p,True,11.0
part_1/05872954283088094-STOPWATCH.mp4,stopwatch,30.47,30.470000000000002,66.0,2.166064981949458,64.0,640x480,mpeg4,yuv420p,False,11.0
part_4/6618587122323296-STOPWATCH.mp4,stopwatch,29.996250468691414,30.003797949107483,80.0,2.6663291139240504,79.0,640x480,h264,yuv420p,True,11.0
part_11/structure_video_5.mp4,structure,29.97,29.97,80.0,2.6693360026693362,80.0,640x480,mpeg4,yuv420p,False,23.0
part_3/3738590602862999-seedSTRUCTURE.mp4,structure,30.263,30.262999999999998,117.0,3.866107127515448,115.0,640x480,h264,yuv420p,True,23.0
part_3/39103799748443624-SUCK THUMB.mp4,suckthumb,29.834761321909426,29.832385053052437,195.0,6.536520618556701,196.0,640x480,h264,yuv420p,True,10.333333333333334
part_1/05720203209234542-SUCK THUMB.mp4,suckthumb,30.978,30.977999999999998,57.0,1.8400154948673253,55.0,640x480,h264,yuv420p,True,10.333333333333334
part_1/17693227186646054-SUCK THUMB.mp4,suckthumb,25.0,25.0,65.0,2.6,78.0,640x480,h264,yuv420p,True,10.333333333333334
part_4/6468521263655589-SUMMARIZE.mp4,summarize,29.99610440202571,30.003947887879985,77.0,2.566328947368421,76.0,640x480,h264,yuv420p,True,16.5
part_3/5142019681862013-seedSUMMARIZE.mp4,summarize,30.94,30.939999999999998,93.0,3.005817711700065,90.0,640x480,h264,yuv420p,True,16.5
part_4/6628955044580167-SUPERVISE.mp4,supervise,30.0,29.992684711046085,42.0,1.4003414634146343,42.0,640x480,h264,yuv420p,True,16.5
part_3/36314545665288733-SUPERVISE.mp4,supervise,30.0,30.0,90.0,3.0,90.0,640x480,mpeg4,yuv420p,False,16.5
part_4/6370339152505589-seedTAKE NOTES.mp4,takenotes,30.32,30.32,106.0,3.496042216358839,104.0,640x480,h264,yuv420p,True,10.333333333333334
part_1/12945935740557268-TAKE NOTES.mp4,takenotes,29.994643813604714,30.00545553737043,56.0,1.8663272727272728,55.0,640x480,h264,yuv420p,True,10.333333333333334
part_5/7944051533441829-TAKE NOTES.mp4,takenotes,29.971648440664236,29.967159277504106,74.0,2.4693698630136987,74.0,640x480,h264,yuv420p,True,10.333333333333334
part_4/566980446632396-THINK CHIN.mp4,thinkchin,30.0,29.994643813604714,57.0,1.9003392857142856,57.0,640x480,h264,yuv420p,True,10.333333333333334
part_6/9328886745425553-THINK CHIN.mp4,thinkchin,30.002158428663932,30.000000000000004,139.0,4.633333333333333,139.0,640x480,h264,yuv420p,True,10.333333333333334
part_3/3937798555797676-THINK CHIN.mp4,thinkchin,30.001604363869724,30.0,187.0,6.233333333333333,187.0,640x480,h264,yuv420p,True,10.333333333333334
part_3/4397729562683821-THINK OVER.mp4,thinkover,30.352,30.352,203.0,6.6881918819188195,200.0,640x480,h264,yuv420p,True,10.333333333333334
part_3/4581665034683384-THINK OVER.mp4,thinkover,29.920523609163162,29.914529914529915,64.0,2.1394285714285712,64.0,640x480,h264,yuv420p,True,10.333333333333334
part_2/18357691450874603-THINK OVER.mp4,thinkover,30.003000300030003,30.0,100.0,3.3333333333333335,100.0,640x480,h264,yuv420p,True,10.333333333333334
part_11/tradition_8.mp4,tradition,29.75,29.75,118.0,3.966386554621849,118.0,640x480,h264,yuv420p,False,22.0
part_1/18107435097750058-TRADITION.mp4,tradition,30.0,29.995385325334567,66.0,2.200338461538461,66.0,640x480,h264,yuv420p,True,22.0
part_1/016900665910519752-TRANSLATE.mp4,translate,29.920395278616525,29.91689750692521,109.0,3.643425925925926,109.0,640x480,h264,yuv420p,True,20.0
part_4/627120591953954-TRANSLATE.mp4,translate,30.0,29.99491611591256,60.0,2.000338983050847,60.0,640x480,h264,yuv420p,True,20.0
part_11/trim_back_video_1.mp4,trim back,23.976,23.976,45.0,1.8768768768768769,56.0,640x480,h264,yuv420p,False,10.666666666666666
part_11/trim_back_video_7.mp4,trim back,29.97,29.970000000000002,81.0,2.7027027027027026,81.0,640x480,mpeg4,yuv420p,False,10.666666666666666
part_11/trim_back_video_8.mp4,trim back,29.97,29.97,84.0,2.8028028028028027,84.0,640x480,mpeg4,yuv420p,False,10.666666666666666
part_11/trim_down_video_17.mp4,trim down,29.97,29.970000000000002,94.0,3.1364698031364697,94.0,640x480,mpeg4,yuv420p,False,10.666666666666666
part_11/trim_down_video_19.mp4,trim down,29.97,29.97,97.0,3.2365699032365702,97.0,640x480,mpeg4,yuv420p,False,10.666666666666666
part_11/trim_down_video_29.mp4,trim down,29.97,29.97,205.0,6.8401735068401734,205.0,640x480,mpeg4,yuv420p,False,10.666666666666666
part_5/7785134573856558-UNCERTAIN.mp4,uncertain,29.99638597759306,30.00365898280278,83.0,2.766329268292683,82.0,640x480,h264,yuv420p,True,17.0
part_4/6262633192514628-UNCERTAIN.mp4,uncertain,30.313,30.313,90.0,2.9690231913700393,89.0,640x480,h264,yuv420p,True,17.0
part_11/underwear_20241119_172657_12.mp4,underwear,23.976,23.976,39.0,1.6266266266266267,48.0,640x480,mpeg4,yuv420p,False,26.333333333333332
part_11/underwear_20241119_172657_32.mp4,underwear,30.255,30.254999999999995,96.0,3.1730292513634115,95.0,640x480,h264,yuv420p,True,26.333333333333332
part_11/underwear_20241119_172657_62.mp4,underwear,31.146,31.146,119.0,3.8207153406536953,114.0,640x480,h264,yuv420p,True,26.333333333333332
part_3/4871185812124843-VEGETABLE.mp4,vegetable,29.97393570807993,29.96914940502424,69.0,2.3023676470588237,69.0,640x480,h264,yuv420p,True,23.0
part_4/7023175541240181-VEGETABLE.mp4,vegetable,30.0,29.995385325334567,66.0,2.200338461538461,66.0,640x480,h264,yuv420p,True,23.0
part_11/virtually_video_30.mp4,virtually,29.97,29.97,79.0,2.6359693026359694,79.0,640x480,mpeg4,yuv420p,False,18.5
part_11/virtually_video_33.mp4,virtually,29.97,29.97,61.0,2.0353687020353686,61.0,640x480,mpeg4,yuv420p,False,18.5
part_11/visualize.mp4,visualize,29.97,29.970000000000002,72.0,2.402402402402402,72.0,640x480,mpeg4,yuv420p,False,19.0
part_6/9739619129066301-VISUALIZE.mp4,visualize,26.692,26.692,97.0,3.6340476547280085,109.0,640x480,h264,yuv420p,True,19.0
part_11/volunteer_4.mp4,volunteer,25.0,25.0,61.0,2.44,73.0,640x480,mpeg4,yuv420p,False,21.0
part_6/9381162300805386-VOLUNTEER.mp4,volunteer,30.0,29.99558888398765,69.0,2.3003382352941175,69.0,640x480,h264,yuv420p,True,21.0
part_3/42610479482376906-WASH HANDS.mp4,washhands,29.996250468691414,30.003797949107483,80.0,2.6663291139240504,79.0,640x480,h264,yuv420p,True,10.333333333333334
part_5/745675263174697-WASH HANDS.mp4,washhands,29.995946493717064,30.00411015207563,74.0,2.4663287671232874,73.0,640x480,h264,yuv420p,True,10.333333333333334
part_3/4643127346142468-WASH HANDS.mp4,washhands,29.996629592180653,30.003409478349813,89.0,2.9663295454545455,88.0,640x480,h264,yuv420p,True,10.333333333333334
part_1/14853913650607975-WATERDROP.mp4,waterdrop,25.0,25.0,71.0,2.84,85.0,640x480,h264,yuv420p,True,10.333333333333334
part_1/06596525552681887-WATERDROP.mp4,waterdrop,29.978586723768736,29.97275204359673,56.0,1.8683636363636362,56.0,640x480,h264,yuv420p,True,10.333333333333334
part_5/7421243803581963-seedWATERDROP.mp4,waterdrop,29.997656433091166,30.00236239073943,128.0,4.266330708661417,127.0,640x480,h264,yuv420p,True,10.333333333333334
part_11/wednesday_2.mp4,wednesday,29.97,29.970000000000002,72.0,2.402402402402402,72.0,288x192,h264,yuv420p,False,25.5
part_1/16484485840929475-WEDNESDAY.mp4,wednesday,29.996250468691414,30.003797949107483,80.0,2.6663291139240504,79.0,640x480,h264,yuv420p,True,25.5
part_11/well-nigh_video_19.mp4,well-nigh,29.97,29.97,55.0,1.8351685018351687,55.0,640x480,mpeg4,yuv420p,False,18.5
part_11/well-nigh_video_30.mp4,well-nigh,29.97,29.97,79.0,2.6359693026359694,79.0,640x480,mpeg4,yuv420p,False,18.5
part_6/9144105497827937-WE WILL_SEE.mp4,wewillsee,29.914529914529915,29.92700729927007,42.0,1.4034146341463416,42.0,640x480,h264,yuv420p,True,10.333333333333334
part_2/22335220279481272-WE WILL_SEE.mp4,wewillsee,29.74,29.74,101.0,3.3960995292535308,101.0,640x480,h264,yuv420p,True,10.333333333333334
part_2/33192374817123516-WE WILL_SEE.mp4,wewillsee,25.0,25.0,65.0,2.6,78.0,640x480,h264,yuv420p,True,10.333333333333334
part_11/whole_lot_video_6.mp4,whole lot,29.97,29.97,99.0,3.3033033033033035,99.0,640x480,mpeg4,yuv420p,False,25.5
part_11/whole_lot_video_35.mp4,whole lot,29.97,29.970000000000002,178.0,5.939272605939272,178.0,640x480,mpeg4,yuv420p,False,25.5
part_11/yesterday_video_8.mp4,yesterday,29.97,29.97,55.0,1.8351685018351687,55.0,640x480,h264,yuv420p,False,27.0
part_1/1289596772932744-YESTERDAY.mp4,yesterday,30.0,29.999999999999996,67.0,2.2333333333333334,67.0,640x480,h264,yuv420p,True,27.0
part_3/4243943671256212-ABBREVIATE.mp4,abbreviate,30.00750187546887,30.0,40.0,1.3333333333333333,40.0,640x480,h264,yuv420p,True,19.0
part_3/45980993280809357-ABBREVIATE.mp4,abbreviate,29.998101385988228,30.001910949742022,158.0,5.266331210191082,157.0,640x480,h264,yuv420p,True,19.0
part_6/accomplish_video_1.mp4,accomplish,23.976,23.976,72.0,3.0030030030030033,90.0,640x480,mpeg4,yuv420p,False,21.0
part_6/accomplish_3.mp4,accomplish,25.0,25.0,117.0,4.68,140.0,640x480,mpeg4,yuv420p,False,21.0
part_6/accountant_7.mp4,accountant,30.258,30.258,105.0,3.47015665278604,104.0,640x480,mpeg4,yuv420p,False,21.5
part_3/4367002172710075-ACCOUNTANT.mp4,accountant,30.00267881060809,30.0,112.0,3.7333333333333334,112.0,640x480,h264,yuv420p,True,21.5
part_6/achromatic_video_4.mp4,achromatic,23.976,23.976,56.0,2.335669002335669,70.0,640x480,mpeg4,yuv420p,False,10.666666666666666
part_6/achromatic_video_19.mp4,achromatic,29.97,29.970000000000002,72.0,2.402402402402402,72.0,640x480,mpeg4,yuv420p,False,10.666666666666666
part_6/achromatic_video_24.mp4,achromatic,25.0,25.0,71.0,2.84,85.0,640x480,mpeg4,yuv420p,False,10.666666666666666
part_3/42101651107250193-A LITTLE BIT.mp4,alittlebit,29.726,29.726,100.0,3.364058400053825,100.0,640x480,h264,yuv420p,True,10.333333333333334
part_6/9853094630259003-A LITTLE BIT.mp4,alittlebit,28.137,28.137,51.0,1.812559974410918,54.0,640x480,h264,yuv420p,True,10.333333333333334
part_5/7925221797991369-A LITTLE BIT.mp4,alittlebit,29.920692141312184,29.916089018606353,83.0,2.7744268292682923,83.0,640x480,h264,yuv420p,True,10.333333333333334
part_3/3970802113068208-ARCHEOLOGY.mp4,archeology,30.002158428663932,30.000000000000004,139.0,4.633333333333333,139.0,640x480,h264,yuv420p,True,11.0
part_2/18921618098778237-ARCHEOLOGY.mp4,archeology,30.00365898280278,29.999999999999996,82.0,2.733333333333334,82.0,640x480,h264,yuv420p,True,11.0
part_4/6360702691736713-ARCHEOLOGY.mp4,archeology,29.844097995545656,29.837251356238696,67.0,2.2455151515151517,67.0,640x480,h264,yuv420p,True,11.0
part_6/916929144720219-AUDITORIUM.mp4,auditorium,30.00309310238169,30.000000000000004,97.0,3.233333333333333,97.0,640x480,h264,yuv420p,True,10.333333333333334
part_2/3548015936118516-AUDITORIUM.mp4,auditorium,28.612,28.612,102.0,3.5649377883405564,106.0,640x480,h264,yuv420p,True,10.333333333333334
part_1/04404179948867548-AUDITORIUM.mp4,auditorium,30.0,29.99813676169182,162.0,5.400335403726708,162.0,640x480,h264,yuv420p,True,10.333333333333334
part_2/2879569557000561-BABYSITTER.mp4,babysitter,30.0,30.0,61.0,2.033333333333333,61.0,640x480,mpeg4,yuv420p,False,20.0
part_3/4716966504229616-BABYSITTER.mp4,babysitter,29.996739484838603,30.003297065611605,92.0,3.0663296703296705,91.0,640x480,h264,yuv420p,True,20.0
part_7/basketball_20241119_172634_56.mp4,basketball,30.413,30.412999999999997,67.0,2.2030052937888405,66.0,640x480,h264,yuv420p,True,38.0
part_7/basketball_20241119_172634_57.mp4,basketball,29.994340690435767,30.005770340450084,53.0,1.7663269230769232,52.0,640x480,h264,yuv420p,True,38.0
part_7/basketball_20241119_172634_74.mp4,basketball,29.995162070633768,30.004918839153962,62.0,2.0663278688524587,61.0,640x480,h264,yuv420p,True,38.0
part_4/6226888966336388-BINOCULARS.mp4,binoculars,29.99813676169182,30.001875117194825,161.0,5.36633125,160.0,640x480,h264,yuv420p,True,21.5
part_5/7813798378617343-BINOCULARS.mp4,binoculars,25.62,25.619999999999997,100.0,3.9032006245121003,117.0,640x480,h264,yuv420p,True,21.5
part_7/blowcandle_20241119_180303_9.mp4,blowcandle,30.003947887879985,30.0,76.0,2.533333333333333,76.0,640x480,h264,yuv420p,True,29.0
part_7/blowcandle_20241119_180303_40.mp4,blowcandle,30.004110152075626,30.0,73.0,2.433333333333333,73.0,640x480,h264,yuv420p,True,29.0
part_5/8716553509140552-seedBOILING MAD.mp4,boilingmad,31.12,31.12,123.0,3.9524421593830334,118.0,640x480,h264,yuv420p,True,10.333333333333334
part_4/6836083667468489-BOILING MAD.mp4,boilingmad,15.172413793103448,15.167548500881834,44.0,2.9009302325581396,87.0,640x480,h264,yuv420p,True,10.333333333333334
part_5/7642293204520254-BOILING MAD.mp4,boilingmad,29.998351738915446,30.00165755014089,182.0,6.066331491712708,181.0,640x480,h264,yuv420p,True,10.333333333333334
part_7/brainstorm_video_4.mp4,brainstorm,29.97,29.970000000000002,101.0,3.3700367033700362,101.0,640x480,mpeg4,yuv420p,False,19.0
part_1/05960401252194858-BRAINSTORM.mp4,brainstorm,30.00545553737043,30.0,55.0,1.8333333333333333,55.0,640x480,h264,yuv420p,True,19.0
part_6/9627247187565338-BRIDESMAID.mp4,bridesmaid,30.222,30.222,68.0,2.250016544239296,67.0,640x480,h264,yuv420p,True,11.0
part_3/45605816328347637-BRIDESMAID.mp4,bridesmaid,30.003797949107483,30.000000000000004,79.0,2.633333333333333,79.0,640x480,h264,yuv420p,True,11.0
part_3/39309016254397533-BRIDESMAID.mp4,bridesmaid,30.003797949107483,30.0,79.0,2.6333333333333333,79.0,640x480,h264,yuv420p,True,11.0
part_7/bring_down_video_22.mp4,bring down,29.97,29.970000000000002,236.0,7.8745412078745405,236.0,640x480,mpeg4,yuv420p,False,19.5
part_7/bring_down_video_29.mp4,bring down,29.97,29.97,205.0,6.8401735068401734,205.0,640x480,mpeg4,yuv420p,False,19.5
part_4/7089998005786029-CALCULATOR.mp4,calculator,30.0,29.995162070633768,63.0,2.1003387096774193,63.0,640x480,h264,yuv420p,True,20.0
part_1/03895174328953499-CALCULATOR.mp4,calculator,30.981,30.981,127.0,4.09928665956554,122.0,640x480,h264,yuv420p,True,20.0
part_6/California_video_0.mp4,california,23.976,23.976,77.0,3.211544878211545,96.0,640x480,mpeg4,yuv420p,False,23.5
part_5/7603542118991584-CALIFORNIA.mp4,california,29.92843201040989,29.920212765957448,46.0,1.5374222222222222,46.0,640x480,h264,yuv420p,True,23.5
part_1/11925256130917061-CAR BATTERY.mp4,carbattery,15.00484027105518,15.0,31.0,2.066666666666667,62.0,640x480,h264,yuv420p,True,10.333333333333334
part_1/07393747212687773-CAR BATTERY.mp4,carbattery,14.991181657848324,14.986376021798366,34.0,2.2687272727272725,68.0,640x480,h264,yuv420p,True,10.333333333333334
part_5/814500245636661-CAR BATTERY.mp4,carbattery,29.972211194918618,29.97002997002997,151.0,5.038366666666667,151.0,640x480,h264,yuv420p,True,10.333333333333334
part_4/6113426393057038-CATEPILLAR.mp4,catepillar,28.933,28.933000000000003,90.0,3.1106349151487915,93.0,640x480,h264,yuv420p,True,10.333333333333334
part_3/4553639176945259-CATEPILLAR.mp4,catepillar,30.0,30.0,49.0,1.6333333333333333,49.0,640x480,mpeg4,yuv420p,False,10.333333333333334
part_1/1313443207240761-CATEPILLAR.mp4,catepillar,30.003000300030003,30.0,100.0,3.3333333333333335,100.0,640x480,h264,yuv420p,True,10.333333333333334
part_2/26547279543346725-CHOPSTICKS.mp4,chopsticks,29.96542451018056,29.97275204359673,78.0,2.6023636363636364,78.0,640x480,h264,yuv420p,True,10.333333333333334
part_2/2151911924937968-CHOPSTICKS.mp4,chopsticks,30.00447828034035,29.999999999999996,67.0,2.2333333333333334,67.0,640x480,h264,yuv420p,True,10.333333333333334
part_3/45512324653855574-CHOPSTICKS.mp4,chopsticks,29.966703662597116,29.97737556561086,54.0,1.8013584905660378,54.0,640x480,h264,yuv420p,True,10.333333333333334
part_3/38058438749854306-CONNECTION.mp4,connection,30.0,30.0,75.0,2.5,75.0,640x480,mpeg4,yuv420p,False,17.0
part_3/3640828934066389-CONNECTION.mp4,connection,30.353,30.353,105.0,3.459295621520113,103.0,640x480,h264,yuv420p,True,17.0
part_7/contribute_video_15.mp4,contribute,29.97,29.97,106.0,3.5368702035368704,106.0,640x480,mpeg4,yuv420p,False,10.666666666666666
part_7/contribute_video_12.mp4,contribute,29.97,29.97,83.0,2.7694361027694363,83.0,640x480,mpeg4,yuv420p,False,10.666666666666666
part_7/contribute_video_4.mp4,contribute,29.97002997002997,29.970029970029966,74.0,2.4691333333333336,74.0,512x384,h264,yuv420p,False,10.666666666666666
part_4/5535863536541035-CREDIT CARD.mp4,creditcard,30.679,30.679000000000002,79.0,2.575051338048828,77.0,640x480,h264,yuv420p,True,10.666666666666666
part_3/48105105392945346-CREDIT CARD.mp4,creditcard,29.96941896024465,29.9625468164794,49.0,1.635375,49.0,640x480,h264,yuv420p,True,10.666666666666666
part_5/8405889792310692-CREDIT CARD.mp4,creditcard,29.914529914529915,29.923830250272033,56.0,1.8714181818181819,56.0,640x480,h264,yuv420p,True,10.666666666666666
part_5/8899030774657288-CROSS HEART.mp4,crossheart,30.00319182891797,30.000000000000004,94.0,3.133333333333333,94.0,640x480,h264,yuv420p,True,10.333333333333334
part_3/5212793796023887-CROSS HEART.mp4,crossheart,30.506,30.506,68.0,2.229069691208287,66.0,640x480,h264,yuv420p,True,10.333333333333334
part_3/4745391590213386-CROSS HEART.mp4,crossheart,30.38,30.380000000000003,100.0,3.2916392363396967,98.0,640x480,h264,yuv420p,True,10.333333333333334
part_3/5381534683943485-DEAF SCHOOL.mp4,deafschool,30.918,30.918,101.0,3.2667054790089916,98.0,640x480,h264,yuv420p,True,10.333333333333334
part_5/7837484396084797-DEAF SCHOOL.mp4,deafschool,30.742,30.742,70.0,2.2770151584151974,68.0,640x480,h264,yuv420p,True,10.333333333333334
part_4/6788146749800379-DEAF SCHOOL.mp4,deafschool,30.0,29.997600191984642,126.0,4.200336,126.0,640x480,h264,yuv420p,True,10.333333333333334
part_3/524091056981818-DELIBERATE.mp4,deliberate,30.37,30.369999999999997,79.0,2.601251234771156,78.0,640x480,h264,yuv420p,True,18.0
part_3/37114489968594944-DELIBERATE.mp4,deliberate,30.003947887879985,30.0,76.0,2.533333333333333,76.0,640x480,h264,yuv420p,True,18.0
part_4/6540542915217988-DELINQUENT.mp4,delinquent,29.996629592180653,30.003409478349813,89.0,2.9663295454545455,88.0,640x480,h264,yuv420p,True,17.5
part_4/6605875703139112-DELINQUENT.mp4,delinquent,30.00428632661809,30.000000000000004,70.0,2.333333333333333,70.0,640x480,h264,yuv420p,True,17.5
part_2/24959279790700117-DEPARTMENT.mp4,department,30.0,30.0,48.0,1.6,48.0,640x480,mpeg4,yuv420p,False,21.0
part_2/336147664509697-DEPARTMENT.mp4,department,30.004688232536335,30.0,64.0,2.1333333333333333,64.0,640x480,h264,yuv420p,True,21.0
part_8/dictionary_video_0.mp4,dictionary,29.97,29.970000000000002,69.0,2.302302302302302,69.0,640x480,h264,yuv420p,False,21.5
part_4/5628767137709298-DICTIONARY.mp4,dictionary,30.0,29.996842437638144,96.0,3.200336842105263,96.0,640x480,h264,yuv420p,True,21.5
part_8/disappoint_video_2.mp4,disappoint,28.695,28.695,91.0,3.171284195852936,95.0,640x480,mpeg4,yuv420p,False,17.0
part_4/5932265754602617-DISAPPOINT.mp4,disappoint,29.920212765957448,29.91162474507138,45.0,1.5044318181818181,45.0,640x480,h264,yuv420p,True,17.0
part_3/4907411308554994-DISCONNECT.mp4,disconnect,29.966703662597116,29.973772948669914,81.0,2.7023625,81.0,640x480,h264,yuv420p,True,22.5
part_6/9369072893718153-DISCONNECT.mp4,disconnect,30.075,30.075,104.0,3.458021612635079,103.0,640x480,h264,yuv420p,True,22.5
part_1/14498874082427138-DISTRACTED.mp4,distracted,30.0,29.99813676169182,162.0,5.400335403726708,162.0,640x480,h264,yuv420p,True,16.5
part_5/8921639389985982-DISTRACTED.mp4,distracted,30.0,29.994643813604714,57.0,1.9003392857142856,57.0,640x480,h264,yuv420p,True,16.5
part_8/earthquake.mp4,earthquake,29.97,29.97,70.0,2.335669002335669,70.0,640x480,mpeg4,yuv420p,False,21.0
part_8/earthquake_video_3.mp4,earthquake,29.97,29.97,151.0,5.038371705038372,151.0,640x480,mpeg4,yuv420p,False,21.0
part_8/engagement_8.mp4,engagement,30.283,30.283,97.0,3.2031172605091967,96.0,640x480,mpeg4,yuv420p,False,19.0
part_4/706321026788858-seedENGAGEMENT.mp4,engagement,29.9721687004924,29.969814575247952,140.0,4.6713669064748204,140.0,640x480,h264,yuv420p,True,19.0
part_4/6855496431135915-EVERY NIGHT.mp4,everynight,30.0,29.997272975184075,111.0,3.7003363636363638,111.0,640x480,h264,yuv420p,True,10.333333333333334
part_5/7592899366330832-EVERY NIGHT.mp4,everynight,29.966703662597116,29.973772948669914,81.0,2.7023625,81.0,640x480,h264,yuv420p,True,10.333333333333334
part_6/9930137053923829-EVERY NIGHT.mp4,everynight,25.0,25.000000000000004,70.0,2.8,84.0,640x480,h264,yuv420p,True,10.333333333333334
part_8/everything_video_1.mp4,everything,29.97,29.970000000000002,65.0,2.1688355021688355,65.0,640x480,mpeg4,yuv420p,False,18.5
part_5/8696982421124293-EVERYTHING.mp4,everything,30.0,29.99558888398765,69.0,2.3003382352941175,69.0,640x480,h264,yuv420p,True,18.5
part_8/experience_video_15.mp4,experience,30.0,30.0,224.0,7.466666666666667,224.0,640x480,mpeg4,yuv420p,False,28.5
part_1/0432114553792855-EXPERIENCE.mp4,experience,29.995385325334563,30.004688232536335,65.0,2.1663281249999997,64.0,640x480,h264,yuv420p,True,28.5
part_8/experiment_11.mp4,experiment,30.0,30.000000000000004,85.0,2.833333333333333,85.0,640x480,h264,yuv420p,True,20.5
part_4/6585783944135442-EXPERIMENT.mp4,experiment,30.0,29.99594649371707,75.0,2.5003378378378374,75.0,640x480,h264,yuv420p,True,20.5
part_8/eyeglasses_video_0.mp4,eyeglasses,29.97,29.97,121.0,4.037370704037371,121.0,640x480,mpeg4,yuv420p,False,25.5
part_2/22355563578873783-EYEGLASSES.mp4,eyeglasses,30.0,29.99651203348448,87.0,2.9003372093023256,87.0,640x480,h264,yuv420p,True,25.5
part_1/12721803263377063-FASCINATED.mp4,fascinated,25.0,25.0,76.0,3.04,91.0,640x480,h264,yuv420p,True,11.0
part_6/9334431776767438-FASCINATED.mp4,fascinated,29.96742671009772,29.971559833734414,138.0,4.60436496350365,138.0,640x480,h264,yuv420p,True,11.0
part_1/15653902435798894-FASCINATED.mp4,fascinated,30.0,29.988465974625143,27.0,0.9003461538461539,27.0,640x480,h264,yuv420p,True,11.0
part_8/flashlight_20241119_172643_11.mp4,flashlight,30.0,29.997479203428284,120.0,4.000336134453781,120.0,640x480,h264,yuv420p,True,40.666666666666664
part_8/flashlight_20241119_172643_25.mp4,flashlight,30.001554484688327,30.0,193.0,6.433333333333334,193.0,640x480,h264,yuv420p,True,40.666666666666664
part_8/flashlight_20241119_172643_28.mp4,flashlight,29.964747356051703,29.97601918465228,51.0,1.70136,51.0,640x480,h264,yuv420p,True,40.666666666666664
part_4/5628295860409795-FLIP SWITCH.mp4,flipswitch,30.756,30.756000000000004,84.0,2.7311744049941473,81.0,640x480,h264,yuv420p,True,10.333333333333334
part_5/8545363405007698-FLIP SWITCH.mp4,flipswitch,30.006,30.006,49.0,1.633006731986936,48.0,640x480,mpeg4,yuv420p,False,10.333333333333334
part_6/9831703013259718-FLIP SWITCH.mp4,flipswitch,29.914529914529915,29.92194275802255,70.0,2.3394202898550724,70.0,640x480,h264,yuv420p,True,10.333333333333334
part_2/33425654718670983-GENERATION.mp4,generation,29.916897506925206,29.913335197092536,108.0,3.610429906542056,108.0,640x480,h264,yuv420p,True,21.5
part_1/05852341398557592-GENERATION.mp4,generation,30.00545553737043,30.0,55.0,1.8333333333333333,55.0,640x480,h264,yuv420p,True,21.5
part_1/1807239514324559-GET THROUGH.mp4,getthrough,30.003000300030003,30.0,100.0,3.3333333333333335,100.0,640x480,h264,yuv420p,True,10.333333333333334
part_2/23399228759543034-GET THROUGH.mp4,getthrough,30.003797949107483,30.0,79.0,2.6333333333333333,79.0,640x480,h264,yuv420p,True,10.333333333333334
part_2/19530083172115087-GET THROUGH.mp4,getthrough,30.0,29.994643813604714,57.0,1.9003392857142856,57.0,640x480,h264,yuv420p,True,10.333333333333334
part_4/7060897147805703-GOODY GOODY.mp4,goodygoody,29.99754118514876,30.002479543763943,122.0,4.066330578512397,121.0,640x480,h264,yuv420p,True,10.333333333333334
part_6/9129719528736404-GOODY GOODY.mp4,goodygoody,29.978586723768736,29.97275204359673,56.0,1.8683636363636362,56.0,640x480,h264,yuv420p,True,10.333333333333334
part_1/18118514503621896-GOODY GOODY.mp4,goodygoody,29.973772948669914,29.96965098634294,80.0,2.6693670886075953,80.0,640x480,h264,yuv420p,True,10.333333333333334
part_1/02518376260162536-GOOSEBUMPS.mp4,goosebumps,30.0,30.0,46.0,1.5333333333333334,46.0,640x480,h264,yuv420p,False,10.333333333333334
part_4/5757141670056527-GOOSEBUMPS.mp4,goosebumps,29.97179125528914,29.967891544773458,85.0,2.8363690476190473,85.0,640x480,h264,yuv420p,True,10.333333333333334
part_2/2769869558821827-GOOSEBUMPS.mp4,goosebumps,29.836973239003385,29.83219390926041,97.0,3.251520833333333,97.0,640x480,h264,yuv420p,True,10.333333333333334
part_8/government_2.mp4,government,29.97,29.97,44.0,1.4681348014681348,44.0,640x480,h264,yuv420p,False,27.5
part_4/5704760234948403-GOVERNMENT.mp4,government,30.208,30.208,106.0,3.509004237288136,105.0,640x480,h264,yuv420p,True,27.5
part_8/great_deal_video_43.mp4,great deal,29.97,29.97,286.0,9.542876209542877,286.0,640x480,mpeg4,yuv420p,False,25.5
part_8/great_deal_video_45.mp4,great deal,29.97,29.970000000000002,91.0,3.0363697030363697,91.0,640x480,mpeg4,yuv420p,False,25.5
part_8/guillotine_20241119_180303_14.mp4,guillotine,29.997857295907433,30.002158428663932,140.0,4.666330935251799,139.0,640x480,h264,yuv420p,True,29.5
part_8/guillotine_20241119_180303_47.mp4,guillotine,30.006978367062107,29.999999999999996,43.0,1.4333333333333336,43.0,640x480,h264,yuv420p,True,29.5
part_1/06697558113247015-HEADPHONES.mp4,headphones,29.96941896024465,29.9625468164794,49.0,1.635375,49.0,640x480,h264,yuv420p,True,10.333333333333334
part_4/6319670537636157-HEADPHONES.mp4,headphones,30.004110152075626,30.0,73.0,2.433333333333333,73.0,640x480,h264,yuv420p,True,10.333333333333334
part_3/5091278642970272-HEADPHONES.mp4,headphones,30.0,30.0,54.0,1.8,54.0,640x480,mpeg4,yuv420p,False,10.333333333333334
part_5/750381853974804-HEARING AID.mp4,hearingaid,30.0,30.000000000000004,45.0,1.4999999999999998,45.0,640x480,mpeg4,yuv420p,False,10.333333333333334
part_4/5782015158863159-HEARING AID.mp4,hearingaid,29.980013324450365,29.97275204359673,45.0,1.5013636363636362,45.0,640x480,h264,yuv420p,True,10.333333333333334
part_3/40836576124732393-HEARING AID.mp4,hearingaid,30.005770340450088,30.0,52.0,1.7333333333333334,52.0,640x480,h264,yuv420p,True,10.333333333333334
part_8/helicopter_20241119_172644_53.mp4,helicopter,29.99610440202571,30.003947887879985,77.0,2.566328947368421,76.0,640x480,h264,yuv420p,True,35.666666666666664
part_8/helicopter_20241119_172644_65.mp4,helicopter,29.96799534477742,29.973552747575667,103.0,3.436362745098039,103.0,640x480,h264,yuv420p,True,35.666666666666664
part_8/helicopter_20241119_172644_85.mp4,helicopter,30.006123698714024,30.0,49.0,1.6333333333333333,49.0,640x480,h264,yuv420p,True,35.666666666666664
part_1/0400531275575029-HIGH SCHOOL.mp4,highschool,29.9625468164794,29.97694081475788,40.0,1.3343589743589743,40.0,640x480,h264,yuv420p,True,17.5
part_6/8988100187454251-HIGH SCHOOL.mp4,highschool,30.005770340450088,30.0,52.0,1.7333333333333334,52.0,640x480,h264,yuv420p,True,17.5
part_6/9978442343622909-IMPOSSIBLE.mp4,impossible,24.535,24.535,108.0,4.401874872630936,132.0,640x480,h264,yuv420p,True,24.0
part_3/37036723618334255-IMPOSSIBLE.mp4,impossible,30.002419549963708,30.000000000000004,124.0,4.133333333333333,124.0,640x480,h264,yuv420p,True,24.0
part_5/7211192459357942-INCREDIBLE.mp4,incredible,30.0,29.995385325334567,66.0,2.200338461538461,66.0,640x480,h264,yuv420p,True,11.0
part_2/2279689306356325-INCREDIBLE.mp4,incredible,29.975020815986678,29.965753424657535,36.0,1.2013714285714285,36.0,640x480,h264,yuv420p,True,11.0
part_4/652846611768428-INCREDIBLE.mp4,incredible,29.99638597759306,30.00365898280278,83.0,2.766329268292683,82.0,640x480,h264,yuv420p,True,11.0
part_3/45889622114944384-INTERESTED.mp4,interested,24.727,24.727,85.0,3.4375379140211106,103.0,640x480,h264,yuv420p,True,10.333333333333334
part_5/8002818498054054-INTERESTED.mp4,interested,30.003947887879985,30.0,76.0,2.533333333333333,76.0,640x480,h264,yuv420p,True,10.333333333333334
part_1/01135136119206459-INTERESTED.mp4,interested,29.995162070633768,30.004918839153962,62.0,2.0663278688524587,61.0,640x480,h264,yuv420p,True,10.333333333333334
part_9/just_about_video_11.mp4,just about,29.97,29.970000000000002,135.0,4.504504504504504,135.0,640x480,mpeg4,yuv420p,False,28.5
part_9/just_about_video_16.mp4,just about,29.97,29.970000000000002,117.0,3.9039039039039034,117.0,640x480,mpeg4,yuv420p,False,28.5
part_3/45557909255564133-LEAVE ALONE.mp4,leavealone,29.923451635351427,29.9190425906371,86.0,2.8744235294117644,86.0,640x480,h264,yuv420p,True,10.333333333333334
part_2/1838606017695643-LEAVE ALONE.mp4,leavealone,29.994916115912556,30.005173305742368,59.0,1.9663275862068967,58.0,640x480,h264,yuv420p,True,10.333333333333334
part_4/6936626903998646-LEAVE ALONE.mp4,leavealone,29.993618379068284,30.006523157208086,47.0,1.5663260869565219,46.0,640x480,h264,yuv420p,True,10.333333333333334
part_1/11097828162150503-LIVING ROOM.mp4,livingroom,29.99610440202571,30.003947887879985,77.0,2.566328947368421,76.0,640x480,h264,yuv420p,True,10.333333333333334
part_4/7018648886407592-LIVING ROOM.mp4,livingroom,29.994643813604714,30.00545553737043,56.0,1.8663272727272728,55.0,640x480,h264,yuv420p,True,10.333333333333334
part_2/3186754883180434-LIVING ROOM.mp4,livingroom,29.99842940160201,30.001579030475288,191.0,6.366331578947369,190.0,640x480,h264,yuv420p,True,10.333333333333334
part_4/5874422860461079-MAINSTREAM.mp4,mainstream,25.0,25.0,86.0,3.44,103.0,640x480,h264,yuv420p,True,19.5
part_6/961662367710197-MAINSTREAM.mp4,mainstream,30.539,30.539,90.0,2.9470513114378334,88.0,640x480,h264,yuv420p,True,19.5
part_1/09384880650768346-MARIONETTE.mp4,marionette,29.993618379068284,30.00652315720809,47.0,1.5663260869565216,46.0,640x480,h264,yuv420p,True,18.0
part_1/13099227098135868-MARIONETTE.mp4,marionette,30.00545553737043,30.0,55.0,1.8333333333333333,55.0,640x480,h264,yuv420p,True,18.0
part_2/22807837821841792-MICROPHONE.mp4,microphone,30.0,30.0,51.0,1.7,51.0,640x480,mpeg4,yuv420p,False,19.5
part_4/5995414980368043-MICROPHONE.mp4,microphone,29.915966386554622,29.91886409736308,178.0,5.94942372881356,178.0,640x480,h264,yuv420p,True,19.5
part_9/microscope_20241119_173205.mp4,microscope,30.0,29.993183367416496,45.0,1.5003409090909092,45.0,640x480,h264,yuv420p,True,32.666666666666664
part_9/microscope_20241119_172648_38.mp4,microscope,29.97002997002997,29.964448958862366,60.0,2.002372881355932,60.0,640x480,h264,yuv420p,True,32.666666666666664
part_9/microscope_20241119_172648_92.mp4,microscope,29.967262654243264,29.972059944119888,119.0,3.970364406779661,119.0,640x480,h264,yuv420p,True,32.666666666666664
part_2/25606516310073957-MIND TURNED.mp4,mindturned,29.995775242923532,30.004286326618086,71.0,2.366328571428572,70.0,640x480,h264,yuv420p,True,10.333333333333334
part_2/32721879742548343-MIND TURNED.mp4,mindturned,29.83400628084343,29.83226387481707,266.0,8.91652075471698,267.0,640x480,h264,yuv420p,True,10.333333333333334
part_4/6145949229203966-MIND TURNED.mp4,mindturned,30.359,30.358999999999998,66.0,2.173984650350802,65.0,640x480,h264,yuv420p,True,10.333333333333334
part_9/motivation_20241119_172648_47.mp4,motivation,30.421,30.420999999999996,70.0,2.3010420433253347,69.0,640x480,h264,yuv420p,True,31.5
part_9/motivation_20241119_172648_52.mp4,motivation,30.00491883915396,30.0,61.0,2.033333333333333,61.0,640x480,h264,yuv420p,True,31.5
part_9/motorcycle_12.mp4,motorcycle,29.97,29.97,31.0,1.0343677010343677,31.0,288x192,h264,yuv420p,False,22.5
part_9/motorcycle_5.mp4,motorcycle,30.283,30.283,97.0,3.2031172605091967,96.0,640x480,mpeg4,yuv420p,False,22.5
part_1/05048802594495316-ORANGE EYES.mp4,orangeeyes,29.915771129828638,29.92079788794368,103.0,3.4424215686274504,103.0,640x480,h264,yuv420p,True,10.333333333333334
part_2/2787353732999198-ORANGE EYES.mp4,orangeeyes,30.0,29.997945346209164,147.0,4.9003356164383565,147.0,640x480,h264,yuv420p,True,10.333333333333334
part_4/5511180039632309-ORANGE EYES.mp4,orangeeyes,29.97393570807993,29.96914940502424,69.0,2.3023676470588237,69.0,640x480,h264,yuv420p,True,10.333333333333334
part_9/paintbrush_video_0.mp4,paintbrush,29.97,29.97,205.0,6.8401735068401734,205.0,640x480,h264,yuv420p,False,17.0
part_2/19888675152889346-PAINTBRUSH.mp4,paintbrush,29.921259842519685,29.91452991452991,57.0,1.9054285714285717,57.0,640x480,h264,yuv420p,True,17.0
part_6/9815282981404085-PERMISSION.mp4,permission,29.974489795918366,29.967426710097723,47.0,1.5683695652173912,47.0,640x480,h264,yuv420p,True,10.666666666666666
part_5/7439666867089261-PERMISSION.mp4,permission,30.0,29.994001199760046,51.0,1.7003400000000002,51.0,640x480,h264,yuv420p,True,10.666666666666666
part_3/3653027905733568-PERMISSION.mp4,permission,29.993618379068284,30.00652315720809,47.0,1.5663260869565216,46.0,640x480,h264,yuv420p,True,10.666666666666666
part_10/persistent_video_2.mp4,persistent,29.97,29.97,64.0,2.135468802135469,64.0,640x480,mpeg4,yuv420p,False,11.0
part_6/9061002807726064-PERSISTENT.mp4,persistent,29.996250468691414,30.003797949107483,80.0,2.6663291139240504,79.0,640x480,h264,yuv420p,True,11.0
part_3/4272254527792845-PERSISTENT.mp4,persistent,29.918032786885245,29.912754466140424,73.0,2.4404305555555554,73.0,640x480,h264,yuv420p,True,11.0
part_3/36516544073978885-PHARMACIST.mp4,pharmacist,29.997115661955583,30.002912904165456,104.0,3.4663300970873783,103.0,640x480,h264,yuv420p,True,17.0
part_6/958606201846079-PHARMACIST.mp4,pharmacist,30.00225580870742,29.999999999999996,133.0,4.433333333333334,133.0,640x480,h264,yuv420p,True,17.0
part_5/7908307098233258-PHILOSOPHY.mp4,philosophy,29.973410684070583,29.970760233918128,124.0,4.137365853658537,124.0,640x480,h264,yuv420p,True,26.5
part_4/6577792516601395-PHILOSOPHY.mp4,philosophy,30.0,30.0,83.0,2.7666666666666666,83.0,640x480,h264,yuv420p,True,26.5
part_2/3560930857065381-PLAYGROUND.mp4,playground,30.0,29.996842437638144,96.0,3.200336842105263,96.0,640x480,h264,yuv420p,True,19.5
part_5/7544706755856794-PLAYGROUND.mp4,playground,29.9173922750614,29.914529914529915,134.0,4.4794285714285715,134.0,640x480,h264,yuv420p,True,19.5
part_3/5239255064113602-POINT INDEX.mp4,pointindex,30.00652315720809,30.0,46.0,1.5333333333333334,46.0,640x480,h264,yuv420p,True,10.333333333333334
part_3/49118489361915274-POINT INDEX.mp4,pointindex,29.994643813604714,30.00545553737043,56.0,1.8663272727272728,55.0,640x480,h264,yuv420p,True,10.333333333333334
part_2/3094574541693922-POINT INDEX.mp4,pointindex,30.0,29.99516207063377,63.0,2.1003387096774193,63.0,640x480,h264,yuv420p,True,10.333333333333334
part_4/64324208981355-PROTECTION.mp4,protection,30.0,29.995946493717064,75.0,2.500337837837838,75.0,640x480,h264,yuv420p,True,10.333333333333334
part_6/9346226403907103-PROTECTION.mp4,protection,30.003797949107483,30.000000000000004,79.0,2.633333333333333,79.0,640x480,h264,yuv420p,True,10.333333333333334
part_5/8248419321040747-PROTECTION.mp4,protection,30.0,30.0,55.0,1.8333333333333333,55.0,640x480,mpeg4,yuv420p,False,10.333333333333334
part_10/psychology_video_0.mp4,psychology,29.97,29.97,97.0,3.2365699032365702,97.0,640x480,mpeg4,yuv420p,False,22.0
part_2/3053131957867392-PSYCHOLOGY.mp4,psychology,30.057,30.057000000000002,63.0,2.0960175666234155,62.0,640x480,h264,yuv420p,True,22.0
part_4/7093750023037584-REST ALL_DAY.mp4,restallday,31.27,31.270000000000003,148.0,4.732970898624879,141.0,640x480,h264,yuv420p,True,10.333333333333334
part_2/3319546707875376-REST ALL_DAY.mp4,restallday,30.002830455703368,30.0,106.0,3.533333333333333,106.0,640x480,h264,yuv420p,True,10.333333333333334
part_1/15164167836180176-REST ALL_DAY.mp4,restallday,29.965753424657535,29.982363315696652,35.0,1.1673529411764705,35.0,640x480,h264,yuv420p,True,10.333333333333334
part_10/restaurant.mp4,restaurant,29.97,29.97,64.0,2.135468802135469,64.0,640x480,h264,yuv420p,False,23.0
part_10/restaurant_7.mp4,restaurant,23.976,23.976,53.0,2.210543877210544,66.0,640x480,mpeg4,yuv420p,False,23.0
part_3/457097411184441-SALT SHAKER.mp4,saltshaker,30.0,29.99734536766658,114.0,3.8003362831858407,114.0,640x480,h264,yuv420p,True,10.333333333333334
part_3/48792778812467197-SALT SHAKER.mp4,saltshaker,29.995385325334563,30.004688232536335,65.0,2.1663281249999997,64.0,640x480,h264,yuv420p,True,10.333333333333334
part_4/6100491634312075-SALT SHAKER.mp4,saltshaker,30.00882612533098,29.999999999999996,34.0,1.1333333333333335,34.0,640x480,h264,yuv420p,True,10.333333333333334
part_5/7430076587467422-SMELL MONEY.mp4,smellmoney,30.0,29.996250468691414,81.0,2.7003375,81.0,640x480,h264,yuv420p,True,10.333333333333334
part_5/778726103802567-SMELL MONEY.mp4,smellmoney,29.971648440664236,29.967159277504106,74.0,2.4693698630136987,74.0,640x480,h264,yuv420p,True,10.333333333333334
part_3/5057451870595335-SMELL MONEY.mp4,smellmoney,30.445,30.444999999999997,71.0,2.33207423222204,69.0,640x480,h264,yuv420p,True,10.333333333333334
part_10/somersault_20241119_172654_3.mp4,somersault,30.0,29.996250468691414,81.0,2.7003375,81.0,640x480,h264,yuv420p,True,30.0
part_10/somersault_20241119_172654_31.mp4,somersault,29.96542451018056,29.97275204359673,78.0,2.6023636363636364,78.0,640x480,h264,yuv420p,True,30.0
part_10/somersault_20241119_172654_69.mp4,somersault,29.997761361092454,30.002255808707424,134.0,4.466330827067669,133.0,640x480,h264,yuv420p,True,30.0
part_1/0015457596610248814-SPECIALIST.mp4,specialist,29.916625796959295,29.910269192422735,61.0,2.039433333333333,61.0,640x480,h264,yuv420p,True,16.5
part_5/8502184579374021-SPECIALIST.mp4,specialist,30.0,30.0,79.0,2.6333333333333333,79.0,640x480,mpeg4,yuv420p,False,16.5
part_11/strawberry_20241119_172655_6.mp4,strawberry,25.0,25.0,68.0,2.72,81.0,640x480,mpeg4,yuv420p,False,45.0
part_11/strawberry_20241119_172655_104.mp4,strawberry,30.00447828034035,30.000000000000004,67.0,2.233333333333333,67.0,640x480,h264,yuv420p,True,45.0
part_11/strawberry_20241119_172655_113.mp4,strawberry,30.00491883915396,30.0,61.0,2.033333333333333,61.0,640x480,h264,yuv420p,True,45.0
part_2/3527086234157166-SUPERVISOR.mp4,supervisor,29.968900197907832,29.965753424657535,106.0,3.5373714285714284,106.0,640x480,h264,yuv420p,True,16.5
part_6/9267349429455154-SUPERVISOR.mp4,supervisor,29.997761361092454,30.002255808707424,134.0,4.466330827067669,133.0,640x480,h264,yuv420p,True,16.5
part_11/suspenders_20241119_195755_6.mp4,suspenders,30.00319182891797,30.0,94.0,3.1333333333333333,94.0,640x480,h264,yuv420p,True,28.5
part_11/suspenders_20241119_195755_42.mp4,suspenders,29.967727063162748,29.97658079625293,65.0,2.168359375,65.0,640x480,h264,yuv420p,True,28.5
part_5/7845501993740875-SWEATPANTS.mp4,sweatpants,30.0,29.998026445628575,153.0,5.1003355263157895,153.0,640x480,h264,yuv420p,True,10.333333333333334
part_4/625396003053482-SWEATPANTS.mp4,sweatpants,29.92633517495396,29.920523609163162,65.0,2.172421875,65.0,640x480,h264,yuv420p,True,10.333333333333334
part_4/7186487490315872-seedSWEATPANTS.mp4,sweatpants,30.165,30.165,173.0,5.735123487485496,172.0,640x480,h264,yuv420p,True,10.333333333333334
part_11/sweetheart_5.mp4,sweetheart,25.0,25.0,68.0,2.72,81.0,640x480,mpeg4,yuv420p,False,28.0
part_3/39099691047106244-SWEETHEART.mp4,sweetheart,29.965753424657535,29.97393570807993,70.0,2.3353623188405797,70.0,640x480,h264,yuv420p,True,28.0
part_11/technology_video_4.mp4,technology,29.97,29.97,70.0,2.335669002335669,70.0,640x480,mpeg4,yuv420p,False,21.0
part_5/7320522344448868-TECHNOLOGY.mp4,technology,30.004688232536335,30.000000000000004,64.0,2.133333333333333,64.0,640x480,h264,yuv420p,True,21.0
part_5/7220090161425696-TEMPTATION.mp4,temptation,30.255,30.254999999999995,96.0,3.1730292513634115,95.0,640x480,h264,yuv420p,True,17.0
part_4/5421193334085079-TEMPTATION.mp4,temptation,30.0,29.99434069043577,54.0,1.8003396226415092,54.0,640x480,h264,yuv420p,True,17.0
part_4/5786879934155402-TIME TO_TIME.mp4,timetotime,29.83738624496494,29.835082458770614,200.0,6.703517587939698,201.0,640x480,h264,yuv420p,True,10.333333333333334
part_5/8793969410491562-TIME TO_TIME.mp4,timetotime,30.0,29.996739484838603,93.0,3.100336956521739,93.0,640x480,h264,yuv420p,True,10.333333333333334
part_4/7045265632299453-TIME TO_TIME.mp4,timetotime,30.0,30.000000000000004,261.0,8.7,261.0,640x480,mpeg4,yuv420p,False,10.333333333333334
part_3/5287368470790934-TOOTHBRUSH.mp4,toothbrush,29.924242424242426,29.91944764096663,79.0,2.6404230769230765,79.0,640x480,h264,yuv420p,True,20.0
part_1/08384216500026387-TOOTHBRUSH.mp4,toothbrush,30.00750187546887,30.0,40.0,1.3333333333333333,40.0,640x480,h264,yuv420p,True,20.0
part_11/tournament_video_2.mp4,tournament,23.976,23.976000000000003,41.0,1.7100433767100431,51.0,640x480,mpeg4,yuv420p,False,21.5
part_4/6294029293932171-TOURNAMENT.mp4,tournament,30.0,29.997761361092458,135.0,4.500335820895522,135.0,640x480,h264,yuv420p,True,21.5
part_3/5311483894328111-TURN AROUND.mp4,turnaround,30.0,30.0,49.0,1.6333333333333333,49.0,640x480,mpeg4,yuv420p,False,19.5
part_3/5297678355027167-TURN AROUND.mp4,turnaround,29.96616723054616,29.97542997542997,62.0,2.0683606557377052,62.0,640x480,h264,yuv420p,True,19.5
part_5/7903893233633115-UNDERSTAND.mp4,understand,30.0,29.9974140160331,117.0,3.9003362068965517,117.0,640x480,h264,yuv420p,True,23.5
part_4/6605969835390502-UNDERSTAND.mp4,understand,30.682,30.682,49.0,1.5970275731699368,47.0,640x480,h264,yuv420p,True,23.5
part_11/university_video_2.mp4,university,29.97,29.970000000000002,98.0,3.269936603269936,98.0,640x480,mpeg4,yuv420p,False,24.0
part_2/20274760049097496-UNIVERSITY.mp4,university,30.0,29.99558888398765,69.0,2.3003382352941175,69.0,640x480,h264,yuv420p,True,24.0
part_3/37758331474826035-VIDEOPHONE.mp4,videophone,29.97658079625293,29.971455756422458,64.0,2.135365079365079,64.0,640x480,h264,yuv420p,True,17.5
part_3/49903350234425514-VIDEOPHONE.mp4,videophone,29.916666666666668,29.916666666666668,67.0,2.2395543175487465,67.0,640x480,h264,yuv420p,True,17.5
part_11/vocabulary_10.mp4,vocabulary,29.97,29.97,32.0,1.0677344010677345,32.0,640x480,h264,yuv420p,False,20.0
part_1/14911274002800323-VOCABULARY.mp4,vocabulary,30.002912904165452,30.0,103.0,3.433333333333333,103.0,640x480,h264,yuv420p,True,20.0
part_11/volleyball_12.mp4,volleyball,29.97,29.97,37.0,1.234567901234568,37.0,288x192,h264,yuv420p,False,22.0
part_1/055352722748511995-VOLLEYBALL.mp4,volleyball,29.99638597759306,30.00365898280278,83.0,2.766329268292683,82.0,640x480,h264,yuv420p,True,22.0
part_4/6763684162767629-WASH DISHES.mp4,washdishes,29.997,29.997,104.0,3.467013368003467,104.0,640x480,h264,yuv420p,True,10.333333333333334
part_3/44238266729683384-WASH DISHES.mp4,washdishes,30.004,30.004,82.0,2.732968937475003,81.0,640x480,mpeg4,yuv420p,False,10.333333333333334
part_3/45917598428875417-WASH DISHES.mp4,washdishes,29.964448958862366,29.974160206718345,59.0,1.9683620689655172,59.0,640x480,h264,yuv420p,True,10.333333333333334
part_4/6471960992477459-WHEELCHAIR.mp4,wheelchair,30.00447828034035,29.999999999999996,67.0,2.2333333333333334,67.0,640x480,h264,yuv420p,True,18.5
part_2/2790472538335147-WHEELCHAIR.mp4,wheelchair,29.969360398314823,29.971181556195965,313.0,10.443365384615385,313.0,640x480,h264,yuv420p,True,18.5
part_11/whole_slew_video_11.mp4,whole slew,23.976,23.976,32.0,1.3346680013346681,40.0,640x480,mpeg4,yuv420p,False,25.5
part_11/whole_slew_video_48.mp4,whole slew,29.97,29.97,115.0,3.8371705038371706,115.0,640x480,mpeg4,yuv420p,False,25.5
part_11/wristwatch_20241119_172659_18.mp4,wristwatch,29.971062422488632,29.9687825182102,145.0,4.838368055555555,145.0,640x480,h264,yuv420p,True,32.333333333333336
part_11/wristwatch_20241119_172659_73.mp4,wristwatch,29.921259842519685,29.91452991452991,57.0,1.9054285714285717,57.0,640x480,h264,yuv420p,True,32.333333333333336
part_11/wristwatch_20241119_172659_86.mp4,wristwatch,29.923055001424906,29.919447640966627,105.0,3.509423076923077,105.0,640x480,h264,yuv420p,True,32.333333333333336
part_6/9687463829364669-ALL OF_SUDDEN.mp4,allofsudden,30.0,29.994916115912556,60.0,2.0003389830508476,60.0,640x480,h264,yuv420p,True,10.666666666666666
part_4/5885260079894912-ALL OF_SUDDEN.mp4,allofsudden,29.97275204359673,29.968997588701342,88.0,2.936367816091954,88.0,640x480,h264,yuv420p,True,10.666666666666666
part_2/2147323352858992-ALL OF_SUDDEN.mp4,allofsudden,29.997196523689375,30.002830455703368,107.0,3.5663301886792453,106.0,640x480,h264,yuv420p,True,10.666666666666666
part_3/4484381195022107-APPOINTMENT.mp4,appointment,30.0,30.0,81.0,2.7,81.0,640x480,mpeg4,yuv420p,False,21.0
part_3/49337206377431264-APPOINTMENT.mp4,appointment,29.921259842519685,29.91623454327882,76.0,2.540426666666667,76.0,640x480,h264,yuv420p,True,21.0
part_1/09711982083090631-BASEBALL CAP.mp4,baseballcap,30.0,30.0,59.0,1.9666666666666666,59.0,640x480,mpeg4,yuv420p,False,10.666666666666666
part_1/004809945592816334-BASEBALL CAP.mp4,baseballcap,29.922779922779924,29.91662579695929,62.0,2.072426229508197,62.0,640x480,h264,yuv420p,True,10.666666666666666
part_1/1417633613233007-BASEBALL CAP.mp4,baseballcap,30.00184060371802,29.999999999999996,163.0,5.433333333333334,163.0,640x480,h264,yuv420p,True,10.666666666666666
part_2/18386206896260537-CERTIFICATE.mp4,certificate,30.00365898280278,29.999999999999996,82.0,2.733333333333334,82.0,640x480,h264,yuv420p,True,21.5
part_5/8130283725011924-CERTIFICATE.mp4,certificate,29.838709677419356,29.832447895382106,74.0,2.480520547945205,74.0,640x480,h264,yuv420p,True,21.5
part_7/cheerleader_20241119_172659_5.mp4,cheerleader,30.0,29.994643813604714,57.0,1.9003392857142856,57.0,640x480,h264,yuv420p,True,31.5
part_7/cheerleader_20241119_172659_11.mp4,cheerleader,29.83512169589113,29.83104540654699,114.0,3.8215221238938053,114.0,640x480,h264,yuv420p,True,31.5
part_4/6244519688579746-CIRCUSWHEEL.mp4,circuswheel,29.998,29.997999999999998,152.0,5.067004466964464,152.0,640x480,mpeg4,yuv420p,False,10.333333333333334
part_3/4851296235136615-CIRCUSWHEEL.mp4,circuswheel,30.331,30.331,96.0,3.1650786324222744,94.0,640x480,mpeg4,yuv420p,False,10.333333333333334
part_4/5982656946251841-CIRCUSWHEEL.mp4,circuswheel,29.996739484838603,30.003297065611605,92.0,3.0663296703296705,91.0,640x480,h264,yuv420p,True,10.333333333333334
part_1/10227148303927724-CLIMB LADDER.mp4,climbladder,30.0,29.995162070633768,63.0,2.1003387096774193,63.0,640x480,h264,yuv420p,True,10.333333333333334
part_1/10957052829783787-CLIMB LADDER.mp4,climbladder,29.918864097363084,29.912325941206806,59.0,1.9724310344827587,59.0,640x480,h264,yuv420p,True,10.333333333333334
part_1/13739657899319724-CLIMB LADDER.mp4,climbladder,30.119,30.119,288.0,9.56207045386633,286.0,640x480,h264,yuv420p,True,10.333333333333334
part_7/comfortable_8.mp4,comfortable,29.97,29.970000000000002,68.0,2.2689356022689355,68.0,288x192,h264,yuv420p,False,26.5
part_3/5221556315812226-COMFORTABLE.mp4,comfortable,29.96914940502424,29.964221824686938,68.0,2.2693731343283585,68.0,640x480,h264,yuv420p,True,26.5
part_4/6663256927195076-CONTACT LENS.mp4,contactlens,29.966703662597116,29.97737556561086,54.0,1.8013584905660378,54.0,640x480,h264,yuv420p,True,10.333333333333334
part_1/10370186096320033-CONTACT LENS.mp4,contactlens,30.839,30.839000000000002,55.0,1.7834560134894126,53.0,640x480,h264,yuv420p,True,10.333333333333334
part_3/4106995086880172-CONTACT LENS.mp4,contactlens,30.003797949107483,30.0,79.0,2.6333333333333333,79.0,640x480,h264,yuv420p,True,10.333333333333334
part_8/electrician_9.mp4,electrician,30.286,30.285999999999998,96.0,3.1697814171564422,95.0,640x480,mpeg4,yuv420p,False,21.5
part_1/08829543950081087-ELECTRICIAN.mp4,electrician,30.002419549963708,30.000000000000004,124.0,4.133333333333333,124.0,640x480,h264,yuv420p,True,21.5
part_2/188243326093261-ENGINE START.mp4,enginestart,29.99693908784818,30.003093102381687,98.0,3.2663298969072168,97.0,640x480,h264,yuv420p,True,10.333333333333334
part_3/5322527872115059-ENGINE START.mp4,enginestart,30.293,30.293,94.0,3.1030271019707523,93.0,640x480,h264,yuv420p,True,10.333333333333334
part_1/0047013579836130415-ENGINE START.mp4,enginestart,29.965753424657535,29.97393570807993,70.0,2.3353623188405797,70.0,640x480,h264,yuv420p,True,10.333333333333334
part_3/49041241871195895-ENVIRONMENT.mp4,environment,30.769,30.769000000000002,46.0,1.4950112125840942,44.0,640x480,mpeg4,yuv420p,False,24.0
part_3/5343691587956003-ENVIRONMENT.mp4,environment,25.0,25.0,73.0,2.92,87.0,640x480,h264,yuv420p,True,24.0
part_5/8674629987627873-EXPLANATION.mp4,explanation,30.003409478349813,30.0,88.0,2.933333333333333,88.0,640x480,h264,yuv420p,True,17.5
part_5/8662941047778925-EXPLANATION.mp4,explanation,30.002,30.002000000000002,104.0,3.4664355709619357,103.0,640x480,h264,yuv420p,True,17.5
part_8/fingerspell_1.mp4,fingerspell,29.996667036995888,29.996629592180653,90.0,3.0003370786516856,90.0,640x480,h264,yuv420p,True,16.5
part_6/9482107533596877-FINGERSPELL.mp4,fingerspell,30.00652315720809,30.0,46.0,1.5333333333333334,46.0,640x480,h264,yuv420p,True,16.5
part_2/23726464268400504-FRENCHFRIES.mp4,frenchfries,29.976019184652277,29.96941896024465,50.0,1.6683673469387754,50.0,640x480,h264,yuv420p,True,10.333333333333334
part_4/7062420275233134-FRENCHFRIES.mp4,frenchfries,30.00428632661809,30.000000000000004,70.0,2.333333333333333,70.0,640x480,h264,yuv420p,True,10.333333333333334
part_2/2900272353665634-FRENCHFRIES.mp4,frenchfries,29.998064640990904,30.001948178453148,155.0,5.166331168831168,154.0,640x480,h264,yuv420p,True,10.333333333333334
part_3/36075242840369537-GET TOGETHER.mp4,gettogether,30.0,29.993618379068284,48.0,1.600340425531915,48.0,640x480,h264,yuv420p,True,10.333333333333334
part_2/2405359737102888-GET TOGETHER.mp4,gettogether,25.0,25.000000000000004,70.0,2.8,84.0,640x480,h264,yuv420p,True,10.333333333333334
part_5/8738294912791575-GET TOGETHER.mp4,gettogether,29.995946493717064,30.00411015207563,74.0,2.4663287671232874,73.0,640x480,h264,yuv420p,True,10.333333333333334
part_8/grandfather_video_5.mp4,grandfather,29.97,29.97,60.0,2.002002002002002,60.0,640x480,mpeg4,yuv420p,False,24.0
part_8/grandfather_video_2.mp4,grandfather,24.0,24.0,163.0,6.791666666666667,203.0,640x480,mpeg4,yuv420p,False,24.0
part_8/grandmother_7.mp4,grandmother,29.97,29.970000000000002,56.0,1.868535201868535,56.0,640x480,mpeg4,yuv420p,False,24.5
part_4/7166802813272417-GRANDMOTHER.mp4,grandmother,30.00652315720809,30.0,46.0,1.5333333333333334,46.0,640x480,h264,yuv420p,True,24.5
part_1/02371450783034268-HAIRDRESSER.mp4,hairdresser,30.0,29.99638597759306,84.0,2.8003373493975903,84.0,640x480,h264,yuv420p,True,10.666666666666666
part_2/29679087512820157-HAIRDRESSER.mp4,hairdresser,14.993752603082049,14.982876712328768,36.0,2.402742857142857,72.0,640x480,h264,yuv420p,True,10.666666666666666
part_6/8999226458272809-seedHAIRDRESSER.mp4,hairdresser,30.303,30.303,112.0,3.6960036960036957,110.0,640x480,h264,yuv420p,True,10.666666666666666
part_1/1200837256889542-HIGHLIGHTER.mp4,highlighter,29.976019184652277,29.97164844066424,75.0,2.5023648648648646,75.0,640x480,h264,yuv420p,True,10.333333333333334
part_4/5834246106284988-HIGHLIGHTER.mp4,highlighter,31.082,31.082,60.0,1.9303777105720352,57.0,640x480,h264,yuv420p,True,10.333333333333334
part_3/3952891828786964-HIGHLIGHTER.mp4,highlighter,25.0,25.0,74.0,2.96,88.0,640x480,h264,yuv420p,True,10.333333333333334
part_2/25783015817275734-seedHUMMINGBIRD.mp4,hummingbird,30.49,30.49,143.0,4.690062315513283,140.0,640x480,h264,yuv420p,True,11.0
part_5/7731471390779165-HUMMINGBIRD.mp4,hummingbird,29.368,29.368,122.0,4.154181421955871,124.0,640x480,h264,yuv420p,True,11.0
part_4/6324879321927577-HUMMINGBIRD.mp4,hummingbird,29.97275204359673,29.966703662597112,55.0,1.8353703703703705,55.0,640x480,h264,yuv420p,True,11.0
part_9/hurdle-trip_20241119_195754_12.mp4,hurdle-trip,25.0,25.0,73.0,2.92,87.0,640x480,h264,yuv420p,True,30.0
part_9/hurdle-trip_20241119_195754_59.mp4,hurdle-trip,29.918969457718678,29.916317991631797,144.0,4.8134265734265735,144.0,640x480,h264,yuv420p,True,30.0
part_5/8131903140457912-INDEPENDENT.mp4,independent,29.97179125528914,29.967891544773458,85.0,2.8363690476190473,85.0,640x480,h264,yuv420p,True,21.5
part_2/28976142451862263-INDEPENDENT.mp4,independent,29.969349528890906,29.97150997150997,264.0,8.808365019011408,264.0,640x480,h264,yuv420p,True,21.5
part_3/3855380474638097-INTELLIGENT.mp4,intelligent,30.003529827038474,30.000000000000004,85.0,2.833333333333333,85.0,640x480,h264,yuv420p,True,10.666666666666666
part_1/06445021573092546-INTELLIGENT.mp4,intelligent,28.128,28.127999999999997,89.0,3.16410693970421,94.0,640x480,mpeg4,yuv420p,False,10.666666666666666
part_4/6435975202412803-INTELLIGENT.mp4,intelligent,29.997986712301188,30.002027163997568,149.0,4.966331081081081,148.0,640x480,h264,yuv420p,True,10.666666666666666
part_1/17863384977805907-INTENTIONAL.mp4,intentional,29.996250468691414,30.003797949107483,80.0,2.6663291139240504,79.0,640x480,h264,yuv420p,True,10.666666666666666
part_2/34120448744600873-INTENTIONAL.mp4,intentional,30.00115834588208,30.0,259.0,8.633333333333333,259.0,640x480,h264,yuv420p,True,10.666666666666666
part_5/7761426176662873-INTENTIONAL.mp4,intentional,29.99823539791777,30.001775252973548,170.0,5.666331360946746,169.0,640x480,h264,yuv420p,True,10.666666666666666
part_9/interpreter_video_2.mp4,interpreter,29.97,29.97,103.0,3.4367701034367704,103.0,640x480,mpeg4,yuv420p,False,20.5
part_1/07890113988148229-INTERPRETER.mp4,interpreter,30.0,29.994643813604714,57.0,1.9003392857142856,57.0,640x480,h264,yuv420p,True,20.5
part_3/43434482356521453-LEARN LESSON.mp4,learnlesson,29.97002997002997,29.970029970029966,74.0,2.4691333333333336,74.0,640x480,h264,yuv420p,True,10.333333333333334
part_6/9465011320995556-LEARN LESSON.mp4,learnlesson,30.00545553737043,30.0,55.0,1.8333333333333333,55.0,640x480,h264,yuv420p,True,10.333333333333334
part_2/3412850572949695-LEARN LESSON.mp4,learnlesson,30.645,30.645000000000003,65.0,2.1210637950726055,63.0,640x480,h264,yuv420p,True,10.333333333333334
part_9/linguistics_2.mp4,linguistics,25.0,25.0,84.0,3.36,100.0,640x480,mpeg4,yuv420p,False,20.0
part_9/linguistics_4.mp4,linguistics,23.976,23.976,31.0,1.2929596262929597,38.0,640x480,mpeg4,yuv420p,False,20.0
part_6/9238133915776792-MISCHIEVOUS.mp4,mischievous,30.0,29.997810378804466,138.0,4.600335766423358,138.0,640x480,h264,yuv420p,True,17.0
part_4/6602691808850953-MISCHIEVOUS.mp4,mischievous,30.0,30.0,218.0,7.266666666666667,218.0,640x480,mpeg4,yuv420p,False,17.0
part_5/7339426972077192-NAIL CLIPPER.mp4,nailclipper,30.002912904165452,30.0,103.0,3.433333333333333,103.0,640x480,h264,yuv420p,True,10.333333333333334
part_2/21594256764358488-seedNAIL CLIPPER.mp4,nailclipper,29.99802644562858,30.00198688654878,152.0,5.066331125827814,151.0,640x480,h264,yuv420p,True,10.333333333333334
part_2/24396073357698-NAIL CLIPPER.mp4,nailclipper,29.97658079625293,29.971455756422458,64.0,2.135365079365079,64.0,640x480,h264,yuv420p,True,10.333333333333334
part_3/4285498435513857-OFF THE_POINT.mp4,offthepoint,29.994916115912556,30.005173305742368,59.0,1.9663275862068967,58.0,640x480,h264,yuv420p,True,10.333333333333334
part_1/10148498762876601-OFF THE_POINT.mp4,offthepoint,30.0,30.0,50.0,1.6666666666666667,50.0,640x480,mpeg4,yuv420p,False,10.333333333333334
part_3/446669449707767-OFF THE_POINT.mp4,offthepoint,30.943,30.943,97.0,3.134796238244514,94.0,640x480,h264,yuv420p,True,10.333333333333334
part_9/opportunity_video_0.mp4,opportunity,23.976,23.976,57.0,2.3773773773773774,71.0,640x480,h264,yuv420p,False,18.5
part_3/4268014481665676-seedOPPORTUNITY.mp4,opportunity,29.91679943352806,29.914529914529915,169.0,5.6494285714285715,169.0,640x480,h264,yuv420p,True,18.5
part_1/13510627428604893-OVERWHELMED.mp4,overwhelmed,14.993752603082049,14.982876712328768,36.0,2.402742857142857,72.0,640x480,h264,yuv420p,True,10.333333333333334
part_4/5948726827086888-OVERWHELMED.mp4,overwhelmed,30.617,30.617,62.0,2.025018780416109,60.0,640x480,h264,yuv420p,True,10.333333333333334
part_1/1293521331037466-OVERWHELMED.mp4,overwhelmed,23.895,23.895,87.0,3.6409290646578785,109.0,640x480,h264,yuv420p,True,10.333333333333334
part_2/2898932154319185-PAPERCUTTER.mp4,papercutter,29.833333333333332,29.833333333333336,105.0,3.519553072625698,105.0,640x480,h264,yuv420p,True,10.333333333333334
part_4/5423341935409187-PAPERCUTTER.mp4,papercutter,30.282,30.282,135.0,4.458093917178522,133.0,640x480,h264,yuv420p,True,10.333333333333334
part_2/34985647892860805-PAPERCUTTER.mp4,papercutter,25.0,25.0,95.0,3.8,114.0,640x480,h264,yuv420p,True,10.333333333333334
part_2/19534673783049272-PERSPECTIVE.mp4,perspective,30.405,30.405,158.0,5.1965137312941945,155.0,640x480,h264,yuv420p,True,22.0
part_3/5240642662751536-PERSPECTIVE.mp4,perspective,29.97179125528914,29.967891544773458,85.0,2.8363690476190473,85.0,640x480,h264,yuv420p,True,22.0
part_5/7362015302631166-PHOTOGRAPHY.mp4,photography,30.188,30.188000000000002,199.0,6.592023320524711,197.0,640x480,h264,yuv420p,True,16.5
part_2/3547194206922051-PHOTOGRAPHY.mp4,photography,30.0,29.999999999999996,47.0,1.5666666666666669,47.0,640x480,mpeg4,yuv420p,False,16.5
part_3/45271353642946033-PIZZA CUTTER.mp4,pizzacutter,29.91725015913431,29.91315535541975,94.0,3.1424301075268817,94.0,640x480,h264,yuv420p,True,10.333333333333334
part_6/9896352739608667-PIZZA CUTTER.mp4,pizzacutter,30.627,30.627,80.0,2.6120743135142197,78.0,640x480,h264,yuv420p,True,10.333333333333334
part_2/18239308504243912-PIZZA CUTTER.mp4,pizzacutter,30.00267881060809,30.0,112.0,3.7333333333333334,112.0,640x480,h264,yuv420p,True,10.333333333333334
part_2/30054989520486997-PRODUCE SIGN.mp4,producesign,29.922522041143466,29.919137466307276,112.0,3.7434234234234234,112.0,640x480,h264,yuv420p,True,10.333333333333334
part_1/016328952640028316-PRODUCE SIGN.mp4,producesign,29.920692141312184,29.916089018606346,83.0,2.7744268292682928,83.0,640x480,h264,yuv420p,True,10.333333333333334
part_1/13686349274119602-PRODUCE SIGN.mp4,producesign,30.00230786983614,30.0,130.0,4.333333333333333,130.0,640x480,h264,yuv420p,True,10.333333333333334
part_10/screwdriver_20241119_172652_23.mp4,screwdriver,29.994643813604714,30.00545553737043,56.0,1.8663272727272728,55.0,640x480,h264,yuv420p,True,33.0
part_10/screwdriver_20241119_172653_5.mp4,screwdriver,30.006123698714024,30.0,49.0,1.6333333333333333,49.0,640x480,h264,yuv420p,True,33.0
part_10/screwdriver_20241119_172653_48.mp4,screwdriver,30.0,29.99558888398765,69.0,2.3003382352941175,69.0,640x480,h264,yuv420p,True,33.0
part_5/7332760064631829-SHORT PERSON.mp4,shortperson,29.976019184652277,29.96941896024465,50.0,1.6683673469387754,50.0,640x480,h264,yuv420p,True,10.333333333333334
part_2/24684497050920906-SHORT PERSON.mp4,shortperson,29.920692141312184,29.916089018606353,83.0,2.7744268292682923,83.0,640x480,h264,yuv420p,True,10.333333333333334
part_6/9657174310496357-SHORT PERSON.mp4,shortperson,30.0,29.997029997029998,102.0,3.4003366336633665,102.0,640x480,h264,yuv420p,True,10.333333333333334
part_10/spontaneous.mp4,spontaneous,29.97,29.97,83.0,2.7694361027694363,83.0,640x480,h264,yuv420p,False,11.0
part_5/7904005136959702-SPONTANEOUS.mp4,spontaneous,30.005770340450088,30.0,52.0,1.7333333333333334,52.0,640x480,h264,yuv420p,True,11.0
part_1/17466826956034764-SPONTANEOUS.mp4,spontaneous,30.003297065611605,30.0,91.0,3.033333333333333,91.0,640x480,h264,yuv420p,True,11.0
part_3/4415640488281536-SQUARE IDIOT.mp4,squareidiot,30.0,29.991431019708653,36.0,1.2003428571428572,36.0,640x480,h264,yuv420p,True,10.333333333333334
part_2/3432605210163633-SQUARE IDIOT.mp4,squareidiot,30.004688232536335,30.0,64.0,2.1333333333333333,64.0,640x480,h264,yuv420p,True,10.333333333333334
part_2/2984496587657761-SQUARE IDIOT.mp4,squareidiot,30.945,30.945,123.0,3.9747939893359185,119.0,640x480,h264,yuv420p,True,10.333333333333334
part_11/stethoscope_20241119_172655.mp4,stethoscope,29.97,29.97,115.0,3.8371705038371706,115.0,640x480,h264,yuv420p,False,38.666666666666664
part_11/stethoscope_20241119_172655_80.mp4,stethoscope,30.504,30.503999999999998,78.0,2.5570416994492526,76.0,640x480,h264,yuv420p,True,38.666666666666664
part_11/stethoscope_20241119_172655_114.mp4,stethoscope,30.00428632661809,30.000000000000004,70.0,2.333333333333333,70.0,640x480,h264,yuv420p,True,38.666666666666664
part_11/switzerland_2.mp4,switzerland,29.97,29.970000000000002,41.0,1.3680347013680345,41.0,640x480,mpeg4,yuv420p,False,21.5
part_2/19787470462351942-SWITZERLAND.mp4,switzerland,29.997,29.997,95.0,3.166983365003167,95.0,640x480,mpeg4,yuv420p,False,21.5
part_11/thermometer_video_6.mp4,thermometer,15.635,15.635,35.0,2.238567316917173,67.0,640x480,mpeg4,yuv420p,False,22.0
part_2/34868964594216023-THERMOMETER.mp4,thermometer,29.971648440664236,29.967159277504106,74.0,2.4693698630136987,74.0,640x480,h264,yuv420p,True,22.0
part_3/5310007989745134-THINK PONDER.mp4,thinkponder,30.003797949107483,30.0,79.0,2.6333333333333333,79.0,640x480,h264,yuv420p,True,10.333333333333334
part_1/07154468559685045-THINK PONDER.mp4,thinkponder,29.998101385988228,30.001910949742022,158.0,5.266331210191082,157.0,640x480,h264,yuv420p,True,10.333333333333334
part_5/8535866426058569-THINK PONDER.mp4,thinkponder,30.0,30.0,55.0,1.8333333333333333,55.0,640x480,mpeg4,yuv420p,False,10.333333333333334
part_4/5504970739033002-TRANSGENDER.mp4,transgender,30.001244864932154,30.0,241.0,8.033333333333333,241.0,640x480,h264,yuv420p,True,17.0
part_6/9059362116989631-TRANSGENDER.mp4,transgender,30.956,30.956000000000003,65.0,2.0997544902442176,62.0,640x480,h264,yuv420p,True,17.0
part_11/videocamera_20241119_195755_51.mp4,videocamera,29.916897506925206,29.909706546275395,54.0,1.8054339622641509,54.0,640x480,h264,yuv420p,True,29.5
part_11/videocamera_20241119_195755_53.mp4,videocamera,29.994340690435767,30.005770340450084,53.0,1.7663269230769232,52.0,640x480,h264,yuv420p,True,29.5
part_1/17119644140270474-WASH MACHINE.mp4,washmachine,30.004,30.004,85.0,2.8329556059192105,84.0,640x480,mpeg4,yuv420p,False,10.333333333333334
part_2/3194350998798998-WASH MACHINE.mp4,washmachine,29.58,29.580000000000002,72.0,2.434077079107505,73.0,640x480,h264,yuv420p,True,10.333333333333334
part_5/8765379179357844-WASH MACHINE.mp4,washmachine,29.925187032418954,29.918864097363084,60.0,2.0054237288135592,60.0,640x480,h264,yuv420p,True,10.333333333333334
part_11/wheelbarrow_video_1.mp4,wheelbarrow,29.97,29.970000000000002,315.0,10.51051051051051,315.0,640x480,h264,yuv420p,False,16.5
part_3/5008520273287249-WHEELBARROW.mp4,wheelbarrow,30.00447828034035,30.000000000000004,67.0,2.233333333333333,67.0,640x480,h264,yuv420p,True,16.5
part_4/7068896521977865-WHITE PERSON.mp4,whiteperson,30.937,30.937,98.0,3.1677279632802144,95.0,640x480,h264,yuv420p,True,10.333333333333334
part_4/633350995130963-WHITE PERSON.mp4,whiteperson,30.0,30.0,48.0,1.6,48.0,640x480,mpeg4,yuv420p,False,10.333333333333334
part_4/54884387567923-WHITE PERSON.mp4,whiteperson,30.00267881060809,30.0,112.0,3.7333333333333334,112.0,640x480,h264,yuv420p,True,10.333333333333334
part_3/38173408331335357-WRITE ON_WALL.mp4,writeonwall,30.004688232536335,30.0,64.0,2.1333333333333333,64.0,640x480,h264,yuv420p,True,10.333333333333334
part_5/8138860875027172-WRITE ON_WALL.mp4,writeonwall,30.0,30.0,80.0,2.6666666666666665,80.0,640x480,mpeg4,yuv420p,False,10.333333333333334
part_5/8362232667336218-WRITE ON_WALL.mp4,writeonwall,29.917004439297433,29.914529914529915,155.0,5.1814285714285715,155.0,640x480,h264,yuv420p,True,10.333333333333334
part_1/039298153256774215-CANCELLATION.mp4,cancellation,29.97275204359673,29.966703662597112,55.0,1.8353703703703705,55.0,640x480,h264,yuv420p,True,10.666666666666666
part_2/28911738205017423-CANCELLATION.mp4,cancellation,30.004110152075626,30.0,73.0,2.433333333333333,73.0,640x480,h264,yuv420p,True,10.666666666666666
part_3/3951869445515712-CANCELLATION.mp4,cancellation,29.964747356051703,29.97601918465228,51.0,1.70136,51.0,640x480,h264,yuv420p,True,10.666666666666666
part_4/6130841323450544-CHEESE GRATER.mp4,cheesegrater,30.0,29.99719652368937,108.0,3.600336448598131,108.0,640x480,h264,yuv420p,True,10.666666666666666
part_5/8656492779276159-CHEESE GRATER.mp4,cheesegrater,29.995162070633768,30.004918839153962,62.0,2.0663278688524587,61.0,640x480,h264,yuv420p,True,10.666666666666666
part_5/847695878934771-CHEESE GRATER.mp4,cheesegrater,30.0,29.997761361092458,135.0,4.500335820895522,135.0,640x480,h264,yuv420p,True,10.666666666666666
part_2/2723220177826382-CONFIDENTIAL.mp4,confidential,30.993,30.992999999999995,75.0,2.4199012680282648,72.0,640x480,h264,yuv420p,True,10.333333333333334
part_2/24592960702690325-CONFIDENTIAL.mp4,confidential,30.0,30.0,56.0,1.8666666666666667,56.0,640x480,mpeg4,yuv420p,False,10.333333333333334
part_5/768074718134518-CONFIDENTIAL.mp4,confidential,29.919447640966627,29.914529914529915,78.0,2.607428571428571,78.0,640x480,h264,yuv420p,True,10.333333333333334
part_3/4119588961049374-CUT REMOVE VID.mp4,cutremovevid,25.0,25.0,62.0,2.48,74.0,640x480,h264,yuv420p,True,10.333333333333334
part_1/03405279560244989-CUT REMOVE VID.mp4,cutremovevid,29.834553837808517,29.83032293377121,110.0,3.6875229357798163,110.0,640x480,h264,yuv420p,True,10.333333333333334
part_2/20941321551815073-CUT REMOVE VID.mp4,cutremovevid,30.005770340450088,30.0,52.0,1.7333333333333334,52.0,640x480,h264,yuv420p,True,10.333333333333334
part_6/9659098991486657-DONT FEEL_LIKE.mp4,dontfeellike,29.997810378804466,30.002206044562097,137.0,4.566330882352942,136.0,640x480,h264,yuv420p,True,10.333333333333334
part_5/7977634970502872-DONT FEEL_LIKE.mp4,dontfeellike,29.99693908784818,30.003093102381687,98.0,3.2663298969072168,97.0,640x480,h264,yuv420p,True,10.333333333333334
part_6/9387521253167541-DONT FEEL_LIKE.mp4,dontfeellike,30.398,30.398,78.0,2.56595828672939,76.0,640x480,mpeg4,yuv420p,False,10.333333333333334
part_3/4903592211797443-HOLD TOGETHER.mp4,holdtogether,29.96914940502424,29.964221824686938,68.0,2.2693731343283585,68.0,640x480,h264,yuv420p,True,10.333333333333334
part_1/03485280022932424-HOLD TOGETHER.mp4,holdtogether,29.91679943352806,29.914529914529915,169.0,5.6494285714285715,169.0,640x480,h264,yuv420p,True,10.333333333333334
part_2/20036580286200767-HOLD TOGETHER.mp4,holdtogether,29.97737556561086,29.971181556195965,53.0,1.7683653846153846,53.0,640x480,h264,yuv420p,True,10.333333333333334
part_5/8375949091211665-JIGSAW PUZZLE.mp4,jigsawpuzzle,30.0,30.0,203.0,6.766666666666667,203.0,640x480,mpeg4,yuv420p,False,10.333333333333334
part_4/5750859398749053-JIGSAW PUZZLE.mp4,jigsawpuzzle,30.859,30.859,89.0,2.884085680028517,86.0,640x480,h264,yuv420p,True,10.333333333333334
part_6/9761395597258882-JIGSAW PUZZLE.mp4,jigsawpuzzle,29.96914940502424,29.964221824686945,68.0,2.269373134328358,68.0,640x480,h264,yuv420p,True,10.333333333333334
part_2/19473443746665775-KINDERGARTEN.mp4,kindergarten,29.9190425906371,29.914529914529915,85.0,2.841428571428571,85.0,640x480,h264,yuv420p,True,18.5
part_2/1986884916287972-KINDERGARTEN.mp4,kindergarten,29.993,29.993,44.0,1.4670089687593773,44.0,640x480,mpeg4,yuv420p,False,18.5
part_9/lickenvelope_20241119_195754_14.mp4,lickenvelope,29.978586723768736,29.97275204359673,56.0,1.8683636363636362,56.0,640x480,h264,yuv420p,True,30.0
part_9/lickenvelope_20241119_195754_58.mp4,lickenvelope,30.004688232536335,30.0,64.0,2.1333333333333333,64.0,640x480,h264,yuv420p,True,30.0
part_2/28515147285320985-ORANGE THROAT.mp4,orangethroat,30.0,29.99434069043577,54.0,1.8003396226415092,54.0,640x480,h264,yuv420p,True,10.333333333333334
part_4/7103942618147332-ORANGE THROAT.mp4,orangethroat,25.298,25.298,91.0,3.5971223021582737,107.0,640x480,h264,yuv420p,True,10.333333333333334
part_1/06648735301550812-ORANGE THROAT.mp4,orangethroat,30.001875117194825,30.0,160.0,5.333333333333333,160.0,640x480,h264,yuv420p,True,10.333333333333334
part_6/9947186155808527-ORGANIZATION.mp4,organization,29.97,29.97,49.0,1.6349683016349683,49.0,640x480,mpeg4,yuv420p,False,18.0
part_1/024024020303069715-ORGANIZATION.mp4,organization,30.061,30.061,64.0,2.129004357805795,63.0,640x480,h264,yuv420p,True,18.0
part_10/philadelphia_2.mp4,philadelphia,23.976,23.976000000000003,54.0,2.252252252252252,67.0,640x480,mpeg4,yuv420p,False,19.0
part_2/32886292339677814-seedPHILADELPHIA.mp4,philadelphia,30.312,30.312,93.0,3.068091844813935,92.0,640x480,h264,yuv420p,True,19.0
part_10/psychologist_video_1.mp4,psychologist,29.97,29.970000000000002,88.0,2.936269602936269,88.0,640x480,h264,yuv420p,False,17.5
part_3/4694459057886864-PSYCHOLOGIST.mp4,psychologist,29.9190425906371,29.914529914529915,85.0,2.841428571428571,85.0,640x480,h264,yuv420p,True,17.5
part_4/7130338854330107-PULL CONVINCE.mp4,pullconvince,30.0,29.99434069043577,54.0,1.8003396226415092,54.0,640x480,h264,yuv420p,True,10.666666666666666
part_2/234043617600737-PULL CONVINCE.mp4,pullconvince,30.0,29.99434069043577,54.0,1.8003396226415092,54.0,640x480,h264,yuv420p,True,10.666666666666666
part_3/44740791162322613-PULL CONVINCE.mp4,pullconvince,30.00750187546887,30.0,40.0,1.3333333333333333,40.0,640x480,h264,yuv420p,True,10.666666666666666
part_6/9240620788956599-seedREFRIGERATOR.mp4,refrigerator,31.008,31.008000000000003,131.0,4.224716202270382,126.0,640x480,h264,yuv420p,True,21.5
part_2/32288207692794213-REFRIGERATOR.mp4,refrigerator,29.997115661955583,30.002912904165456,104.0,3.4663300970873783,103.0,640x480,h264,yuv420p,True,21.5
part_10/relationship.mp4,relationship,29.97,29.97,64.0,2.135468802135469,64.0,640x480,h264,yuv420p,False,20.5
part_3/5020424130195844-RELATIONSHIP.mp4,relationship,30.00428632661809,30.000000000000004,70.0,2.333333333333333,70.0,640x480,h264,yuv420p,True,20.5
part_10/rockingchair_20241119_195754_8.mp4,rockingchair,30.698,30.698,47.0,1.5310443677112515,45.0,640x480,h264,yuv420p,True,30.0
part_10/rockingchair_20241119_195754_34.mp4,rockingchair,29.995162070633768,30.004918839153962,62.0,2.0663278688524587,61.0,640x480,h264,yuv420p,True,30.0
part_2/29555762073861835-TEMPER BLOW UP.mp4,temperblowup,30.00309310238169,30.000000000000004,97.0,3.233333333333333,97.0,640x480,h264,yuv420p,True,10.333333333333334
part_4/586538444076204-TEMPER BLOW UP.mp4,temperblowup,30.0,29.99693908784818,99.0,3.3003367346938774,99.0,640x480,h264,yuv420p,True,10.333333333333334
part_2/2531329478038491-TEMPER BLOW UP.mp4,temperblowup,30.00545553737043,30.0,55.0,1.8333333333333333,55.0,640x480,h264,yuv420p,True,10.333333333333334
part_6/Thanksgiving_video_4.mp4,thanksgiving,29.97,29.970000000000002,98.0,3.269936603269936,98.0,640x480,mpeg4,yuv420p,False,27.0
part_1/023985019515009975-THANKSGIVING.mp4,thanksgiving,30.0,30.000000000000004,70.0,2.333333333333333,70.0,640x480,mpeg4,yuv420p,False,27.0
part_5/7673357080101844-THINK CONNECT.mp4,thinkconnect,30.00309310238169,30.0,97.0,3.2333333333333334,97.0,640x480,h264,yuv420p,True,10.333333333333334
part_3/488688939219577-THINK CONNECT.mp4,thinkconnect,30.0,29.995162070633768,63.0,2.1003387096774193,63.0,640x480,h264,yuv420p,True,10.333333333333334
part_2/18248487730908303-THINK CONNECT.mp4,thinkconnect,30.0,29.997761361092458,135.0,4.500335820895522,135.0,640x480,h264,yuv420p,True,10.333333333333334
part_6/animate_being_video_13.mp4,animate being,23.976,23.976,39.0,1.6266266266266267,48.0,640x480,mpeg4,yuv420p,False,29.0
part_6/animate_being_video_49.mp4,animate being,29.97,29.970000000000002,78.0,2.6026026026026026,78.0,640x480,mpeg4,yuv420p,False,29.0
part_2/23558820050532314-CALL ATTENTION.mp4,callattention,29.97002997002997,29.97002997002997,58.0,1.9352666666666667,58.0,640x480,h264,yuv420p,True,10.333333333333334
part_5/8562857816473985-CALL ATTENTION.mp4,callattention,29.995385325334563,30.004688232536335,65.0,2.1663281249999997,64.0,640x480,h264,yuv420p,True,10.333333333333334
part_1/16308956744008385-CALL ATTENTION.mp4,callattention,29.850746268656717,29.841269841269842,48.0,1.6085106382978722,48.0,640x480,h264,yuv420p,True,10.333333333333334
part_7/communication_video_0.mp4,communication,23.976,23.976000000000003,65.0,2.711044377711044,81.0,640x480,h264,yuv420p,False,17.0
part_6/9025539797038711-COMMUNICATION.mp4,communication,29.916625796959295,29.910269192422735,61.0,2.039433333333333,61.0,640x480,h264,yuv420p,True,17.0
part_5/8679784931591357-FALLING ASLEEP.mp4,fallingasleep,30.003000300030003,30.0,100.0,3.3333333333333335,100.0,640x480,h264,yuv420p,True,10.666666666666666
part_2/20193762849542285-FALLING ASLEEP.mp4,fallingasleep,29.951,29.951,81.0,2.704417214784147,81.0,640x480,h264,yuv420p,True,10.666666666666666
part_2/3252664947522783-FALLING ASLEEP.mp4,fallingasleep,30.0,30.0,56.0,1.8666666666666667,56.0,640x480,mpeg4,yuv420p,False,10.666666666666666
part_5/8129039218162171-FRIENDS NO_MORE_1.mp4,friendsnomore,30.605,30.604999999999997,46.0,1.5030223819637316,45.0,640x480,h264,yuv420p,True,10.333333333333334
part_4/6322298023038357-FRIENDS NO_MORE_1.mp4,friendsnomore,30.0,29.996629592180653,90.0,3.0003370786516856,90.0,640x480,h264,yuv420p,True,10.333333333333334
part_5/8483818345337271-FRIENDS NO_MORE_1.mp4,friendsnomore,30.00491883915396,30.0,61.0,2.033333333333333,61.0,640x480,h264,yuv420p,True,10.333333333333334
part_4/5409436833858476-HARD OF_HEARING.mp4,hardofhearing,30.00882612533098,29.999999999999996,34.0,1.1333333333333335,34.0,640x480,h264,yuv420p,True,10.333333333333334
part_1/130187777265373-HARD OF_HEARING.mp4,hardofhearing,14.996591683708248,14.989293361884368,22.0,1.4677142857142857,44.0,640x480,h264,yuv420p,True,10.333333333333334
part_4/6549947482110516-HARD OF_HEARING.mp4,hardofhearing,29.964747356051703,29.97601918465228,51.0,1.70136,51.0,640x480,h264,yuv420p,True,10.333333333333334
part_1/10139297254732105-MISUNDERSTAND.mp4,misunderstand,30.002542588354945,30.0,118.0,3.933333333333333,118.0,640x480,h264,yuv420p,True,19.0
part_3/5084206151604904-MISUNDERSTAND.mp4,misunderstand,29.996629592180653,30.003409478349813,89.0,2.9663295454545455,88.0,640x480,h264,yuv420p,True,19.0
part_2/2544521875528416-NOT INTERESTED.mp4,notinterested,29.983792544570502,29.975020815986674,37.0,1.2343611111111112,37.0,640x480,h264,yuv420p,True,10.333333333333334
part_5/8895836371924806-NOT INTERESTED.mp4,notinterested,30.34,30.34,115.0,3.7903757415952537,113.0,640x480,h264,yuv420p,True,10.333333333333334
part_3/3884910276078688-NOT INTERESTED.mp4,notinterested,30.0,30.0,87.0,2.9,87.0,640x480,h264,yuv420p,True,10.333333333333334
part_3/4383658834804738-REMOTE CONTROL.mp4,remotecontrol,30.006123698714024,30.0,49.0,1.6333333333333333,49.0,640x480,h264,yuv420p,True,10.333333333333334
part_2/19587078033548777-REMOTE CONTROL.mp4,remotecontrol,29.996629592180653,30.003409478349813,89.0,2.9663295454545455,88.0,640x480,h264,yuv420p,True,10.333333333333334
part_3/4179731431165592-REMOTE CONTROL.mp4,remotecontrol,29.91993257479983,29.914529914529915,71.0,2.373428571428571,71.0,640x480,h264,yuv420p,True,10.333333333333334
part_1/086306935430017-SHORT DISTANCE.mp4,shortdistance,30.0,29.994643813604714,57.0,1.9003392857142856,57.0,640x480,h264,yuv420p,True,10.333333333333334
part_1/08497040540501066-SHORT DISTANCE.mp4,shortdistance,29.927760577915375,29.921259842519685,58.0,1.938421052631579,58.0,640x480,h264,yuv420p,True,10.333333333333334
part_4/5658492471028722-SHORT DISTANCE.mp4,shortdistance,30.006978367062107,29.999999999999996,43.0,1.4333333333333336,43.0,640x480,h264,yuv420p,True,10.333333333333334
part_10/skateboarding_20241119_195755_17.mp4,skateboarding,29.91993257479983,29.91725015913431,142.0,4.746425531914894,142.0,640x480,h264,yuv420p,True,29.666666666666668
part_10/skateboarding_20241119_195755_32.mp4,skateboarding,30.0,29.98965873836608,30.0,1.0003448275862068,30.0,640x480,h264,yuv420p,True,29.666666666666668
part_10/skateboarding_20241119_195755_81.mp4,skateboarding,30.522,30.522,59.0,1.9330319114081647,57.0,640x480,h264,yuv420p,True,29.666666666666668
part_1/03513192758742467-SOPHISTICATED.mp4,sophisticated,30.082,30.082,120.0,3.989096469649624,119.0,640x480,h264,yuv420p,True,10.333333333333334
part_2/32519470567212627-SOPHISTICATED.mp4,sophisticated,29.994643813604714,30.00545553737043,56.0,1.8663272727272728,55.0,640x480,h264,yuv420p,True,10.333333333333334
part_4/6868335269098953-SOPHISTICATED.mp4,sophisticated,29.99400119976005,30.006123698714024,50.0,1.6663265306122448,49.0,640x480,h264,yuv420p,True,10.333333333333334
part_2/22869752585996928-SPOT SOMETHING.mp4,spotsomething,29.994643813604714,30.00545553737043,56.0,1.8663272727272728,55.0,640x480,h264,yuv420p,True,10.333333333333334
part_4/6231315755415938-SPOT SOMETHING.mp4,spotsomething,29.994340690435767,30.005770340450084,53.0,1.7663269230769232,52.0,640x480,h264,yuv420p,True,10.333333333333334
part_1/037939429219899345-SPOT SOMETHING.mp4,spotsomething,30.439,30.438999999999997,81.0,2.6610598245671673,79.0,640x480,h264,yuv420p,True,10.333333333333334
part_4/5905581185624884-UNDERGRADUATE.mp4,undergraduate,30.0,30.000000000000004,43.0,1.4333333333333331,43.0,640x480,mpeg4,yuv420p,False,17.0
part_5/8434759125297933-UNDERGRADUATE.mp4,undergraduate,29.975278121137208,29.971901342491417,97.0,3.236364583333333,97.0,640x480,h264,yuv420p,True,17.0
part_5/7207278201122214-seedFINGERSPELLING.mp4,fingerspelling,30.106,30.106,176.0,5.846010761974357,175.0,640x480,h264,yuv420p,True,18.5
part_3/4363241524320469-FINGERSPELLING.mp4,fingerspelling,30.0,29.99823539791777,171.0,5.700335294117647,171.0,640x480,h264,yuv420p,True,18.5
part_1/09002793221077976-GO BACK_AND_FORTH.mp4,gobackandforth,29.919678714859437,29.917121487770366,149.0,4.980425675675676,149.0,640x480,h264,yuv420p,True,10.333333333333334
part_1/0009570133052014818-GO BACK_AND_FORTH.mp4,gobackandforth,30.0,29.998064640990904,156.0,5.200335483870968,156.0,640x480,h264,yuv420p,True,10.333333333333334
part_5/7310536346900192-GO BACK_AND_FORTH.mp4,gobackandforth,30.753,30.753,62.0,2.016063473482262,60.0,640x480,h264,yuv420p,True,10.333333333333334
part_1/16847593949155049-LOOK APPEARANCE.mp4,lookappearance,30.00447828034035,29.999999999999996,67.0,2.2333333333333334,67.0,640x480,h264,yuv420p,True,10.666666666666666
part_4/6237162114311072-LOOK APPEARANCE.mp4,lookappearance,29.995946493717064,30.00411015207563,74.0,2.4663287671232874,73.0,640x480,h264,yuv420p,True,10.666666666666666
part_4/6759083785166795-LOOK APPEARANCE.mp4,lookappearance,29.968454258675077,29.959514170040485,38.0,1.2683783783783784,38.0,640x480,h264,yuv420p,True,10.666666666666666
part_10/quite_a_little_video_41.mp4,quite a little,29.97,29.970000000000002,181.0,6.039372706039372,181.0,640x480,mpeg4,yuv420p,False,25.5
part_10/quite_a_little_video_49.mp4,quite a little,29.97,29.97,66.0,2.2022022022022023,66.0,640x480,mpeg4,yuv420p,False,25.5
part_10/responsibility_4.mp4,responsibility,25.0,24.999999999999996,57.0,2.2800000000000002,68.0,640x480,mpeg4,yuv420p,False,21.5
part_5/8063710107033566-RESPONSIBILITY.mp4,responsibility,29.970760233918128,29.96874425445854,164.0,5.472368098159509,164.0,640x480,h264,yuv420p,True,21.5
part_4/6772724843825193-SNEAK ADVENTURE.mp4,sneakadventure,30.0,30.0,105.0,3.5,105.0,640x480,h264,yuv420p,True,10.333333333333334
part_4/6271109012970582-SNEAK ADVENTURE.mp4,sneakadventure,29.92194275802255,29.916410030796307,69.0,2.306426470588235,69.0,640x480,h264,yuv420p,True,10.333333333333334
part_5/8894801652604905-SNEAK ADVENTURE.mp4,sneakadventure,29.99823539791777,30.001775252973548,170.0,5.666331360946746,169.0,640x480,h264,yuv420p,True,10.333333333333334
part_2/35021322719747405-STAY AWAKE_24HRS.mp4,stayawake24hrs,29.995,29.994999999999997,62.0,2.0670111685280883,62.0,640x480,mpeg4,yuv420p,False,10.333333333333334
part_4/6221405284119397-STAY AWAKE_24HRS.mp4,stayawake24hrs,30.00211282484682,30.0,142.0,4.733333333333333,142.0,640x480,h264,yuv420p,True,10.333333333333334
part_2/27059368900530334-STAY AWAKE_24HRS.mp4,stayawake24hrs,28.053,28.053,115.0,4.099383310162906,122.0,640x480,h264,yuv420p,True,10.333333333333334
part_4/6079977122014426-VERY INTERESTED.mp4,veryinterested,30.0,29.994643813604714,57.0,1.9003392857142856,57.0,640x480,h264,yuv420p,True,10.666666666666666
part_5/8902823729691933-VERY INTERESTED.mp4,veryinterested,30.371,30.371,68.0,2.238977972407889,67.0,640x480,h264,yuv420p,True,10.666666666666666
part_6/9615919808662414-VERY INTERESTED.mp4,veryinterested,29.99210734017364,30.0081103000811,38.0,1.2663243243243245,37.0,640x480,h264,yuv420p,True,10.666666666666666
part_7/congratulations_video_3.mp4,congratulations,29.97,29.97,97.0,3.2365699032365702,97.0,640x480,mpeg4,yuv420p,False,21.0
part_3/3862694352862781-CONGRATULATIONS.mp4,congratulations,30.0,29.99558888398765,69.0,2.3003382352941175,69.0,640x480,h264,yuv420p,True,21.0
part_4/5437162886710538-HOLD ACCOUNTABLE.mp4,holdaccountable,29.975020815986678,29.970451667370202,72.0,2.402366197183098,72.0,640x480,h264,yuv420p,True,10.333333333333334
part_4/6498026727353476-HOLD ACCOUNTABLE.mp4,holdaccountable,30.00491883915396,30.0,61.0,2.033333333333333,61.0,640x480,h264,yuv420p,True,10.333333333333334
part_3/45528286458817235-HOLD ACCOUNTABLE.mp4,holdaccountable,30.0,29.997945346209164,147.0,4.9003356164383565,147.0,640x480,h264,yuv420p,True,10.333333333333334
part_5/8512872921181995-MEMORIZE MEMORIZE.mp4,memorizememorize,30.303,30.303,63.0,2.079002079002079,62.0,640x480,h264,yuv420p,True,10.333333333333334
part_3/5081011346076385-MEMORIZE MEMORIZE.mp4,memorizememorize,30.009,30.008999999999997,67.0,2.2326635342730516,66.0,640x480,h264,yuv420p,True,10.333333333333334
part_2/3214372856631391-MEMORIZE MEMORIZE.mp4,memorizememorize,30.0,29.99434069043577,54.0,1.8003396226415092,54.0,640x480,h264,yuv420p,True,10.333333333333334
part_4/6950108923100551-ABSOLUTELY NOTHING.mp4,absolutelynothing,29.97658079625293,29.971455756422458,64.0,2.135365079365079,64.0,640x480,h264,yuv420p,True,10.333333333333334
part_2/2946739575182-ABSOLUTELY NOTHING.mp4,absolutelynothing,30.0,29.994001199760046,51.0,1.7003400000000002,51.0,640x480,h264,yuv420p,True,10.333333333333334
part_4/5481447158893427-ABSOLUTELY NOTHING.mp4,absolutelynothing,29.975020815986678,29.970451667370195,72.0,2.402366197183099,72.0,640x480,h264,yuv420p,True,10.333333333333334
part_1/013083874100110249-WALK-TIGHTROPE-CL.mp4,walk-tightrope-cl,30.0,29.996739484838603,93.0,3.100336956521739,93.0,640x480,h264,yuv420p,True,10.333333333333334
part_4/7032972889937701-WALK-TIGHTROPE-CL.mp4,walk-tightrope-cl,26.614,26.614,131.0,4.922221387239799,147.0,640x480,h264,yuv420p,True,10.333333333333334
part_5/8478656185820408-WALK-TIGHTROPE-CL.mp4,walk-tightrope-cl,30.313,30.313,91.0,3.0020123379408177,90.0,640x480,mpeg4,yuv420p,False,10.333333333333334
part_4/6675272277821382-DIFFERENT SITUATION.mp4,differentsituation,30.003,30.002999999999997,103.0,3.432990034329901,102.0,640x480,mpeg4,yuv420p,False,10.333333333333334
part_2/35159138423586755-DIFFERENT SITUATION.mp4,differentsituation,29.97560125479261,29.97179125528914,86.0,2.869364705882353,86.0,640x480,h264,yuv420p,True,10.333333333333334
part_1/11720780578202317-DIFFERENT SITUATION.mp4,differentsituation,30.303,30.303,62.0,2.046002046002046,61.0,640x480,h264,yuv420p,True,10.333333333333334
part_2/312643140584534-GOING THROUGH_A_HARD_TIME.mp4,goingthroughahardtime,29.99610440202571,30.003947887879985,77.0,2.566328947368421,76.0,640x480,h264,yuv420p,True,10.333333333333334
part_5/8146811480950145-GOING THROUGH_A_HARD_TIME.mp4,goingthroughahardtime,30.002608922515,30.0,115.0,3.8333333333333335,115.0,640x480,h264,yuv420p,True,10.333333333333334
part_2/1997418947872951-GOING THROUGH_A_HARD_TIME.mp4,goingthroughahardtime,30.0,29.996842437638144,96.0,3.200336842105263,96.0,640x480,h264,yuv420p,True,10.333333333333334
