sha256,n_files,n_labels,labels,paths
aaafa5cbe0d54e668ad7e2f7cd1c08097d3c7e061bd23c9f2c54ac06dff087fc,22,22,arm|batch|battery|deal|good deal|great deal|hatful|heap|lot|mickle|mint|muckle|peck|plenty|quite a little|raft|slew|spate|tidy sum|wad|whole lot|whole slew,part_10/peck_video_29.mp4|part_10/plenty_video_29.mp4|part_10/quite_a_little_video_29.mp4|part_10/raft_video_29.mp4|part_10/slew_video_29.mp4|part_10/spate_video_29.mp4|part_11/tidy_sum_video_29.mp4|part_11/wad_video_29.mp4|part_11/whole_lot_video_29.mp4|part_11/whole_slew_video_29.mp4|part_6/arm_20241119_172633_22.mp4|part_7/batch_video_29.mp4|part_7/battery_video_7.mp4|part_7/deal_video_29.mp4|part_8/good_deal_video_29.mp4|part_8/great_deal_video_29.mp4|part_8/hatful_video_29.mp4|part_8/heap_video_29.mp4|part_9/lot_video_29.mp4|part_9/mickle_video_29.mp4|part_9/mint_video_29.mp4|part_9/muckle_video_29.mp4
00489bf914aad9392c3fdf9b35c4d7b5fdf1b8a9f825d6302d9d93a0c8fad5c4,20,20,batch|deal|good deal|great deal|hatful|heap|lot|mickle|mint|muckle|peck|plenty|quite a little|raft|slew|spate|tidy sum|wad|whole lot|whole slew,part_10/peck_video_45.mp4|part_10/plenty_video_45.mp4|part_10/quite_a_little_video_45.mp4|part_10/raft_video_45.mp4|part_10/slew_video_45.mp4|part_10/spate_video_45.mp4|part_11/tidy_sum_video_45.mp4|part_11/wad_video_45.mp4|part_11/whole_lot_video_45.mp4|part_11/whole_slew_video_45.mp4|part_7/batch_video_45.mp4|part_7/deal_video_45.mp4|part_8/good_deal_video_45.mp4|part_8/great_deal_video_45.mp4|part_8/hatful_video_45.mp4|part_8/heap_video_45.mp4|part_9/lot_video_45.mp4|part_9/mickle_video_45.mp4|part_9/mint_video_45.mp4|part_9/muckle_video_45.mp4
028f7655138a195c5f1d1d11642a865bd5920b217392afbde7330870c1099c7a,20,20,batch|deal|good deal|great deal|hatful|heap|lot|mickle|mint|muckle|peck|plenty|quite a little|raft|slew|spate|tidy sum|wad|whole lot|whole slew,part_10/peck_video_32.mp4|part_10/plenty_video_32.mp4|part_10/quite_a_little_video_32.mp4|part_10/raft_video_32.mp4|part_10/slew_video_32.mp4|part_10/spate_video_32.mp4|part_11/tidy_sum_video_32.mp4|part_11/wad_video_32.mp4|part_11/whole_lot_video_32.mp4|part_11/whole_slew_video_32.mp4|part_7/batch_video_32.mp4|part_7/deal_video_32.mp4|part_8/good_deal_video_32.mp4|part_8/great_deal_video_32.mp4|part_8/hatful_video_32.mp4|part_8/heap_video_32.mp4|part_9/lot_video_32.mp4|part_9/mickle_video_32.mp4|part_9/mint_video_32.mp4|part_9/muckle_video_32.mp4
1277144b7ae249a5473c9722db1724c506ec104e5d98d1ddc0eafccfc38f31b9,20,20,batch|deal|good deal|great deal|hatful|heap|lot|mickle|mint|muckle|peck|plenty|quite a little|raft|slew|spate|tidy sum|wad|whole lot|whole slew,part_10/peck_video_16.mp4|part_10/plenty_video_16.mp4|part_10/quite_a_little_video_16.mp4|part_10/raft_video_16.mp4|part_10/slew_video_16.mp4|part_10/spate_video_16.mp4|part_11/tidy_sum_video_16.mp4|part_11/wad_video_16.mp4|part_11/whole_lot_video_16.mp4|part_11/whole_slew_video_16.mp4|part_7/batch_video_16.mp4|part_7/deal_video_16.mp4|part_8/good_deal_video_16.mp4|part_8/great_deal_video_16.mp4|part_8/hatful_video_16.mp4|part_8/heap_video_16.mp4|part_9/lot_video_16.mp4|part_9/mickle_video_16.mp4|part_9/mint_video_16.mp4|part_9/muckle_video_16.mp4
1624f4e72af173a9d28df5c0f57f076de5d632f67b1dc99dc37d5053e0fbd191,20,20,batch|deal|good deal|great deal|hatful|heap|lot|mickle|mint|muckle|peck|plenty|quite a little|raft|slew|spate|tidy sum|wad|whole lot|whole slew,part_10/peck_video_13.mp4|part_10/plenty_video_13.mp4|part_10/quite_a_little_video_13.mp4|part_10/raft_video_13.mp4|part_10/slew_video_13.mp4|part_10/spate_video_13.mp4|part_11/tidy_sum_video_13.mp4|part_11/wad_video_13.mp4|part_11/whole_lot_video_13.mp4|part_11/whole_slew_video_13.mp4|part_7/batch_video_13.mp4|part_7/deal_video_13.mp4|part_8/good_deal_video_13.mp4|part_8/great_deal_video_13.mp4|part_8/hatful_video_13.mp4|part_8/heap_video_13.mp4|part_9/lot_video_13.mp4|part_9/mickle_video_13.mp4|part_9/mint_video_13.mp4|part_9/muckle_video_13.mp4
1b73148d8bb33d86d30bb6dccaab727c3a3fcc8d7feca0980c080a06430a0d01,20,20,batch|deal|good deal|great deal|hatful|heap|lot|mickle|mint|muckle|peck|plenty|quite a little|raft|slew|spate|tidy sum|wad|whole lot|whole slew,part_10/peck_video_21.mp4|part_10/plenty_video_21.mp4|part_10/quite_a_little_video_21.mp4|part_10/raft_video_21.mp4|part_10/slew_video_21.mp4|part_10/spate_video_21.mp4|part_11/tidy_sum_video_21.mp4|part_11/wad_video_21.mp4|part_11/whole_lot_video_21.mp4|part_11/whole_slew_video_21.mp4|part_7/batch_video_21.mp4|part_7/deal_video_21.mp4|part_8/good_deal_video_21.mp4|part_8/great_deal_video_21.mp4|part_8/hatful_video_21.mp4|part_8/heap_video_21.mp4|part_9/lot_video_21.mp4|part_9/mickle_video_21.mp4|part_9/mint_video_21.mp4|part_9/muckle_video_21.mp4
1c523cdf1fc8e72d456ab769903636a7fb7112590f62790214fbb9de028af08b,20,20,batch|deal|good deal|great deal|hatful|heap|lot|mickle|mint|muckle|peck|plenty|quite a little|raft|slew|spate|tidy sum|wad|whole lot|whole slew,part_10/peck_video_37.mp4|part_10/plenty_video_37.mp4|part_10/quite_a_little_video_37.mp4|part_10/raft_video_37.mp4|part_10/slew_video_37.mp4|part_10/spate_video_37.mp4|part_11/tidy_sum_video_37.mp4|part_11/wad_video_37.mp4|part_11/whole_lot_video_37.mp4|part_11/whole_slew_video_37.mp4|part_7/batch_video_37.mp4|part_7/deal_video_37.mp4|part_8/good_deal_video_37.mp4|part_8/great_deal_video_37.mp4|part_8/hatful_video_37.mp4|part_8/heap_video_37.mp4|part_9/lot_video_37.mp4|part_9/mickle_video_37.mp4|part_9/mint_video_37.mp4|part_9/muckle_video_37.mp4
1c85f7fe0920debfe6c0954d3c72a0b965dad8526278f18be8cb562ee2619d18,20,20,batch|deal|good deal|great deal|hatful|heap|lot|mickle|mint|muckle|peck|plenty|quite a little|raft|slew|spate|tidy sum|wad|whole lot|whole slew,part_10/peck_video_41.mp4|part_10/plenty_video_41.mp4|part_10/quite_a_little_video_41.mp4|part_10/raft_video_41.mp4|part_10/slew_video_41.mp4|part_10/spate_video_41.mp4|part_11/tidy_sum_video_41.mp4|part_11/wad_video_41.mp4|part_11/whole_lot_video_41.mp4|part_11/whole_slew_video_41.mp4|part_7/batch_video_41.mp4|part_7/deal_video_41.mp4|part_8/good_deal_video_41.mp4|part_8/great_deal_video_41.mp4|part_8/hatful_video_41.mp4|part_8/heap_video_41.mp4|part_9/lot_video_41.mp4|part_9/mickle_video_41.mp4|part_9/mint_video_41.mp4|part_9/muckle_video_41.mp4
233311db6ed43e2c486eaa1dd4e6c3438964f68f23bf3a321ceccc3c59dddb98,20,20,batch|deal|good deal|great deal|hatful|heap|lot|mickle|mint|muckle|peck|plenty|quite a little|raft|slew|spate|tidy sum|wad|whole lot|whole slew,part_10/peck_video_26.mp4|part_10/plenty_video_26.mp4|part_10/quite_a_little_video_26.mp4|part_10/raft_video_26.mp4|part_10/slew_video_26.mp4|part_10/spate_video_26.mp4|part_11/tidy_sum_video_26.mp4|part_11/wad_video_26.mp4|part_11/whole_lot_video_26.mp4|part_11/whole_slew_video_26.mp4|part_7/batch_video_26.mp4|part_7/deal_video_26.mp4|part_8/good_deal_video_26.mp4|part_8/great_deal_video_26.mp4|part_8/hatful_video_26.mp4|part_8/heap_video_26.mp4|part_9/lot_video_26.mp4|part_9/mickle_video_26.mp4|part_9/mint_video_26.mp4|part_9/muckle_video_26.mp4
2919a31d306afffd3721c5ffb5aaeb514c5b20d6b902e5abd53204a696fe96fe,20,20,batch|deal|good deal|great deal|hatful|heap|lot|mickle|mint|muckle|peck|plenty|quite a little|raft|slew|spate|tidy sum|wad|whole lot|whole slew,part_10/peck_video_43.mp4|part_10/plenty_video_43.mp4|part_10/quite_a_little_video_43.mp4|part_10/raft_video_43.mp4|part_10/slew_video_43.mp4|part_10/spate_video_43.mp4|part_11/tidy_sum_video_43.mp4|part_11/wad_video_43.mp4|part_11/whole_lot_video_43.mp4|part_11/whole_slew_video_43.mp4|part_7/batch_video_43.mp4|part_7/deal_video_43.mp4|part_8/good_deal_video_43.mp4|part_8/great_deal_video_43.mp4|part_8/hatful_video_43.mp4|part_8/heap_video_43.mp4|part_9/lot_video_43.mp4|part_9/mickle_video_43.mp4|part_9/mint_video_43.mp4|part_9/muckle_video_43.mp4
2c12a745226e3c70ecfde2822b1ca93a2a2cfdcd34a39070a535f8256336fcaa,20,20,batch|deal|good deal|great deal|hatful|heap|lot|mickle|mint|muckle|peck|plenty|quite a little|raft|slew|spate|tidy sum|wad|whole lot|whole slew,part_10/peck_video_5.mp4|part_10/plenty_video_5.mp4|part_10/quite_a_little_video_5.mp4|part_10/raft_video_5.mp4|part_10/slew_video_5.mp4|part_10/spate_video_5.mp4|part_11/tidy_sum_video_5.mp4|part_11/wad_video_5.mp4|part_11/whole_lot_video_5.mp4|part_11/whole_slew_video_5.mp4|part_7/batch_video_5.mp4|part_7/deal_video_5.mp4|part_8/good_deal_video_5.mp4|part_8/great_deal_video_5.mp4|part_8/hatful_video_5.mp4|part_8/heap_video_5.mp4|part_9/lot_video_5.mp4|part_9/mickle_video_5.mp4|part_9/mint_video_5.mp4|part_9/muckle_video_5.mp4
314f5b45093b6e9c4745ad25a530c32f357ee7994932d99f63cc062bdf9b3b65,20,20,batch|deal|good deal|great deal|hatful|heap|lot|mickle|mint|muckle|peck|plenty|quite a little|raft|slew|spate|tidy sum|wad|whole lot|whole slew,part_10/peck_video_15.mp4|part_10/plenty_video_15.mp4|part_10/quite_a_little_video_15.mp4|part_10/raft_video_15.mp4|part_10/slew_video_15.mp4|part_10/spate_video_15.mp4|part_11/tidy_sum_video_15.mp4|part_11/wad_video_15.mp4|part_11/whole_lot_video_15.mp4|part_11/whole_slew_video_15.mp4|part_7/batch_video_15.mp4|part_7/deal_video_15.mp4|part_8/good_deal_video_15.mp4|part_8/great_deal_video_15.mp4|part_8/hatful_video_15.mp4|part_8/heap_video_15.mp4|part_9/lot_video_15.mp4|part_9/mickle_video_15.mp4|part_9/mint_video_15.mp4|part_9/muckle_video_15.mp4
34b5c79fea1fe00dbd836ba80061c2b68188d516ebedd25d7dd3aa62022ccd00,20,20,batch|deal|good deal|great deal|hatful|heap|lot|mickle|mint|muckle|peck|plenty|quite a little|raft|slew|spate|tidy sum|wad|whole lot|whole slew,part_10/peck_video_7.mp4|part_10/plenty_video_7.mp4|part_10/quite_a_little_video_7.mp4|part_10/raft_video_7.mp4|part_10/slew_video_7.mp4|part_10/spate_video_7.mp4|part_11/tidy_sum_video_7.mp4|part_11/wad_video_7.mp4|part_11/whole_lot_video_7.mp4|part_11/whole_slew_video_7.mp4|part_7/batch_video_7.mp4|part_7/deal_video_7.mp4|part_8/good_deal_video_7.mp4|part_8/great_deal_video_7.mp4|part_8/hatful_video_7.mp4|part_8/heap_video_7.mp4|part_9/lot_video_7.mp4|part_9/mickle_video_7.mp4|part_9/mint_video_7.mp4|part_9/muckle_video_7.mp4
40ebe644e071f1eb53c290bc3cc0b9af2c78a5aea3256480833f1145ce866c32,20,20,batch|deal|good deal|great deal|hatful|heap|lot|mickle|mint|muckle|peck|plenty|quite a little|raft|slew|spate|tidy sum|wad|whole lot|whole slew,part_10/peck_video_25.mp4|part_10/plenty_video_25.mp4|part_10/quite_a_little_video_25.mp4|part_10/raft_video_25.mp4|part_10/slew_video_25.mp4|part_10/spate_video_25.mp4|part_11/tidy_sum_video_25.mp4|part_11/wad_video_25.mp4|part_11/whole_lot_video_25.mp4|part_11/whole_slew_video_25.mp4|part_7/batch_video_25.mp4|part_7/deal_video_25.mp4|part_8/good_deal_video_25.mp4|part_8/great_deal_video_25.mp4|part_8/hatful_video_25.mp4|part_8/heap_video_25.mp4|part_9/lot_video_25.mp4|part_9/mickle_video_25.mp4|part_9/mint_video_25.mp4|part_9/muckle_video_25.mp4
44de8a9a35233c43710da2579cdfde40fcaa790aadf9f058581a4296550d6bc4,20,20,batch|deal|good deal|great deal|hatful|heap|lot|mickle|mint|muckle|peck|plenty|quite a little|raft|slew|spate|tidy sum|wad|whole lot|whole slew,part_10/peck_video_11.mp4|part_10/plenty_video_11.mp4|part_10/quite_a_little_video_11.mp4|part_10/raft_video_11.mp4|part_10/slew_video_11.mp4|part_10/spate_video_11.mp4|part_11/tidy_sum_video_11.mp4|part_11/wad_video_11.mp4|part_11/whole_lot_video_11.mp4|part_11/whole_slew_video_11.mp4|part_7/batch_video_11.mp4|part_7/deal_video_11.mp4|part_8/good_deal_video_11.mp4|part_8/great_deal_video_11.mp4|part_8/hatful_video_11.mp4|part_8/heap_video_11.mp4|part_9/lot_video_11.mp4|part_9/mickle_video_11.mp4|part_9/mint_video_11.mp4|part_9/muckle_video_11.mp4
4759461e209496cf28e0fa7f3b0b26d1297c799468f927d325add523c9170384,20,20,batch|deal|good deal|great deal|hatful|heap|lot|mickle|mint|muckle|peck|plenty|quite a little|raft|slew|spate|tidy sum|wad|whole lot|whole slew,part_10/peck_video_20.mp4|part_10/plenty_video_20.mp4|part_10/quite_a_little_video_20.mp4|part_10/raft_video_20.mp4|part_10/slew_video_20.mp4|part_10/spate_video_20.mp4|part_11/tidy_sum_video_20.mp4|part_11/wad_video_20.mp4|part_11/whole_lot_video_20.mp4|part_11/whole_slew_video_20.mp4|part_7/batch_video_20.mp4|part_7/deal_video_20.mp4|part_8/good_deal_video_20.mp4|part_8/great_deal_video_20.mp4|part_8/hatful_video_20.mp4|part_8/heap_video_20.mp4|part_9/lot_video_20.mp4|part_9/mickle_video_20.mp4|part_9/mint_video_20.mp4|part_9/muckle_video_20.mp4
50173b90fe74c8b45b86e09520ba04ef6e191c0942c4fa1337a5bb93fde7a9ef,20,20,batch|deal|good deal|great deal|hatful|heap|lot|mickle|mint|muckle|peck|plenty|quite a little|raft|slew|spate|tidy sum|wad|whole lot|whole slew,part_10/peck_video_4.mp4|part_10/plenty_video_4.mp4|part_10/quite_a_little_video_4.mp4|part_10/raft_video_4.mp4|part_10/slew_video_4.mp4|part_10/spate_video_4.mp4|part_11/tidy_sum_video_4.mp4|part_11/wad_video_4.mp4|part_11/whole_lot_video_4.mp4|part_11/whole_slew_video_4.mp4|part_7/batch_video_4.mp4|part_7/deal_video_4.mp4|part_8/good_deal_video_4.mp4|part_8/great_deal_video_4.mp4|part_8/hatful_video_4.mp4|part_8/heap_video_4.mp4|part_9/lot_video_4.mp4|part_9/mickle_video_4.mp4|part_9/mint_video_4.mp4|part_9/muckle_video_4.mp4
559e7857d5df64495b6b97b315a2a7dff88e3bb576675629567c35909be8f2f6,20,20,batch|deal|good deal|great deal|hatful|heap|lot|mickle|mint|muckle|peck|plenty|quite a little|raft|slew|spate|tidy sum|wad|whole lot|whole slew,part_10/peck_video_10.mp4|part_10/plenty_video_10.mp4|part_10/quite_a_little_video_10.mp4|part_10/raft_video_10.mp4|part_10/slew_video_10.mp4|part_10/spate_video_10.mp4|part_11/tidy_sum_video_10.mp4|part_11/wad_video_10.mp4|part_11/whole_lot_video_10.mp4|part_11/whole_slew_video_10.mp4|part_7/batch_video_10.mp4|part_7/deal_video_10.mp4|part_8/good_deal_video_10.mp4|part_8/great_deal_video_10.mp4|part_8/hatful_video_10.mp4|part_8/heap_video_10.mp4|part_9/lot_video_10.mp4|part_9/mickle_video_10.mp4|part_9/mint_video_10.mp4|part_9/muckle_video_10.mp4
60690ce11683a55875bd74799a83456c87aaef33b8595a0892eca6433f352493,20,20,batch|deal|good deal|great deal|hatful|heap|lot|mickle|mint|muckle|peck|plenty|quite a little|raft|slew|spate|tidy sum|wad|whole lot|whole slew,part_10/peck_video_49.mp4|part_10/plenty_video_49.mp4|part_10/quite_a_little_video_49.mp4|part_10/raft_video_49.mp4|part_10/slew_video_49.mp4|part_10/spate_video_49.mp4|part_11/tidy_sum_video_49.mp4|part_11/wad_video_49.mp4|part_11/whole_lot_video_49.mp4|part_11/whole_slew_video_49.mp4|part_7/batch_video_49.mp4|part_7/deal_video_49.mp4|part_8/good_deal_video_49.mp4|part_8/great_deal_video_49.mp4|part_8/hatful_video_49.mp4|part_8/heap_video_49.mp4|part_9/lot_video_49.mp4|part_9/mickle_video_49.mp4|part_9/mint_video_49.mp4|part_9/muckle_video_49.mp4
633d4c71b3f7b10c6a656d2f1500d3fec38af39a52cc776c946ae4fc7990c0a2,20,20,batch|deal|good deal|great deal|hatful|heap|lot|mickle|mint|muckle|peck|plenty|quite a little|raft|slew|spate|tidy sum|wad|whole lot|whole slew,part_10/peck_video_9.mp4|part_10/plenty_video_9.mp4|part_10/quite_a_little_video_9.mp4|part_10/raft_video_9.mp4|part_10/slew_video_9.mp4|part_10/spate_video_9.mp4|part_11/tidy_sum_video_9.mp4|part_11/wad_video_9.mp4|part_11/whole_lot_video_9.mp4|part_11/whole_slew_video_9.mp4|part_7/batch_video_9.mp4|part_7/deal_video_9.mp4|part_8/good_deal_video_9.mp4|part_8/great_deal_video_9.mp4|part_8/hatful_video_9.mp4|part_8/heap_video_9.mp4|part_9/lot_video_9.mp4|part_9/mickle_video_9.mp4|part_9/mint_video_9.mp4|part_9/muckle_video_9.mp4
64d7315aa0db2e371067aa1d8921fb3da3c27ed4587e89486f257b86b166983d,20,20,batch|deal|good deal|great deal|hatful|heap|lot|mickle|mint|muckle|peck|plenty|quite a little|raft|slew|spate|tidy sum|wad|whole lot|whole slew,part_10/peck_video_22.mp4|part_10/plenty_video_22.mp4|part_10/quite_a_little_video_22.mp4|part_10/raft_video_22.mp4|part_10/slew_video_22.mp4|part_10/spate_video_22.mp4|part_11/tidy_sum_video_22.mp4|part_11/wad_video_22.mp4|part_11/whole_lot_video_22.mp4|part_11/whole_slew_video_22.mp4|part_7/batch_video_22.mp4|part_7/deal_video_22.mp4|part_8/good_deal_video_22.mp4|part_8/great_deal_video_22.mp4|part_8/hatful_video_22.mp4|part_8/heap_video_22.mp4|part_9/lot_video_22.mp4|part_9/mickle_video_22.mp4|part_9/mint_video_22.mp4|part_9/muckle_video_22.mp4
6821be2810f508f1648d726d4d14d5e9eb0733e6b60ac039a14df4d40a595e03,20,20,batch|deal|good deal|great deal|hatful|heap|lot|mickle|mint|muckle|peck|plenty|quite a little|raft|slew|spate|tidy sum|wad|whole lot|whole slew,part_10/peck_video_30.mp4|part_10/plenty_video_30.mp4|part_10/quite_a_little_video_30.mp4|part_10/raft_video_30.mp4|part_10/slew_video_30.mp4|part_10/spate_video_30.mp4|part_11/tidy_sum_video_30.mp4|part_11/wad_video_30.mp4|part_11/whole_lot_video_30.mp4|part_11/whole_slew_video_30.mp4|part_7/batch_video_30.mp4|part_7/deal_video_30.mp4|part_8/good_deal_video_30.mp4|part_8/great_deal_video_30.mp4|part_8/hatful_video_30.mp4|part_8/heap_video_30.mp4|part_9/lot_video_30.mp4|part_9/mickle_video_30.mp4|part_9/mint_video_30.mp4|part_9/muckle_video_30.mp4
692d2c4cc6e7a119cb16f595bb4c7f873c79f4d1c6eea33c1e0da6d6faddc36c,20,20,batch|deal|good deal|great deal|hatful|heap|lot|mickle|mint|muckle|peck|plenty|quite a little|raft|slew|spate|tidy sum|wad|whole lot|whole slew,part_10/peck_video_50.mp4|part_10/plenty_video_50.mp4|part_10/quite_a_little_video_50.mp4|part_10/raft_video_50.mp4|part_10/slew_video_50.mp4|part_10/spate_video_50.mp4|part_11/tidy_sum_video_50.mp4|part_11/wad_video_50.mp4|part_11/whole_lot_video_50.mp4|part_11/whole_slew_video_50.mp4|part_7/batch_video_50.mp4|part_7/deal_video_50.mp4|part_8/good_deal_video_50.mp4|part_8/great_deal_video_50.mp4|part_8/hatful_video_50.mp4|part_8/heap_video_50.mp4|part_9/lot_video_50.mp4|part_9/mickle_video_50.mp4|part_9/mint_video_50.mp4|part_9/muckle_video_50.mp4
747335bb195bd5f0229b1d580de320638658706226ca6d25b253337ea10828f3,20,20,batch|deal|good deal|great deal|hatful|heap|lot|mickle|mint|muckle|peck|plenty|quite a little|raft|slew|spate|tidy sum|wad|whole lot|whole slew,part_10/peck_video_44.mp4|part_10/plenty_video_44.mp4|part_10/quite_a_little_video_44.mp4|part_10/raft_video_44.mp4|part_10/slew_video_44.mp4|part_10/spate_video_44.mp4|part_11/tidy_sum_video_44.mp4|part_11/wad_video_44.mp4|part_11/whole_lot_video_44.mp4|part_11/whole_slew_video_44.mp4|part_7/batch_video_44.mp4|part_7/deal_video_44.mp4|part_8/good_deal_video_44.mp4|part_8/great_deal_video_44.mp4|part_8/hatful_video_44.mp4|part_8/heap_video_44.mp4|part_9/lot_video_44.mp4|part_9/mickle_video_44.mp4|part_9/mint_video_44.mp4|part_9/muckle_video_44.mp4
807012c9d415edd5ec12044d3d1fdc34fdf8140e4bfe98212e76eb96c98378b1,20,20,batch|deal|good deal|great deal|hatful|heap|lot|mickle|mint|muckle|peck|plenty|quite a little|raft|slew|spate|tidy sum|wad|whole lot|whole slew,part_10/peck_video_8.mp4|part_10/plenty_video_8.mp4|part_10/quite_a_little_video_8.mp4|part_10/raft_video_8.mp4|part_10/slew_video_8.mp4|part_10/spate_video_8.mp4|part_11/tidy_sum_video_8.mp4|part_11/wad_video_8.mp4|part_11/whole_lot_video_8.mp4|part_11/whole_slew_video_8.mp4|part_7/batch_video_8.mp4|part_7/deal_video_8.mp4|part_8/good_deal_video_8.mp4|part_8/great_deal_video_8.mp4|part_8/hatful_video_8.mp4|part_8/heap_video_8.mp4|part_9/lot_video_8.mp4|part_9/mickle_video_8.mp4|part_9/mint_video_8.mp4|part_9/muckle_video_8.mp4
859b0ca011a95ae7499f4b761f9090b27acd2007924621e8ce5fd63e204af638,20,20,batch|deal|good deal|great deal|hatful|heap|lot|mickle|mint|muckle|peck|plenty|quite a little|raft|slew|spate|tidy sum|wad|whole lot|whole slew,part_10/peck_video_6.mp4|part_10/plenty_video_6.mp4|part_10/quite_a_little_video_6.mp4|part_10/raft_video_6.mp4|part_10/slew_video_6.mp4|part_10/spate_video_6.mp4|part_11/tidy_sum_video_6.mp4|part_11/wad_video_6.mp4|part_11/whole_lot_video_6.mp4|part_11/whole_slew_video_6.mp4|part_7/batch_video_6.mp4|part_7/deal_video_6.mp4|part_8/good_deal_video_6.mp4|part_8/great_deal_video_6.mp4|part_8/hatful_video_6.mp4|part_8/heap_video_6.mp4|part_9/lot_video_6.mp4|part_9/mickle_video_6.mp4|part_9/mint_video_6.mp4|part_9/muckle_video_6.mp4
87be263b6e29d6d9fe565ffa58fc3cc8c52377ff6b808c3deb6b808946a27d4d,20,20,batch|deal|good deal|great deal|hatful|heap|lot|mickle|mint|muckle|peck|plenty|quite a little|raft|slew|spate|tidy sum|wad|whole lot|whole slew,part_10/peck_video_2.mp4|part_10/plenty_video_2.mp4|part_10/quite_a_little_video_2.mp4|part_10/raft_video_2.mp4|part_10/slew_video_2.mp4|part_10/spate_video_2.mp4|part_11/tidy_sum_video_2.mp4|part_11/wad_video_2.mp4|part_11/whole_lot_video_2.mp4|part_11/whole_slew_video_2.mp4|part_7/batch_video_2.mp4|part_7/deal_video_2.mp4|part_8/good_deal_video_2.mp4|part_8/great_deal_video_2.mp4|part_8/hatful_video_2.mp4|part_8/heap_video_2.mp4|part_9/lot_video_2.mp4|part_9/mickle_video_2.mp4|part_9/mint_video_2.mp4|part_9/muckle_video_2.mp4
998928b8dadaad1166971000b753f7a1c7f04a51f414ad1c580a1a918883a8cc,20,20,batch|deal|good deal|great deal|hatful|heap|lot|mickle|mint|muckle|peck|plenty|quite a little|raft|slew|spate|tidy sum|wad|whole lot|whole slew,part_10/peck_video_46.mp4|part_10/plenty_video_46.mp4|part_10/quite_a_little_video_46.mp4|part_10/raft_video_46.mp4|part_10/slew_video_46.mp4|part_10/spate_video_46.mp4|part_11/tidy_sum_video_46.mp4|part_11/wad_video_46.mp4|part_11/whole_lot_video_46.mp4|part_11/whole_slew_video_46.mp4|part_7/batch_video_46.mp4|part_7/deal_video_46.mp4|part_8/good_deal_video_46.mp4|part_8/great_deal_video_46.mp4|part_8/hatful_video_46.mp4|part_8/heap_video_46.mp4|part_9/lot_video_46.mp4|part_9/mickle_video_46.mp4|part_9/mint_video_46.mp4|part_9/muckle_video_46.mp4
9dddb4cb013956cabf187e393e48bc5910118e250e6a399625b86f77e77fe8df,20,20,batch|deal|good deal|great deal|hatful|heap|lot|mickle|mint|muckle|peck|plenty|quite a little|raft|slew|spate|tidy sum|wad|whole lot|whole slew,part_10/peck_video_38.mp4|part_10/plenty_video_38.mp4|part_10/quite_a_little_video_38.mp4|part_10/raft_video_38.mp4|part_10/slew_video_38.mp4|part_10/spate_video_38.mp4|part_11/tidy_sum_video_38.mp4|part_11/wad_video_38.mp4|part_11/whole_lot_video_38.mp4|part_11/whole_slew_video_38.mp4|part_7/batch_video_38.mp4|part_7/deal_video_38.mp4|part_8/good_deal_video_38.mp4|part_8/great_deal_video_38.mp4|part_8/hatful_video_38.mp4|part_8/heap_video_38.mp4|part_9/lot_video_38.mp4|part_9/mickle_video_38.mp4|part_9/mint_video_38.mp4|part_9/muckle_video_38.mp4
a4683ad8b62421c2f3bec75c635b1befca781ad03bccee1929a3351781194ede,20,20,batch|deal|good deal|great deal|hatful|heap|lot|mickle|mint|muckle|peck|plenty|quite a little|raft|slew|spate|tidy sum|wad|whole lot|whole slew,part_10/peck_video_48.mp4|part_10/plenty_video_48.mp4|part_10/quite_a_little_video_48.mp4|part_10/raft_video_48.mp4|part_10/slew_video_48.mp4|part_10/spate_video_48.mp4|part_11/tidy_sum_video_48.mp4|part_11/wad_video_48.mp4|part_11/whole_lot_video_48.mp4|part_11/whole_slew_video_48.mp4|part_7/batch_video_48.mp4|part_7/deal_video_48.mp4|part_8/good_deal_video_48.mp4|part_8/great_deal_video_48.mp4|part_8/hatful_video_48.mp4|part_8/heap_video_48.mp4|part_9/lot_video_48.mp4|part_9/mickle_video_48.mp4|part_9/mint_video_48.mp4|part_9/muckle_video_48.mp4
aa015fc7a28a4d3ce5ab5156ce3ed3fd1f39c2b75b527d9109dadbcef977dd0c,20,20,batch|deal|good deal|great deal|hatful|heap|lot|mickle|mint|muckle|peck|plenty|quite a little|raft|slew|spate|tidy sum|wad|whole lot|whole slew,part_10/peck_video_12.mp4|part_10/plenty_video_12.mp4|part_10/quite_a_little_video_12.mp4|part_10/raft_video_12.mp4|part_10/slew_video_12.mp4|part_10/spate_video_12.mp4|part_11/tidy_sum_video_12.mp4|part_11/wad_video_12.mp4|part_11/whole_lot_video_12.mp4|part_11/whole_slew_video_12.mp4|part_7/batch_video_12.mp4|part_7/deal_video_12.mp4|part_8/good_deal_video_12.mp4|part_8/great_deal_video_12.mp4|part_8/hatful_video_12.mp4|part_8/heap_video_12.mp4|part_9/lot_video_12.mp4|part_9/mickle_video_12.mp4|part_9/mint_video_12.mp4|part_9/muckle_video_12.mp4
ab88c1b0f15c186fb3cf61b5f2e951735252ff95334addd2c2e29f1f8b36874b,20,20,batch|deal|good deal|great deal|hatful|heap|lot|mickle|mint|muckle|peck|plenty|quite a little|raft|slew|spate|tidy sum|wad|whole lot|whole slew,part_10/peck_video_33.mp4|part_10/plenty_video_33.mp4|part_10/quite_a_little_video_33.mp4|part_10/raft_video_33.mp4|part_10/slew_video_33.mp4|part_10/spate_video_33.mp4|part_11/tidy_sum_video_33.mp4|part_11/wad_video_33.mp4|part_11/whole_lot_video_33.mp4|part_11/whole_slew_video_33.mp4|part_7/batch_video_33.mp4|part_7/deal_video_33.mp4|part_8/good_deal_video_33.mp4|part_8/great_deal_video_33.mp4|part_8/hatful_video_33.mp4|part_8/heap_video_33.mp4|part_9/lot_video_33.mp4|part_9/mickle_video_33.mp4|part_9/mint_video_33.mp4|part_9/muckle_video_33.mp4
affcb9681bc5c8f554c689e21fa19166b3808cfa17f2caf0ed5901af9468be56,20,20,batch|deal|good deal|great deal|hatful|heap|lot|mickle|mint|muckle|peck|plenty|quite a little|raft|slew|spate|tidy sum|wad|whole lot|whole slew,part_10/peck_video_27.mp4|part_10/plenty_video_27.mp4|part_10/quite_a_little_video_27.mp4|part_10/raft_video_27.mp4|part_10/slew_video_27.mp4|part_10/spate_video_27.mp4|part_11/tidy_sum_video_27.mp4|part_11/wad_video_27.mp4|part_11/whole_lot_video_27.mp4|part_11/whole_slew_video_27.mp4|part_7/batch_video_27.mp4|part_7/deal_video_27.mp4|part_8/good_deal_video_27.mp4|part_8/great_deal_video_27.mp4|part_8/hatful_video_27.mp4|part_8/heap_video_27.mp4|part_9/lot_video_27.mp4|part_9/mickle_video_27.mp4|part_9/mint_video_27.mp4|part_9/muckle_video_27.mp4
b5a4dd5c04131b8b8a57d377495b214083c3f927195a367336a66813665c56ac,20,20,batch|deal|good deal|great deal|hatful|heap|lot|mickle|mint|muckle|peck|plenty|quite a little|raft|slew|spate|tidy sum|wad|whole lot|whole slew,part_10/peck_video_36.mp4|part_10/plenty_video_36.mp4|part_10/quite_a_little_video_36.mp4|part_10/raft_video_36.mp4|part_10/slew_video_36.mp4|part_10/spate_video_36.mp4|part_11/tidy_sum_video_36.mp4|part_11/wad_video_36.mp4|part_11/whole_lot_video_36.mp4|part_11/whole_slew_video_36.mp4|part_7/batch_video_36.mp4|part_7/deal_video_36.mp4|part_8/good_deal_video_36.mp4|part_8/great_deal_video_36.mp4|part_8/hatful_video_36.mp4|part_8/heap_video_36.mp4|part_9/lot_video_36.mp4|part_9/mickle_video_36.mp4|part_9/mint_video_36.mp4|part_9/muckle_video_36.mp4
b6d147b63127b5ea008cdbc4ff3871319da48e1370690a2c11d1aa3b621c787d,20,20,batch|deal|good deal|great deal|hatful|heap|lot|mickle|mint|muckle|peck|plenty|quite a little|raft|slew|spate|tidy sum|wad|whole lot|whole slew,part_10/peck_video_19.mp4|part_10/plenty_video_19.mp4|part_10/quite_a_little_video_19.mp4|part_10/raft_video_19.mp4|part_10/slew_video_19.mp4|part_10/spate_video_19.mp4|part_11/tidy_sum_video_19.mp4|part_11/wad_video_19.mp4|part_11/whole_lot_video_19.mp4|part_11/whole_slew_video_19.mp4|part_7/batch_video_19.mp4|part_7/deal_video_19.mp4|part_8/good_deal_video_19.mp4|part_8/great_deal_video_19.mp4|part_8/hatful_video_19.mp4|part_8/heap_video_19.mp4|part_9/lot_video_19.mp4|part_9/mickle_video_19.mp4|part_9/mint_video_19.mp4|part_9/muckle_video_19.mp4
b78ebb441190f90f13a62bdca0caa6424296169f8f161fa99774b2384e75927e,20,20,batch|deal|good deal|great deal|hatful|heap|lot|mickle|mint|muckle|peck|plenty|quite a little|raft|slew|spate|tidy sum|wad|whole lot|whole slew,part_10/peck_video_24.mp4|part_10/plenty_video_24.mp4|part_10/quite_a_little_video_24.mp4|part_10/raft_video_24.mp4|part_10/slew_video_24.mp4|part_10/spate_video_24.mp4|part_11/tidy_sum_video_24.mp4|part_11/wad_video_24.mp4|part_11/whole_lot_video_24.mp4|part_11/whole_slew_video_24.mp4|part_7/batch_video_24.mp4|part_7/deal_video_24.mp4|part_8/good_deal_video_24.mp4|part_8/great_deal_video_24.mp4|part_8/hatful_video_24.mp4|part_8/heap_video_24.mp4|part_9/lot_video_24.mp4|part_9/mickle_video_24.mp4|part_9/mint_video_24.mp4|part_9/muckle_video_24.mp4
bfd6f66cf76a9a4596befca4adc16700dfd7e7b1c03f7e7657524ab78924e914,20,20,batch|deal|good deal|great deal|hatful|heap|lot|mickle|mint|muckle|peck|plenty|quite a little|raft|slew|spate|tidy sum|wad|whole lot|whole slew,part_10/peck_video_23.mp4|part_10/plenty_video_23.mp4|part_10/quite_a_little_video_23.mp4|part_10/raft_video_23.mp4|part_10/slew_video_23.mp4|part_10/spate_video_23.mp4|part_11/tidy_sum_video_23.mp4|part_11/wad_video_23.mp4|part_11/whole_lot_video_23.mp4|part_11/whole_slew_video_23.mp4|part_7/batch_video_23.mp4|part_7/deal_video_23.mp4|part_8/good_deal_video_23.mp4|part_8/great_deal_video_23.mp4|part_8/hatful_video_23.mp4|part_8/heap_video_23.mp4|part_9/lot_video_23.mp4|part_9/mickle_video_23.mp4|part_9/mint_video_23.mp4|part_9/muckle_video_23.mp4
c92902e90d985ab51e53f035b2fb39938f40d002deb33f1d49ce1e210d57238b,20,20,batch|deal|good deal|great deal|hatful|heap|lot|mickle|mint|muckle|peck|plenty|quite a little|raft|slew|spate|tidy sum|wad|whole lot|whole slew,part_10/peck_video_31.mp4|part_10/plenty_video_31.mp4|part_10/quite_a_little_video_31.mp4|part_10/raft_video_31.mp4|part_10/slew_video_31.mp4|part_10/spate_video_31.mp4|part_11/tidy_sum_video_31.mp4|part_11/wad_video_31.mp4|part_11/whole_lot_video_31.mp4|part_11/whole_slew_video_31.mp4|part_7/batch_video_31.mp4|part_7/deal_video_31.mp4|part_8/good_deal_video_31.mp4|part_8/great_deal_video_31.mp4|part_8/hatful_video_31.mp4|part_8/heap_video_31.mp4|part_9/lot_video_31.mp4|part_9/mickle_video_31.mp4|part_9/mint_video_31.mp4|part_9/muckle_video_31.mp4
cfe692131fcfdd8d0f1c49955ab5f1184055e395b4e19544e11820f3f463f7a8,20,20,batch|deal|good deal|great deal|hatful|heap|lot|mickle|mint|muckle|peck|plenty|quite a little|raft|slew|spate|tidy sum|wad|whole lot|whole slew,part_10/peck_video_35.mp4|part_10/plenty_video_35.mp4|part_10/quite_a_little_video_35.mp4|part_10/raft_video_35.mp4|part_10/slew_video_35.mp4|part_10/spate_video_35.mp4|part_11/tidy_sum_video_35.mp4|part_11/wad_video_35.mp4|part_11/whole_lot_video_35.mp4|part_11/whole_slew_video_35.mp4|part_7/batch_video_35.mp4|part_7/deal_video_35.mp4|part_8/good_deal_video_35.mp4|part_8/great_deal_video_35.mp4|part_8/hatful_video_35.mp4|part_8/heap_video_35.mp4|part_9/lot_video_35.mp4|part_9/mickle_video_35.mp4|part_9/mint_video_35.mp4|part_9/muckle_video_35.mp4
dab6e95d4a9e0b00bec6e784fa886374a724469044f6a6059fdcd1fe40d6a15a,20,20,batch|deal|good deal|great deal|hatful|heap|lot|mickle|mint|muckle|peck|plenty|quite a little|raft|slew|spate|tidy sum|wad|whole lot|whole slew,part_10/peck_video_39.mp4|part_10/plenty_video_39.mp4|part_10/quite_a_little_video_39.mp4|part_10/raft_video_39.mp4|part_10/slew_video_39.mp4|part_10/spate_video_39.mp4|part_11/tidy_sum_video_39.mp4|part_11/wad_video_39.mp4|part_11/whole_lot_video_39.mp4|part_11/whole_slew_video_39.mp4|part_7/batch_video_39.mp4|part_7/deal_video_39.mp4|part_8/good_deal_video_39.mp4|part_8/great_deal_video_39.mp4|part_8/hatful_video_39.mp4|part_8/heap_video_39.mp4|part_9/lot_video_39.mp4|part_9/mickle_video_39.mp4|part_9/mint_video_39.mp4|part_9/muckle_video_39.mp4
e8eb9a7a596481c86e371884bd841d477be63d33303eefc01bef2808feacb09e,20,20,batch|deal|good deal|great deal|hatful|heap|lot|mickle|mint|muckle|peck|plenty|quite a little|raft|slew|spate|tidy sum|wad|whole lot|whole slew,part_10/peck_video_34.mp4|part_10/plenty_video_34.mp4|part_10/quite_a_little_video_34.mp4|part_10/raft_video_34.mp4|part_10/slew_video_34.mp4|part_10/spate_video_34.mp4|part_11/tidy_sum_video_34.mp4|part_11/wad_video_34.mp4|part_11/whole_lot_video_34.mp4|part_11/whole_slew_video_34.mp4|part_7/batch_video_34.mp4|part_7/deal_video_34.mp4|part_8/good_deal_video_34.mp4|part_8/great_deal_video_34.mp4|part_8/hatful_video_34.mp4|part_8/heap_video_34.mp4|part_9/lot_video_34.mp4|part_9/mickle_video_34.mp4|part_9/mint_video_34.mp4|part_9/muckle_video_34.mp4
f150cd3867f5d9a683c428f8abf347f6958c3310efe38a3c91c25272227a54c3,20,20,batch|deal|good deal|great deal|hatful|heap|lot|mickle|mint|muckle|peck|plenty|quite a little|raft|slew|spate|tidy sum|wad|whole lot|whole slew,part_10/peck_video_42.mp4|part_10/plenty_video_42.mp4|part_10/quite_a_little_video_42.mp4|part_10/raft_video_42.mp4|part_10/slew_video_42.mp4|part_10/spate_video_42.mp4|part_11/tidy_sum_video_42.mp4|part_11/wad_video_42.mp4|part_11/whole_lot_video_42.mp4|part_11/whole_slew_video_42.mp4|part_7/batch_video_42.mp4|part_7/deal_video_42.mp4|part_8/good_deal_video_42.mp4|part_8/great_deal_video_42.mp4|part_8/hatful_video_42.mp4|part_8/heap_video_42.mp4|part_9/lot_video_42.mp4|part_9/mickle_video_42.mp4|part_9/mint_video_42.mp4|part_9/muckle_video_42.mp4
f1838f97cf90b05e3090f373508b67504f8dc4b15b6b52a5f704b613d59b4c1f,20,20,batch|deal|good deal|great deal|hatful|heap|lot|mickle|mint|muckle|peck|plenty|quite a little|raft|slew|spate|tidy sum|wad|whole lot|whole slew,part_10/peck_video_40.mp4|part_10/plenty_video_40.mp4|part_10/quite_a_little_video_40.mp4|part_10/raft_video_40.mp4|part_10/slew_video_40.mp4|part_10/spate_video_40.mp4|part_11/tidy_sum_video_40.mp4|part_11/wad_video_40.mp4|part_11/whole_lot_video_40.mp4|part_11/whole_slew_video_40.mp4|part_7/batch_video_40.mp4|part_7/deal_video_40.mp4|part_8/good_deal_video_40.mp4|part_8/great_deal_video_40.mp4|part_8/hatful_video_40.mp4|part_8/heap_video_40.mp4|part_9/lot_video_40.mp4|part_9/mickle_video_40.mp4|part_9/mint_video_40.mp4|part_9/muckle_video_40.mp4
f608889a7c0100c11b32d9d570270387493df109c57d954e4df21722575ae309,20,20,batch|deal|good deal|great deal|hatful|heap|lot|mickle|mint|muckle|peck|plenty|quite a little|raft|slew|spate|tidy sum|wad|whole lot|whole slew,part_10/peck_video_47.mp4|part_10/plenty_video_47.mp4|part_10/quite_a_little_video_47.mp4|part_10/raft_video_47.mp4|part_10/slew_video_47.mp4|part_10/spate_video_47.mp4|part_11/tidy_sum_video_47.mp4|part_11/wad_video_47.mp4|part_11/whole_lot_video_47.mp4|part_11/whole_slew_video_47.mp4|part_7/batch_video_47.mp4|part_7/deal_video_47.mp4|part_8/good_deal_video_47.mp4|part_8/great_deal_video_47.mp4|part_8/hatful_video_47.mp4|part_8/heap_video_47.mp4|part_9/lot_video_47.mp4|part_9/mickle_video_47.mp4|part_9/mint_video_47.mp4|part_9/muckle_video_47.mp4
fa375a36ad3f5d7c017075af6d675c1350b3e01fbc9abe840fc386805b268627,20,20,batch|deal|good deal|great deal|hatful|heap|lot|mickle|mint|muckle|peck|plenty|quite a little|raft|slew|spate|tidy sum|wad|whole lot|whole slew,part_10/peck_video_17.mp4|part_10/plenty_video_17.mp4|part_10/quite_a_little_video_17.mp4|part_10/raft_video_17.mp4|part_10/slew_video_17.mp4|part_10/spate_video_17.mp4|part_11/tidy_sum_video_17.mp4|part_11/wad_video_17.mp4|part_11/whole_lot_video_17.mp4|part_11/whole_slew_video_17.mp4|part_7/batch_video_17.mp4|part_7/deal_video_17.mp4|part_8/good_deal_video_17.mp4|part_8/great_deal_video_17.mp4|part_8/hatful_video_17.mp4|part_8/heap_video_17.mp4|part_9/lot_video_17.mp4|part_9/mickle_video_17.mp4|part_9/mint_video_17.mp4|part_9/muckle_video_17.mp4
c473378bcbb932646f4da3b6ed84eeed9e9d4c1031f605dba6a191d3525e2579,19,19,batch|deal|good deal|great deal|hatful|heap|lot|mickle|mint|muckle|peck|quite a little|raft|slew|spate|tidy sum|wad|whole lot|whole slew,part_10/peck_video_3.mp4|part_10/quite_a_little_video_3.mp4|part_10/raft_video_3.mp4|part_10/slew_video_3.mp4|part_10/spate_video_3.mp4|part_11/tidy_sum_video_3.mp4|part_11/wad_video_3.mp4|part_11/whole_lot_video_3.mp4|part_11/whole_slew_video_3.mp4|part_7/batch_video_3.mp4|part_7/deal_video_3.mp4|part_8/good_deal_video_3.mp4|part_8/great_deal_video_3.mp4|part_8/hatful_video_3.mp4|part_8/heap_video_3.mp4|part_9/lot_video_3.mp4|part_9/mickle_video_3.mp4|part_9/mint_video_3.mp4|part_9/muckle_video_3.mp4
c85b03a612b6add69083fb5df4df849ea76a1880e6dc716100f76cd0baf6a4a3,19,19,batch|deal|good deal|great deal|hatful|lot|mickle|mint|muckle|peck|plenty|quite a little|raft|slew|spate|tidy sum|wad|whole lot|whole slew,part_10/peck_video_28.mp4|part_10/plenty_video_28.mp4|part_10/quite_a_little_video_28.mp4|part_10/raft_video_28.mp4|part_10/slew_video_28.mp4|part_10/spate_video_28.mp4|part_11/tidy_sum_video_28.mp4|part_11/wad_video_28.mp4|part_11/whole_lot_video_28.mp4|part_11/whole_slew_video_28.mp4|part_7/batch_video_28.mp4|part_7/deal_video_28.mp4|part_8/good_deal_video_28.mp4|part_8/great_deal_video_28.mp4|part_8/hatful_video_28.mp4|part_9/lot_video_28.mp4|part_9/mickle_video_28.mp4|part_9/mint_video_28.mp4|part_9/muckle_video_28.mp4
e41d21851c81161d522eb337839b5d4c048ba55260a32c6fd963bce09b4129fa,19,19,batch|deal|good deal|great deal|hatful|lot|mickle|mint|muckle|peck|plenty|quite a little|raft|slew|spate|tidy sum|wad|whole lot|whole slew,part_10/peck_video_18.mp4|part_10/plenty_video_18.mp4|part_10/quite_a_little_video_18.mp4|part_10/raft_video_18.mp4|part_10/slew_video_18.mp4|part_10/spate_video_18.mp4|part_11/tidy_sum_video_18.mp4|part_11/wad_video_18.mp4|part_11/whole_lot_video_18.mp4|part_11/whole_slew_video_18.mp4|part_7/batch_video_18.mp4|part_7/deal_video_18.mp4|part_8/good_deal_video_18.mp4|part_8/great_deal_video_18.mp4|part_8/hatful_video_18.mp4|part_9/lot_video_18.mp4|part_9/mickle_video_18.mp4|part_9/mint_video_18.mp4|part_9/muckle_video_18.mp4
f846f3ee74db6593b3e5052a0e9e93d151ac03eb1b6538aa7fb56845d1dd5589,19,19,batch|deal|good deal|great deal|hatful|heap|lot|mickle|mint|muckle|peck|quite a little|raft|slew|spate|tidy sum|wad|whole lot|whole slew,part_10/peck_video_14.mp4|part_10/quite_a_little_video_14.mp4|part_10/raft_video_14.mp4|part_10/slew_video_14.mp4|part_10/spate_video_14.mp4|part_11/tidy_sum_video_14.mp4|part_11/wad_video_14.mp4|part_11/whole_lot_video_14.mp4|part_11/whole_slew_video_14.mp4|part_7/batch_video_14.mp4|part_7/deal_video_14.mp4|part_8/good_deal_video_14.mp4|part_8/great_deal_video_14.mp4|part_8/hatful_video_14.mp4|part_8/heap_video_14.mp4|part_9/lot_video_14.mp4|part_9/mickle_video_14.mp4|part_9/mint_video_14.mp4|part_9/muckle_video_14.mp4
42242cac3b47c407a12c0c05cb8113fd646921efb76f3529923339c3af6b5865,18,18,batch|deal|good deal|great deal|hatful|lot|mickle|mint|muckle|peck|quite a little|raft|slew|spate|tidy sum|wad|whole lot|whole slew,part_10/peck_video_0.mp4|part_10/quite_a_little_video_0.mp4|part_10/raft_video_0.mp4|part_10/slew_video_0.mp4|part_10/spate_video_0.mp4|part_11/tidy_sum_video_0.mp4|part_11/wad_video_0.mp4|part_11/whole_lot_video_0.mp4|part_11/whole_slew_video_0.mp4|part_7/batch_video_0.mp4|part_7/deal_video_0.mp4|part_8/good_deal_video_0.mp4|part_8/great_deal_video_0.mp4|part_8/hatful_video_0.mp4|part_9/lot_video_0.mp4|part_9/mickle_video_0.mp4|part_9/mint_video_0.mp4|part_9/muckle_video_0.mp4
f1719eebdd65f25fb90b74bc5f132963082cad2cbae707ad7a90d74096b2140e,18,18,batch|deal|good deal|great deal|hatful|lot|mickle|mint|muckle|peck|quite a little|raft|slew|spate|tidy sum|wad|whole lot|whole slew,part_10/peck_video_1.mp4|part_10/quite_a_little_video_1.mp4|part_10/raft_video_1.mp4|part_10/slew_video_1.mp4|part_10/spate_video_1.mp4|part_11/tidy_sum_video_1.mp4|part_11/wad_video_1.mp4|part_11/whole_lot_video_1.mp4|part_11/whole_slew_video_1.mp4|part_7/batch_video_1.mp4|part_7/deal_video_1.mp4|part_8/good_deal_video_1.mp4|part_8/great_deal_video_1.mp4|part_8/hatful_video_1.mp4|part_9/lot_video_1.mp4|part_9/mickle_video_1.mp4|part_9/mint_video_1.mp4|part_9/muckle_video_1.mp4
22ff2b9ba5ab2961ceb91526bfc5194dc3449b8a24bfab448e8a677fac1e202f,10,10,all but|almost|just about|most|near|nearly|nigh|virtually|well-nigh|when,part_11/virtually_video_6.mp4|part_11/well-nigh_video_6.mp4|part_11/when_8.mp4|part_6/all_but_video_6.mp4|part_6/almost_video_6.mp4|part_9/just_about_video_6.mp4|part_9/most_video_6.mp4|part_9/near_video_6.mp4|part_9/nearly_video_6.mp4|part_9/nigh_video_6.mp4
8dba10c23a4f64d9746c19f86a86184fb9a1633529ee0634e0dc7f07af09532b,10,10,about|all but|almost|just about|most|near|nearly|nigh|virtually|well-nigh,part_11/virtually_video_2.mp4|part_11/well-nigh_video_2.mp4|part_6/about_20241119_172633_8.mp4|part_6/all_but_video_2.mp4|part_6/almost_video_2.mp4|part_9/just_about_video_2.mp4|part_9/most_video_2.mp4|part_9/near_video_2.mp4|part_9/nearly_video_2.mp4|part_9/nigh_video_2.mp4
c4691029537fb5b9533509e99c1b4fb94b329a9291a2a2b9e4bbd4466f62a289,10,10,about|all but|almost|just about|most|near|nearly|nigh|virtually|well-nigh,part_11/virtually_video_3.mp4|part_11/well-nigh_video_3.mp4|part_6/about_20241119_172633_5.mp4|part_6/all_but_video_3.mp4|part_6/almost_video_3.mp4|part_9/just_about_video_3.mp4|part_9/most_video_3.mp4|part_9/near_video_3.mp4|part_9/nearly_video_3.mp4|part_9/nigh_video_3.mp4
666d6779035c09b8ead9b70fee0102d32202ae90266c5b0e52d4c90b5bab3fa9,18,9,all but|almost|just about|most|near|nearly|nigh|virtually|well-nigh,part_11/virtually_video_13.mp4|part_11/virtually_video_14.mp4|part_11/well-nigh_video_13.mp4|part_11/well-nigh_video_14.mp4|part_6/all_but_video_13.mp4|part_6/all_but_video_14.mp4|part_6/almost_video_13.mp4|part_6/almost_video_14.mp4|part_9/just_about_video_13.mp4|part_9/just_about_video_14.mp4|part_9/most_video_13.mp4|part_9/most_video_14.mp4|part_9/near_video_13.mp4|part_9/near_video_14.mp4|part_9/nearly_video_13.mp4|part_9/nearly_video_14.mp4|part_9/nigh_video_13.mp4|part_9/nigh_video_14.mp4
97f54497e274f11645ea1dac40b5aec3237cf1fd68ed628f47fb053895d1be4d,10,9,all but|almost|just about|most|near|nearly|nigh|virtually|well-nigh,part_11/virtually_video_4.mp4|part_11/well-nigh_video_4.mp4|part_6/all_but_video_4.mp4|part_6/almost_2.mp4|part_6/almost_video_4.mp4|part_9/just_about_video_4.mp4|part_9/most_video_4.mp4|part_9/near_video_4.mp4|part_9/nearly_video_4.mp4|part_9/nigh_video_4.mp4
0ba030ddee7896d665e27752c645b0c4a3b3da9a47c920780678c8af69bac7f9,9,9,all but|almost|just about|most|near|nearly|nigh|virtually|well-nigh,part_11/virtually_video_28.mp4|part_11/well-nigh_video_28.mp4|part_6/all_but_video_28.mp4|part_6/almost_video_28.mp4|part_9/just_about_video_28.mp4|part_9/most_video_28.mp4|part_9/near_video_28.mp4|part_9/nearly_video_28.mp4|part_9/nigh_video_28.mp4
157ad3ea81556c050602fc2547f4b9f2600c7b726cf5686403e9653f348d21a8,9,9,all but|almost|just about|most|near|nearly|nigh|virtually|well-nigh,part_11/virtually_video_8.mp4|part_11/well-nigh_video_8.mp4|part_6/all_but_video_8.mp4|part_6/almost_video_8.mp4|part_9/just_about_video_8.mp4|part_9/most_video_8.mp4|part_9/near_video_8.mp4|part_9/nearly_video_8.mp4|part_9/nigh_video_8.mp4
54056f114b3593dc5f1ad6a849a7dc24fcd1ef02dc3d733c5989a8a11e4fbd7a,9,9,all but|almost|just about|most|near|nearly|nigh|virtually|well-nigh,part_11/virtually_video_18.mp4|part_11/well-nigh_video_18.mp4|part_6/all_but_video_18.mp4|part_6/almost_video_18.mp4|part_9/just_about_video_18.mp4|part_9/most_video_18.mp4|part_9/near_video_18.mp4|part_9/nearly_video_18.mp4|part_9/nigh_video_18.mp4
584329cc3c7cfdcf553614dfc2ee6c1b40db540200e621040de46d7acf1a0919,9,9,all but|almost|just about|most|near|nearly|nigh|virtually|well-nigh,part_11/virtually_video_10.mp4|part_11/well-nigh_video_10.mp4|part_6/all_but_video_10.mp4|part_6/almost_video_10.mp4|part_9/just_about_video_10.mp4|part_9/most_video_10.mp4|part_9/near_video_10.mp4|part_9/nearly_video_10.mp4|part_9/nigh_video_10.mp4
5f2ec8ed7d271b199d62a2d55d33e8c2969f84a2fcbb77cbbc6380d9e4c51719,9,9,all but|almost|just about|most|near|nearly|nigh|virtually|well-nigh,part_11/virtually_video_32.mp4|part_11/well-nigh_video_32.mp4|part_6/all_but_video_32.mp4|part_6/almost_video_32.mp4|part_9/just_about_video_32.mp4|part_9/most_video_32.mp4|part_9/near_video_32.mp4|part_9/nearly_video_32.mp4|part_9/nigh_video_32.mp4
6c3208d0bf63f4661902bb62a6bf5c0bd74ed7463fcd1382c8198b558ca47eb6,9,9,all but|almost|just about|most|near|nearly|nigh|virtually|well-nigh,part_11/virtually_video_31.mp4|part_11/well-nigh_video_31.mp4|part_6/all_but_video_31.mp4|part_6/almost_video_31.mp4|part_9/just_about_video_31.mp4|part_9/most_video_31.mp4|part_9/near_video_31.mp4|part_9/nearly_video_31.mp4|part_9/nigh_video_31.mp4
758ccc5a2b0ec9060dd1c3f4068d0954d72bc2bf5ce9702dc5596994963ef780,9,9,bring down|cut|cut back|cut down|reduce|trim|trim back|trim down|wood,part_10/reduce_video_4.mp4|part_11/trim_20241119_172656_4.mp4|part_11/trim_back_video_4.mp4|part_11/trim_down_video_4.mp4|part_11/wood_2.mp4|part_7/bring_down_video_4.mp4|part_7/cut_back_video_4.mp4|part_7/cut_down_video_4.mp4|part_7/cut_video_4.mp4
794701e3530091e182c66f1d82d50a3445055a9f19faaffc16f6d3c64d52379f,9,9,all but|almost|just about|most|near|nearly|nigh|virtually|well-nigh,part_11/virtually_video_12.mp4|part_11/well-nigh_video_12.mp4|part_6/all_but_video_12.mp4|part_6/almost_video_12.mp4|part_9/just_about_video_12.mp4|part_9/most_video_12.mp4|part_9/near_video_12.mp4|part_9/nearly_video_12.mp4|part_9/nigh_video_12.mp4
7eb1af6bdbc28d404f3091e61b210185dd3e96781968decd769d056222934561,9,9,all but|almost|just about|most|near|nearly|nigh|virtually|well-nigh,part_11/virtually_video_29.mp4|part_11/well-nigh_video_29.mp4|part_6/all_but_video_29.mp4|part_6/almost_video_29.mp4|part_9/just_about_video_29.mp4|part_9/most_video_29.mp4|part_9/near_video_29.mp4|part_9/nearly_video_29.mp4|part_9/nigh_video_29.mp4
994e3ad51fed778e1f9bd3c72831697612fa0ae73f8d649afa06cfe339f56645,9,9,all but|almost|just about|most|near|nearly|nigh|virtually|well-nigh,part_11/virtually_video_27.mp4|part_11/well-nigh_video_27.mp4|part_6/all_but_video_27.mp4|part_6/almost_video_27.mp4|part_9/just_about_video_27.mp4|part_9/most_video_27.mp4|part_9/near_video_27.mp4|part_9/nearly_video_27.mp4|part_9/nigh_video_27.mp4
9d7b2137e49a12b89877267169f1354431244105fac124699bce5a2d3e70c089,9,9,all but|almost|just about|most|near|nearly|nigh|virtually|well-nigh,part_11/virtually_video_23.mp4|part_11/well-nigh_video_23.mp4|part_6/all_but_video_23.mp4|part_6/almost_video_23.mp4|part_9/just_about_video_23.mp4|part_9/most_video_23.mp4|part_9/near_video_23.mp4|part_9/nearly_video_23.mp4|part_9/nigh_video_23.mp4
9f8f61512af077749fa704c4181095faa4141ef3a6191beba9dc666d0d4f521d,9,9,all but|almost|just about|most|near|nearly|nigh|virtually|well-nigh,part_11/virtually_video_30.mp4|part_11/well-nigh_video_30.mp4|part_6/all_but_video_30.mp4|part_6/almost_video_30.mp4|part_9/just_about_video_30.mp4|part_9/most_video_30.mp4|part_9/near_video_30.mp4|part_9/nearly_video_30.mp4|part_9/nigh_video_30.mp4
a6459ea8409a3bf12d534c209eceaff36a89a2e81590091d51ce4955eb0df749,9,9,all but|almost|just about|most|near|nearly|nigh|virtually|well-nigh,part_11/virtually_video_11.mp4|part_11/well-nigh_video_11.mp4|part_6/all_but_video_11.mp4|part_6/almost_video_11.mp4|part_9/just_about_video_11.mp4|part_9/most_video_11.mp4|part_9/near_video_11.mp4|part_9/nearly_video_11.mp4|part_9/nigh_video_11.mp4
b75d8725c04ba0dd6d52696f856897186ddaf81eccf1f375934b4963f1be0ccf,9,9,all but|almost|just about|most|near|nearly|nigh|virtually|well-nigh,part_11/virtually_video_35.mp4|part_11/well-nigh_video_35.mp4|part_6/all_but_video_35.mp4|part_6/almost_video_35.mp4|part_9/just_about_video_35.mp4|part_9/most_video_35.mp4|part_9/near_video_35.mp4|part_9/nearly_video_35.mp4|part_9/nigh_video_35.mp4
cbe10815e3588af3c4a4dbd7af2e8407de349d03a694f6d0d9867eb991c18ae3,9,9,all but|almost|just about|most|near|nearly|nigh|virtually|well-nigh,part_11/virtually_video_16.mp4|part_11/well-nigh_video_16.mp4|part_6/all_but_video_16.mp4|part_6/almost_video_16.mp4|part_9/just_about_video_16.mp4|part_9/most_video_16.mp4|part_9/near_video_16.mp4|part_9/nearly_video_16.mp4|part_9/nigh_video_16.mp4
d893e51a42550259de0a561ebda3a9129a0d223d63ea3471f2607e35baeb9723,9,9,all but|almost|just about|most|near|nearly|nigh|virtually|well-nigh,part_11/virtually_video_24.mp4|part_11/well-nigh_video_24.mp4|part_6/all_but_video_24.mp4|part_6/almost_video_24.mp4|part_9/just_about_video_24.mp4|part_9/most_video_24.mp4|part_9/near_video_24.mp4|part_9/nearly_video_24.mp4|part_9/nigh_video_24.mp4
dbd4b969b5cfb11fc3cc2841bfdbb904b955b26ef9042cccd9a191e76fa9b393,9,9,all but|almost|just about|most|near|nearly|nigh|virtually|well-nigh,part_11/virtually_video_36.mp4|part_11/well-nigh_video_36.mp4|part_6/all_but_video_36.mp4|part_6/almost_video_36.mp4|part_9/just_about_video_36.mp4|part_9/most_video_36.mp4|part_9/near_video_36.mp4|part_9/nearly_video_36.mp4|part_9/nigh_video_36.mp4
dc9a1ac71dc954286f6e2408273f0cb658d416b598c50951a140c437f7d0b90b,9,9,all but|almost|just about|most|near|nearly|nigh|virtually|well-nigh,part_11/virtually_video_9.mp4|part_11/well-nigh_video_9.mp4|part_6/all_but_video_9.mp4|part_6/almost_video_9.mp4|part_9/just_about_video_9.mp4|part_9/most_video_9.mp4|part_9/near_video_9.mp4|part_9/nearly_video_9.mp4|part_9/nigh_video_9.mp4
dfa4c32380037da64d4bce10c07c1c09a3dc6f7fb1534972306ff2c8e90e8b26,9,9,all but|almost|just about|most|near|nearly|nigh|virtually|well-nigh,part_11/virtually_video_15.mp4|part_11/well-nigh_video_15.mp4|part_6/all_but_video_15.mp4|part_6/almost_video_15.mp4|part_9/just_about_video_15.mp4|part_9/most_video_15.mp4|part_9/near_video_15.mp4|part_9/nearly_video_15.mp4|part_9/nigh_video_15.mp4
e0588a9e7c574ac86ba1ab6aa0f660b92d05ffbda0072818f6a2d54384a2aaf4,9,9,all but|almost|just about|most|near|nearly|nigh|virtually|well-nigh,part_11/virtually_video_5.mp4|part_11/well-nigh_video_5.mp4|part_6/all_but_video_5.mp4|part_6/almost_video_5.mp4|part_9/just_about_video_5.mp4|part_9/most_video_5.mp4|part_9/near_video_5.mp4|part_9/nearly_video_5.mp4|part_9/nigh_video_5.mp4
e21f9e5589e15284c1ef4796ad962b88f71a306bbb7d77aac5a86a1c97f37b17,9,9,all but|almost|just about|most|near|nearly|nigh|virtually|well-nigh,part_11/virtually_video_34.mp4|part_11/well-nigh_video_34.mp4|part_6/all_but_video_34.mp4|part_6/almost_video_34.mp4|part_9/just_about_video_34.mp4|part_9/most_video_34.mp4|part_9/near_video_34.mp4|part_9/nearly_video_34.mp4|part_9/nigh_video_34.mp4
e3109084d19d9e3382b545c36f841e8e9fee4af044426c8950e47e75bfd1db3d,9,9,all but|almost|just about|most|near|nearly|nigh|virtually|well-nigh,part_11/virtually_video_25.mp4|part_11/well-nigh_video_25.mp4|part_6/all_but_video_25.mp4|part_6/almost_video_25.mp4|part_9/just_about_video_25.mp4|part_9/most_video_25.mp4|part_9/near_video_25.mp4|part_9/nearly_video_25.mp4|part_9/nigh_video_25.mp4
e7b19d7a67dc702b68e5dc541e223f537cb50ace38a7c552aa5818eb0a5706f0,9,9,all but|almost|just about|most|near|nearly|nigh|virtually|well-nigh,part_11/virtually_video_7.mp4|part_11/well-nigh_video_7.mp4|part_6/all_but_video_7.mp4|part_6/almost_video_7.mp4|part_9/just_about_video_7.mp4|part_9/most_video_7.mp4|part_9/near_video_7.mp4|part_9/nearly_video_7.mp4|part_9/nigh_video_7.mp4
e98310f88b43c77728cc4d1fcf94f846f5703e341d7e9e7e38e40e1e65df23fa,9,9,all but|almost|just about|most|near|nearly|nigh|virtually|well-nigh,part_11/virtually_video_20.mp4|part_11/well-nigh_video_20.mp4|part_6/all_but_video_20.mp4|part_6/almost_video_20.mp4|part_9/just_about_video_20.mp4|part_9/most_video_20.mp4|part_9/near_video_20.mp4|part_9/nearly_video_20.mp4|part_9/nigh_video_20.mp4
ee764ea5cc52c3409b536f967073e952865a3207dfbfbf457df698290ccfdb48,9,9,all but|almost|just about|most|near|nearly|nigh|virtually|well-nigh,part_11/virtually_video_17.mp4|part_11/well-nigh_video_17.mp4|part_6/all_but_video_17.mp4|part_6/almost_video_17.mp4|part_9/just_about_video_17.mp4|part_9/most_video_17.mp4|part_9/near_video_17.mp4|part_9/nearly_video_17.mp4|part_9/nigh_video_17.mp4
f3eec37fcc7ddc4c10d143a7e409be5bcb7ac2b08acd0c00b37716ec4cebaf75,9,9,all but|almost|just about|most|near|nearly|nigh|virtually|well-nigh,part_11/virtually_video_22.mp4|part_11/well-nigh_video_22.mp4|part_6/all_but_video_22.mp4|part_6/almost_video_22.mp4|part_9/just_about_video_22.mp4|part_9/most_video_22.mp4|part_9/near_video_22.mp4|part_9/nearly_video_22.mp4|part_9/nigh_video_22.mp4
04af4e8c4492673afdff57d5c16a13a4beb44d1854f2680df328f7ae205d6d46,8,8,bring down|cut|cut back|cut down|reduce|trim|trim back|trim down,part_10/reduce_video_10.mp4|part_11/trim_20241119_172656_10.mp4|part_11/trim_back_video_10.mp4|part_11/trim_down_video_10.mp4|part_7/bring_down_video_10.mp4|part_7/cut_back_video_10.mp4|part_7/cut_down_video_10.mp4|part_7/cut_video_10.mp4
0c1d0eb9997ae0c3057e187103445fa49c703406564e26133c4e9635ac42adaa,8,8,bring down|cut|cut back|cut down|reduce|trim|trim back|trim down,part_10/reduce_video_22.mp4|part_11/trim_20241119_172656_22.mp4|part_11/trim_back_video_22.mp4|part_11/trim_down_video_22.mp4|part_7/bring_down_video_22.mp4|part_7/cut_back_video_22.mp4|part_7/cut_down_video_22.mp4|part_7/cut_video_22.mp4
0c494fc78006f3d98f461af6d3454d4396c14f55cc29b33f5751a0a9679ebadb,8,8,bring down|cut|cut back|cut down|reduce|trim|trim back|trim down,part_10/reduce_video_24.mp4|part_11/trim_20241119_172656_24.mp4|part_11/trim_back_video_24.mp4|part_11/trim_down_video_24.mp4|part_7/bring_down_video_24.mp4|part_7/cut_back_video_24.mp4|part_7/cut_down_video_24.mp4|part_7/cut_video_24.mp4
163da7a4b29d8416510f7b2d3f5ed6d8774eb8a971572903533a7972e2957d54,8,8,bring down|cut|cut back|cut down|reduce|trim|trim back|trim down,part_10/reduce_video_26.mp4|part_11/trim_20241119_172656_26.mp4|part_11/trim_back_video_26.mp4|part_11/trim_down_video_26.mp4|part_7/bring_down_video_26.mp4|part_7/cut_back_video_26.mp4|part_7/cut_down_video_26.mp4|part_7/cut_video_26.mp4
2dec60880467f8844881c36d2bffb78a4ede6e6afc52ffbb7453783bf2f5c2af,8,8,bring down|cut|cut back|cut down|reduce|trim|trim back|trim down,part_10/reduce_video_27.mp4|part_11/trim_20241119_172656_27.mp4|part_11/trim_back_video_27.mp4|part_11/trim_down_video_27.mp4|part_7/bring_down_video_27.mp4|part_7/cut_back_video_27.mp4|part_7/cut_down_video_27.mp4|part_7/cut_video_27.mp4
2e51a0950bbefd524147ac3c943927c61cbd6feb68331e5e63f7b718837481f2,8,8,bring down|cut|cut back|cut down|reduce|trim|trim back|trim down,part_10/reduce_video_12.mp4|part_11/trim_20241119_172656_12.mp4|part_11/trim_back_video_12.mp4|part_11/trim_down_video_12.mp4|part_7/bring_down_video_12.mp4|part_7/cut_back_video_12.mp4|part_7/cut_down_video_12.mp4|part_7/cut_video_12.mp4
36621ad61e960b037a31a20a7cec1a20d1b43e6e83a04ab8507f909cf6d3902e,8,8,bring down|cut|cut back|cut down|reduce|trim|trim back|trim down,part_10/reduce_video_25.mp4|part_11/trim_20241119_172656_25.mp4|part_11/trim_back_video_25.mp4|part_11/trim_down_video_25.mp4|part_7/bring_down_video_25.mp4|part_7/cut_back_video_25.mp4|part_7/cut_down_video_25.mp4|part_7/cut_video_25.mp4
3e4c0c78452f67fbf16b158dd02abd49f355e4182d0eb992625d75802facfcde,8,8,bring down|cut|cut back|cut down|reduce|trim|trim back|trim down,part_10/reduce_video_16.mp4|part_11/trim_20241119_172656_16.mp4|part_11/trim_back_video_16.mp4|part_11/trim_down_video_16.mp4|part_7/bring_down_video_16.mp4|part_7/cut_back_video_16.mp4|part_7/cut_down_video_16.mp4|part_7/cut_video_16.mp4
51102e8da2188c33374b6e43b5cb0d9929fb52211cc30a0b330e02884682dcf6,8,8,bring down|cut|cut back|cut down|reduce|trim|trim back|trim down,part_10/reduce_video_28.mp4|part_11/trim_20241119_172656_28.mp4|part_11/trim_back_video_28.mp4|part_11/trim_down_video_28.mp4|part_7/bring_down_video_28.mp4|part_7/cut_back_video_28.mp4|part_7/cut_down_video_28.mp4|part_7/cut_video_28.mp4
59cb562f2644a0858ce63ff96f916feb9bc608c10dd1425abc0e5af9f1f3fdf6,8,8,bring down|cut|cut back|cut down|reduce|trim|trim back|trim down,part_10/reduce_video_2.mp4|part_11/trim_20241119_172656_2.mp4|part_11/trim_back_video_2.mp4|part_11/trim_down_video_2.mp4|part_7/bring_down_video_2.mp4|part_7/cut_back_video_2.mp4|part_7/cut_down_video_2.mp4|part_7/cut_video_2.mp4
6a9b5b4e8a5f7bd4ccbfe030a203298522722174148e5dcd119b91c006b84af8,8,8,bring down|cut|cut back|cut down|reduce|trim|trim back|trim down,part_10/reduce_video_23.mp4|part_11/trim_20241119_172656_23.mp4|part_11/trim_back_video_23.mp4|part_11/trim_down_video_23.mp4|part_7/bring_down_video_23.mp4|part_7/cut_back_video_23.mp4|part_7/cut_down_video_23.mp4|part_7/cut_video_23.mp4
6b647485238a27ce4b55fd49e01c11a2a25a2dfd63c77e2752fbde0f83fef7e9,8,8,bring down|cut|cut back|cut down|reduce|trim|trim back|trim down,part_10/reduce_video_21.mp4|part_11/trim_20241119_172656_21.mp4|part_11/trim_back_video_21.mp4|part_11/trim_down_video_21.mp4|part_7/bring_down_video_21.mp4|part_7/cut_back_video_21.mp4|part_7/cut_down_video_21.mp4|part_7/cut_video_21.mp4
772c2ab0cfaab5adf337f14d33cfde0f597828437c71bda16b4a7ee8d93d05e3,8,8,bring down|cut|cut back|cut down|reduce|trim|trim back|trim down,part_10/reduce_video_15.mp4|part_11/trim_20241119_172656_15.mp4|part_11/trim_back_video_15.mp4|part_11/trim_down_video_15.mp4|part_7/bring_down_video_15.mp4|part_7/cut_back_video_15.mp4|part_7/cut_down_video_15.mp4|part_7/cut_video_15.mp4
8ab982cc11d468441699c00962a3f9bced5f2648ca24afeeb17035a7dd328fc5,8,8,all but|almost|just about|near|nearly|nigh|virtually|well-nigh,part_11/virtually_video_19.mp4|part_11/well-nigh_video_19.mp4|part_6/all_but_video_19.mp4|part_6/almost_video_19.mp4|part_9/just_about_video_19.mp4|part_9/near_video_19.mp4|part_9/nearly_video_19.mp4|part_9/nigh_video_19.mp4
945923cbb4650883b41063eecf5082a230e84a837caa77f4c3aa5dbe08c02c56,8,8,bring down|cut|cut back|cut down|reduce|trim|trim back|trim down,part_10/reduce_video_6.mp4|part_11/trim_20241119_172656_6.mp4|part_11/trim_back_video_6.mp4|part_11/trim_down_video_6.mp4|part_7/bring_down_video_6.mp4|part_7/cut_back_video_6.mp4|part_7/cut_down_video_6.mp4|part_7/cut_video_6.mp4
a52212931eee4f01acc18fa9c9a882c6103dcbc30c587e945b5c9a801cb51878,8,8,bring down|cut|cut back|cut down|reduce|trim|trim back|trim down,part_10/reduce_video_30.mp4|part_11/trim_20241119_172656_30.mp4|part_11/trim_back_video_30.mp4|part_11/trim_down_video_30.mp4|part_7/bring_down_video_30.mp4|part_7/cut_back_video_30.mp4|part_7/cut_down_video_30.mp4|part_7/cut_video_30.mp4
adfe50f62f3a645a44463abcf4d2920a88028483dcfb30288dbd6bb10d213c99,8,8,bring down|cut|cut back|cut down|reduce|trim|trim back|trim down,part_10/reduce_video_13.mp4|part_11/trim_20241119_172656_13.mp4|part_11/trim_back_video_13.mp4|part_11/trim_down_video_13.mp4|part_7/bring_down_video_13.mp4|part_7/cut_back_video_13.mp4|part_7/cut_down_video_13.mp4|part_7/cut_video_13.mp4
ae3289531baf8c87e5e98e8bdf9976b4ae6930cf4c3ec2578fcd1d0077e9ba97,8,8,bring down|cut|cut back|cut down|reduce|trim|trim back|trim down,part_10/reduce_video_29.mp4|part_11/trim_20241119_172656_29.mp4|part_11/trim_back_video_29.mp4|part_11/trim_down_video_29.mp4|part_7/bring_down_video_29.mp4|part_7/cut_back_video_29.mp4|part_7/cut_down_video_29.mp4|part_7/cut_video_29.mp4
ae473c06c5202c21410cdd8de4915f220efe57550949e301317c8456f343e94e,8,8,bring down|cut|cut back|cut down|reduce|trim|trim back|trim down,part_10/reduce_video_31.mp4|part_11/trim_20241119_172656_31.mp4|part_11/trim_back_video_31.mp4|part_11/trim_down_video_31.mp4|part_7/bring_down_video_31.mp4|part_7/cut_back_video_31.mp4|part_7/cut_down_video_31.mp4|part_7/cut_video_31.mp4
b2ff343176bd6b1dbb10e46661b91051ca937ff7e44f47d2835c468fb4556e7b,8,8,bring down|cut|cut back|cut down|reduce|trim|trim back|trim down,part_10/reduce_video_3.mp4|part_11/trim_20241119_172656_3.mp4|part_11/trim_back_video_3.mp4|part_11/trim_down_video_3.mp4|part_7/bring_down_video_3.mp4|part_7/cut_back_video_3.mp4|part_7/cut_down_video_3.mp4|part_7/cut_video_3.mp4
bfa044b007176b90de5c611a65fcaea7bd4ab7c1a95b3bff32bd7ca263129d67,8,8,all but|almost|just about|near|nearly|nigh|virtually|well-nigh,part_11/virtually_video_21.mp4|part_11/well-nigh_video_21.mp4|part_6/all_but_video_21.mp4|part_6/almost_video_21.mp4|part_9/just_about_video_21.mp4|part_9/near_video_21.mp4|part_9/nearly_video_21.mp4|part_9/nigh_video_21.mp4
ce956109da23a079888dcb455c91f61db234a526b8522932322fb55ebce328fc,8,8,bring down|cut|cut back|cut down|reduce|trim|trim back|trim down,part_10/reduce_video_14.mp4|part_11/trim_20241119_172656_14.mp4|part_11/trim_back_video_14.mp4|part_11/trim_down_video_14.mp4|part_7/bring_down_video_14.mp4|part_7/cut_back_video_14.mp4|part_7/cut_down_video_14.mp4|part_7/cut_video_14.mp4
d0bdacdf7ba28c1661e7fd4e3ccf4871989c3f022c532b8086744aff45bd8f30,8,8,all but|almost|just about|most|nearly|nigh|virtually|well-nigh,part_11/virtually_video_33.mp4|part_11/well-nigh_video_33.mp4|part_6/all_but_video_33.mp4|part_6/almost_video_33.mp4|part_9/just_about_video_33.mp4|part_9/most_video_33.mp4|part_9/nearly_video_33.mp4|part_9/nigh_video_33.mp4
d4c0b9ecb399e1fb3a680af2a72c170b6bcaf1cde7913fee5d81a9bf54d9aa74,8,8,bring down|cut|cut back|cut down|reduce|trim|trim back|trim down,part_10/reduce_video_11.mp4|part_11/trim_20241119_172656_11.mp4|part_11/trim_back_video_11.mp4|part_11/trim_down_video_11.mp4|part_7/bring_down_video_11.mp4|part_7/cut_back_video_11.mp4|part_7/cut_down_video_11.mp4|part_7/cut_video_11.mp4
db9a0ba94cd33450ddc06a9fed953f48fe00ae99799e9175c3f7b322e0d5a992,8,8,bring down|cut|cut back|cut down|reduce|trim|trim back|trim down,part_10/reduce_video_17.mp4|part_11/trim_20241119_172656_17.mp4|part_11/trim_back_video_17.mp4|part_11/trim_down_video_17.mp4|part_7/bring_down_video_17.mp4|part_7/cut_back_video_17.mp4|part_7/cut_down_video_17.mp4|part_7/cut_video_17.mp4
e06f8dc83a39d27119e67c1a2da6cd93bb0125351322a312b7aebc0f12f930ed,8,8,bring down|cut|cut back|cut down|reduce|trim|trim back|trim down,part_10/reduce_video_7.mp4|part_11/trim_20241119_172656_7.mp4|part_11/trim_back_video_7.mp4|part_11/trim_down_video_7.mp4|part_7/bring_down_video_7.mp4|part_7/cut_back_video_7.mp4|part_7/cut_down_video_7.mp4|part_7/cut_video_7.mp4
f2234cfa7698f376e9d6ef32a0e2de03297382767db55a9e2ca7eb34595f4db2,8,8,bring down|cut|cut back|cut down|reduce|trim|trim back|trim down,part_10/reduce_video_20.mp4|part_11/trim_20241119_172656_20.mp4|part_11/trim_back_video_20.mp4|part_11/trim_down_video_20.mp4|part_7/bring_down_video_20.mp4|part_7/cut_back_video_20.mp4|part_7/cut_down_video_20.mp4|part_7/cut_video_20.mp4
f4ab8b53f4eee4e070fe1b3a7d8becd30f801ada88695a7f583f8ee5ca97348e,8,8,bring down|cut|cut back|cut down|reduce|trim|trim back|trim down,part_10/reduce_video_18.mp4|part_11/trim_20241119_172656_18.mp4|part_11/trim_back_video_18.mp4|part_11/trim_down_video_18.mp4|part_7/bring_down_video_18.mp4|part_7/cut_back_video_18.mp4|part_7/cut_down_video_18.mp4|part_7/cut_video_18.mp4
f8096404fcc5aadd9258fe5300c69f8046167f4f0a3339d7530244929c158c67,8,8,bring down|cut|cut back|cut down|reduce|trim|trim back|trim down,part_10/reduce_video_9.mp4|part_11/trim_20241119_172656_9.mp4|part_11/trim_back_video_9.mp4|part_11/trim_down_video_9.mp4|part_7/bring_down_video_9.mp4|part_7/cut_back_video_9.mp4|part_7/cut_down_video_9.mp4|part_7/cut_video_9.mp4
16d804e8cb73f3db3730d39b9fa60ce6eeec49c9e5a5ef6ea8f8124fa7294616,7,7,bring down|cut back|cut down|reduce|trim|trim back|trim down,part_10/reduce_video_5.mp4|part_11/trim_20241119_172656_5.mp4|part_11/trim_back_video_5.mp4|part_11/trim_down_video_5.mp4|part_7/bring_down_video_5.mp4|part_7/cut_back_video_5.mp4|part_7/cut_down_video_5.mp4
7a385d6831e151b4e2b242ba9bdba85aaee9e7c1fdb9bb49d57498b0280ed67c,7,7,bring down|cut|cut back|cut down|trim|trim back|trim down,part_11/trim_20241119_172656_19.mp4|part_11/trim_back_video_19.mp4|part_11/trim_down_video_19.mp4|part_7/bring_down_video_19.mp4|part_7/cut_back_video_19.mp4|part_7/cut_down_video_19.mp4|part_7/cut_video_19.mp4
afba6c7e2c26ab5dc8264f479fd290d1f3eeb56604dba6980d4f87a083d559d5,7,7,all but|just about|most|nearly|nigh|virtually|well-nigh,part_11/virtually_video_26.mp4|part_11/well-nigh_video_26.mp4|part_6/all_but_video_26.mp4|part_9/just_about_video_26.mp4|part_9/most_video_26.mp4|part_9/nearly_video_26.mp4|part_9/nigh_video_26.mp4
de76b70e0ed6b029638623e7fb25f5b75d96c150112206e6854fb89e9d24dd8a,7,7,bring down|cut|cut back|cut down|trim|trim back|trim down,part_11/trim_20241119_172656_8.mp4|part_11/trim_back_video_8.mp4|part_11/trim_down_video_8.mp4|part_7/bring_down_video_8.mp4|part_7/cut_back_video_8.mp4|part_7/cut_down_video_8.mp4|part_7/cut_video_8.mp4
0127875813ede99ca2dac500d708586f010e9b8ae5aa01584837b29892b51061,6,6,animal|animate being|beast|brute|creature|duck,part_6/animal_video_9.mp4|part_6/animate_being_video_9.mp4|part_7/beast_video_9.mp4|part_7/brute_video_9.mp4|part_7/creature_video_9.mp4|part_8/duck_20241119_172641_26.mp4
0320c144fa6a10fec8275b59500f9f47807e6c983c31673a4f6086d224ec91ef,6,6,animal|animate being|beast|brute|creature|kangaroo,part_6/animal_video_20.mp4|part_6/animate_being_video_20.mp4|part_7/beast_video_20.mp4|part_7/brute_video_20.mp4|part_7/creature_video_20.mp4|part_9/kangaroo_20241119_172645_2.mp4
09c9c376eff56ff5fc6891971e9985dd90ffa8de3a91018f2b7a1e2be77e296d,6,6,animal|animate being|beast|brute|cat|creature,part_6/animal_video_5.mp4|part_6/animate_being_video_5.mp4|part_7/beast_video_5.mp4|part_7/brute_video_5.mp4|part_7/cat_20241119_172636_20.mp4|part_7/creature_video_5.mp4
266ad8f4147216f3ec7073aa51f106c7ec2c5168e7dd73b7961607e504ba3a4a,6,6,animal|animate being|beast|brute|creature|owl,part_6/animal_video_26.mp4|part_6/animate_being_video_26.mp4|part_7/beast_video_26.mp4|part_7/brute_video_26.mp4|part_7/creature_video_26.mp4|part_9/owl_1.mp4
2da1c8946bd11ac8cce59b180bc2bb5533d0f238ce73752b01d4de61d0531a5e,6,6,animal|animate being|beast|brute|creature|spider,part_10/spider_1.mp4|part_6/animal_video_37.mp4|part_6/animate_being_video_37.mp4|part_7/beast_video_37.mp4|part_7/brute_video_37.mp4|part_7/creature_video_37.mp4
5dcf8d92a3bb6b8f755229813bbd0fab628dd1b60dd56419e4ed0dbf27fe29b8,6,6,all but|just about|nearly|nigh|virtually|well-nigh,part_11/virtually_video_1.mp4|part_11/well-nigh_video_1.mp4|part_6/all_but_video_1.mp4|part_9/just_about_video_1.mp4|part_9/nearly_video_1.mp4|part_9/nigh_video_1.mp4
6b46920db8fdf50562c5abde32b3c06ed6c15c013a67bfaa6b86d96f09b7f77e,6,6,animal|animate being|beast|brute|cat|creature,part_6/animal_video_6.mp4|part_6/animate_being_video_6.mp4|part_7/beast_video_6.mp4|part_7/brute_video_6.mp4|part_7/cat_20241119_172636_6.mp4|part_7/creature_video_6.mp4
76a98cf2940a02fc4bbcb3d4d53f94bd9f452e72064ae3554490dd6dc759ce4b,6,6,animal|animate being|beast|bird|brute|creature,part_6/animal_video_4.mp4|part_6/animate_being_video_4.mp4|part_7/beast_video_4.mp4|part_7/bird_10.mp4|part_7/brute_video_4.mp4|part_7/creature_video_4.mp4
8b4b2d67a74964b96b1790f20fd12ff8f61a050fa60fdf21393b382555f7fff7,6,6,animal|animate being|bear|beast|brute|creature,part_6/animal_video_3.mp4|part_6/animate_being_video_3.mp4|part_7/bear_1.mp4|part_7/beast_video_3.mp4|part_7/brute_video_3.mp4|part_7/creature_video_3.mp4
911e96fdebd1dac4123264655edd6269ac36aecb5b1f93cbb5bdbe4a1da9da88,6,6,all but|just about|nearly|nigh|virtually|well-nigh,part_11/virtually_video_0.mp4|part_11/well-nigh_video_0.mp4|part_6/all_but_video_0.mp4|part_9/just_about_video_0.mp4|part_9/nearly_video_0.mp4|part_9/nigh_video_0.mp4
921faf447c233aee6b38bef56a26096b2986f6de3746fd964afc1c2d94a17fa3,6,6,animal|animate being|beast|brute|creature|fox,part_6/animal_video_13.mp4|part_6/animate_being_video_13.mp4|part_7/beast_video_13.mp4|part_7/brute_video_13.mp4|part_7/creature_video_13.mp4|part_8/fox_2.mp4
97a72bc8c794730d747f3aa032036dbf63cf37d936ff1d7ce2d37a800f76091b,6,6,animal|animate being|beast|brute|creature|eagle,part_6/animal_video_11.mp4|part_6/animate_being_video_11.mp4|part_7/beast_video_11.mp4|part_7/brute_video_11.mp4|part_7/creature_video_11.mp4|part_8/eagle_20241119_172641_5.mp4
b56d6b376a56883f3e2991d39a33b99ce0ba92fd3864f801adcf9436d87feb9b,6,6,animal|animate being|beast|brute|creature|pet,part_10/pet_20241119_172650_10.mp4|part_6/animal_video_28.mp4|part_6/animate_being_video_28.mp4|part_7/beast_video_28.mp4|part_7/brute_video_28.mp4|part_7/creature_video_28.mp4
b5cc0f7d2f036bd21ecc13c39b2ba22a0f3e7aee093c4a26c8b8397bb0b2df55,6,6,bring down|cut back|cut down|trim|trim back|trim down,part_11/trim_20241119_172656.mp4|part_11/trim_back_video_0.mp4|part_11/trim_down_video_0.mp4|part_7/bring_down_video_0.mp4|part_7/cut_back_video_0.mp4|part_7/cut_down_video_0.mp4
c51f7e2db3dfa6157029fe1a98072984c8d018bb0f37724b1dfb32c84ac5309e,6,6,animal|animate being|beast|brute|creature|turkey,part_11/turkey_20241119_172657_4.mp4|part_6/animal_video_40.mp4|part_6/animate_being_video_40.mp4|part_7/beast_video_40.mp4|part_7/brute_video_40.mp4|part_7/creature_video_40.mp4
c747f4386f8125153cb3cb33bd0c84873223eee67c75cde02f7b14036cd9a93f,6,6,animal|animate being|beast|brute|creature|tiger,part_11/tiger_5.mp4|part_6/animal_video_39.mp4|part_6/animate_being_video_39.mp4|part_7/beast_video_39.mp4|part_7/brute_video_39.mp4|part_7/creature_video_39.mp4
d8cf4bb21d86e8dbd9b2b66f211a23316dab168ba493217663dd2ecdddbacb33,6,6,animal|animate being|beast|brute|creature|elephant,part_6/animal_video_12.mp4|part_6/animate_being_video_12.mp4|part_7/beast_video_12.mp4|part_7/brute_video_12.mp4|part_7/creature_video_12.mp4|part_8/elephant_4.mp4
dddb998bcb1480b6ef5374cd763506e29b9fb37cee388a0903805268ebd39156,6,6,animal|animate being|beast|brute|creature|wolf,part_11/wolf_1.mp4|part_6/animal_video_44.mp4|part_6/animate_being_video_44.mp4|part_7/beast_video_44.mp4|part_7/brute_video_44.mp4|part_7/creature_video_44.mp4
ed197adc53d1f3ab291436cc7ff323b5029bebf13bb9f36f5330e4be70d8d4e0,6,6,animal|animate being|beast|brute|creature|monkey,part_6/animal_video_23.mp4|part_6/animate_being_video_23.mp4|part_7/beast_video_23.mp4|part_7/brute_video_23.mp4|part_7/creature_video_23.mp4|part_9/monkey_4.mp4
09f30a3fded3e68d2ccdebb577f89bedab170dff7244e7a7473ec9866c2008dd,5,5,animal|animate being|beast|brute|creature,part_6/animal_video_49.mp4|part_6/animate_being_video_49.mp4|part_7/beast_video_49.mp4|part_7/brute_video_49.mp4|part_7/creature_video_49.mp4
0ab5c7b3fe260a4798cd706f24578db2168b0ed328a0e79fd72d168249119583,5,5,animal|animate being|beast|brute|creature,part_6/animal_video_51.mp4|part_6/animate_being_video_51.mp4|part_7/beast_video_51.mp4|part_7/brute_video_51.mp4|part_7/creature_video_51.mp4
153404442b7bc4b6804e9a020f7bad268943e1e9db5685f502cb80d981deae5a,5,5,figure|picture|project|see|visualize,part_10/picture_video_22.mp4|part_10/project_video_10.mp4|part_10/see_video_16.mp4|part_11/visualize_video_1.mp4|part_8/figure_video_24.mp4
18dd78320c783d9bcb3aed2cd3947fc36af552a79aadab308e80eb05a04cd8dc,5,5,animal|animate being|beast|brute|creature,part_6/animal_video_10.mp4|part_6/animate_being_video_10.mp4|part_7/beast_video_10.mp4|part_7/brute_video_10.mp4|part_7/creature_video_10.mp4
1e107551195825b10a3b5d687f9836746522f4bbec410af864817ef87dbf33ab,5,5,figure|picture|project|see|visualize,part_10/picture_video_21.mp4|part_10/project_video_9.mp4|part_10/see_video_15.mp4|part_11/visualize_1.mp4|part_8/figure_video_23.mp4
20a9b01c3875c7da51ab532947d940a6c5ae544970bd7d5d42f05281047eb87f,5,5,animal|animate being|beast|brute|creature,part_6/animal_video_32.mp4|part_6/animate_being_video_32.mp4|part_7/beast_video_32.mp4|part_7/brute_video_32.mp4|part_7/creature_video_32.mp4
275a41797610800b2ce363f015a8d5ff5f08429664a81a6793712c92c0f89b13,5,5,animal|animate being|beast|brute|creature,part_6/animal_video_38.mp4|part_6/animate_being_video_38.mp4|part_7/beast_video_38.mp4|part_7/brute_video_38.mp4|part_7/creature_video_38.mp4
351dd35b3c0f34e896c0ae07a858f580b770ae74c379211fefabb4dc578e8c49,5,5,animal|animate being|beast|brute|creature,part_6/animal_video_21.mp4|part_6/animate_being_video_21.mp4|part_7/beast_video_21.mp4|part_7/brute_video_21.mp4|part_7/creature_video_21.mp4
3855796c1ace564f1700a107d5efb2effad492fff2018fedf1a3602f74cb8339,5,5,animal|animate being|beast|brute|creature,part_6/animal_video_56.mp4|part_6/animate_being_video_56.mp4|part_7/beast_video_56.mp4|part_7/brute_video_56.mp4|part_7/creature_video_56.mp4
39327cfeb9f02da42e7c765c212c1d23efbbf4c345f359120af21174d77bfd15,5,5,animal|animate being|beast|brute|creature,part_6/animal_video_17.mp4|part_6/animate_being_video_17.mp4|part_7/beast_video_17.mp4|part_7/brute_video_17.mp4|part_7/creature_video_17.mp4
39f6e31f2fa0a8695714a4a76759383314711644c667b94447b826893d5be0a1,5,5,animal|animate being|beast|brute|creature,part_6/animal_video_30.mp4|part_6/animate_being_video_30.mp4|part_7/beast_video_30.mp4|part_7/brute_video_30.mp4|part_7/creature_video_30.mp4
4a708f99d857cc839e23f8f02dd5e5a345313b5b240c606c775db4c1f682fe41,5,5,animal|animate being|beast|brute|creature,part_6/animal_video_19.mp4|part_6/animate_being_video_19.mp4|part_7/beast_video_19.mp4|part_7/brute_video_19.mp4|part_7/creature_video_19.mp4
4f6ff65643c0d951142912203c12277e75784401198cc5f0f729acb6ebf3dcb2,5,5,animal|animate being|beast|brute|creature,part_6/animal_video_45.mp4|part_6/animate_being_video_45.mp4|part_7/beast_video_45.mp4|part_7/brute_video_45.mp4|part_7/creature_video_45.mp4
57e8a2e56db6a783b4ccadb5c12d06fe43d85fede55c89ae3cb070e19f5c530d,5,5,animal|animate being|beast|brute|creature,part_6/animal_video_50.mp4|part_6/animate_being_video_50.mp4|part_7/beast_video_50.mp4|part_7/brute_video_50.mp4|part_7/creature_video_50.mp4
5dd705e08c1a9e721a530157d073af2360939c7c006f64553f375b6c158aa45c,5,5,animal|animate being|beast|brute|creature,part_6/animal_video_8.mp4|part_6/animate_being_video_8.mp4|part_7/beast_video_8.mp4|part_7/brute_video_8.mp4|part_7/creature_video_8.mp4
6567d50c7b259cb8739b0096eeeee003253f1f81b5f3603b001092baa44e3166,5,5,animal|animate being|beast|brute|creature,part_6/animal_video_53.mp4|part_6/animate_being_video_53.mp4|part_7/beast_video_53.mp4|part_7/brute_video_53.mp4|part_7/creature_video_53.mp4
692328f9dae97f0dc99cfceb7ec19e582313035a06e5b1796a2fb7f2de26dd26,5,5,animal|animate being|beast|brute|creature,part_6/animal_video_41.mp4|part_6/animate_being_video_41.mp4|part_7/beast_video_41.mp4|part_7/brute_video_41.mp4|part_7/creature_video_41.mp4
6acc14a14c497d8c63dc06c09cbdff326f5b35e7d105e847a0ab92f10e2276dc,5,5,animal|animate being|beast|brute|creature,part_6/animal_video_31.mp4|part_6/animate_being_video_31.mp4|part_7/beast_video_31.mp4|part_7/brute_video_31.mp4|part_7/creature_video_31.mp4
72658bfffcd958548d8e039307e1fc51f770c3d0a58b04e53b0cc51c0e013b95,5,5,animal|animate being|beast|brute|creature,part_6/animal_video_16.mp4|part_6/animate_being_video_16.mp4|part_7/beast_video_16.mp4|part_7/brute_video_16.mp4|part_7/creature_video_16.mp4
7a6faf5a2101753136476b3fb778c98b91cef59f0f00b97a5b77787342492157,5,5,animal|animate being|beast|brute|creature,part_6/animal_video_48.mp4|part_6/animate_being_video_48.mp4|part_7/beast_video_48.mp4|part_7/brute_video_48.mp4|part_7/creature_video_48.mp4
8235070f0a8ba7fa4f3eaa7b914c4b16a4124250a30196ff39dcf46153e331fc,5,5,animal|animate being|beast|brute|creature,part_6/animal_video_2.mp4|part_6/animate_being_video_2.mp4|part_7/beast_video_2.mp4|part_7/brute_video_2.mp4|part_7/creature_video_2.mp4
85401c7c49e5bb1e9656758b48e5c2d78801e8101f4a2542579809c6a426cfa5,5,5,bring down|cut back|cut down|trim back|trim down,part_11/trim_back_video_1.mp4|part_11/trim_down_video_1.mp4|part_7/bring_down_video_1.mp4|part_7/cut_back_video_1.mp4|part_7/cut_down_video_1.mp4
91e22969e3e89707ac1753afd29a3863b82742bac24a6ca793b9cec45a25da67,5,5,animal|animate being|beast|brute|creature,part_6/animal_video_42.mp4|part_6/animate_being_video_42.mp4|part_7/beast_video_42.mp4|part_7/brute_video_42.mp4|part_7/creature_video_42.mp4
91edcf580f911e6cf0d8c2e3de4e3760c1dd8e9c293d76b437f14064099663e4,5,5,animal|animate being|beast|brute|creature,part_6/animal_video_36.mp4|part_6/animate_being_video_36.mp4|part_7/beast_video_36.mp4|part_7/brute_video_36.mp4|part_7/creature_video_36.mp4
958752bec3b093209d9ac22cb51c7e0ef296ba040fa51dccff3feb5511fadda3,5,5,accept|adopt|follow|hug|squeeze,part_10/squeeze_video_15.mp4|part_6/accept_video_8.mp4|part_6/adopt_video_4.mp4|part_8/follow_20241119_172643_14.mp4|part_9/hug_video_15.mp4
a6de820e21c064a0b45dca9b46ab9cd2b9de20a5244bd613848172790572072a,5,5,animal|animate being|beast|brute|creature,part_6/animal_video_55.mp4|part_6/animate_being_video_55.mp4|part_7/beast_video_55.mp4|part_7/brute_video_55.mp4|part_7/creature_video_55.mp4
a941556c64f50c64a0b5587ea658319f5aa2df4daf5e50a65a090e16f1dc609a,5,5,animal|animate being|beast|brute|creature,part_6/animal_video_24.mp4|part_6/animate_being_video_24.mp4|part_7/beast_video_24.mp4|part_7/brute_video_24.mp4|part_7/creature_video_24.mp4
ab17332298cbf0eb5f6f235cea32ccd7eb714528345ade669914199ce322c752,5,5,animal|animate being|beast|brute|creature,part_6/animal_video_15.mp4|part_6/animate_being_video_15.mp4|part_7/beast_video_15.mp4|part_7/brute_video_15.mp4|part_7/creature_video_15.mp4
abb68c49e7a26cee6cc7430cbf3240254058d60ad1cb7bcc00ec00277bbda955,5,5,animal|animate being|beast|brute|creature,part_6/animal_video_43.mp4|part_6/animate_being_video_43.mp4|part_7/beast_video_43.mp4|part_7/brute_video_43.mp4|part_7/creature_video_43.mp4
ae7a779b9b5e4fd46b713c87e45bb1a8bc4399f28c3f914f0a7af851b23a94e3,5,5,animal|animate being|beast|brute|creature,part_6/animal_video_47.mp4|part_6/animate_being_video_47.mp4|part_7/beast_video_47.mp4|part_7/brute_video_47.mp4|part_7/creature_video_47.mp4
b354434b1d3dda95d6308221497553879b3b81e78e505c35ac082a0d03191d77,5,5,animal|animate being|beast|brute|creature,part_6/animal_video_27.mp4|part_6/animate_being_video_27.mp4|part_7/beast_video_27.mp4|part_7/brute_video_27.mp4|part_7/creature_video_27.mp4
b95ce2d002bdc73051f9bc72e3c3b32356ae6d5123f8b1e323f8e3af6e92d4cc,5,5,animal|animate being|beast|brute|creature,part_6/animal_video_52.mp4|part_6/animate_being_video_52.mp4|part_7/beast_video_52.mp4|part_7/brute_video_52.mp4|part_7/creature_video_52.mp4
bf1c10868da1bbd73c7ecfcb1bd0a5616d414e6dfa96f009b0b17e82b95611e6,5,5,animal|animate being|beast|brute|creature,part_6/animal_video_57.mp4|part_6/animate_being_video_57.mp4|part_7/beast_video_57.mp4|part_7/brute_video_57.mp4|part_7/creature_video_57.mp4
c039b39a242bbf14d71976e5da868a4025debc5d765410ef770ae05fc0ebecfe,5,5,animal|animate being|beast|brute|creature,part_6/animal_video_35.mp4|part_6/animate_being_video_35.mp4|part_7/beast_video_35.mp4|part_7/brute_video_35.mp4|part_7/creature_video_35.mp4
c419ed9029969b22ab953c340d0ae7295cd51ff1c9f569f840fad38b126f3859,5,5,animate being|beast|brute|creature|giraffe,part_6/animate_being_video_14.mp4|part_7/beast_video_14.mp4|part_7/brute_video_14.mp4|part_7/creature_video_14.mp4|part_8/giraffe_3.mp4
c8f8596839cb360c2d21b8d4fa3775d2f897580d318dfe94253b2cfef9fc10be,5,5,animal|animate being|beast|brute|creature,part_6/animal_video_54.mp4|part_6/animate_being_video_54.mp4|part_7/beast_video_54.mp4|part_7/brute_video_54.mp4|part_7/creature_video_54.mp4
d03b1f1a9ae7cbb2fcaa8af378cd1367523acc53ff71e6477246b776a606c54a,5,5,animal|animate being|beast|brute|creature,part_6/animal_video_22.mp4|part_6/animate_being_video_22.mp4|part_7/beast_video_22.mp4|part_7/brute_video_22.mp4|part_7/creature_video_22.mp4
d1a611c0cb1a291dfc5be8e382ffa11fe8f44b95d5e633575ae5e7e5c0874003,5,5,animal|animate being|beast|brute|creature,part_6/animal_video_18.mp4|part_6/animate_being_video_18.mp4|part_7/beast_video_18.mp4|part_7/brute_video_18.mp4|part_7/creature_video_18.mp4
d1f7840be2272681d24461619d5987dcb2e51daea7529947504b540702f36c61,5,5,animate being|beast|brute|creature|dinosaur,part_6/animate_being_video_7.mp4|part_7/beast_video_7.mp4|part_7/brute_video_7.mp4|part_7/creature_video_7.mp4|part_8/dinosaur_20241119_172640_10.mp4
d2ff34bfaf65ea89b1bb85bc634f9dfa3d87b8fc734114b59f39613bed7ed81d,5,5,animal|animate being|beast|brute|creature,part_6/animal_video_25.mp4|part_6/animate_being_video_25.mp4|part_7/beast_video_25.mp4|part_7/brute_video_25.mp4|part_7/creature_video_25.mp4
d464b55ec412c13122d521e7d21e748f93632ac1e56c2f4c199e40c91bb15ecb,5,5,animal|animate being|beast|brute|creature,part_6/animal_video_33.mp4|part_6/animate_being_video_33.mp4|part_7/beast_video_33.mp4|part_7/brute_video_33.mp4|part_7/creature_video_33.mp4
d57deeea2d6c75ea31893296702b65893a08e196514c0a8754cf8bcb58a746ec,5,5,animal|animate being|beast|brute|creature,part_6/animal_video_29.mp4|part_6/animate_being_video_29.mp4|part_7/beast_video_29.mp4|part_7/brute_video_29.mp4|part_7/creature_video_29.mp4
da02a6039894f592ad644c4320b75f19e23ce6843bcd36ba5f9e90226406cd42,5,5,animal|animate being|beast|brute|creature,part_6/animal_video_46.mp4|part_6/animate_being_video_46.mp4|part_7/beast_video_46.mp4|part_7/brute_video_46.mp4|part_7/creature_video_46.mp4
ea69e06b5a0ebc60a750bd679dc0be2faced2ebe50c70946de3bad9b22702213,5,5,bear|patient|stand|stomach|support,part_11/stand_20241119_172655_4.mp4|part_11/stomach_video_11.mp4|part_11/support_20241119_172655_25.mp4|part_7/bear_video_13.mp4|part_9/patient_20241119_172649_1.mp4
f0cc611a3678c19ec8659e1a458801bf1b96b572609e6ba696561dd689575562,5,5,animal|animate being|beast|brute|creature,part_6/animal_video_34.mp4|part_6/animate_being_video_34.mp4|part_7/beast_video_34.mp4|part_7/brute_video_34.mp4|part_7/creature_video_34.mp4
87f8a519de4055134bccb88b99424b71b32d5be8dde1597efe37ce6176798c00,5,4,break|die|fail|go,part_7/break_6.mp4|part_7/break_video_0.mp4|part_8/die_video_0.mp4|part_8/fail_video_0.mp4|part_8/go_video_27.mp4
02633c5db8f1df47c92d484d9dec7dff149863a153fe8816d8bc5aa723eb803b,4,4,independent|rescue|safe|save,part_10/rescue_4.mp4|part_10/safe_11.mp4|part_10/save_5.mp4|part_9/independent_8.mp4
03f0dbb97631e6324c1b94102e595786592b5acd532397f610993a6994c09dc6,4,4,break|die|fail|go,part_7/break_video_6.mp4|part_8/die_video_6.mp4|part_8/fail_video_6.mp4|part_8/go_video_33.mp4
055c11af1f7a12727d96be1d372e930a65311f3ed30451818b48d17f31d8b2f7,4,4,add|bring|contribute|lend,part_6/add_video_13.mp4|part_7/bring_video_13.mp4|part_7/contribute_video_13.mp4|part_9/lend_video_13.mp4
05ea76ed4a85dc145d62b0ada4106585a3b2a03b971a3c5f587a24d421194f72,4,4,effect|event|pass|result,part_10/result_video_5.mp4|part_8/effect_video_5.mp4|part_8/event_video_5.mp4|part_9/pass_video_6.mp4
088ffbc1c130074f8c5b3d936a9c3e741cb00dbac898a7673fcad753f679ee3b,4,4,add|bring|contribute|lend,part_6/add_video_22.mp4|part_7/bring_video_22.mp4|part_7/contribute_video_22.mp4|part_9/lend_video_22.mp4
110bb80b62edee005beed2d71924f962a9f2ea23620ce48cfb64d4a36b00eb6b,4,4,add|bring|contribute|lend,part_6/add_video_10.mp4|part_7/bring_video_10.mp4|part_7/contribute_video_10.mp4|part_9/lend_video_10.mp4
127ebba2d6c89eb80b686255fadddf14ef4b4a4b5aec30c8d15c0b2a80e21d6e,4,4,behind|bottom|tail|weird,part_11/tail_20241119_172656_10.mp4|part_7/behind_video_10.mp4|part_7/bottom_video_10.mp4|part_9/keister_video_10.mp4
12af39a555e265932baa26ca306982040d9b65f2b26ede401d965e21a0b27098,4,4,add|bring|contribute|lend,part_6/add_video_19.mp4|part_7/bring_video_19.mp4|part_7/contribute_video_19.mp4|part_9/lend_video_19.mp4
13a1c019ec647a8df5da2e028ace7b548b9e87020c8843853d69efac67350c15,4,4,bicycle|bike|cycle|wheel,part_11/wheel_video_17.mp4|part_7/bicycle_video_17.mp4|part_7/bike_video_17.mp4|part_7/cycle_video_17.mp4
1a643ffa4619b9fa5ad7e2c2fd7aa071e98adaa7c4ace3b1f3a9cc9d0e6a6a7d,4,4,bicycle|bike|cycle|wheel,part_11/wheel_video_8.mp4|part_7/bicycle_video_8.mp4|part_7/bike_video_8.mp4|part_7/cycle_video_8.mp4
1d6064ee469ac35b907dd35726617efafe4fd04140188dbf3f272663e99df367,4,4,apparel|clothes|dress|fold,part_6/apparel_video_3.mp4|part_7/clothes_video_3.mp4|part_8/dress_video_3.mp4|part_8/fold_20241119_172643_3.mp4
1df463d72f9898cb094657a3ea3ff2c3139905c4348983635d6335e479bf112c,4,4,bear|stand|stomach|support,part_11/stand_20241119_172655_25.mp4|part_11/stomach_video_15.mp4|part_11/support_20241119_172655_32.mp4|part_7/bear_video_17.mp4
1e26653bed936cfed266d28a2f0519b823b3df368e64d0552dd8a14bb3b6e9bc,4,4,bicycle|bike|cycle|wheel,part_11/wheel_video_14.mp4|part_7/bicycle_video_14.mp4|part_7/bike_video_14.mp4|part_7/cycle_video_14.mp4
2236344a2dfd7aad9cd7312f040b7310deb6774eb83f4ef03ded1333c00d00bc,4,4,add|bring|contribute|lend,part_6/add_video_18.mp4|part_7/bring_video_18.mp4|part_7/contribute_video_18.mp4|part_9/lend_video_18.mp4
22e94020d575021ab879e2f92aff503c06ada07fbc545b15cd773b0328c3e91a,4,4,ask|demand|need|take,part_11/take_video_10.mp4|part_6/ask_video_3.mp4|part_8/demand_20241119_172639_8.mp4|part_9/need_video_3.mp4
2490945004d9bff6781f8c881c338b2fd50f84b20810b6725ecc29f685976585,4,4,ask|demand|need|take,part_11/take_video_12.mp4|part_6/ask_video_5.mp4|part_7/demand_20241119_172639_20.mp4|part_9/need_video_5.mp4
27694b8df4074f57fabd48b168179e7f329f85fa0a679c165b363092b549d3ce,4,4,add|bring|contribute|lend,part_6/add_video_7.mp4|part_7/bring_video_7.mp4|part_7/contribute_video_7.mp4|part_9/lend_video_7.mp4
283a74b91c2a9924246ed3427bbc86459bf077808dd1ee5ad1499fe22df2e1d0,4,4,bicycle|bike|cycle|wheel,part_11/wheel_video_18.mp4|part_7/bicycle_video_18.mp4|part_7/bike_video_18.mp4|part_7/cycle_video_18.mp4
29bfdaa1bc694686086647be91889c1ea952a583f56ead8c1be5c9d11601754a,4,4,behind|bottom|tail|weird,part_11/tail_20241119_172656_2.mp4|part_7/behind_video_2.mp4|part_7/bottom_video_2.mp4|part_9/keister_video_2.mp4
2b5ed5280343878b9ccda012f28d93dba9fd51d48f158300a746494c4ea1e265,4,4,bracelet|circle|lot|set,part_10/set_video_36.mp4|part_7/bracelet_4.mp4|part_7/circle_video_1.mp4|part_9/lot_video_52.mp4
2e134389da93f5c70c5ecb5cdbfd4512535a42c2bbcfeee287e46c6c345174be,4,4,add|bring|contribute|lend,part_6/add_video_14.mp4|part_7/bring_video_14.mp4|part_7/contribute_video_14.mp4|part_9/lend_video_14.mp4
2fcff079979e9d9b84342d4b86bc16171dcf46f91a4505c21d2c4756d04a89d0,4,4,bear|stand|stomach|support,part_11/stand_20241119_172655_20.mp4|part_11/stomach_video_12.mp4|part_11/support_20241119_172655_23.mp4|part_7/bear_video_14.mp4
3346080bb303b5cbfdfb8a42ff81c859b80e6b47b7ed0e880f747b8b741ad13b,4,4,behind|bottom|tail|weird,part_11/tail_20241119_172656_4.mp4|part_7/behind_video_4.mp4|part_7/bottom_video_4.mp4|part_9/keister_video_4.mp4
366af19d2c096f33c971950ffaddc57e6ca4f3ced01691aa7746155095a08ca7,4,4,add|bring|contribute|lend,part_6/add_video_6.mp4|part_7/bring_video_6.mp4|part_7/contribute_video_6.mp4|part_9/lend_video_6.mp4
3679741df15495daf37f0eec8887f9bcc505cd5063d95be14335c2671ae8132e,4,4,add|bring|contribute|lend,part_6/add_video_1.mp4|part_7/bring_video_1.mp4|part_7/contribute_video_1.mp4|part_9/lend_video_1.mp4
380408cc587452af7182dc167c522d9bd79d8873605609541fb722954d29601f,4,4,conduct|guide|lead|take,part_11/take_video_3.mp4|part_7/conduct_20241119_172637_3.mp4|part_8/guide_video_3.mp4|part_9/lead_video_3.mp4
3a3ed16e359a37ecc23c091c9eacfbc0dc272141de9ecac3791784b5d2df0e1c,4,4,cut|reduce|scissors|trim,part_10/reduce_video_1.mp4|part_10/scissors_5.mp4|part_11/trim_20241119_172656_1.mp4|part_7/cut_video_1.mp4
3c006bf60c9513e4610c8c01d49b3d3b2a08f9f37958417ec4a796eb43a81cd8,4,4,business|busy|job|line,part_7/business_video_2.mp4|part_7/busy_5.mp4|part_9/job_video_2.mp4|part_9/line_video_2.mp4
3f250e677384660752888ee113c1b2703954d58375fd81e4ede42114b5a264db,4,4,ask|demand|need|take,part_11/take_video_7.mp4|part_6/ask_video_0.mp4|part_8/demand_20241119_172639_5.mp4|part_9/need_video_0.mp4
44691f4c8e443b587aa99b92b79c60cbb517f17e44d6be5a67dde4cf7fea4d15,4,4,bicycle|bike|cycle|wheel,part_11/wheel_video_21.mp4|part_7/bicycle_video_21.mp4|part_7/bike_video_21.mp4|part_7/cycle_video_21.mp4
4b83761bb1c19c70d3e76f1e20d5a36b3ac2c8accad2bd947b1e379656cf1768,4,4,add|bring|contribute|lend,part_6/add_video_2.mp4|part_7/bring_video_2.mp4|part_7/contribute_video_2.mp4|part_9/lend_video_2.mp4
4c414ca31698793ddbc5972eccab6681704a11d6aa2b641ab391410babc60f60,4,4,bicycle|bike|cycle|wheel,part_11/wheel_video_10.mp4|part_7/bicycle_video_10.mp4|part_7/bike_video_10.mp4|part_7/cycle_video_10.mp4
520d017111ff7f33a2d07eb6edcccb67b3dce9f4226dee7fe3774fc5ebab93d1,4,4,break|die|fail|go,part_7/break_video_2.mp4|part_8/die_video_2.mp4|part_8/fail_video_2.mp4|part_8/go_video_29.mp4
569dd1d8f8e02ec30569d1b68523ac88323c06d5753897260b07b8e2676426a9,4,4,bicycle|bike|cycle|wheel,part_11/wheel_video_22.mp4|part_7/bicycle_video_22.mp4|part_7/bike_video_22.mp4|part_7/cycle_video_22.mp4
576b51f1279148bc586ca5a5f93b700e10b8fbe2ad9878444e911443b5176e37,4,4,behind|bottom|tail|weird,part_11/tail_20241119_172656_1.mp4|part_7/behind_video_1.mp4|part_7/bottom_video_1.mp4|part_9/keister_video_1.mp4
5c5751a17ba985494bcd5cf7ab016b56dcb3cfc4d225d02abaf6a9f837e800fd,4,4,add|bring|contribute|lend,part_6/add_video_9.mp4|part_7/bring_video_9.mp4|part_7/contribute_video_9.mp4|part_9/lend_video_9.mp4
5dfa656c887036926b2f7aa915db5943d5cb0dffffbdd520fbbb22572376f705,4,4,break|die|fail|go,part_7/break_video_4.mp4|part_8/die_video_4.mp4|part_8/fail_video_4.mp4|part_8/go_video_31.mp4
5e5ba9073bb151daebcd1f03ba68139a72e372c25be5c4ce8ff7e16fc31e2cd7,4,4,contribute|feed|give|provide,part_10/provide_6.mp4|part_7/contribute_6.mp4|part_8/feed_20241119_172642_11.mp4|part_8/give_26.mp4
5f1597fb4987e33f6bd20773e66b5d21f562305cde7e4796120727a465fd0a0c,4,4,call|guess|predict|promise,part_10/predict_video_0.mp4|part_10/promise_video_0.mp4|part_7/call_20241119_172635_8.mp4|part_8/guess_20241119_172644_4.mp4
6423cf68c85ae66c13a114e0d8bcbc530ef343f0ab2c8b21cccf3f047decd112,4,4,bicycle|bike|cycle|wheel,part_11/wheel_video_7.mp4|part_7/bicycle_video_7.mp4|part_7/bike_video_7.mp4|part_7/cycle_video_7.mp4
676a2f2d1504cc011494b6c1a439467bbf77e5d84e53f8b666e964fe191bab30,4,4,conduct|guide|lead|take,part_11/take_video_6.mp4|part_7/conduct_20241119_172637_6.mp4|part_8/guide_video_6.mp4|part_9/lead_video_6.mp4
6aedff2a32af4614dde0f7be61aab13e9f466f2ca8384dc522b08b060e2d20df,4,4,break|die|fail|go,part_7/break_video_1.mp4|part_8/die_video_1.mp4|part_8/fail_video_1.mp4|part_8/go_video_28.mp4
6b12133d0a5885b0f4067c2acf2c1ece51e903e799c7d0cf10f6d6fc35d17972,4,4,abbreviate|i|r|v,part_10/r.mp4|part_6/I.mp4|part_6/V.mp4|part_6/abbreviate.mp4
6bf7ae98753f257a8080d50293a6ada96868143a014c33671226a26b0fdd7da6,4,4,edge|know|now|owl,part_8/edge.mp4|part_9/know.mp4|part_9/now.mp4|part_9/owl.mp4
6c5905954a739c91951c1d8d4da2258d4e5f6513d225d6bcc4fcafc957b49281,4,4,bicycle|bike|cycle|wheel,part_11/wheel_video_2.mp4|part_7/bicycle_video_2.mp4|part_7/bike_video_2.mp4|part_7/cycle_video_2.mp4
6d48e400c355591fcadab7db6a1facb8846c99d0d65d0bce0fac318512d6a4b6,4,4,add|bring|contribute|lend,part_6/add_video_11.mp4|part_7/bring_video_11.mp4|part_7/contribute_video_11.mp4|part_9/lend_video_11.mp4
738cad9b6feed65718008314279e2f215e6210098e0c2af23d4e8831c4e53dc2,4,4,bother|can|devil|rag,part_10/rag_video_21.mp4|part_7/bother_video_21.mp4|part_7/can_20241119_172636_4.mp4|part_8/devil_video_21.mp4
766e2b54c4e85c031d1e61a11c786304543f1431da6a341a2d3fc5a2a28ed895,4,4,bicycle|bike|cycle|wheel,part_11/wheel_video_15.mp4|part_7/bicycle_video_15.mp4|part_7/bike_video_15.mp4|part_7/cycle_video_15.mp4
78f16563da76c36bdd062a298521d7974cf0a077522afce6eee527bcf0783c71,4,4,bicycle|bike|cycle|wheel,part_11/wheel_video_16.mp4|part_7/bicycle_video_16.mp4|part_7/bike_video_16.mp4|part_7/cycle_video_16.mp4
79bd87456b1aa45e8436aa006278216b65466cc0260c8ff663c130ecbcf70b67,4,4,bicycle|bike|cycle|wheel,part_11/wheel_video_25.mp4|part_7/bicycle_video_25.mp4|part_7/bike_video_25.mp4|part_7/cycle_video_25.mp4
7f3710efd02f2daaec4279faa7d0cbfedb92442807691f7ef3f2cce9e62ce84f,4,4,bicycle|bike|cycle|wheel,part_11/wheel_video_13.mp4|part_7/bicycle_video_13.mp4|part_7/bike_video_13.mp4|part_7/cycle_video_13.mp4
8305bf677dbb8244bf8769b03d15d15ca44f8d9d6ad60222c1476162b8962127,4,4,add|bring|contribute|lend,part_6/add_video_4.mp4|part_7/bring_video_4.mp4|part_7/contribute_video_4.mp4|part_9/lend_video_4.mp4
8664f631bed7e714a80fa29da14c8fa6b8ba6230416dbb08f64e75ffddf05b2a,4,4,bicycle|bike|cycle|wheel,part_11/wheel_video_6.mp4|part_7/bicycle_video_6.mp4|part_7/bike_video_6.mp4|part_7/cycle_video_6.mp4
8ddb266f4e17ba2b04d799381dcef7ae36d547bca8e8829ce45e2e25de92a3a1,4,4,bicycle|bike|cycle|wheel,part_11/wheel_video_12.mp4|part_7/bicycle_video_12.mp4|part_7/bike_video_12.mp4|part_7/cycle_video_12.mp4
8f9393bb178ad17c3302968e78b9667d531ec9743998ea090cb92f15ce24acf4,4,4,ask|demand|need|take,part_11/take_video_11.mp4|part_6/ask_video_4.mp4|part_7/demand_20241119_172639_4.mp4|part_9/need_video_4.mp4
917699d84fc924ab293ab35567e26c93c35b31608f5f9070e09566230f64dbb7,4,4,fix|ready|set|set up,part_10/ready_video_7.mp4|part_10/set_up_video_28.mp4|part_10/set_video_59.mp4|part_8/fix_video_9.mp4
91c90727304b93ad8b12e69436af444daf521d6e61de47ddfbcf15557dee7f8e,4,4,ask|demand|need|take,part_11/take_video_9.mp4|part_6/ask_video_2.mp4|part_8/demand_20241119_172639_9.mp4|part_9/need_video_2.mp4
9208bf20f52ecf96e68a14438637d7bf59b812e94f260ecd8a96148a22873494,4,4,bicycle|bike|cycle|wheel,part_11/wheel_video_11.mp4|part_7/bicycle_video_11.mp4|part_7/bike_video_11.mp4|part_7/cycle_video_11.mp4
94e2407ef67bf73c06a609b9c5311c7626eaba255f2f79e257f87155e547837e,4,4,contribute|feed|give|provide,part_10/provide_5.mp4|part_7/contribute_3.mp4|part_8/feed_20241119_172642_5.mp4|part_8/give_24.mp4
967327c30554acec7ac0a79d7fc04dac8f7b19124964ef4cb3ab64be57fb1db7,4,4,animate being|beast|brute|creature,part_6/animate_being_video_1.mp4|part_7/beast_video_1.mp4|part_7/brute_video_1.mp4|part_7/creature_video_1.mp4
985136309ac249384e4b7aa1d2cd2db967492ab17d83da4e113bafa209b4c1c3,4,4,bicycle|bike|cycle|wheel,part_11/wheel_video_26.mp4|part_7/bicycle_video_26.mp4|part_7/bike_video_26.mp4|part_7/cycle_video_26.mp4
99fb643822b14636e4d05f0ac13de7c4f5e0590e17fc211100cf238024b85dd7,4,4,bicycle|bike|cycle|wheel,part_11/wheel_video_3.mp4|part_7/bicycle_video_3.mp4|part_7/bike_video_3.mp4|part_7/cycle_video_3.mp4
9be065b2772c55c742617787dd70698abf907798fdf7b17c9ba0e76b539e2e52,4,4,figure|form|frame|shape,part_10/shape_video_9.mp4|part_8/figure_video_22.mp4|part_8/form_video_26.mp4|part_8/frame_video_2.mp4
9c35f7a6afdb7d4461759b4e4d30014e392945d46fbfdc6e12e98ef245ebaa16,4,4,add|bring|contribute|lend,part_6/add_video_12.mp4|part_7/bring_video_12.mp4|part_7/contribute_video_12.mp4|part_9/lend_video_12.mp4
9c4da2582561b600fac799249f70bc08035ba1d40f01506494488383fe216bc4,4,4,bicycle|bike|cycle|wheel,part_11/wheel_video_19.mp4|part_7/bicycle_video_19.mp4|part_7/bike_video_19.mp4|part_7/cycle_video_19.mp4
9feec288fd8a212eba07588765620c45003a36e7f7dc20bcc5362229638cf204,4,4,add|bring|contribute|lend,part_6/add_video_20.mp4|part_7/bring_video_20.mp4|part_7/contribute_video_20.mp4|part_9/lend_video_20.mp4
a9e3750e9ec73aef9da9d5fe94186022506b6947cc13c34871115904b45347f4,4,4,fix|ready|set|set up,part_10/ready_video_6.mp4|part_10/set_up_video_27.mp4|part_10/set_video_58.mp4|part_8/fix_video_8.mp4
aac5c2c2a39f84b19d2df06fdca45dc7549193bb423615798c2bb82c793be59b,4,4,bicycle|bike|cycle|wheel,part_11/wheel_video_24.mp4|part_7/bicycle_video_24.mp4|part_7/bike_video_24.mp4|part_7/cycle_video_24.mp4
b90faeb62490cdd6db81dbf628df25157b5b4a14e0eb6ddfd01c6ac68f58fdf1,4,4,ask|demand|need|take,part_11/take_video_14.mp4|part_6/ask_video_7.mp4|part_7/demand_20241119_172639_16.mp4|part_9/need_video_7.mp4
bbfe8fda355c2c3fc743864d2584b3fd3f5076f15b40563fc52157a835eb9fb7,4,4,conduct|guide|lead|take,part_11/take_video_5.mp4|part_7/conduct_20241119_172637_5.mp4|part_8/guide_video_5.mp4|part_9/lead_video_5.mp4
bcefa10e24d3164f14a067ce838648d7b3bbee4251bd4cf313ee477c3bd3939c,4,4,add|bring|contribute|lend,part_6/add_video_15.mp4|part_7/bring_video_15.mp4|part_7/contribute_video_15.mp4|part_9/lend_video_15.mp4
be7fae6470c16f9ba7a7e3f775e3a381b82b8226db2150dd3c777cc2d2b1d965,4,4,add|bring|contribute|lend,part_6/add_video_5.mp4|part_7/bring_video_5.mp4|part_7/contribute_video_5.mp4|part_9/lend_video_5.mp4
c034f7760c264dd62fcd22a7f32170924e6e90681c6bf66091780ddb37f9c259,4,4,dispatch|hit|murder|remove,part_10/remove_video_4.mp4|part_8/dispatch_video_3.mp4|part_8/hit_20241119_172645_1.mp4|part_9/murder_video_2.mp4
c1734483d206f858a250be05c86ed9673f611e498759b3aa2b509f9d3795f2d2,4,4,apparel|clothes|dress|sweater,part_11/sweater_20241119_172655_2.mp4|part_6/apparel_video_10.mp4|part_7/clothes_video_10.mp4|part_8/dress_video_10.mp4
c2d8079db4c648dbbf81a874b161e826689616b03a9f0d145925f02342d5607a,4,4,behind|bottom|tail|weird,part_11/tail_20241119_172656_3.mp4|part_7/behind_video_3.mp4|part_7/bottom_video_3.mp4|part_9/keister_video_3.mp4
ca2392f0b4c2f35fc593b48c81d557a391491dfbfc12500c71971fd2031c0d6b,4,4,break|die|fail|go,part_7/break_video_3.mp4|part_8/die_video_3.mp4|part_8/fail_video_3.mp4|part_8/go_video_30.mp4
cc4f5764c36edaf61c7a15f85663439c70dd1fc1dfbcd30a8802839a5bb20f7f,4,4,animate being|beast|brute|creature,part_6/animate_being_video_0.mp4|part_7/beast_video_0.mp4|part_7/brute_video_0.mp4|part_7/creature_video_0.mp4
d0c13a83bceffdc30999d9b099e14db77059f29c0f3329a01f73fa64e2c686fe,4,4,behind|bottom|tail|weird,part_11/tail_20241119_172656_6.mp4|part_7/behind_video_6.mp4|part_7/bottom_video_6.mp4|part_9/keister_video_6.mp4
d6ab5fee177c550b736877de8082fd9a688e72f7a75f0a1a16d7f0fabac1fe86,4,4,bicycle|bike|cycle|wheel,part_11/wheel_video_23.mp4|part_7/bicycle_video_23.mp4|part_7/bike_video_23.mp4|part_7/cycle_video_23.mp4
dc92cf8c815dbc6464fbf38664e76973e27c118339dcec208fd461938f9b4ea9,4,4,add|bring|contribute|lend,part_6/add_video_3.mp4|part_7/bring_video_3.mp4|part_7/contribute_video_3.mp4|part_9/lend_video_3.mp4
e377425aa81a4038e8d525d4335e4f864213063dbfdcb4e174ca861570196e48,4,4,add|bring|contribute|lend,part_6/add_video_21.mp4|part_7/bring_video_21.mp4|part_7/contribute_video_21.mp4|part_9/lend_video_21.mp4
e3ef5b7e5bb365069134186326c2b6b23740e733db324945ceb80ddae5583224,4,4,bicycle|bike|cycle|wheel,part_11/wheel_video_9.mp4|part_7/bicycle_video_9.mp4|part_7/bike_video_9.mp4|part_7/cycle_video_9.mp4
e5b6be1def79f9682f07fa601744900f7d77d308e8a513a87faca569c46e6693,4,4,compass|dig|grasp|understand,part_11/understand_4.mp4|part_7/compass_video_3.mp4|part_8/dig_video_19.mp4|part_8/grasp_video_7.mp4
e7ca1ec870c1b4d4b21b8f6523f0403f7accaaf77db3fe1100310e6146936fcf,4,4,ask|king|ski|tape,part_10/ski.mp4|part_11/tape.mp4|part_6/ask.mp4|part_9/king.mp4
ea7fd4c2f674d1a09b1af964eed476a528f8d1cca7f8ed5b4959e8d1c3daa213,4,4,bicycle|bike|cycle|wheel,part_11/wheel_video_20.mp4|part_7/bicycle_video_20.mp4|part_7/bike_video_20.mp4|part_7/cycle_video_20.mp4
f202e3a28655d3ee0d8567a9c35b9e0d426edb5fcff6189732fe6538185e5474,4,4,clip|cut back|dress|trim,part_11/trim_20241119_172656_32.mp4|part_7/clip_video_38.mp4|part_7/cut_back_video_32.mp4|part_8/dress_video_41.mp4
f65675faf344cff989de10d5b09aa08dc5e6355406b36c88ae42a62cd755028e,4,4,behind|bottom|tail|weird,part_11/tail_20241119_172656_9.mp4|part_7/behind_video_9.mp4|part_7/bottom_video_9.mp4|part_9/keister_video_9.mp4
d3fda9c2bf7506d2e23670b76628832e7718540647385fe1970f094128b3658b,6,3,go|move|travel,part_11/travel_video_23.mp4|part_11/travel_video_24.mp4|part_8/go_video_23.mp4|part_8/go_video_24.mp4|part_9/move_video_23.mp4|part_9/move_video_24.mp4
2668b066bbb810ec2529bb0a7d35be2134ed29dff00edcee06fabaaf1c0516b2,5,3,earth|ground|land,part_6/Earth_video_21.mp4|part_6/Earth_video_24.mp4|part_8/ground_video_3.mp4|part_9/land_video_0.mp4|part_9/land_video_3.mp4
379f09310a1b81110aae57f6bea1989196c068c9a308527688ffbb56f5f7312e,4,3,circle|lot|set,part_10/set_video_37.mp4|part_7/circle_2.mp4|part_7/circle_video_2.mp4|part_9/lot_video_53.mp4
59b211881073b4a21cc4f2efeddbabc221521d512d591baa0013962b3c570c1f,4,3,class|form|grade,part_7/class_video_2.mp4|part_7/class_video_26.mp4|part_8/form_video_2.mp4|part_8/grade_video_2.mp4
5ace2b1172bd10993c56c1e812b505f06d82f337aa8e93a4c9a5a587a592dc95,4,3,center|heart|middle,part_7/center_8.mp4|part_7/center_video_0.mp4|part_8/heart_video_0.mp4|part_9/middle_video_0.mp4
77e49319d6cf62f1c72a32d0e3d01466e408833bc015b454949b1fb27c87bb3f,4,3,add|bring|contribute,part_6/add_video_0.mp4|part_7/bring_5.mp4|part_7/bring_video_0.mp4|part_7/contribute_video_0.mp4
826111fe9f02c154a8cbe294301b5cc3aa9f4652b0891abdd23d82ee0171a335,4,3,function|office|role,part_10/role_video_0.mp4|part_8/function_0.mp4|part_8/function_video_0.mp4|part_9/office_video_0.mp4
8a34ebd5ebd5b10d3b8ac9edbcf5d03346f149c9cf108201a010f203bb0d5bfc,4,3,brain|head|mind,part_7/brain_video_1.mp4|part_8/head_video_1.mp4|part_9/mind_0.mp4|part_9/mind_video_1.mp4
c61a3d351f0752cf473d453b0d25743c409afb443a839951cfb40db714fb8b8f,4,3,center|heart|middle,part_7/center_video_1.mp4|part_8/heart_video_1.mp4|part_9/middle_3.mp4|part_9/middle_video_1.mp4
cf1934183a76c0200e41d63b616cd53d651f300d4ab81bb1a52f13a1a5f04a1c,4,3,go|move|travel,part_11/travel_video_1.mp4|part_8/go_24.mp4|part_8/go_video_1.mp4|part_9/move_video_1.mp4
da4f8f03c46650a72e0eaa3c8da7e82e705d17f28e810952fbd3c694ffdbe876,4,3,d|n|o,part_6/D_d_aug_3.mp4|part_6/D_d_aug_31.mp4|part_6/N_n_aug_24.mp4|part_6/O_o_aug_6.mp4
e4db9c56e117a8f002cf5f1ef2ed5d0bfb8cb607c087161bbf54bd8df9288848,4,3,call|phone|ring,part_10/phone_video_10.mp4|part_10/ring_video_13.mp4|part_7/call_20241119_172635_17.mp4|part_7/call_20241119_172635_9.mp4
f5da52fade5c3694db9d4cc440827b7918135ce6f1ebe9f9fecf834aed475483,4,3,drill|exercise|practice,part_10/practice_video_3.mp4|part_8/drill_video_3.mp4|part_8/exercise_0.mp4|part_8/exercise_video_3.mp4
001da5be454d8cdcc9765162b6e1cbc406914bc63c80c836e4faa5d4e4e82ce6,3,3,give|joke|laugh,part_9/jape_video_12.mp4|part_9/joke_video_12.mp4|part_9/laugh_video_12.mp4
00b4e4189a5b124485940da8736ccef2df63650d680a29017f2467f930b405ec,3,3,almost|most|near,part_6/almost_video_1.mp4|part_9/most_video_1.mp4|part_9/near_video_1.mp4
01020e3dc20161e234e10f8efac6529f5760e19f3d4f3e4fc995e10cf78f9eff,3,3,give|joke|laugh,part_9/jape_video_1.mp4|part_9/joke_video_1.mp4|part_9/laugh_video_1.mp4
011dc0c5cfaf7f419cd9591c4949e5189783fe3ec1a01d62825795c4479a8cb7,3,3,bear|carry|conduct,part_7/bear_video_18.mp4|part_7/carry_video_5.mp4|part_7/conduct_20241119_172637_11.mp4
01bc52e86ea1417360ad96264c32e8e827c18e6ddf8c11c80f2b2bfba0812c7f,3,3,before|last|past,part_7/before_27.mp4|part_9/last_16.mp4|part_9/past_5.mp4
01f2eb4596ab866e0f045defea67cd63eba3381d2622d5417f15dc61e3d06b69,3,3,guide|head|point,part_10/point_video_33.mp4|part_8/guide_video_12.mp4|part_8/head_video_38.mp4
02f0e33ef5d2b53748bb0fe3316e88cd94792aa2e1d432bddc04313317304af2,3,3,place|put|set,part_10/place_video_32.mp4|part_10/put_video_13.mp4|part_10/set_video_52.mp4
03394f83311ea6a77f37542e7b1659726489bf6ead8532d5b2298ba632d36043,3,3,center|heart|middle,part_7/center_video_6.mp4|part_8/heart_video_6.mp4|part_9/middle_video_6.mp4
03d0c17d9b5f190c64cd5d394aea601128997980e7177cb4b1d378b6116a176b,3,3,catch|get|grab,part_7/catch_20241119_172636_3.mp4|part_8/get_video_25.mp4|part_8/grab_1.mp4
03e164afb4f411936805832d152e262e5eec16f54aa065ba6ccdf5faab5f0ccf,3,3,evaluate|measure|value,part_11/value_video_2.mp4|part_8/evaluate_video_2.mp4|part_9/measure_20241119_172647_2.mp4
04ce141c814050d55675c88e8686ea63d5f9b6e65ad1d88612f97eba897c006f,3,3,give|joke|laugh,part_9/jape_video_13.mp4|part_9/joke_video_13.mp4|part_9/laugh_video_13.mp4
04e0df315c16b71aa892dbd92b97085e0686af416177ce5507a38ec7e4b7539d,3,3,bother|devil|rag,part_10/rag_video_6.mp4|part_7/bother_video_6.mp4|part_8/devil_video_6.mp4
0634861aa7202a4d2888a30246f360d5f3ebd7d51f7bb50bc18f0140ac81bcea,3,3,class|form|grade,part_7/class_video_4.mp4|part_8/form_video_4.mp4|part_8/grade_video_4.mp4
06d977a348c7bd4c7fa5882cccb3c92cff74efeb268df4194f06b6bd375043b7,3,3,design|plan|project,part_10/plan_video_3.mp4|part_10/project_video_3.mp4|part_8/design_video_3.mp4
06f82cb77e8db3728e3a7dc0e1abb7f49cd108c5d34331ef20f4650ed01449ba,3,3,flip|pass|toss,part_11/toss_video_8.mp4|part_8/flip_video_3.mp4|part_9/pass_video_24.mp4
0802ef000783e396989dacec369eb6e7a7802f921b3ee19a38277d7b4864246b,3,3,grass|skunk|smoke,part_10/skunk_video_4.mp4|part_10/smoke_video_12.mp4|part_8/grass_video_9.mp4
08619c1123267c6fa2fa659b6c8e9d0bdb5d52d10d38115b24f5b7a4f73b27a5,3,3,evaluate|measure|value,part_11/value_video_5.mp4|part_8/evaluate_video_5.mp4|part_9/measure_20241119_172647_20.mp4
08a0abab4b5c579d36058c31ddfeb975111c611f3df8e38c9f42b9c013297351,3,3,circle|lot|set,part_10/set_video_44.mp4|part_7/circle_video_9.mp4|part_9/lot_video_60.mp4
08b2a17b189730684116d0b06ca032dd0193057786d5df610d8d48069088cf12,3,3,business|job|line,part_7/business_video_23.mp4|part_9/job_video_23.mp4|part_9/line_video_23.mp4
08c6af492bda861e1519892a15dbefb18c6050d6edc268b0c48e548b234c0da5,3,3,give|joke|laugh,part_9/jape_video_11.mp4|part_9/joke_video_11.mp4|part_9/laugh_video_11.mp4
09ccb4c07e246f664495136b2ad572faeef90ded41b784cb1f9cf4c0d07d5ff3,3,3,meditate|ponder|reflect,part_10/ponder_video_10.mp4|part_10/reflect_video_10.mp4|part_9/meditate_20241119_172647_10.mp4
0a2cc496a166f5f19e3aa5720f5692e24114ffb1e9a7a97f726b17632cd87b47,3,3,business|job|line,part_7/business_video_14.mp4|part_9/job_video_14.mp4|part_9/line_video_14.mp4
0a5754a14f18694b9445611051f42fa886c5a9dd0bc36a0f27a6b9b6faf56451,3,3,business|job|line,part_7/business_video_17.mp4|part_9/job_video_17.mp4|part_9/line_video_17.mp4
0c1a797a274af7965cda0e9ff59607302457284810cc57606800c6e70729bacb,3,3,apparel|clothes|dress,part_6/apparel_video_5.mp4|part_7/clothes_video_5.mp4|part_8/dress_video_5.mp4
0c1f7bf116650e87ead3c384ffc543643dac0a0069c53d0e4d1d80a073b9bb1e,3,3,backup|choke|foul,part_6/backup_video_23.mp4|part_7/choke_video_7.mp4|part_8/foul_video_21.mp4
0c6d14e9c93eba7ce701bec8d790ff9905db0408d580bf3542b254933298d922,3,3,call|phone|ring,part_10/phone_video_14.mp4|part_10/ring_video_17.mp4|part_7/call_20241119_172635_14.mp4
0cb9840584f89e136cbe7f8cada22773b383e8045042cbc6dc54b6ab89d98e0e,3,3,go|move|travel,part_11/travel_video_12.mp4|part_8/go_video_12.mp4|part_9/move_video_12.mp4
0ce48c81f0d60d79312f759351f0b562e53008ba99ce0d765652d27271a0f3f3,3,3,earth|ground|land,part_6/Earth_video_29.mp4|part_8/ground_video_8.mp4|part_9/land_video_8.mp4
0ceabfbe5629a1daf4288ea5e6572f2025acc8bebce1be277cbe6f1e532b4dd3,3,3,check|fit|match,part_7/check_video_4.mp4|part_8/fit_video_4.mp4|part_9/match_video_4.mp4
0d1390ab38af952f418c157b2c28ff245ecb3c9deacb0d5939a66a73eb4a2a6c,3,3,end|finish|stop,part_11/stop_video_16.mp4|part_8/end_video_16.mp4|part_8/finish_video_16.mp4
0e5cb1392491745dd726716e9eb753702e038c063821b64cfff3460a8c96fb85,3,3,expect|hope|wait,part_11/wait_video_10.mp4|part_8/expect_video_0.mp4|part_9/hope_9.mp4
0fd6d02d2bfc2f7a83572b8737d1400b610a3bb5c5f1a6610164c39961b4e642,3,3,business|job|line,part_7/business_video_20.mp4|part_9/job_video_20.mp4|part_9/line_video_20.mp4
10d9c48c8ccfb0305ecdb1ad1ebb61d65f7bff8663e4b2976688d901d501cce4,3,3,adjust|correct|set,part_10/set_video_17.mp4|part_6/adjust_video_17.mp4|part_7/correct_video_17.mp4
10ff95cfbea61cbf5d0ccf20b9a52948317c2ad9d0c0c43d1f3d724f17105c1a,3,3,bounce|bound|spring,part_10/spring_video_15.mp4|part_7/bounce_video_15.mp4|part_7/bound_video_15.mp4
11a993bfdbc9093bfb730269c2ab99a12f1775207880bb53beb82cb139d822ac,3,3,wander|weave|wind,part_11/wander_video_4.mp4|part_11/weave_video_4.mp4|part_11/wind_video_5.mp4
11b65940e08ee6512f66ac826a50796fc97e10ef2414c877f20063f8622b7a2f,3,3,end|finish|stop,part_11/stop_video_1.mp4|part_8/end_video_1.mp4|part_8/finish_video_1.mp4
11f36a73e4c2efad2b553fdad3ca07fc0169570e61dd92a752fa46f3301bdb80,3,3,guess|imagine|think,part_11/think_video_15.mp4|part_8/guess_20241119_172644_8.mp4|part_9/imagine_20241119_172645_5.mp4
136ae74258ab6cc43150a2050e84ec216bc9868095d6dc17fe8c615a6d825d47,3,3,bound|jump|spring,part_10/spring_video_25.mp4|part_7/bound_video_25.mp4|part_9/jump_video_5.mp4
13cdd4bee24e955141ebd48dc0a6a4410a40f7909847481f1c0493e800fdc6d9,3,3,go|move|travel,part_11/travel_video_22.mp4|part_8/go_video_22.mp4|part_9/move_video_22.mp4
14bc623c7e0f55b693f91ad1e8852be44029c56387f0b17128d5526047dc0596,3,3,design|plan|project,part_10/plan_video_2.mp4|part_10/project_video_2.mp4|part_8/design_video_2.mp4
15c0caf27d3b3e1bed42d71cab5e7b73bc63edbd30357cda1d855a8289f7c411,3,3,end|finish|stop,part_11/stop_video_4.mp4|part_8/end_video_4.mp4|part_8/finish_video_4.mp4
164da5bc669534ae8ed41969b85b71d2e9c02d5af236e62978b0817f1b351bd1,3,3,add|bring|lend,part_6/add_video_17.mp4|part_7/bring_video_17.mp4|part_9/lend_video_17.mp4
166a10bfc1740f86092af5ba92ace0a1468a162784e30f1b4ca5fd838a480993,3,3,road|street|way,part_10/road_5.mp4|part_11/street_9.mp4|part_11/way_9.mp4
16a5cf2ce00a3806ea914706d00605e089c29704546f8a90b5e132e70779c824,3,3,end|finish|stop,part_11/stop_video_18.mp4|part_8/end_video_18.mp4|part_8/finish_video_18.mp4
170385b04b343fbe68578ee4ef79c10384ddbce65b1515e4c32cc166a6ee9988,3,3,bounce|bound|spring,part_10/spring_video_6.mp4|part_7/bounce_video_6.mp4|part_7/bound_video_6.mp4
1743f88a568a1255c94925438e60ef7f0655c10a3d9e510dcf7a078df1ade2ea,3,3,brain|head|mind,part_7/brain_video_4.mp4|part_8/head_video_4.mp4|part_9/mind_video_4.mp4
1791f856b111c79d1f7d476d1d4d9925544d3b7f908c49a2a165abd4a195b52e,3,3,add|contribute|lend,part_6/add_video_16.mp4|part_7/contribute_video_16.mp4|part_9/lend_video_16.mp4
17b100f7b2634d41c9be55a3ea469ef8d5c7bb3e7a704a016e33e895b5582ff7,3,3,brain|head|mind,part_7/brain_video_19.mp4|part_8/head_video_19.mp4|part_9/mind_video_19.mp4
18b8a392576a258292fd41407eba8d0aac7844a3fd61328d2996ba1f52704702,3,3,adjust|correct|set,part_10/set_video_28.mp4|part_6/adjust_video_28.mp4|part_7/correct_video_28.mp4
19a1e07b5dce96ecb0f5c23a19cdcdc3a70f0c86b637648fa8ca875607175766,3,3,clear|earn|make,part_7/clear_video_2.mp4|part_8/earn_video_2.mp4|part_9/make_video_26.mp4
19d427eb447d6090e6631baa57b16943442745ae55480153f31aee4817f22329,3,3,apparel|clothes|dress,part_6/apparel_video_7.mp4|part_7/clothes_video_7.mp4|part_8/dress_video_7.mp4
19ecc10b122dfd7c168682c3209fe6771a4492c69c502d9fdbe3a5c8702040a0,3,3,brain|head|mind,part_7/brain_video_8.mp4|part_8/head_video_8.mp4|part_9/mind_video_8.mp4
1b6e7f657ddbcfad982d1b33090a6b3776da8ee4d3dff0d68cfc1a2adaf79312,3,3,meditate|ponder|reflect,part_10/ponder_video_8.mp4|part_10/reflect_video_8.mp4|part_9/meditate_20241119_172647_8.mp4
1b7889219048f304cba561b84132d06a799cd060b6a9bc85d9f69522c46213ae,3,3,country|land|state,part_11/state_video_18.mp4|part_7/country_video_27.mp4|part_9/land_video_15.mp4
1bfb317fc26d2a27794603ba8416ded33881297ec990357aea233c160304df08,3,3,guess|imagine|think,part_11/think_video_17.mp4|part_8/guess_20241119_172644_6.mp4|part_9/imagine_20241119_172645_7.mp4
1c3106c6bb727ce3a6ae460171eaf3efbcd4635393fdf8d99187b90b67779ec0,3,3,go|move|travel,part_11/travel_video_4.mp4|part_8/go_video_4.mp4|part_9/move_video_4.mp4
1da1290f9e7f255566d467d6dfbfd139ffc990778b9066e19da63298057758c8,3,3,d|n|o,part_6/D.mp4|part_6/N.mp4|part_6/O.mp4
1f52cd54661ab28fda9c27d9af50b2542f80a8b97a798db9cdc3aacb5480e0ed,3,3,class|form|grade,part_7/class_video_9.mp4|part_8/form_video_9.mp4|part_8/grade_video_9.mp4
1f6f546f8df7b8def09865d2381d67c5b43ccc276c6f2b9f60df698377a82ff1,3,3,circle|lot|set,part_10/set_video_49.mp4|part_7/circle_video_14.mp4|part_9/lot_video_65.mp4
1f76ce4614f04cc25ce7943f8687a08cb7b2083c77bc553045b28358945e25da,3,3,get|get down|start,part_11/start_video_6.mp4|part_8/get_down_video_6.mp4|part_8/get_video_6.mp4
20d2826f41d37def21e70196e5ea1e4de60242c74edbd8fba32f85da9cf3c443,3,3,die|go|pass,part_8/die_video_8.mp4|part_8/go_video_35.mp4|part_9/pass_video_1.mp4
20d62379be8eec3b8fd962ff3834451c9f5f868bd63d23cccd78f8c1c76819f3,3,3,grass|skunk|smoke,part_10/skunk_video_0.mp4|part_10/smoke_video_8.mp4|part_8/grass_video_5.mp4
20f4de756901c2353efff1fa69d26c65d88cfa8fb79d1d530a87b410b284449a,3,3,compass|dig|grasp,part_7/compass_video_5.mp4|part_8/dig_video_21.mp4|part_8/grasp_video_9.mp4
2131071b58feaf3281af5d0102488a6a5c7245e17d51302bb29dbb8dc7bec019,3,3,fire|hit|shoot,part_10/shoot_20241119_172653_24.mp4|part_8/fire_video_10.mp4|part_8/hit_20241119_172645_26.mp4
223d6e411dfba81b2cf2b98b75baa2bdbbb070f1ee64f25997608fe4c57388af,3,3,apparel|clothes|dress,part_6/apparel_video_17.mp4|part_7/clothes_video_17.mp4|part_8/dress_video_17.mp4
22b179f6bc20f83640aea29faa0dcc7e70d4a6665326ab393a1760f0f27903b8,3,3,flip|pass|toss,part_11/toss_video_7.mp4|part_8/flip_video_2.mp4|part_9/pass_video_23.mp4
23a0cbb18e30de42c56da8bb1a7c7597f91d42bf416def6654fb995037f0edd6,3,3,meditate|ponder|reflect,part_10/ponder_video_5.mp4|part_10/reflect_video_5.mp4|part_9/meditate_20241119_172647_5.mp4
23bc4552f0f69db8a7c8cf9c0a0498505421cdc9d649b9333e554798369ebea7,3,3,grass|rat|shop,part_10/rat_video_10.mp4|part_10/shop_20241119_172653_3.mp4|part_8/grass_video_10.mp4
23eeeb47a2db9684bf5eef84534b6d2a7b0e559c8271c700efef7540e9e7ec64,3,3,adjust|correct|set,part_10/set_video_34.mp4|part_6/adjust_video_34.mp4|part_7/correct_video_34.mp4
24ab9a0c095b74e6cbee954e2cfb3c1fb057c595db8fc54cca24dcb7d04a312b,3,3,call|phone|ring,part_10/phone_video_11.mp4|part_10/ring_video_14.mp4|part_7/call_20241119_172635_27.mp4
258ad478176b266a73d292802f7200259a71964f1967b9a1b575d5c18250978d,3,3,business|job|line,part_7/business_video_19.mp4|part_9/job_video_19.mp4|part_9/line_video_19.mp4
25b255bd0513bc5e8388b1b061df84bfcb1a89f1e200d6df0f8f64cd4843ddcb,3,3,accept|adopt|take,part_11/take_6.mp4|part_6/accept_9.mp4|part_6/adopt_6.mp4
25fe0b838980fafd474214f09a7ab4416abdc9ba925015ae37ff7d9e72562f52,3,3,cut|saw|wood,part_10/saw_20241119_172652_1.mp4|part_11/wood_8.mp4|part_7/cut_15.mp4
265493c12594e6fefd3d4b0bb14ba61101cbe54af7e1f5a3339f5a7756298eda,3,3,address|deal|plow,part_10/plow_20241119_172650_3.mp4|part_6/address_video_21.mp4|part_7/deal_video_59.mp4
274b77e25eac67a1f12c48dc96c375691fa4eaf5da10911429f180378855d9f6,3,3,brain|head|mind,part_7/brain_video_2.mp4|part_8/head_video_2.mp4|part_9/mind_video_2.mp4
2787187467a2ed2ef4f2a7ca958a71bf4d54f70a823d2f84805ed3cd21d813e6,3,3,bound|jump|spring,part_10/spring_video_38.mp4|part_7/bound_video_38.mp4|part_9/jump_video_18.mp4
279b3191cb94cd0da3847f47296f9e01f18f5255cb36991adf948def2aaeaa8c,3,3,clip|time|week,part_11/time_video_2.mp4|part_11/week_8.mp4|part_7/clip_video_2.mp4
282b4d0f2f8c57ca6e46d0374838dfff2d81cf291582706992cd52696f8621a2,3,3,call|predict|promise,part_10/predict_video_1.mp4|part_10/promise_video_1.mp4|part_7/call_20241119_172635_2.mp4
287c2c6c3c2ab4e0a7a53740b0e3043ce0f78df9f59356dd3f3e0d0e6a336a12,3,3,drill|exercise|practice,part_10/practice_video_13.mp4|part_8/drill_video_13.mp4|part_8/exercise_video_13.mp4
2881bfb2381bad4ce3c4498dbfb41b4bd344dd504007488b373935a5278af568,3,3,guess|imagine|think,part_11/think_video_16.mp4|part_8/guess_20241119_172644_5.mp4|part_9/imagine_20241119_172645_6.mp4
28e39479aeddf2698befe6b758eca95a0965f096983cb9b19f246dd6dad3b927,3,3,go|move|travel,part_11/travel_video_17.mp4|part_8/go_video_17.mp4|part_9/move_video_17.mp4
28ffa84456201fc15d7f81cd7cf9fb93979a0c2f5da2102ee51d95c84538fe85,3,3,create|form|make,part_7/create_7.mp4|part_8/form_4.mp4|part_9/make_5.mp4
299fe92e11c8ba61989d003c8381e1394d77e75c30f93558bb465e2e3c8b1364,3,3,bother|devil|rag,part_10/rag_video_4.mp4|part_7/bother_video_4.mp4|part_8/devil_video_4.mp4
29d63cf5e50f5b7ecb9e51048b9bc2cd0b13f663ca551f79bf756afc60e50223,3,3,bother|devil|rag,part_10/rag_video_7.mp4|part_7/bother_video_7.mp4|part_8/devil_video_7.mp4
2a3e832407b0872821266a1476cd7e8b8ae456ca0dbf4f0671b9ed019dd198e4,3,3,remember|retrieve|think,part_10/remember_20241119_172651_15.mp4|part_10/retrieve_video_7.mp4|part_11/think_video_7.mp4
2a87b9653cf06aaf92e0ff792ff6c8c309904d60463edd140c6ffee6e6d67a2f,3,3,forest|tree|wood,part_11/tree_4.mp4|part_11/wood_video_2.mp4|part_8/forest_video_2.mp4
2ad8f5991cf924885e6a9e47824051a58614fea388331e0a88127ba5aec7cb93,3,3,drill|exercise|practice,part_10/practice_video_11.mp4|part_8/drill_video_11.mp4|part_8/exercise_video_11.mp4
2aea7e01fbfc1b006ea22d3aa5ece64d0052ae447ea592ea999c308c1f2351e1,3,3,go|move|travel,part_11/travel_video_14.mp4|part_8/go_video_14.mp4|part_9/move_video_14.mp4
2b19871f172c6c685df59b85cc5e3f086112d9c810b467906851902eb435c79d,3,3,drill|exercise|practice,part_10/practice_video_12.mp4|part_8/drill_video_12.mp4|part_8/exercise_video_12.mp4
2b5e69a859dd45eac8b05c4842a7814bbd0d378ded2b08379e3c1ec9a30969a0,3,3,invest|place|put,part_10/place_video_27.mp4|part_10/put_video_8.mp4|part_9/invest_video_8.mp4
2c2d86b7da57da7da5d356507e838aefc0688863ee064914af24957de2d71151,3,3,business|job|line,part_7/business_video_11.mp4|part_9/job_video_11.mp4|part_9/line_video_11.mp4
2d00e822636ef8a1e84dacb3ead81eee9d2f27615c03589557dce09f2560007e,3,3,consume|devour|down,part_7/consume_video_7.mp4|part_8/devour_video_2.mp4|part_8/down_video_27.mp4
2d97e21aa173a0de56f1dfc919d6942debdbd5942b03e1a42498b8585330440a,3,3,behind|bottom|weird,part_7/behind_video_0.mp4|part_7/bottom_video_0.mp4|part_9/keister_video_0.mp4
2daf5949a99f0f28480622eabae36c093bb2c4be3545a1022983fa0a2c7b5469,3,3,country|land|state,part_11/state_video_16.mp4|part_7/country_video_25.mp4|part_9/land_video_13.mp4
2eee0d2eaebbb919eeb1f7eb3035d9f79b8062933f9f07e2a8ade28f10cd6f73,3,3,circle|lot|set,part_10/set_video_48.mp4|part_7/circle_video_13.mp4|part_9/lot_video_64.mp4
2f8e2d64f83e2493639ad91947fa6364420d649830258b6bfd48f83ae65da9f3,3,3,big|great|large,part_7/big_video_30.mp4|part_8/great_video_16.mp4|part_9/large_video_24.mp4
2facf92249c1cea486df525a5b4217bd0cd0c5a63a77c3e43136142b073ac868,3,3,get|get down|start,part_11/start_video_17.mp4|part_8/get_down_video_17.mp4|part_8/get_video_17.mp4
32be9d91d4fafe139d74a0257e0b23e94131fef9515c1c337f13901930e6e782,3,3,evaluate|measure|value,part_11/value_video_3.mp4|part_8/evaluate_video_3.mp4|part_9/measure_20241119_172647_14.mp4
32dc906ca81342e1ec333829e374d67aaa84797f741fcce0c35ca5a361f4d7bd,3,3,give|joke|laugh,part_9/jape_video_3.mp4|part_9/joke_video_3.mp4|part_9/laugh_video_3.mp4
3323e530afa4a9d57ef096410064801484ee5ffdefbcf4d2c7c8a7c5c492b0be,3,3,before|last|past,part_7/before_25.mp4|part_9/last_10.mp4|part_9/past_3.mp4
33fb562f686958239b14c5fcc152b28288f7c3285967a99e6f30fb76fc68de60,3,3,adjust|correct|set,part_10/set_video_21.mp4|part_6/adjust_video_21.mp4|part_7/correct_video_21.mp4
347095ddc7687a6fed3ed0c17c99c8dcc78fadae94890f3169be466179f9fbaa,3,3,bike|cycle|wheel,part_11/wheel_video_5.mp4|part_7/bike_video_5.mp4|part_7/cycle_video_5.mp4
34a53cc92b88c1a5f6ccfd701588f2a4247477e2f97b3f16550cb54289230d22,3,3,get|get down|start,part_11/start_video_1.mp4|part_8/get_down_video_1.mp4|part_8/get_video_1.mp4
3620c8fa5510c316e722ee9ad9307b63a3e3a72bb7ada874202a619b75ade4b6,3,3,bounce|bound|spring,part_10/spring_video_12.mp4|part_7/bounce_video_12.mp4|part_7/bound_video_12.mp4
36f28e93a161965939805ddf199c90dc27a151b357b5d204a56b0adede1ff0c1,3,3,give|joke|laugh,part_9/jape_video_19.mp4|part_9/joke_video_19.mp4|part_9/laugh_video_19.mp4
378605e9b4f6615be0f00460a07559c273fabb224974387ba001716bc35172ae,3,3,film|movie|picture,part_10/picture_video_18.mp4|part_8/film_video_18.mp4|part_9/movie_20241119_172648_14.mp4
3817e0b6b52a97013d2caaaac7af7888d3a2ec739d8266b4e605962b1b1ceee5,3,3,go|move|travel,part_11/travel_video_2.mp4|part_8/go_video_2.mp4|part_9/move_video_2.mp4
3aff175dcc94afbb6fe359dfaa724e13f33a66b15c4ce50452c8b2ec380daa06,3,3,apparel|clothes|dress,part_6/apparel_video_24.mp4|part_7/clothes_video_24.mp4|part_8/dress_video_24.mp4
3b21f78c7ce225e4cecd4721026ee2f48f01ff7c98ed09663f947ed91bb2bcd0,3,3,create|form|make,part_7/create_8.mp4|part_8/form_5.mp4|part_9/make_6.mp4
3b315c4565950b5ddb5b0aa5542cee274c027fce632c638c3e5bce2d02058385,3,3,get|get down|start,part_11/start_video_18.mp4|part_8/get_down_video_18.mp4|part_8/get_video_18.mp4
3ba02074dced24b33f3d79fc12316194cfd02926da470167dd76d30fb35af9db,3,3,cost|fine|price,part_10/price_8.mp4|part_7/cost_10.mp4|part_8/fine_20241119_172642_25.mp4
3cd3d1013595c0e51b178db57f1645141bce121e8165c0aa05ba356de7a8c5b3,3,3,bother|devil|rag,part_10/rag_video_17.mp4|part_7/bother_video_17.mp4|part_8/devil_video_17.mp4
3cf5189946f7cbc9e52cd499b5b48e238c35ea89bff6b185acf814ac12c5cd48,3,3,bother|devil|rag,part_10/rag_video_20.mp4|part_7/bother_video_20.mp4|part_8/devil_video_20.mp4
3d2834a329e962560987e138e7e9dbea1fc976b5a142fca9959ce488cb712749,3,3,go|move|travel,part_11/travel_video_19.mp4|part_8/go_video_19.mp4|part_9/move_video_19.mp4
3d85a8792fb9dd6eabd90a9475194bfffac64782cfab971d71e65569bd49ab87,3,3,grass|skunk|smoke,part_10/skunk_video_1.mp4|part_10/smoke_video_9.mp4|part_8/grass_video_6.mp4
3e718784b429c7c0535c5d39067391d49d1d5db6e0a37df4ffc822ae990c6a7a,3,3,adjust|correct|set,part_10/set_video_7.mp4|part_6/adjust_video_7.mp4|part_7/correct_video_7.mp4
405a317476038bb51499995ae3ba4adcf7cf50feb0f178e0002765af59046caf,3,3,go|move|travel,part_11/travel_video_0.mp4|part_8/go_video_0.mp4|part_9/move_video_0.mp4
410d8635447c5c14e7c8abe2bc8e83b22c6a27a1961e1baad5be91f85ea49ebf,3,3,earth|ground|land,part_6/Earth_video_27.mp4|part_8/ground_video_6.mp4|part_9/land_video_6.mp4
412eba07f7663c92f69d8fdcf7fea4bcbc3808faaf53b0c4d3b9bb93874d161c,3,3,go|move|travel,part_11/travel_video_5.mp4|part_8/go_video_5.mp4|part_9/move_video_5.mp4
41aa65dd39c9baf284db6b0d731676ce1baab1c90cb2395035f537b14a896108,3,3,business|job|line,part_7/business_video_24.mp4|part_9/job_video_24.mp4|part_9/line_video_24.mp4
41b3f06e13daa7a2b2f3c517f0eed0d135359b7696981a17c9c75f3499a59b55,3,3,circle|lot|set,part_10/set_video_38.mp4|part_7/circle_video_3.mp4|part_9/lot_video_54.mp4
41c718b99586752a6560fd14310fd92aeb369d8e6b538f1f1e47e3d72455fa8d,3,3,business|job|line,part_7/business_video_16.mp4|part_9/job_video_16.mp4|part_9/line_video_16.mp4
423663a5dc405d87acfdbec067f724ec5a9981921fc9f1dd3f51d258ed750cdb,3,3,business|job|line,part_7/business_video_18.mp4|part_9/job_video_18.mp4|part_9/line_video_18.mp4
424a1249a8e50cecead23ee2344cebcbd16e016dc55806696b6a5744b046fa11,3,3,bother|devil|rag,part_10/rag_video_18.mp4|part_7/bother_video_18.mp4|part_8/devil_video_18.mp4
445f5e9fcc83bc58607dd6f4b5ab595f230f980526826dda2bb0ec24b0ed3f55,3,3,remember|retrieve|think,part_10/remember_20241119_172651_4.mp4|part_10/retrieve_video_5.mp4|part_11/think_video_5.mp4
456ec0d4cc36b854f2eeb83841f17e3469033a7a8cf752f8382afd0a9e796da4,3,3,adjust|correct|set,part_10/set_video_22.mp4|part_6/adjust_video_22.mp4|part_7/correct_video_22.mp4
45ad958aa1cb8146a39a475d9cde74762b7d0212ac1bc89efc84ed695904fa14,3,3,die|go|pass,part_8/die_video_7.mp4|part_8/go_video_34.mp4|part_9/pass_video_0.mp4
45c7c57be2186bb4d3c5e6b46fe8e130e17ef426b4f3e511dd7e606a139da52d,3,3,clip|time|year,part_11/time_video_6.mp4|part_11/year_11.mp4|part_7/clip_video_6.mp4
46600644a6b0c5bd55ac296e4e2f402dc892f20ecae2a0eb3fd37dcc77b0282e,3,3,get|get down|start,part_11/start_video_16.mp4|part_8/get_down_video_16.mp4|part_8/get_video_16.mp4
466419ffa94d5d2e4eb2a63b37ba131821a20ce765567d33165defb69ff83350,3,3,bounce|bound|spring,part_10/spring_video_14.mp4|part_7/bounce_video_14.mp4|part_7/bound_video_14.mp4
469d646cd974e1282885336c2cc8609c7ed9d514a47dbb1b06cf6a9ff5f916cd,3,3,grass|skunk|smoke,part_10/skunk_video_2.mp4|part_10/smoke_video_10.mp4|part_8/grass_video_7.mp4
46aa5e3acef71ad087ef98d1e39024bde8a30d07a480915c9923421962e06f94,3,3,give|joke|laugh,part_9/jape_video_5.mp4|part_9/joke_video_5.mp4|part_9/laugh_video_5.mp4
46ccccff743861f1fb7db6c60483217f730d67ca1c0553392e5636ae0dd43e81,3,3,invest|place|put,part_10/place_video_19.mp4|part_10/put_video_0.mp4|part_9/invest_video_0.mp4
474d8cbb541faf7300835bf8e5574dc8ee1daf2908f6fe665f4394f8e260192d,3,3,adjust|correct|set,part_10/set_video_13.mp4|part_6/adjust_video_13.mp4|part_7/correct_video_13.mp4
476194ab3508639f61d1d5eccce3d9277352b6ac08fae6755fa98c40d265c255,3,3,bring|contribute|lend,part_7/bring_video_8.mp4|part_7/contribute_video_8.mp4|part_9/lend_video_8.mp4
47f057381358a199c96fb1576f38ba5c91ca81b408b03cdc88c0b016ccc51ddc,3,3,address|deal|plow,part_10/plow_20241119_172650_2.mp4|part_6/address_video_20.mp4|part_7/deal_video_58.mp4
48107fb40e5bbe1c8ef6ead446ba2370818e02fd4133bb40a4464a5b2a255ee7,3,3,call|predict|promise,part_10/predict_video_2.mp4|part_10/promise_video_2.mp4|part_7/call_20241119_172635_33.mp4
48b2ace5ec8293b8721e5cf1dc78706591536fcbf37b9b6316c3d9c40026fbe4,3,3,effect|event|result,part_10/result_video_12.mp4|part_8/effect_video_12.mp4|part_8/event_video_12.mp4
48b90f5f1ea7b0f5fa4f4a4df6a330b2f3c9e6db03e62179425b84fd260f5591,3,3,bounce|bound|spring,part_10/spring_video_18.mp4|part_7/bounce_video_18.mp4|part_7/bound_video_18.mp4
48df8efd2989ae1a6b04528c41d1091c3600ab778687585dc3f124d69880fae1,3,3,meditate|ponder|reflect,part_10/ponder_video_4.mp4|part_10/reflect_video_4.mp4|part_9/meditate_20241119_172647_4.mp4
496fde741493c0e52a0cbce21d5c8097987c3437cc481d2acd24e8a6302a80d2,3,3,break|die|go,part_7/break_video_5.mp4|part_8/die_video_5.mp4|part_8/go_video_32.mp4
4a1f2131148a3e312d98ff60d099c2a8c79c9310fde9bfaa0fc9324dbf801ec3,3,3,brain|head|mind,part_7/brain_video_20.mp4|part_8/head_video_20.mp4|part_9/mind_video_20.mp4
4ae53b07358c2987b0715e3a2ca22662cd020f9e42769cccef64a34cad391539,3,3,figure|form|shape,part_10/shape_video_8.mp4|part_8/figure_video_21.mp4|part_8/form_video_25.mp4
4bf63cabd9dbb6d2af00be32c7eb996ee2b63218fd9f0f4369fcb6b3c6532a31,3,3,center|heart|middle,part_7/center_video_3.mp4|part_8/heart_video_3.mp4|part_9/middle_video_3.mp4
4c515cb82a3e90229a14d9856e5e93144cce74a7180955503b634bebfb487e26,3,3,lecture|rag|scold,part_10/rag_video_24.mp4|part_10/scold_video_0.mp4|part_9/lecture_video_0.mp4
4d3605ea4f579badeb4d81c2f8c36fb242a45123d483f8e52f23e473d6ed02f2,3,3,function|office|role,part_10/role_video_4.mp4|part_8/function_video_4.mp4|part_9/office_video_4.mp4
4d9485e8035302f050d8704e6dbdb93457301e92d1c135dfc62bf7e5218735a3,3,3,go|move|travel,part_11/travel_video_18.mp4|part_8/go_video_18.mp4|part_9/move_video_18.mp4
4e639560b2b675f24ce12ea8b4e0cd5a96750ea5103ea4b342ac6a3dadd9a610,3,3,film|movie|picture,part_10/picture_video_19.mp4|part_8/film_video_19.mp4|part_9/movie_20241119_172648_16.mp4
4f53abc75fa3ac7110b95258b7ac9ab17edc85da7b49bbb0ed75ee78ffc30c64,3,3,drill|exercise|practice,part_10/practice_video_10.mp4|part_8/drill_video_10.mp4|part_8/exercise_video_10.mp4
4f7f60501dc085c18fd6d570f65c924997de5c2c7f8ffc177f4dd978bbed61bc,3,3,get|get down|start,part_11/start_video_11.mp4|part_8/get_down_video_11.mp4|part_8/get_video_11.mp4
4fe22b1469b3e4086bbc57a63c7790181a2877fa573ea1bfa48b9e5913daa90c,3,3,drill|exercise|practice,part_10/practice_video_15.mp4|part_8/drill_video_15.mp4|part_8/exercise_video_15.mp4
4fe256006826b3f6a33deeac16950207891967bbe636e0fb70d3df28e71027a5,3,3,end|finish|stop,part_11/stop_video_15.mp4|part_8/end_video_15.mp4|part_8/finish_video_15.mp4
4fe7fd56f9e882f135f84b6a81b87b7b30d232f9e614028f8e3f9b8480c88876,3,3,go|move|travel,part_11/travel_video_10.mp4|part_8/go_video_10.mp4|part_9/move_video_10.mp4
502b0428e0c391a4f0603daa9e76f26d2370e18c683670b978f096b922b00273,3,3,apparel|clothes|dress,part_6/apparel_video_9.mp4|part_7/clothes_video_9.mp4|part_8/dress_video_9.mp4
511c53c082647475797bd9d3f6adfc7847d6c2f71f08d6dedf4d781f729ddde3,3,3,compass|dig|grasp,part_7/compass_video_6.mp4|part_8/dig_video_22.mp4|part_8/grasp_video_10.mp4
513e9a11539679557e06812cd341093113116c53f6822fdaac36c16baf203651,3,3,adjust|correct|set,part_10/set_video_31.mp4|part_6/adjust_video_31.mp4|part_7/correct_video_31.mp4
51750a1d49db7536ea46509aab6e7fb5895e27d56d5295f4b0b6a35b31b16827,3,3,behind|tail|weird,part_11/tail_20241119_172656_5.mp4|part_7/behind_video_5.mp4|part_9/keister_video_5.mp4
51850d007f40e7b48e6b1bc3a7e95d106fc5dd13d42e1c4009291a5a1b690ce2,3,3,peach|plate|sweetheart,part_10/plate_5.mp4|part_11/sweetheart_video_1.mp4|part_9/peach_20241119_172650_19.mp4
51b3814d9b3248f89da0b411366d19767077cc593b6e430f3c336d8424c3bf28,3,3,hearing|public|tell,part_10/public_6.mp4|part_11/tell_6.mp4|part_8/hearing_15.mp4
5229dd7bf188ecba0559f7cc4f893306ac035c18aa9db481f279613105487d02,3,3,call|phone|ring,part_10/phone_video_13.mp4|part_10/ring_video_16.mp4|part_7/call_20241119_172635_13.mp4
524e1a708ff553ecb18405eac963566088be682e3a919be449dac4638e51e0a7,3,3,effect|event|result,part_10/result_video_7.mp4|part_8/effect_video_7.mp4|part_8/event_video_7.mp4
52b0745833edda90d2f723fde97610f30117cd9c38c84a9d31d8dfe21f38be83,3,3,bound|jump|spring,part_10/spring_video_21.mp4|part_7/bound_video_21.mp4|part_9/jump_video_1.mp4
53b70df5c9e30f59f506d8c9658e5f2a45848b19a1b37ea6c16cae201adeb3c4,3,3,meditate|ponder|reflect,part_10/ponder_video_6.mp4|part_10/reflect_video_6.mp4|part_9/meditate_20241119_172647_6.mp4
54b1edb869e219f0869c929eeaedc4443a224af8d8e66188e3ae7573239ed170,3,3,idea|philosophy|theory,part_10/philosophy_5.mp4|part_11/theory_9.mp4|part_9/idea_3.mp4
54cd7879ab26b84703ad34070213e4f33b6ff11bffae4a9a203ca6adf73d0f71,3,3,bear|carry|conduct,part_7/bear_video_20.mp4|part_7/carry_video_7.mp4|part_7/conduct_20241119_172637_13.mp4
55721027e797e02cf026f1b4231f1116d77edae5f13650fcda31a5da878561b9,3,3,get|get down|start,part_11/start_video_15.mp4|part_8/get_down_video_15.mp4|part_8/get_video_15.mp4
55879214ac4cb8e36af937b0297d5e0c436bb1e211022edaf064e61a23d60e56,3,3,get|get down|start,part_11/start_video_10.mp4|part_8/get_down_video_10.mp4|part_8/get_video_10.mp4
5591b9a749be5b42718d47decdc603db68d4160c5ff900d049782212c03cedae,3,3,adjust|correct|set,part_10/set_video_16.mp4|part_6/adjust_video_16.mp4|part_7/correct_video_16.mp4
563102ae19ec6bac18e276b7a03efa2151b40e3e48c95d8d380dd7133afebdd5,3,3,adjust|correct|set,part_10/set_video_10.mp4|part_6/adjust_video_10.mp4|part_7/correct_video_10.mp4
565abc58c37242af5b47f0f8f6f4009e7308bb69c84cd0796b50e45beee4a013,3,3,bounce|bound|spring,part_10/spring_video_13.mp4|part_7/bounce_video_13.mp4|part_7/bound_video_13.mp4
570eae3f7def7c60162f2ac233fe0375712215bc7621be8298b609e091704620,3,3,backup|choke|foul,part_6/backup_video_22.mp4|part_7/choke_video_6.mp4|part_8/foul_video_20.mp4
57d2432d228577e5da7c42129fb2d8d06650f48d0b9610b2dddc2e4eacfa4748,3,3,behind|bottom|tail,part_11/tail_20241119_172656_8.mp4|part_7/behind_video_8.mp4|part_7/bottom_video_8.mp4
58adacc6d8eb270fb351134cb497af3698eab073813ccfac775a3fc6541661f4,3,3,wander|weave|wind,part_11/wander_video_6.mp4|part_11/weave_video_6.mp4|part_11/wind_video_7.mp4
59c411b7631c26dd02754925185e0121133060d457bd83ffb824998f9658b9c5,3,3,apparel|clothes|dress,part_6/apparel_video_2.mp4|part_7/clothes_video_2.mp4|part_8/dress_video_2.mp4
5aff4b0d6d818139da6f74a14fc29aefc4e617a4c6989ce904ed044cac4bf164,3,3,earth|ground|land,part_6/Earth_video_28.mp4|part_8/ground_video_7.mp4|part_9/land_video_7.mp4
5b313d0d05e176d7f56da84ac95f9dd88900f65d4f319cbb1591ab677b4720fd,3,3,get|get down|start,part_11/start_video_13.mp4|part_8/get_down_video_13.mp4|part_8/get_video_13.mp4
5c197b195a157c075cdc9b6cad62bca06abad6bac42e15cf6f787e5750559550,3,3,drill|exercise|practice,part_10/practice_video_14.mp4|part_8/drill_video_14.mp4|part_8/exercise_video_14.mp4
5c3987a654fdd357c18fc152104740336e3a4565f62ab007c234e905c236abdd,3,3,film|movie|picture,part_10/picture_video_17.mp4|part_8/film_video_17.mp4|part_9/movie_20241119_172648_6.mp4
5c510a076c3cd8a355fcaa26c897b66e768c6bb9417b69ea8d80e792ba532549,3,3,end|finish|stop,part_11/stop_video_5.mp4|part_8/end_video_5.mp4|part_8/finish_video_5.mp4
5ccdd496714b37119690db6febba3ec32f0ab6d187ef5b0cf3da6843dca364a1,3,3,curious|funny|strange,part_11/strange_3.mp4|part_7/curious_video_0.mp4|part_8/funny_video_8.mp4
5e618e43647e0a430e8ad0baeb26acfd4d65944da43435f2e6c087c1cc7610ab,3,3,drill|exercise|practice,part_10/practice_video_17.mp4|part_8/drill_video_17.mp4|part_8/exercise_video_17.mp4
5e70d8145b531ff73b41c85ac56ff26fcb6e7f18d87db082fd7e644b9e49f1b1,3,3,drill|exercise|practice,part_10/practice_6.mp4|part_8/drill_video_5.mp4|part_8/exercise_video_5.mp4
5e880e34e628929286c279f922912851d058ff9c380c97f344d06eda9b66644a,3,3,category|class|family,part_7/category_video_3.mp4|part_7/class_video_21.mp4|part_8/family_video_13.mp4
5ec47b639692b6ed5d66890d7041ae63ab77add80a133ca637805d0cd7f9d43e,3,3,ask|demand|need,part_6/ask_video_1.mp4|part_7/demand_20241119_172639_19.mp4|part_9/need_video_1.mp4
5ec527f9856d4a9a8c864f82925929939aef667414dbca318c38b10201b52544,3,3,adjust|correct|set,part_10/set_video_19.mp4|part_6/adjust_video_19.mp4|part_7/correct_video_19.mp4
602b0f40b58ba6ff1dc3cb2356ddb52dcc5780ca5d12379f9d62b838e595a746,3,3,compass|dig|grasp,part_7/compass_video_4.mp4|part_8/dig_video_20.mp4|part_8/grasp_video_8.mp4
6046aebe606bd656efb0f87cdf82997d1687268112b62d68b98530cc91173b2c,3,3,bounce|bound|spring,part_10/spring_video_3.mp4|part_7/bounce_video_3.mp4|part_7/bound_video_3.mp4
60fdeed12c5edb6ec2717780b52629f4d003f403fc0040346c8fd9bd2c2013c5,3,3,apparel|clothes|dress,part_6/apparel_video_23.mp4|part_7/clothes_video_23.mp4|part_8/dress_video_23.mp4
612a5aa6a5d4a8f59ec578b7db582c2e4d692e5d03a9607e36b05a1e47c5d422,3,3,go|move|travel,part_11/travel_video_8.mp4|part_8/go_video_8.mp4|part_9/move_video_8.mp4
61d6c022b731cd3927bebd34f544c443f59fcecfecc9cf5a54d5788550ae4f3e,3,3,earth|ground|land,part_6/Earth_video_30.mp4|part_8/ground_video_9.mp4|part_9/land_video_9.mp4
62c3224a8f4a708a83fbd7c8311609b2d7d574bd7b57f4a2b4f482b778f9d61e,3,3,meditate|ponder|reflect,part_10/ponder_video_3.mp4|part_10/reflect_video_3.mp4|part_9/meditate_20241119_172647_3.mp4
639a866e407d33f5dd1ad254e41ea0535fddde07f7deb9b70d7c55b893fc8ae4,3,3,category|class|family,part_7/category_video_5.mp4|part_7/class_video_23.mp4|part_8/family_video_15.mp4
63d09bc27bbc0261abe85e9e3e066192ab316757a50e6448817e4b746e07fa49,3,3,effect|event|result,part_10/result_video_4.mp4|part_8/effect_video_4.mp4|part_8/event_video_4.mp4
63e23b0d9383e646d64052586c1f618a00e01016f259ff76a031029d5bb61778,3,3,place|put|set,part_10/place_video_34.mp4|part_10/put_video_15.mp4|part_10/set_video_54.mp4
64399e00f22749ed4d8175d9f5717007f224978cd2dc451d8f1d872ac6dbb92b,3,3,apparel|clothes|dress,part_6/apparel_video_22.mp4|part_7/clothes_video_22.mp4|part_8/dress_video_22.mp4
64571440dd52f8911f4f9645809d3a84cda8b34ec9b24452058248e2c041381c,3,3,peach|sing|talk,part_10/sing_video_4.mp4|part_11/talk_20241119_172656_26.mp4|part_9/peach_20241119_172650_16.mp4
64d6ec333076542d532493255938e90d9ef5d45f9807dac6dee6bfe515a08ef9,3,3,bear|stand|stomach,part_11/stand_20241119_172655_1.mp4|part_11/stomach_video_13.mp4|part_7/bear_video_15.mp4
6600ef05d39aab2a04679e8cf78842a08125d74895ef0e132a5b504f343a5528,3,3,compass|dig|grasp,part_7/compass_video_7.mp4|part_8/dig_video_23.mp4|part_8/grasp_video_11.mp4
66b3564623f4a71fbbff56683756ac19ec4bfb840f67b7be22a6dc00638d7e02,3,3,design|plan|project,part_10/plan_video_0.mp4|part_10/project_video_0.mp4|part_8/design_video_0.mp4
6764595bef6b3550d442fbcf0628fe5c28a2b43d0d8098fa142659919f9b0be2,3,3,class|form|grade,part_7/class_video_11.mp4|part_8/form_video_11.mp4|part_8/grade_video_11.mp4
68378955bcb7ce4cb879f0619baee7a8c2757ccf14415ad6314a708d539190cf,3,3,bounce|bound|spring,part_10/spring_video_4.mp4|part_7/bounce_video_4.mp4|part_7/bound_video_4.mp4
688f3b3f875b26e82bf62036bbd85bf29d7f7876f3f8d5b1bda4931495417e2d,3,3,bother|devil|rag,part_10/rag_video_22.mp4|part_7/bother_video_22.mp4|part_8/devil_video_22.mp4
68e28b3b224d7a16dadeae0b8f3a4adaf3c52d14e6fd25df524a51060c18676b,3,3,function|office|role,part_10/role_video_3.mp4|part_8/function_video_3.mp4|part_9/office_video_3.mp4
69474927ef76abe5b205e2f9f8f86ac37943e8325ee7620033f60a0418cf1a3b,3,3,end|finish|stop,part_11/stop_video_2.mp4|part_8/end_video_2.mp4|part_8/finish_video_2.mp4
6947ac183216767e8bd8916900664359e797b2e34024c4d7e11350ec096ccce3,3,3,adjust|correct|set,part_10/set_video_11.mp4|part_6/adjust_video_11.mp4|part_7/correct_video_11.mp4
69aa13e34c7b7ade9a688db75c31d49c9b4e1b096203a400c64e8bd116bfe58b,3,3,get|get down|start,part_11/start_video_5.mp4|part_8/get_down_video_5.mp4|part_8/get_video_5.mp4
6a307f3b3cc9e6bf3cacf6521ec675310992ea9bd4ebef929c0a755e30ed6004,3,3,adjust|correct|set,part_10/set_video_12.mp4|part_6/adjust_video_12.mp4|part_7/correct_video_12.mp4
6a8a5afaf8722195aa22554b80bea3638b553610ac55fb844a8aa445c835c093,3,3,go|move|travel,part_11/travel_video_16.mp4|part_8/go_video_16.mp4|part_9/move_video_16.mp4
6b0698f7ff3045e370de6acebfce01c12ee0bdc1b619950124b49cc3c2fe5133,3,3,bother|devil|rag,part_10/rag_video_5.mp4|part_7/bother_video_5.mp4|part_8/devil_video_5.mp4
6b4688314a57aa7232de188942e0b342363c6dc91b7749152044e2e428255813,3,3,journey|travel|trip,part_11/travel_5.mp4|part_11/trip_20241119_172656_9.mp4|part_9/journey_4.mp4
6bca4b17f39426029a85829e74664eba22dfb593175e3b99f534afaaa2b5d288,3,3,business|job|line,part_7/business_video_15.mp4|part_9/job_video_15.mp4|part_9/line_video_15.mp4
6c4e4e10ce9346d3db46bf9704825758a00ec1667972e52c32053b47097586b0,3,3,bounce|bound|spring,part_10/spring_video_9.mp4|part_7/bounce_video_9.mp4|part_7/bound_video_9.mp4
6cc737e9cbb4fc9d45ba171af2cf44bdaf647a1e3e508f820153a74a2e71c413,3,3,bounce|bound|spring,part_10/spring_video_10.mp4|part_7/bounce_video_10.mp4|part_7/bound_video_10.mp4
6d0503520b70397263b63fb9a1e39c149887ee57fb66fd245b0cc6fc4a7f2a9c,3,3,end|finish|stop,part_11/stop_video_19.mp4|part_8/end_video_19.mp4|part_8/finish_video_19.mp4
6d3e7687a75c0f2d062e7290b32fca4dab4a72210fdc3fd963361c3b7f80c957,3,3,die|go|pass,part_8/die_video_11.mp4|part_8/go_video_38.mp4|part_9/pass_video_4.mp4
6d52eafc6e237d8439f2929492dc85022d65f594ac8a504444348349d175203c,3,3,get|get down|start,part_11/start_video_7.mp4|part_8/get_down_video_7.mp4|part_8/get_video_7.mp4
6dc29ba2f49f96a5a123bf7be6cd8c2a16b386d0c7b8d1ad8d0e19d1e91203f1,3,3,apparel|clothes|dress,part_6/apparel_video_15.mp4|part_7/clothes_video_15.mp4|part_8/dress_video_15.mp4
6ebc084337f339265d98783d4eff581a24dee75f0e1842d54e48314f1c2b54a1,3,3,adjust|correct|set,part_10/set_video_6.mp4|part_6/adjust_video_6.mp4|part_7/correct_video_6.mp4
6ee9e785adeecf1c1a278f87434a24c41c50e9a8362354bd43f34d3e2904d620,3,3,adjust|correct|set,part_10/set_video_32.mp4|part_6/adjust_video_32.mp4|part_7/correct_video_32.mp4
6f078805196d19a3900abccc2168c426f8481edc16486be7ec89dfd1b25c4555,3,3,bounce|bound|spring,part_10/spring_video_11.mp4|part_7/bounce_video_11.mp4|part_7/bound_video_11.mp4
7052c3e160ce276836101812eba8ec12642b9a941ed11b90f9096cbffcb9499c,3,3,consume|devour|down,part_7/consume_video_8.mp4|part_8/devour_video_3.mp4|part_8/down_video_28.mp4
70c2d90c7f272136a157b6a9963dcf93f707575025326dfdcd347df3b25cff80,3,3,end|finish|stop,part_11/stop_video_11.mp4|part_8/end_video_11.mp4|part_8/finish_video_11.mp4
70ca85bb0ed30df21be0aa70cd704bd1cd7f16eb783d04f4408e748a314a26ee,3,3,invest|place|put,part_10/place_video_28.mp4|part_10/put_video_9.mp4|part_9/invest_video_9.mp4
71297a4f7608f2590a58abb52130ed1b39554bec9b9b1deee475eb1037e4062d,3,3,apparel|clothes|dress,part_6/apparel_video_6.mp4|part_7/clothes_video_6.mp4|part_8/dress_video_6.mp4
71a3ffe6ac863cc18682b3fd8702ff4ef3a2ebc04942077e1deaa710448f337a,3,3,business|job|line,part_7/business_video_9.mp4|part_9/job_video_9.mp4|part_9/line_video_9.mp4
71a696bbb28636e8c9c611d2d46301a12845444ad2f4e10a332b2e8ea2839a43,3,3,get|get down|start,part_11/start_video_3.mp4|part_8/get_down_video_3.mp4|part_8/get_video_3.mp4
72c8a224473541944873af4ab760e5a0d2e55d5c016a0cc8c513ae401e4b5451,3,3,apparel|clothes|dress,part_6/apparel_video_27.mp4|part_7/clothes_video_27.mp4|part_8/dress_video_27.mp4
7359e5f3e9344ab369cea8aa997232cd1f6af0c04d9f6748d6b07fbb382da93e,3,3,clip|time|weekend,part_11/time_video_3.mp4|part_11/weekend_5.mp4|part_7/clip_video_3.mp4
740a635d38db8a64d52d4aa92db9a4ff2556c803ca65f16edc00fe690c39890e,3,3,average|between|mean,part_6/average_video_1.mp4|part_7/between_1.mp4|part_9/mean_20241119_172647_4.mp4
74abacb15b6c7b1f27f1c6a28bb77d55a2c2ff72488e18ba9e901dfd2201bc81,3,3,class|form|grade,part_7/class_video_8.mp4|part_8/form_video_8.mp4|part_8/grade_video_8.mp4
74f28cdfdf31458cf87ff9c471a6e5ef035e07d093b9ee1911b00b22ebed5bff,3,3,grass|skunk|smoke,part_10/skunk_video_3.mp4|part_10/smoke_video_11.mp4|part_8/grass_video_8.mp4
7512bbcc1dde2a724aa615f5a0cad835604c5765071a7ea8479330ddb4d45b33,3,3,become|get|go,part_7/become_video_0.mp4|part_8/get_video_37.mp4|part_8/go_video_44.mp4
756cafd8b148224e3498e2da3efcceef59d60c3a10d77786469df7265780f684,3,3,call|cry|shout,part_10/shout_20241119_172654_1.mp4|part_7/call_20241119_172635_24.mp4|part_7/cry_20241119_172639_19.mp4
75d0ce66f4c4f06807f2037798737362098e6f59d8aaad511e805b8613baa476,3,3,bounce|bound|spring,part_10/spring_video_17.mp4|part_7/bounce_video_17.mp4|part_7/bound_video_17.mp4
75de49af8bd9c3c60308ba395f05a9eb0d94bdbc387472697b4299d9df75af99,3,3,bound|jump|spring,part_10/spring_video_27.mp4|part_7/bound_video_27.mp4|part_9/jump_video_7.mp4
75ee84cbb3debbd0861bcff210b83ffb3f4ab4fa9b6b2e82c9e9a04d5b42cc6b,3,3,close|finish|net,part_6/Net_video_14.mp4|part_7/close_video_29.mp4|part_8/finish_video_27.mp4
764229217ffc34cf496500d6678ec968cbb274d53c00331f7001b4086ac10091,3,3,almost|most|near,part_6/almost_video_0.mp4|part_9/most_video_0.mp4|part_9/near_video_0.mp4
764de50a69246be31e65d95a0d111e17b7c681487fdddad372ea6e3ac930ab3e,3,3,brain|head|mind,part_7/brain_video_15.mp4|part_8/head_video_15.mp4|part_9/mind_video_15.mp4
772d4409585c883d248297ce4722f5ff6b71b54c38421bd049045563f6c39e5f,3,3,fix|set|set up,part_10/set_up_video_29.mp4|part_10/set_video_60.mp4|part_8/fix_video_10.mp4
775bc8da1b8ce4f8fda8ee5291b541d57d20c175fc498b46e81fd5249064187a,3,3,call|cry|shout,part_10/shout_20241119_172654_10.mp4|part_7/call_20241119_172635_16.mp4|part_7/cry_20241119_172639_14.mp4
785f0f5613912a25f4dd9fd8c9388c62b267244670b67c26fb81c773a01faed3,3,3,effect|event|result,part_10/result_video_6.mp4|part_8/effect_video_6.mp4|part_8/event_video_6.mp4
7912c67262157c61dee8dc4c4d60e03db3b6b6d574f93d23e47e60cd34eb3a41,3,3,lecture|rag|scold,part_10/rag_video_29.mp4|part_10/scold_video_5.mp4|part_9/lecture_video_5.mp4
79b6f818eace73003f9d40a24aea8f3ef50844f427c20ab63eb6a32973bf6b20,3,3,clear|earn|make,part_7/clear_video_0.mp4|part_8/earn_video_0.mp4|part_9/make_video_24.mp4
7a7f0a835728fde2f09ce82c9ae9511fe388b4e32658913aa1839dfa36d48d97,3,3,go|move|travel,part_11/travel_video_11.mp4|part_8/go_video_11.mp4|part_9/move_video_11.mp4
7b28ea9ee9a0f128edbf5b9cac678e59e031466845ef63d9b6c39a33e5cfdd78,3,3,lecture|rag|scold,part_10/rag_video_30.mp4|part_10/scold_video_6.mp4|part_9/lecture_video_6.mp4
7bf3a15411c96d4b3fbcea7cfdf78ff1a9c8cde6fbe2fa79eb8b966116d8bba2,3,3,drill|exercise|practice,part_10/practice_video_6.mp4|part_8/drill_video_6.mp4|part_8/exercise_video_6.mp4
7c726a41b41969498302c58a6d61f753dfa9913a58c3101cb32319a129e035a1,3,3,go|move|travel,part_11/travel_video_21.mp4|part_8/go_video_21.mp4|part_9/move_video_21.mp4
7cbfcd5b189867bc1570629f3773d8b8f5728706133142b7843bdf016beec740,3,3,film|movie|picture,part_10/picture_video_16.mp4|part_8/film_video_16.mp4|part_9/movie_20241119_172648_1.mp4
7cc50e7dd852b493f5b745d10506a0793110e4e62400bb2ba3b98f91be1c8382,3,3,film|movie|picture,part_10/picture_video_13.mp4|part_8/film_video_13.mp4|part_9/movie_20241119_172648_13.mp4
7cccf24b179f9bf739236991cc1c79a027fad01616356e37aa6e6762f56ba974,3,3,bounce|bound|spring,part_10/spring_video_5.mp4|part_7/bounce_video_5.mp4|part_7/bound_video_5.mp4
7cdb8465b33a8f16ec41c2fa9eedef82b5c942a274dd889f2c29d972f67a7b2b,3,3,category|class|family,part_7/category_video_4.mp4|part_7/class_video_22.mp4|part_8/family_video_14.mp4
7db9681038575f9d183dd5ce72b8cdb8ab36b243e5ec20a3e2ba8176acaf851b,3,3,apparel|clothes|underwear,part_11/underwear_20241119_172657_1.mp4|part_6/apparel_video_12.mp4|part_7/clothes_video_12.mp4
7e15e7d4ebc136b4f5e39fc155cbf838da3bef5b8c23d4b213520101de0588c3,3,3,effect|event|result,part_10/result_video_2.mp4|part_8/effect_video_2.mp4|part_8/event_video_2.mp4
7ecf92f0421663ea99acd6ace5e25af6dc10127d4120a4b54ce6d4b23e9729e7,3,3,check|fit|match,part_7/check_video_3.mp4|part_8/fit_video_3.mp4|part_9/match_video_3.mp4
7f369c992039d3234a9f5120e18e07abee245d5e94c30ea9c5692610bd5377d5,3,3,bother|devil|rag,part_10/rag_video_12.mp4|part_7/bother_video_12.mp4|part_8/devil_video_12.mp4
80d531df222e7e88c5a643cbb649ed181cc80af6444cd4d29e71a11f93d0400b,3,3,film|movie|picture,part_10/picture_video_12.mp4|part_8/film_video_12.mp4|part_9/movie_20241119_172648_22.mp4
811f1cdbc8b1a4cf080d8f4493426dbf573ee992e1c7d7eec855722224590da2,3,3,circle|lot|set,part_10/set_video_40.mp4|part_7/circle_video_5.mp4|part_9/lot_video_56.mp4
81451f7a6a445c78e08e8aa8ff4f52621573e0277de14109782210750a90d435,3,3,you|your|yourself,part_11/you.mp4|part_11/your.mp4|part_11/yourself.mp4
81a2386517dafaf568ea11ab6a960f23184b26348fb0572665da250d6ec779ba,3,3,bicycle|cycle|wheel,part_11/wheel_video_27.mp4|part_7/bicycle_video_27.mp4|part_7/cycle_video_27.mp4
81d87f8381afaae538ca57a614352a051dc1f6f6afe8ce46960d0452d283118a,3,3,bound|jump|spring,part_10/spring_video_23.mp4|part_7/bound_video_23.mp4|part_9/jump_video_3.mp4
82dd22f5cb14b0a282f3b033dc0c1c26b01d3a75528ebc4a4519a9748dcaf6cf,3,3,bother|devil|rag,part_10/rag_video_14.mp4|part_7/bother_video_14.mp4|part_8/devil_video_14.mp4
8332f45aa5fc933105fe4ff72d42fc8fba33079b2f44aeab923ad9c01ea2c211,3,3,film|movie|picture,part_10/picture_video_2.mp4|part_8/film_video_2.mp4|part_9/movie_20241119_172648_9.mp4
8333327158744deaf212d3aae43ce76aa211f858b9820b0bc18c4c92fe0b4e36,3,3,appear|face|seem,part_10/seem_video_8.mp4|part_6/appear_video_1.mp4|part_8/face_7.mp4
8351b2eee0471f47eb05e372f8118d7d7452c0be613b1b4c9bbe3317e732c99d,3,3,free|release|resign,part_10/release_video_3.mp4|part_10/resign_video_3.mp4|part_8/free_video_8.mp4
84ccf02b38a85dc0e8bb4d15fbfeb609a5652e74243964e480e4a53064662e11,3,3,film|movie|picture,part_10/picture_video_6.mp4|part_8/film_video_6.mp4|part_9/movie_20241119_172648_2.mp4
86200ee66b64e8fa48feb868af1b12ea4d93c36ef6402293d9fe0d982d12637d,3,3,clip|time|weekend,part_11/time_video_4.mp4|part_11/weekend_4.mp4|part_7/clip_video_4.mp4
866fecab0674050d376524c676a711c396fce189cfb2e2de73a695304d55c66c,3,3,give|joke|laugh,part_9/jape_video_7.mp4|part_9/joke_video_7.mp4|part_9/laugh_video_7.mp4
868efbf5057ee94b16f86a58e2417f0831bdee2d448d938998f64cc585ba625a,3,3,adjust|correct|set,part_10/set_video_2.mp4|part_6/adjust_video_2.mp4|part_7/correct_video_2.mp4
872c5c6e8e7f52e11f8b61d19a550b67d10a180469c17c6b2a1a9c1bffe8c63a,3,3,drill|exercise|practice,part_10/practice_video_16.mp4|part_8/drill_video_16.mp4|part_8/exercise_video_16.mp4
875934abf214682d15f1d7f893cfd2e0a8a0dc8b4ebbc9c4fc109a821eb7f3dd,3,3,free|release|resign,part_10/release_video_4.mp4|part_10/resign_video_4.mp4|part_8/free_video_9.mp4
87ffbf40f844ff5c547cfbe43d2d36905cc690a78ef754be1aed384e135c8cc4,3,3,bother|devil|rag,part_10/rag_video_15.mp4|part_7/bother_video_15.mp4|part_8/devil_video_15.mp4
881056658f8efb5fe9930ca4ebd7f82a0ad3c4a7c539aec1df45ac4b7abf5566,3,3,film|movie|picture,part_10/picture_video_14.mp4|part_8/film_video_14.mp4|part_9/movie_20241119_172648_8.mp4
88d46ebeb3dd451d762be5d1ab3f445111ced674e01793f17e77b9b74739cff5,3,3,call|predict|promise,part_10/predict_video_4.mp4|part_10/promise_video_4.mp4|part_7/call_20241119_172635_19.mp4
890e0f24fdee1740ccab3765419dee131b3c3b7f324f651cd93fed5b29d9b0a4,3,3,business|job|line,part_7/business_video_12.mp4|part_9/job_video_12.mp4|part_9/line_video_12.mp4
8a7f5440dee6eb02ea60b546cd6313a7550b1750f93effebccdfd5d3968db0b6,3,3,brain|head|mind,part_7/brain_video_22.mp4|part_8/head_video_22.mp4|part_9/mind_video_22.mp4
8acf29625cb48300d54715ccc41ab580830596e811e9e4dace4e645a10bb9a3c,3,3,remember|retrieve|think,part_10/remember_20241119_172651_1.mp4|part_10/retrieve_video_2.mp4|part_11/think_video_2.mp4
8b2aabb828ff2cc90336fd908a44406c3d7b71988d277ff54e438193a792552d,3,3,check|see|watch,part_10/see_video_19.mp4|part_11/watch_video_13.mp4|part_7/check_video_26.mp4
8b6a8c76728e3ed3fe9c7cf98130a8db725c5212c7d35795702e9bc9796ae637,3,3,bicycle|cycle|wheel,part_11/wheel_video_0.mp4|part_7/bicycle_video_0.mp4|part_7/cycle_video_0.mp4
8b7ec5cab14c8a44a3ad1bd54c08c27bbdedfc3593544506d14dfed20983294f,3,3,adjust|correct|set,part_10/set_video_25.mp4|part_6/adjust_video_25.mp4|part_7/correct_video_25.mp4
8b85f51f44ecd2e65b0d6803a51ea9ccffc163b7f4c098c20ddd41aac8a59a5b,3,3,class|form|grade,part_7/class_video_3.mp4|part_8/form_video_3.mp4|part_8/grade_video_3.mp4
8b8f2e5203a72cec3cbee894a1d1e06c77ae137250ab834a986434139de515bc,3,3,earth|ground|land,part_6/Earth_video_33.mp4|part_8/ground_video_12.mp4|part_9/land_video_12.mp4
8bd1dbd4a71cd4648f6582239c8adab5385a40d5805050492248c75ed855427e,3,3,function|go|run,part_10/run_20241119_172652_24.mp4|part_8/function_video_11.mp4|part_8/go_video_50.mp4
8c35fe37d366e4a794e665059da3d9076a0ef62e8a81bb53c74a71c267b9450c,3,3,conduct|lead|take,part_11/take_video_1.mp4|part_7/conduct_20241119_172637_1.mp4|part_9/lead_video_1.mp4
8c7d99e826d6747cd80283143749a92e9dac08ed1b3633e4a697b8254dda4505,3,3,give|joke|laugh,part_9/jape_video_2.mp4|part_9/joke_video_2.mp4|part_9/laugh_video_2.mp4
8ce584b4fa044b840586a2a0d334d60c0dd6a1473b41d717160a8b855e661c2b,3,3,adjust|correct|set,part_10/set_video_33.mp4|part_6/adjust_video_33.mp4|part_7/correct_video_33.mp4
8d19bfa17f7fa77699a860d902b69880cccfb65e5330ab2c011a792a16f39bc5,3,3,earth|ground|land,part_6/Earth_video_32.mp4|part_8/ground_video_11.mp4|part_9/land_video_11.mp4
8db91cc957ef6024c728004bb0debb567d09807acc59c7d54987d4481ebee102,3,3,bounce|bound|spring,part_10/spring_video_8.mp4|part_7/bounce_video_8.mp4|part_7/bound_video_8.mp4
8e1a73b4ab6a1e1e9454efeacff0fb32c22029f3bf772c9a7f14a3bde1674576,3,3,equal|like|same,part_10/same_20241119_172652_9.mp4|part_8/equal_video_7.mp4|part_9/like_video_12.mp4
8ea9b345ef38463b37b1f70a9aa4df8c87d0100944b74257dae05fb16e631361,3,3,brain|head|mind,part_7/brain_video_14.mp4|part_8/head_video_14.mp4|part_9/mind_video_14.mp4
8ed10f75fa5e5189e82574a47cec578bce77828f002150d7db232f4d2084b485,3,3,bear|carry|conduct,part_7/bear_video_19.mp4|part_7/carry_video_6.mp4|part_7/conduct_20241119_172637_12.mp4
8fa8e14fe0e071d97be5c95ffc2664d99736d5a1e2a47b244b46bc0269dfd931,3,3,appear|face|seem,part_10/seem_video_7.mp4|part_6/appear_video_0.mp4|part_8/face_8.mp4
8fe73315557ec52313e8f0f4ce380470616cc219b785e529283681b3d10d8654,3,3,become|get|go,part_7/become_video_2.mp4|part_8/get_video_39.mp4|part_8/go_video_46.mp4
9072cf395abc15994585496660b491fa0b159a9df27f030b1517789a66344142,3,3,adjust|correct|set,part_10/set_video_23.mp4|part_6/adjust_video_23.mp4|part_7/correct_video_23.mp4
908855192a5726a294675f97b5a855e12a7c080523bc500fd6aea1d51919a8f7,3,3,roar|scream|shout,part_10/roar_20241119_172652_2.mp4|part_10/scream_6.mp4|part_10/shout_20241119_172654_11.mp4
91486ba5aa4181f4c63f2b9f54c0fb579ea0e3bddd81377ce674e2eb1e45e876,3,3,clip|time|year,part_11/time_video_7.mp4|part_11/year_13.mp4|part_7/clip_video_7.mp4
9172cfb49ac4f8ecc910a37d27c4baebd6c65d6de91aec51f31053ec786fa10c,3,3,contribute|gift|present,part_10/present_14.mp4|part_7/contribute_4.mp4|part_8/gift_7.mp4
93c573a51c8d0a07db81da34fb11687e70499465d085f8565a0776d8d1f495de,3,3,go|move|travel,part_11/travel_video_9.mp4|part_8/go_video_9.mp4|part_9/move_video_9.mp4
93ef2f51ba630eb42ab470a5e22e5164130c8f06159e3d5e5d486c8925a2a417,3,3,peach|sing|talk,part_10/sing_video_7.mp4|part_11/talk_20241119_172656_20.mp4|part_9/peach_20241119_172650_28.mp4
94b21d5fb9a2e65883402cf4d29d04850e48b4162f3508a5f1ca2e3fc840e057,3,3,brain|head|mind,part_7/brain_video_12.mp4|part_8/head_video_12.mp4|part_9/mind_video_12.mp4
95779914f56e99f7a771a7372e4dfa6310f1c9066ff2855e8b224035bab78a51,3,3,class|form|grade,part_7/class_video_5.mp4|part_8/form_video_5.mp4|part_8/grade_video_5.mp4
9609e55290c880e2e756b3eb04a039c66a240688e2988508a8b8ae563092270c,3,3,bother|devil|rag,part_10/rag_video_2.mp4|part_7/bother_video_2.mp4|part_8/devil_video_2.mp4
962d5ab157b798edf526474e9c011ed7ebd789d6311734066017d36251828b99,3,3,invest|place|put,part_10/place_video_25.mp4|part_10/put_video_6.mp4|part_9/invest_video_6.mp4
965a47ef91ae939d45ce6f52e9e4a554c5acf06deaf5602fc8d764eb4ea45e93,3,3,adjust|correct|set,part_10/set_video_5.mp4|part_6/adjust_video_5.mp4|part_7/correct_video_5.mp4
9748ff86b75ce7aef5ea1919fcaba90975a10f8ecebf9f2f94fcab6285724a14,3,3,circle|lot|set,part_10/set_video_46.mp4|part_7/circle_video_11.mp4|part_9/lot_video_62.mp4
9762752718af3a7ddc1e1ead057206a0e3b3c9183b9cf26532f83b4bac4ae73c,3,3,end|finish|stop,part_11/stop_video_17.mp4|part_8/end_video_17.mp4|part_8/finish_video_17.mp4
97af2374d8e975eb7602b48bffe488f9c59b54261ae6304ff8286aafa8629883,3,3,lecture|rag|scold,part_10/rag_video_27.mp4|part_10/scold_video_3.mp4|part_9/lecture_video_3.mp4
97fea324571bb1420b9c347fa1044dd3025b4627726766ba15a419d407790f11,3,3,film|movie|picture,part_10/picture_video_3.mp4|part_8/film_video_3.mp4|part_9/movie_20241119_172648_4.mp4
984b33cd78d6aa699639c97e04c391017a0d079dcc9aebdc9aa01d6ac6712daf,3,3,category|class|family,part_7/category_video_6.mp4|part_7/class_video_24.mp4|part_8/family_video_16.mp4
98a1e0797417bc697f13b733966ee36b7f427e6b491a42d727839c7df9a9507f,3,3,car|drive|machine,part_7/car_video_4.mp4|part_8/drive_12.mp4|part_9/machine_video_4.mp4
994d8eb6ef485ca9108b90566a22287d89684f25909e6626add80f54181e1031,3,3,bother|devil|rag,part_10/rag_video_11.mp4|part_7/bother_video_11.mp4|part_8/devil_video_11.mp4
9b7fdd9aa8d1660625fe0d20f2c252a203ee25bc124c4eb9d0bcee8ea3db1b31,3,3,art|design|draw,part_6/art_12.mp4|part_8/design_5.mp4|part_8/draw_5.mp4
9bb00cdbfec20825bc03f0505a4dba9d94b4615bdf291def225facce94a78a44,3,3,lecture|rag|scold,part_10/rag_video_34.mp4|part_10/scold_video_10.mp4|part_9/lecture_video_10.mp4
9ce56b2e1e46ad1a13504da777edf557538be9bb11dc21c72320f4bbf057de3a,3,3,call|cry|shout,part_10/shout_20241119_172654_3.mp4|part_7/call_20241119_172635_31.mp4|part_7/cry_20241119_172639_18.mp4
9cf54f9ba9c41e4111b355ddb48915a259dd64ef07adcb98382e4bd352f3171f,3,3,apparel|clothes|dress,part_6/apparel_video_18.mp4|part_7/clothes_video_18.mp4|part_8/dress_video_18.mp4
9dcbff7700ba505f4f4fb7c617ce0a7b429316ae32cd54e44effa2e5cea0f507,3,3,drill|exercise|practice,part_10/practice_video_7.mp4|part_8/drill_video_7.mp4|part_8/exercise_video_7.mp4
9df1f690663162e27fafcf6f8503dee9e2ca70aa6ede5f7cdd66ad4ca71df2c9,3,3,chance|gamble|risk,part_10/risk_video_5.mp4|part_7/chance_video_17.mp4|part_8/gamble_video_5.mp4
9e12a7279f56b2772a8c2568c86f997359bd91b45274de6161a98b463143ba73,3,3,period|point|stop,part_10/period_video_6.mp4|part_10/point_video_35.mp4|part_11/stop_video_32.mp4
9e7fe7763214cf798afeaabeca9c73dd6802adccfeb553b6d18aa6c968fb546d,3,3,remember|retrieve|think,part_10/remember_20241119_172651_2.mp4|part_10/retrieve_video_8.mp4|part_11/think_video_8.mp4
9f3935efea654eaf44896c521068c1d089b7f0270934aa4fc25d4e03517afcbb,3,3,business|job|line,part_7/business_video_5.mp4|part_9/job_video_5.mp4|part_9/line_video_5.mp4
9f9f33bd4f9d879f89a5a1c83faefd66f5a121b50c3acf0fae06eed9c8eea80d,3,3,earth|ground|land,part_6/Earth_video_26.mp4|part_8/ground_video_5.mp4|part_9/land_video_5.mp4
a017fd41d13df9246ec0440e5611b11b2b82df148bfdc55503e883ab9178103b,3,3,bound|jump|spring,part_10/spring_video_35.mp4|part_7/bound_video_35.mp4|part_9/jump_video_15.mp4
a0527d8ec5d5ec0297014e8ead1a54b92ac708e5f4b951a1b92f0c3cca0405a0,3,3,adjust|correct|set,part_10/set_video_9.mp4|part_6/adjust_video_9.mp4|part_7/correct_video_9.mp4
a05584d34d5e98164a5e8442da6839207e3bc982529633b91fea6c0eb31bb7b4,3,3,get|get down|start,part_11/start_video_4.mp4|part_8/get_down_video_4.mp4|part_8/get_video_4.mp4
a06db49eb07fe754cce138e95e8710c2a10612ac5c5a0c0573a7ce81c7dae613,3,3,adjust|correct|set,part_10/set_video_24.mp4|part_6/adjust_video_24.mp4|part_7/correct_video_24.mp4
a0a3419a681013ebcab38b0836e6c593d0bd28004502179ac55757d3674b739a,3,3,apparel|clothes|dress,part_6/apparel_video_21.mp4|part_7/clothes_video_21.mp4|part_8/dress_video_21.mp4
a0cbbacf87eb841fbf7e1ad27d31bb4f3b6aee4627569d5acbf91b699e7c909b,3,3,place|put|set,part_10/place_video_31.mp4|part_10/put_video_12.mp4|part_10/set_video_51.mp4
a18eb23c97b14ccfd61f5e716dc79abc66d6d3fc62ce6b6ae63805955b029fa0,3,3,bound|jump|spring,part_10/spring_video_22.mp4|part_7/bound_video_22.mp4|part_9/jump_video_2.mp4
a1c364a5ef2fe9de77c037d976509eefc7a87fa627dacbf3c21b1967132adb1f,3,3,brain|head|mind,part_7/brain_video_7.mp4|part_8/head_video_7.mp4|part_9/mind_video_7.mp4
a219085d196f0b8e1e3cfc7905edb2dd5eb8edd9c3c1ccf7b68c828a6237a51c,3,3,bound|jump|spring,part_10/spring_video_24.mp4|part_7/bound_video_24.mp4|part_9/jump_video_4.mp4
a24f3805e8abac14e9ea6b8905dbb9924694882d90c44ccbc41bc22339a8b60f,3,3,get|get down|start,part_11/start_video_19.mp4|part_8/get_down_video_19.mp4|part_8/get_video_19.mp4
a2e74bdbeabca480f8672341acdc137de3f4cef4d63864cf9705f551dd3764ca,3,3,bother|devil|rag,part_10/rag_video_9.mp4|part_7/bother_video_9.mp4|part_8/devil_video_9.mp4
a38bf926025c10dce5019ac158b33f2ba6d8f398d87213938f940c9bb72e5f1d,3,3,function|office|role,part_10/role_video_1.mp4|part_8/function_video_1.mp4|part_9/office_video_1.mp4
a3ea152636d982488d1148b8bd6868fbb341e36349be7a7b972930c279801529,3,3,office|place|situation,part_10/place_video_45.mp4|part_10/situation_video_5.mp4|part_9/office_video_14.mp4
a495b69a0f20a8c6d0ed24f9a13ec49ca7fd5845498f7d706f61be193da086a7,3,3,bear|stomach|support,part_11/stomach_video_14.mp4|part_11/support_20241119_172655_14.mp4|part_7/bear_video_16.mp4
a4ace4a1f3d25bc6bf062e18a1a11bd8fb413c1f6bdee58dbaf0fd8eee23213e,3,3,end|finish|stop,part_11/stop_video_14.mp4|part_8/end_video_14.mp4|part_8/finish_video_14.mp4
a50efa6c9819fe221a2ed55267ef4fa21b74493406a70853cd91f0f04eae475d,3,3,go|move|travel,part_11/travel_video_3.mp4|part_8/go_video_3.mp4|part_9/move_video_3.mp4
a60af611e7bc176bf978a3dfa6db2cfac7788c10a3a6a802090ddaa0f5d5709c,3,3,remember|retrieve|think,part_10/remember_20241119_172651_6.mp4|part_10/retrieve_video_6.mp4|part_11/think_video_6.mp4
a60fb4d66a9ef6fb063bd32c001a5bccbfd0e1aa62298c80cd5b8aece22bd795,3,3,lecture|rag|scold,part_10/rag_video_25.mp4|part_10/scold_video_1.mp4|part_9/lecture_video_1.mp4
a6e001bb7692fa3ffa33f8e06996c7d78836520208c46cc8c0d00119544aa8ba,3,3,adjust|correct|set,part_10/set_video_20.mp4|part_6/adjust_video_20.mp4|part_7/correct_video_20.mp4
a70378036b40ae1a5a0e4af77e0b522b6bfe9ba1cba50b1d299435564afd122f,3,3,brain|head|mind,part_7/brain_video_3.mp4|part_8/head_video_3.mp4|part_9/mind_video_3.mp4
a85473ae810622af0f89b398e9b715ef9480765e74a37773851878cbc9558ced,3,3,end|finish|stop,part_11/stop_video_9.mp4|part_8/end_video_9.mp4|part_8/finish_video_9.mp4
a95232be8961fea5c050b164b5d1c5d0431d4206666ca6234a36ee6e2b7e4291,3,3,bound|jump|spring,part_10/spring_video_37.mp4|part_7/bound_video_37.mp4|part_9/jump_video_17.mp4
a95647b08fc362dc47883f3350950b548b61f6b310cc9e59239de02762b53bf3,3,3,abbreviate|cut|reduce,part_10/reduce_video_41.mp4|part_6/abbreviate_video_5.mp4|part_7/cut_video_39.mp4
a95e12f79c064f33d7b4f456fb8c20d8735ae5479d2bbbe81ed75c5050dfa2bb,3,3,adjust|correct|set,part_10/set_video_3.mp4|part_6/adjust_video_3.mp4|part_7/correct_video_3.mp4
aa3ccae89702d251251e8f6f50ffcce578143aa26d235450d1306f39603adc98,3,3,film|movie|picture,part_10/picture_video_11.mp4|part_8/film_video_11.mp4|part_9/movie_20241119_172648_21.mp4
aafb0662ac40d55c6b4750f50ff224031f357a853e7baf5718b9446ab8c83e5b,3,3,lecture|rag|scold,part_10/rag_video_32.mp4|part_10/scold_video_8.mp4|part_9/lecture_video_8.mp4
abd7fe8f87d497fcbd86c480cb3582b16d8e7e0eab6d68f144e5d034915861bb,3,3,curious|funny|weird,part_11/weird_1.mp4|part_7/curious_video_1.mp4|part_8/funny_video_9.mp4
aca53cebb48b8abb2e0664fda236b2fa10dc495e2efe26b282bf9186a4bd447a,3,3,category|class|family,part_7/category_video_2.mp4|part_7/class_video_20.mp4|part_8/family_video_12.mp4
ace04c7cfcd8bf61a32f0eb481dca84ff4e543f6a7b05d4b45a6c50675e51817,3,3,bound|jump|spring,part_10/spring_video_31.mp4|part_7/bound_video_31.mp4|part_9/jump_video_11.mp4
ae1705ddf5128436364d9877c78be8c9b6542ac6dd3eee784da88101a6623e8b,3,3,bear|carry|expect,part_7/bear_video_23.mp4|part_7/carry_video_9.mp4|part_8/expect_video_11.mp4
ae5e9e00a41e95fb475d56dc3b9f30162eb516fe0ef54e161f7efafad568e1b7,3,3,give|joke|laugh,part_9/jape_video_8.mp4|part_9/joke_video_8.mp4|part_9/laugh_video_8.mp4
ae8cecac9e762dc5939575802c170cffbebe4e5305b909d25ee29f8a139fde5b,3,3,invest|place|put,part_10/place_video_26.mp4|part_10/put_video_7.mp4|part_9/invest_video_7.mp4
aebc35672ff6a086542a8ee277fa161452fe781ceab4a46d094fdd957a222847,3,3,effect|event|result,part_10/result_video_8.mp4|part_8/effect_video_8.mp4|part_8/event_video_8.mp4
aef0805cf4136d90c2098aebdfaafe988c0a4764bebfa7e7484793220a0a2b2a,3,3,bound|jump|spring,part_10/spring_video_33.mp4|part_7/bound_video_33.mp4|part_9/jump_video_13.mp4
af9d18a379f6c0f6f1f29b023ea78cfefde417be33d4466fb3ac8f25d29f42ac,3,3,apparel|clothes|dress,part_6/apparel_video_4.mp4|part_7/clothes_video_4.mp4|part_8/dress_video_4.mp4
afdecd9ac602acc794115bf92200a02de1408de0219e34b68bf3c3791e89eb21,3,3,meditate|ponder|reflect,part_10/ponder_video_2.mp4|part_10/reflect_video_2.mp4|part_9/meditate_20241119_172647_2.mp4
afff61815ca6a600f83a403d6da482ccb7f99d89ea8843c8d5914a3bfec81551,3,3,country|land|state,part_11/state_video_19.mp4|part_7/country_video_28.mp4|part_9/land_video_16.mp4
b03fc0558a99027002a9a4ac43496bcffcb66cc40947701be3d699f5f14cc458,3,3,adjust|correct|set,part_10/set_video_14.mp4|part_6/adjust_video_14.mp4|part_7/correct_video_14.mp4
b05a6bb0f3747d379b9f07ed7d13dafb114d07f38c4c4f7ff30c60d722c0b350,3,3,champion|relief|star,part_10/relief_video_22.mp4|part_11/star_video_7.mp4|part_7/champion_video_7.mp4
b085292a7c8f717fc6ac57a8127bbae9ffd2c3924cd55dccb24347f2601668bd,3,3,circle|lot|set,part_10/set_video_41.mp4|part_7/circle_video_6.mp4|part_9/lot_video_57.mp4
b0f6674781fac7cbeb917fe60d8406efba635c639829154ceaafc7280046ce75,3,3,invest|place|put,part_10/place_video_24.mp4|part_10/put_video_5.mp4|part_9/invest_video_5.mp4
b1b0b61caf3d08bee115b17eb6fbb08058be476822006ec59f4b599007848570,3,3,bother|devil|rag,part_10/rag_video_3.mp4|part_7/bother_video_3.mp4|part_8/devil_video_3.mp4
b1dbca6eb370c777c7682c9c3ee88b5ef52ce4dd608d458b38d6a758d2e3fa0e,3,3,get|get down|start,part_11/start_video_8.mp4|part_8/get_down_video_8.mp4|part_8/get_video_8.mp4
b250569932ca3ef6f16beb0cfcaa0720f296a15b81fb203072eb9970274bbe30,3,3,circle|lot|set,part_10/set_video_39.mp4|part_7/circle_video_4.mp4|part_9/lot_video_55.mp4
b292636c9cda12cf5bd38da93b9692b664a871379c0142e72934c0a3a0815445,3,3,end|finish|stop,part_11/stop_video_8.mp4|part_8/end_video_8.mp4|part_8/finish_video_8.mp4
b3e28d47d46f1a7383166152d64b57dbfd6d243bc39a16dae864c65b2202a8c2,3,3,give|joke|laugh,part_9/jape_video_20.mp4|part_9/joke_video_20.mp4|part_9/laugh_video_20.mp4
b40808bf71cc1dcfda73623b60fd92c02d601fd6350d79a4a29179ab0fd6bcff,3,3,go|move|travel,part_11/travel_video_26.mp4|part_8/go_video_26.mp4|part_9/move_video_26.mp4
b46dd6842c001721f381879126496e88f7f1dcb748e8a9bbb6498564b21cace6,3,3,film|movie|picture,part_10/picture_video_4.mp4|part_8/film_video_4.mp4|part_9/movie_20241119_172648_5.mp4
b560418199fd8d55e12b67e8a70aaf1ebfb30f9efcdc5d96e16a7c200c7d737c,3,3,lecture|rag|scold,part_10/rag_video_33.mp4|part_10/scold_video_9.mp4|part_9/lecture_video_9.mp4
b57c16a74f2730da763636305f2f0033309de7785f7c21f68ce11a289ca738a7,3,3,end|finish|stop,part_11/stop_video_20.mp4|part_8/end_video_20.mp4|part_8/finish_video_20.mp4
b757742faaa8241def5c78a4a68c39e007e7b97e475233df7ce1b6de41f7ecf9,3,3,lecture|rag|scold,part_10/rag_video_35.mp4|part_10/scold_video_11.mp4|part_9/lecture_video_11.mp4
b81456325dd07544581568dd2d2bdf30ea57d86c1eed3cb79213804ec311ca5c,3,3,drill|exercise|practice,part_10/practice_video_4.mp4|part_8/drill_video_4.mp4|part_8/exercise_video_4.mp4
b81e3fbe800ec56f705cd0789693f4af74a0b5e3ab305b75737cab65e5cabd79,3,3,favorite|prefer|taste,part_10/prefer_9.mp4|part_11/taste_9.mp4|part_8/favorite_7.mp4
b856a343b0470b2b567c95ea3b48f75c59d59362a1123e9a74d4e575b0c67410,3,3,apparel|clothes|dress,part_6/apparel_video_11.mp4|part_7/clothes_video_11.mp4|part_8/dress_video_11.mp4
b8addc2db3cb9da5b02522b4d83e24caceba8bec474a5bf116e284c7918a40d8,3,3,go|move|travel,part_11/travel_video_20.mp4|part_8/go_video_20.mp4|part_9/move_video_20.mp4
b90bb0add081bd4654b34a3b0c198734c38d78b768c485f6f65349ece03e3ad5,3,3,peach|sing|talk,part_10/sing_video_6.mp4|part_11/talk_20241119_172656_28.mp4|part_9/peach_20241119_172650_18.mp4
b9c3362ea8d864bec143ad3c858ac2da011325e8ee0c2f625fdadc42f2c43e0b,3,3,brain|head|mind,part_7/brain_video_16.mp4|part_8/head_video_16.mp4|part_9/mind_video_16.mp4
b9efd8b6a5ff5fbc073f7b996c9ec3455d11a695d83d21600cc2ed9e3b9ac680,3,3,adjust|correct|set,part_10/set_video_8.mp4|part_6/adjust_video_8.mp4|part_7/correct_video_8.mp4
ba23b6f1b84b901ab4ae0c8be09bc8e3377e8f61c87f3c1c8daf4affb5eb19fa,3,3,bear|carry|hold,part_7/bear_video_22.mp4|part_7/carry_video_8.mp4|part_8/hold_20241119_172645_24.mp4
bac4ba358a3d7ee9a4b42836dfc5e42690a1da00c146a1aab7df4ea2aff9d86f,3,3,backup|choke|foul,part_6/backup_video_25.mp4|part_7/choke_video_9.mp4|part_8/foul_video_23.mp4
bac5fdfbad0b85760f225016063db7dad6453b0b018e4abf8fb8b1b212569b36,3,3,bound|jump|spring,part_10/spring_video_34.mp4|part_7/bound_video_34.mp4|part_9/jump_video_14.mp4
bacbde81a2f5507f943fcc379d70d9faedf504b11d82afe5fcc743b4c17faba0,3,3,business|job|line,part_7/business_video_3.mp4|part_9/job_video_3.mp4|part_9/line_video_3.mp4
bb19b0de2651254e3dcf88c7ab93b984425f5b058494784e5f06573b91717534,3,3,center|heart|middle,part_7/center_video_4.mp4|part_8/heart_video_4.mp4|part_9/middle_video_4.mp4
bbdfab3007ff46bd0a94e1d7fd5072de4abcec0b94926a7bef81e1650a234105,3,3,end|finish|stop,part_11/stop_video_13.mp4|part_8/end_video_13.mp4|part_8/finish_video_13.mp4
bd315278a56f24ebd6284175b2ab85cb484ae2edc8230b8c6b8078732475c77c,3,3,brain|head|mind,part_7/brain_video_6.mp4|part_8/head_video_6.mp4|part_9/mind_video_6.mp4
bd5e986a842e8970ff1ccf5a6cbb42d936ab47ac449699752df50088203d4a50,3,3,address|deal|plow,part_10/plow_20241119_172650_4.mp4|part_6/address_video_22.mp4|part_7/deal_video_60.mp4
be3c23fa2fc4adc58387224594655a2d191865c2e5dad1e32b9397d51fdd70b9,3,3,film|movie|picture,part_10/picture_video_9.mp4|part_8/film_video_9.mp4|part_9/movie_20241119_172648_23.mp4
be6499518a27fda9747e09e00dcbc8f119ce559a5a69b670eac7140b25105fb1,3,3,invest|place|put,part_10/place_video_21.mp4|part_10/put_video_2.mp4|part_9/invest_video_2.mp4
be78f42c0db376872820cff651a3b14aae9ae994f87864788696cb3a24886a68,3,3,brain|head|mind,part_7/brain_video_17.mp4|part_8/head_video_17.mp4|part_9/mind_video_17.mp4
be82922b2938266e40e0b86dfdd247e2cd986249a4a289b8d3326ce9ec1c09f6,3,3,end|finish|stop,part_11/stop_video_0.mp4|part_8/end_video_0.mp4|part_8/finish_video_0.mp4
bfa9ce504350e791c51dcd3bebcedaa8ceb58764a0140ef181f4db484db16a00,3,3,evaluate|measure|value,part_11/value_video_4.mp4|part_8/evaluate_video_4.mp4|part_9/measure_20241119_172647_19.mp4
bfae3e0110fc054cb329721a038b68a568ef7cbaadabd380772449987f525d85,3,3,play|turn|up,part_10/play_video_24.mp4|part_11/turn_video_4.mp4|part_11/up_video_11.mp4
bfbadd1ae8af91a3800ecb96123f26eb579dafcd08601f7c7c0d1bf75177685f,3,3,get|get down|start,part_11/start_video_9.mp4|part_8/get_down_video_9.mp4|part_8/get_video_9.mp4
bfd675c122b5c928758f632a74e03fc9a68363e0589b740daf8b821a2c884003,3,3,film|movie|picture,part_10/picture_video_20.mp4|part_8/film_video_20.mp4|part_9/movie_20241119_172648_10.mp4
bfee22593c1e2db90298d22176c20de9417c8d078978b29531fa666daf19c104,3,3,business|job|line,part_7/business_video_22.mp4|part_9/job_video_22.mp4|part_9/line_video_22.mp4
c0d33e740973344fbea0823532e50f2a369c654071423f9ac96fc3661bafe28d,3,3,bite|lift|pinch,part_10/pinch_20241119_172650_2.mp4|part_7/bite_20241119_172634_3.mp4|part_9/lift_20241119_172646_26.mp4
c14578b1d6396a60309873552d2fe8d3b61f633d17140abf24fbd47469b5d583,3,3,apparel|clothes|dress,part_6/apparel_video_20.mp4|part_7/clothes_video_20.mp4|part_8/dress_video_20.mp4
c24e5df6a831de63e077b549c8543955295ed2f059ccba7e3e4d332f01bd0a13,3,3,evaluate|measure|value,part_11/value_video_0.mp4|part_8/evaluate_video_0.mp4|part_9/measure_20241119_172647_5.mp4
c310394ec3ac23af06d289c1779b0d7f9e43af5e80ac4c9f3466608f937b39de,3,3,journey|travel|trip,part_11/travel_6.mp4|part_11/trip_20241119_172656_1.mp4|part_9/journey_5.mp4
c524fb44d2657e0f9b10a756557395d38ab730a2e3a0b923a1570c96d2772480,3,3,brain|head|mind,part_7/brain_video_0.mp4|part_8/head_video_0.mp4|part_9/mind_video_0.mp4
c5607daae9452ecacccbd4caf5bb06aeb5ef19be1bd9be8a23e1e9cee0e91258,3,3,adjust|correct|set,part_10/set_video_30.mp4|part_6/adjust_video_30.mp4|part_7/correct_video_30.mp4
c5bfaf3e39740523d4a0013d2addaaef09fe61cd138c83be1cd933a9a0fc9281,3,3,business|job|line,part_7/business_video_7.mp4|part_9/job_video_7.mp4|part_9/line_video_7.mp4
c62fe446a6e004439430696f647c4899530bfd9bf67a262d580fdaa39d003bc3,3,3,business|job|line,part_7/business_video_10.mp4|part_9/job_video_10.mp4|part_9/line_video_10.mp4
c66ea3488ebb0b538b50536035c5d2b98621f106f12db91b93201c1e85a9b5fe,3,3,before|last|past,part_7/before_26.mp4|part_9/last_12.mp4|part_9/past_4.mp4
c7ef2891e045d1e493a5762b511d2361bc0db64b36fa8c63007e0fa8569cbb09,3,3,beak|peck|pick,part_10/peck_video_53.mp4|part_10/pick_video_27.mp4|part_7/beak_video_2.mp4
c82927bdfd06de2ba95345c4acee1401375639d66d53d49d14f562e4f0827fd8,3,3,figure|form|shape,part_10/shape_video_7.mp4|part_8/figure_video_20.mp4|part_8/form_video_24.mp4
c89e82c44e2ede26e14ae457efd67519a9f3a92a0f5046e669dcb3a64d0eab99,3,3,call|predict|promise,part_10/predict_video_5.mp4|part_10/promise_video_5.mp4|part_7/call_20241119_172635_1.mp4
c8c6d8c2fadaeeeadcb9f1cbf45b035eade1a28055e6734cc2795f8b673745a3,3,3,end|finish|stop,part_11/stop_video_12.mp4|part_8/end_video_12.mp4|part_8/finish_video_12.mp4
c90d0035a11c8f54fe97fafb17d0c5b5296c3444d42aed671162047d06bb7445,3,3,bound|jump|spring,part_10/spring_video_28.mp4|part_7/bound_video_28.mp4|part_9/jump_video_8.mp4
c9434a26cdf66762fea9478f49552514185d58b8ac16f437c8e5953ab962c7dd,3,3,backup|choke|foul,part_6/backup_video_24.mp4|part_7/choke_video_8.mp4|part_8/foul_video_22.mp4
c96e93ee4891a9dc68487e6e139c9ce526c5b4b36ee4c826a787472b13387fd2,3,3,business|job|line,part_7/business_video_21.mp4|part_9/job_video_21.mp4|part_9/line_video_21.mp4
cb8425e55125ac1766aae43c7b33a92e954ca68de0476a67856ac4a82cb5160f,3,3,circle|lot|set,part_10/set_video_35.mp4|part_7/circle_video_0.mp4|part_9/lot_video_51.mp4
cb87493308b3a6443d139cddeaecc320a9d4c73b10b56052f4571743aa49e56d,3,3,bounce|bound|spring,part_10/spring_video_7.mp4|part_7/bounce_video_7.mp4|part_7/bound_video_7.mp4
cbe375753ccc13d581251e801c546f15a43a98a2b964b9b9de0e58857d71df4d,3,3,conduct|guide|lead,part_7/conduct_20241119_172637_2.mp4|part_8/guide_video_2.mp4|part_9/lead_video_2.mp4
cc43f3996911da3246a79c83d4d598a890cecff731cbc777d35cffc814629742,3,3,circle|lot|set,part_10/set_video_45.mp4|part_7/circle_video_10.mp4|part_9/lot_video_61.mp4
ccda08d40b9e3685d535abe9eb1cb713905421a1c5ef9b31f690deb57448c056,3,3,circle|lot|set,part_10/set_video_47.mp4|part_7/circle_video_12.mp4|part_9/lot_video_63.mp4
cd1659086f3e95ff3fc365efbc606a9eb4cd742a36c36b5d393a8c88616a49a6,3,3,center|heart|middle,part_7/center_video_7.mp4|part_8/heart_video_7.mp4|part_9/middle_video_7.mp4
ce0a5ec5870795353caa8446c345f494587cbcd1ab0b17ae81cb1aa65ae05b1b,3,3,go|move|travel,part_11/travel_video_15.mp4|part_8/go_video_15.mp4|part_9/move_video_15.mp4
ce1d9892adf829ab0a166a057d99aabad2025e8ce149d4b164269387f53e9c9a,3,3,go|move|travel,part_11/travel_video_13.mp4|part_8/go_video_13.mp4|part_9/move_video_13.mp4
ce46e7352187b749d402c39c4100e2d6c6e60c67918222276bb8dc1be701942a,3,3,bound|jump|spring,part_10/spring_video_29.mp4|part_7/bound_video_29.mp4|part_9/jump_video_9.mp4
cf32e8d97837ea534e09c2c3e576ca9e4ffb671c2eee2ad3cf5ab1030f6e74b2,3,3,give|joke|laugh,part_9/jape_video_0.mp4|part_9/joke_video_0.mp4|part_9/laugh_video_0.mp4
cf4c5480a344387d546d51793801fa733be8f39bb332e1deb3e252908c338843,3,3,cut|reduce|thin,part_10/reduce_video_42.mp4|part_11/thin_video_19.mp4|part_7/cut_video_40.mp4
cfd82a72dc248cae33bdd71a3b8596834c5e808b221c7a2f962d18f47dca5f90,3,3,drill|exercise|practice,part_10/practice_video_9.mp4|part_8/drill_video_9.mp4|part_8/exercise_video_9.mp4
d0da80af55eb87ce1118e7909e311fb67fdf911a632f367c31e8e434237dcd42,3,3,apparel|clothes|dress,part_6/apparel_video_14.mp4|part_7/clothes_video_14.mp4|part_8/dress_video_14.mp4
d1aa0895f1ecdbd3cdee725211e4c78c279b6e16ba99a1858dea7f9d20fbfcb9,3,3,apparel|clothes|dress,part_6/apparel_video_13.mp4|part_7/clothes_video_13.mp4|part_8/dress_video_13.mp4
d203d0244f0575e1dd8780bca6e8822e51ecbdac820a4d471144909958d42b6e,3,3,bound|jump|spring,part_10/spring_video_30.mp4|part_7/bound_video_30.mp4|part_9/jump_video_10.mp4
d2ffe8777f996ae24708e60c15f9f96d5456e08faabd7dd362be054839c9bc5a,3,3,bounce|bound|spring,part_10/spring_video_19.mp4|part_7/bounce_video_19.mp4|part_7/bound_video_19.mp4
d3600757ebc412df9713fb7e2233aabb98ccd8675fc9c10e5de694d92d5e90b4,3,3,become|get|go,part_7/become_video_1.mp4|part_8/get_video_38.mp4|part_8/go_video_45.mp4
d39a102224eb2d2768bf1663ad6065a5b1fb18877ce53ce6204416e508e4ea89,3,3,apparel|clothes|dress,part_6/apparel_video_26.mp4|part_7/clothes_video_26.mp4|part_8/dress_video_26.mp4
d51ffe4e3a1227479107acf722836dce2f9a11da8b651950939a702532777ea8,3,3,give|joke|laugh,part_9/jape_video_6.mp4|part_9/joke_video_6.mp4|part_9/laugh_video_6.mp4
d54886dab94d9266eb177e0007dd85eb340d240cc2e0f7c208a778127f011cdc,3,3,end|finish|stop,part_11/stop_video_6.mp4|part_8/end_video_6.mp4|part_8/finish_video_6.mp4
d692b2dd2bfed9ea03f006e5e362015901ed1cc64d427484a4b8ee15110553b9,3,3,wander|weave|wind,part_11/wander_video_5.mp4|part_11/weave_video_5.mp4|part_11/wind_video_6.mp4
d734e9a33ba5c58c44ca8d32e92717de1a711470da320cf9ac7e753b8a9ae8ca,3,3,drill|exercise|practice,part_10/practice_video_2.mp4|part_8/drill_video_2.mp4|part_8/exercise_video_2.mp4
d7fca321ee6f914bc40926430c14b9e34c3bf5da17255f7dab9558c5b97e7bd0,3,3,give|joke|laugh,part_9/jape_video_4.mp4|part_9/joke_video_4.mp4|part_9/laugh_video_4.mp4
d965742620056ae0b0c2e0148bf2eaa23fe4115d8c2ebfc248a91dbf8ba815e1,3,3,earth|ground|land,part_6/Earth_video_23.mp4|part_8/ground_video_2.mp4|part_9/land_video_2.mp4
da47336ae621611b125bc7b06051ee9d5cf968fd91484e673def01a9c8b0cc5c,3,3,film|movie|picture,part_10/picture_video_8.mp4|part_8/film_video_8.mp4|part_9/movie_20241119_172648_17.mp4
dbb3ef78b63491f0bb7a2928eb3c6c05a6a224d1884359d97c7fca1adc5ff6bf,3,3,bother|devil|rag,part_10/rag_video_10.mp4|part_7/bother_video_10.mp4|part_8/devil_video_10.mp4
dc0e7afb1fe87998b52bf4679ec2a0349895ea78a87355519881c0bd59305686,3,3,brain|head|mind,part_7/brain_video_18.mp4|part_8/head_video_18.mp4|part_9/mind_video_18.mp4
dc676c4ed1d77927317e18eb2fee0f047e1a25d1cd00e4e823371f164dee6f9e,3,3,read|study|take,part_10/read_video_9.mp4|part_11/study_video_31.mp4|part_11/take_video_34.mp4
ddf7d1d318777772a68983a82658b96fc280ec6f056636aa6b94fd04038aadb1,3,3,go|move|travel,part_11/travel_video_25.mp4|part_8/go_video_25.mp4|part_9/move_video_25.mp4
df19fd9b4d8d88a43fe9709837a8a174acbee1a00c3c780485d8fc1117ce2f17,3,3,check|fit|match,part_7/check_video_5.mp4|part_8/fit_video_5.mp4|part_9/match_video_5.mp4
df2790e751e57fdbf20d9a0e4888d6a6a30f6135d4736baa7dc459137e696a74,3,3,guide|lead|take,part_11/take_video_0.mp4|part_8/guide_video_0.mp4|part_9/lead_video_0.mp4
e11449481fc6ee3757b9155732bf0854dde7ae2f18d8c3138653dbe749bea013,3,3,adjust|correct|set,part_10/set_video_4.mp4|part_6/adjust_video_4.mp4|part_7/correct_video_4.mp4
e125464d3c5bb6d7c1031c5c9217d1c951db05c19a09c39abefaa3b7263984a0,3,3,category|class|family,part_7/category_video_1.mp4|part_7/class_video_19.mp4|part_8/family_video_11.mp4
e13e67b0a384a16a53f9192240f5f566ceaa4bcd0a26d2d7c5b0cadb1e1bb2f2,3,3,business|job|line,part_7/business_video_4.mp4|part_9/job_video_4.mp4|part_9/line_video_4.mp4
e1a2138b7d210196361614b88fa8f1085a82aad3cc4d825a415c1b0d6c8a5523,3,3,TRUE|really|sure,part_10/really_10.mp4|part_11/sure_10.mp4|part_11/true_6.mp4
e274e990dda4e9bf35fef7306c8a16ad22ce2c9575ef23169dd16da0b4f0e6fd,3,3,give|joke|laugh,part_9/jape_video_10.mp4|part_9/joke_video_10.mp4|part_9/laugh_video_10.mp4
e27b483dfee1bd5bed7f196dbac25069096d9a4cd21da604138779d5312e65a4,3,3,give|joke|laugh,part_9/jape_video_14.mp4|part_9/joke_video_14.mp4|part_9/laugh_video_14.mp4
e30a128ce62aec3ba06387be35465e74cb8d7e2a3dd0a98f406985504794a398,3,3,meditate|ponder|reflect,part_10/ponder_video_7.mp4|part_10/reflect_video_7.mp4|part_9/meditate_20241119_172647_7.mp4
e3bc3c06923040f648a63cd5fac92b5d2f63d8664210586e46743cf558acca08,3,3,business|job|line,part_7/business_video_6.mp4|part_9/job_video_6.mp4|part_9/line_video_6.mp4
e447f75b0d23c2da4ff766d1530f9a76955219e406f6adf941a83443d98a243f,3,3,call|cry|shout,part_10/shout_20241119_172654_13.mp4|part_7/call_20241119_172635_29.mp4|part_7/cry_20241119_172639_12.mp4
e47ef2aa4b32bf9ff20cd1685aef882b2458913f4379fdd73c8ba952d6398b54,3,3,invest|place|put,part_10/place_video_20.mp4|part_10/put_video_1.mp4|part_9/invest_video_1.mp4
e508ec098e2918a4272414d5645c999eb0cee8f7a57e8e7902a65cbbc43bb587,3,3,bother|devil|rag,part_10/rag_video_19.mp4|part_7/bother_video_19.mp4|part_8/devil_video_19.mp4
e5c216af6c710e2ec562eaa8486542d1e7b381b43a929a5dd32d83c9fbe78f3d,3,3,father|get|mother,part_8/father_video_7.mp4|part_8/get_video_44.mp4|part_9/mother_video_9.mp4
e5f97a7017a9ad6501c130f66537df7dc10f8749afdf38a89f9a5837fc784103,3,3,bound|jump|spring,part_10/spring_video_36.mp4|part_7/bound_video_36.mp4|part_9/jump_video_16.mp4
e6e6a44a9c2536ac732c59a94fada1e061c38072135c60b81b2b5b76ca59244a,3,3,go|move|travel,part_11/travel_video_7.mp4|part_8/go_video_7.mp4|part_9/move_video_7.mp4
e70158059ecd0fb96d56d9730637f770cbf23c8fccb9832515d89c7a7dd7d6d7,3,3,bother|devil|rag,part_10/rag_video_8.mp4|part_7/bother_video_8.mp4|part_8/devil_video_8.mp4
e709cfebe0809e90d37878ece8e63f38a7b703eb593711531549ae9fad55ad48,3,3,caption|grammar|sentence,part_10/sentence_20241119_172653_4.mp4|part_7/caption_9.mp4|part_8/grammar_1.mp4
e7de0d458048805405680f2eec45f9550958609f417dfc1ac8c4efb5fa35ca2d,3,3,effect|event|result,part_10/result_video_9.mp4|part_8/effect_video_9.mp4|part_8/event_video_9.mp4
e866b0157fbd075e2f2d97d2d4e2e7406048e8bf40836e0116c45488c2febdb9,3,3,big|large|wide,part_11/wide_1.mp4|part_7/big_video_4.mp4|part_9/large_video_4.mp4
e8aa42b19814a0ff59bb407498ec4660ffbe575e64b63339ecefcb04eb3906dd,3,3,apparel|clothes|dress,part_6/apparel_video_8.mp4|part_7/clothes_video_8.mp4|part_8/dress_video_8.mp4
e9b8e3faf747069cd459be9f544cbafac48606e70b92f4ab5e837d8c72025110,3,3,adjust|correct|set,part_10/set_video_15.mp4|part_6/adjust_video_15.mp4|part_7/correct_video_15.mp4
e9c33b23ac92245f2bcc51940c78f55248b322a1b1a4cd6cb116000aa7edd519,3,3,bound|jump|spring,part_10/spring_video_32.mp4|part_7/bound_video_32.mp4|part_9/jump_video_12.mp4
e9fcbd23919a24e6de3ac7e5f65023f9b54764474e78dcf59c700e5bdb3f3663,3,3,film|movie|picture,part_10/picture_video_10.mp4|part_8/film_video_10.mp4|part_9/movie_20241119_172648_25.mp4
e9ff999becf44ea10d324600e5407f67aebb87572013193875920d3c2a423837,3,3,experiment|measure|value,part_11/value_video_1.mp4|part_8/experiment_5.mp4|part_9/measure_20241119_172647_6.mp4
ea7d25978419e7747e3251b4e2006df28825b9d919d39f3f61e9cca598ea1ba8,3,3,bother|devil|rag,part_10/rag_video_13.mp4|part_7/bother_video_13.mp4|part_8/devil_video_13.mp4
ec29a9e67ab39e1033eca47b862c70c62232d9d41e53f9bd4510c0a8344d2214,3,3,meditate|ponder|reflect,part_10/ponder_video_9.mp4|part_10/reflect_video_9.mp4|part_9/meditate_20241119_172647_9.mp4
ec4969b2eb21ac2d90f109e211b607ece677664c45dfadf89329c7e5d505b937,3,3,apparel|clothes|dress,part_6/apparel_video_19.mp4|part_7/clothes_video_19.mp4|part_8/dress_video_19.mp4
ec9cbf2b500d07e00a8f2caa6e872baca5dc7b7f96813b9ab9cc42c055fcdd9c,3,3,end|finish|stop,part_11/stop_video_3.mp4|part_8/end_video_3.mp4|part_8/finish_video_3.mp4
ed056a82325582066f59ce41c98e4a3e9c7e2acc1348c5c1655032d317a2061f,3,3,design|plan|project,part_10/plan_video_1.mp4|part_10/project_video_1.mp4|part_8/design_video_1.mp4
ed5e8469cf4fa216c13470f998e1f01e868cfd184e473e0b7be13dd180859bf8,3,3,conduct|guide|take,part_11/take_video_4.mp4|part_7/conduct_20241119_172637_4.mp4|part_8/guide_video_4.mp4
eeea54bd647832469d49dd80841245fa8ba0399e016d680a603854bda90a089a,3,3,give|joke|laugh,part_9/jape_video_16.mp4|part_9/joke_video_16.mp4|part_9/laugh_video_16.mp4
efc3fa7729b3d20ee7685e1cd720e1df22c9cb17eaeb1f725fd723eb33823147,3,3,bother|devil|rag,part_10/rag_video_23.mp4|part_7/bother_video_23.mp4|part_8/devil_video_23.mp4
f1fe4b9a08af5061ca3f402398eb03b3ded76d28b83273ade2c7c582989c3ff1,3,3,meditate|ponder|reflect,part_10/ponder_video_0.mp4|part_10/reflect_video_0.mp4|part_9/meditate_20241119_172647.mp4
f27996f858aed089f332e994f9492f38434f58009d7fafbd023d6ffc8bc062da,3,3,check|fit|match,part_7/check_video_2.mp4|part_8/fit_video_2.mp4|part_9/match_video_2.mp4
f2b04fa66035766e7b1561442bb69f918665701da5b2c22d28a82382da33d684,3,3,brain|head|mind,part_7/brain_video_21.mp4|part_8/head_video_21.mp4|part_9/mind_video_21.mp4
f55a2d04a2f693ccb00ac165f5bec2a02152f56bba916a87bda678a3991f7453,3,3,bicycle|cycle|wheel,part_11/wheel_video_4.mp4|part_7/bicycle_video_4.mp4|part_7/cycle_video_4.mp4
f73ae768d486d9fc963b78e09028a95736dbae7f51e9fa2f69c98e3cbb27b8c1,3,3,brain|head|mind,part_7/brain_video_5.mp4|part_8/head_video_5.mp4|part_9/mind_video_5.mp4
f759024ac128115c894f3203c6ce2da2c43e2810b4d400bf23406cc6dbe20aa9,3,3,call|phone|ring,part_10/phone_video_12.mp4|part_10/ring_video_15.mp4|part_7/call_20241119_172635_34.mp4
f79e578944a51bf1cc6994d2cf9a4db44ad9d7e1c2c371a760414dd1b8f4b57c,3,3,adjust|correct|set,part_10/set_video_18.mp4|part_6/adjust_video_18.mp4|part_7/correct_video_18.mp4
f7b74ad079d2871d0f8ae3e616ef8cc128735ed92470af34f0d9bf67fa8011b3,3,3,film|movie|picture,part_10/picture_video_5.mp4|part_8/film_video_5.mp4|part_9/movie_20241119_172648_3.mp4
f89936a78ad6c8742b2d11db4180063c367d8b873579bda94bc9f95eba8160d9,3,3,class|form|grade,part_7/class_video_10.mp4|part_8/form_video_10.mp4|part_8/grade_video_10.mp4
f8fb263cb4ab0a28b4cbfe40668a4cd19795a891e8a07210d6dd5575a6b13c78,3,3,give|joke|laugh,part_9/jape_video_17.mp4|part_9/joke_video_17.mp4|part_9/laugh_video_17.mp4
f9bfc37b04ade73c95fe6643beebd638691d10aa9659a2e48bc7d17a0e564f12,3,3,place|put|set,part_10/place_video_33.mp4|part_10/put_video_14.mp4|part_10/set_video_53.mp4
f9dd94b2591dd2544ced0522b47b908ba5e60dd1957caf56de94bbc785bc0212,3,3,brain|head|mind,part_7/brain_video_11.mp4|part_8/head_video_11.mp4|part_9/mind_video_11.mp4
fa51fd765f5c7d8fecd4188420650a3ca0c62819bbc5af83445f0a1bc5325b14,3,3,remember|retrieve|think,part_10/remember_20241119_172651_5.mp4|part_10/retrieve_video_4.mp4|part_11/think_video_4.mp4
faf57c0cce85b84706f598f99b986ece6dcab4bc2268a0096b10a9baf7051bc7,3,3,circle|lot|set,part_10/set_video_43.mp4|part_7/circle_video_8.mp4|part_9/lot_video_59.mp4
fb2a60a56902ec91f9b4c3cd6a93b9b202f142a2dcbedd40dd07f3ed52df059f,3,3,ask|demand|take,part_11/take_video_13.mp4|part_6/ask_video_6.mp4|part_7/demand_20241119_172639_14.mp4
fb5241e0382e0aa205b7da0fed29bee6e5fd81cd39bd548bbd132c302195501a,3,3,bounce|bound|spring,part_10/spring_video_16.mp4|part_7/bounce_video_16.mp4|part_7/bound_video_16.mp4
fbfbb00856e0e465d1b42f8907de3eb5b39853d0d6c48319488e3548b1331ae1,3,3,circle|lot|set,part_10/set_video_50.mp4|part_7/circle_video_15.mp4|part_9/lot_video_66.mp4
fc026991fda97a42da9035b65f3b073fd4a759303c1c070bd824b721ca0574da,3,3,invest|place|put,part_10/place_video_22.mp4|part_10/put_video_3.mp4|part_9/invest_video_3.mp4
fce2ed0f4a60d2d0a38103ec91c254b0c82b944f5197f003de6208d30896eb24,3,3,period|point|stop,part_10/period_video_7.mp4|part_10/point_video_36.mp4|part_11/stop_video_33.mp4
fd2e45cb1ee92f7ee01f9b738acd21de47ddb4d3431ec78e8951b728819297cf,3,3,slew|slide|slip,part_10/slew_video_52.mp4|part_10/slide_20241119_172654_1.mp4|part_10/slip_20241119_172654_13.mp4
fe07fe559d127da11cc41d85359e97c542a6ea263ccbcab4ce8bf9eda037c751,3,3,end|finish|stop,part_11/stop_video_10.mp4|part_8/end_video_10.mp4|part_8/finish_video_10.mp4
fe424cadc05cf07cd6e53b51ac6055b687c19ab2954f24bff31dd0cdd53cc453,3,3,get|get down|start,part_11/start_video_12.mp4|part_8/get_down_video_12.mp4|part_8/get_video_12.mp4
fed74c737187e5277daa4720ae428d7b293184c7b21798eba80caafe47489eff,3,3,die|go|pass,part_8/die_video_10.mp4|part_8/go_video_37.mp4|part_9/pass_video_3.mp4
ff436c69210a559556772dfff7f3b9356479a1d3f120c4c8a3ec69b67d451667,3,3,evaluate|measure|value,part_11/value_video_6.mp4|part_8/evaluate_video_6.mp4|part_9/measure_20241119_172647_1.mp4
ff4b3f94252d53ff1568fae7b90e0168dec91cfd3d8d028c70170802b1e0c13f,3,3,apparel|clothes|dress,part_6/apparel_video_25.mp4|part_7/clothes_video_25.mp4|part_8/dress_video_25.mp4
ff57a5794e46c672c124f88a453af8ddc4e028f2fe502f4ed7cfb084de1b94d1,3,3,bird|doll|skirt,part_10/skirt_video_21.mp4|part_7/bird_video_12.mp4|part_8/doll_video_8.mp4
ffe9660e0eb15a2bf24644cd6fa2015038b4996a92edc58eed8eddb9d77f8e92,3,3,behind|bottom|tail,part_11/tail_20241119_172656_7.mp4|part_7/behind_video_7.mp4|part_7/bottom_video_7.mp4
15aaecc3c76f48ed4267863e0c1829ff5764688c806b6b7ac34604466e50bf77,4,2,peach|sweetheart,part_11/sweetheart_video_2.mp4|part_11/sweetheart_video_3.mp4|part_9/peach_20241119_172650_15.mp4|part_9/peach_20241119_172650_7.mp4
1b004406aa1da007ebdf26c624ab9ec1ff1c6bc73cead86d7a1cdfd413996446,4,2,car|machine,part_7/car_video_6.mp4|part_7/car_video_8.mp4|part_9/machine_video_6.mp4|part_9/machine_video_8.mp4
83d49e02e91c18d5feaa5c1adc21559a4db9475b5d349e79a5ef5c846e110219,4,2,assist|help,part_6/assist_video_21.mp4|part_6/assist_video_22.mp4|part_8/help_video_21.mp4|part_8/help_video_22.mp4
add91865491c99387dcb5e962e395350f020145a79d9c20563ffc94576f345e7,4,2,all|whole,part_11/whole_video_10.mp4|part_11/whole_video_7.mp4|part_6/all_video_10.mp4|part_6/all_video_7.mp4
ca719813f48e94cc3c55be696624760acd40ab82880a939c5bbd7e5aabea2932,4,2,earth|world,part_11/world_video_5.mp4|part_11/world_video_6.mp4|part_6/Earth_video_5.mp4|part_6/Earth_video_6.mp4
d2bbf4af7bf50948e4861cf78ad0e4299b941bc829996105d1e9fbdea07f5676,4,2,achromatic|white,part_11/white_video_2.mp4|part_11/white_video_3.mp4|part_6/achromatic_video_19.mp4|part_6/achromatic_video_20.mp4
05073e33055a365b4adf0e00aec3010c44a5961053f7eb1ee0e12b8b62fd568d,3,2,bother|devil,part_7/bother_3.mp4|part_7/bother_video_0.mp4|part_8/devil_video_0.mp4
0a5abc8e3ad1e54b97128182e62a475ddc28801988b0cb5b5d4141b8ebb14b88,3,2,chase|tail,part_11/tail_20241119_172656_11.mp4|part_7/chase_1.mp4|part_7/chase_video_0.mp4
13dddb8a7f7611a43bcbaa83c1d5e295132c65c4d47274567fccef4b5045c390,3,2,l|y,part_6/L_l_aug_21.mp4|part_6/Y_y_aug_0.mp4|part_6/Y_y_aug_36.mp4
140d49d3d9cb257caa07a397ae11a81a23051948c979b3211fb913593c66dc2f,3,2,bathroom|toilet,part_11/toilet_video_2.mp4|part_7/bathroom_8.mp4|part_7/bathroom_video_2.mp4
1954aba791f47ed2092bd7403becb6ad9be8a1aead2dc2622c5bb406f7791861,3,2,assist|help,part_6/assist_video_4.mp4|part_8/help_16.mp4|part_8/help_video_4.mp4
1b6ad379d3304bc9b25420a4f5cd49091ae4028e18bf269fcda8e95979a7abb4,3,2,earth|world,part_11/world_5.mp4|part_11/world_video_1.mp4|part_6/Earth_video_1.mp4
20af043c3deebc4b276b79485000924795bf4e71482739be0813daaabe7cf653,3,2,experience|feel,part_8/experience_3.mp4|part_8/experience_video_0.mp4|part_8/feel_video_0.mp4
2208e4a12200c2babb9e140cd2483e9af670fc6a01772e00f086341ec3430d5d,3,2,blame|fault,part_7/blame_8.mp4|part_8/fault_6.mp4|part_8/fault_7.mp4
27e0ae904105420e44929af1a9d96ba941705957f8721899fc18dbed85ee8e36,3,2,forest|wood,part_11/wood_video_1.mp4|part_8/forest_3.mp4|part_8/forest_video_1.mp4
2f643bbd78603ac4df13852fda7a8974c9eadfc542ca0925a77422e08f3da270,3,2,present|show,part_10/present_video_3.mp4|part_10/show_0.mp4|part_10/show_video_3.mp4
2f74bcdbd63c87e2d50f176c91c6a01b67ac1afd2cd05596928529fe91bef12e,3,2,class|form,part_7/class_8.mp4|part_7/class_video_0.mp4|part_8/form_video_0.mp4
365049b144943876b2133962816c32f49f658d5134fd8651eb4d16ca886fd35e,3,2,present|today,part_10/present_19.mp4|part_10/present_20.mp4|part_11/today_6.mp4
38647add3558a864ae891371f7a7ea404f6192553914907a649a5084938aa096,3,2,center|middle,part_7/center_2.mp4|part_9/middle_7.mp4|part_9/middle_8.mp4
3c6dfe113a56787b268b989319a405b7b67354a9e6dbf3eec9f908aad7a703a4,3,2,deal|manage,part_7/deal_video_51.mp4|part_9/manage_1.mp4|part_9/manage_video_0.mp4
43874182ce957e8a96127a4f7c0a0da7b6a776393e64354708cefccc98e10745,3,2,mention|name,part_9/mention_3.mp4|part_9/mention_video_0.mp4|part_9/name_video_7.mp4
4567a6d9d7d2521272a0eb65e5cb1eed4a52df88432902c604843b4eef8653da,3,2,boy|son,part_10/son_9.mp4|part_10/son_video_1.mp4|part_7/boy_video_1.mp4
46a6646e367ffd9a88ff153d6ddfb0dd23b2c1c32c5ea716b08e94763da83ba5,3,2,assist|help,part_6/assist_video_5.mp4|part_8/help_15.mp4|part_8/help_video_5.mp4
4a9bd145297755beadb378f9b4c65ab48669c392c451b8ea895a326c188e53a9,3,2,job|problem,part_10/problem_20241119_172651_1.mp4|part_10/problem_20241119_172651_4.mp4|part_9/job_video_25.mp4
4b1168497eeec76abbfa65d5ef7c2c7ccc00c3c24d298a2c71cbb09349e1d1a9,3,2,i|v,part_6/I_i_aug_34.mp4|part_6/I_i_aug_38.mp4|part_6/V_v_aug_7.mp4
557b8ea79d1841684bf04402d7d2c36e8930870b87ee7364c84071b7dff2131e,3,2,problem|trouble,part_10/problem_20241119_172651_8.mp4|part_11/trouble_4.mp4|part_11/trouble_video_6.mp4
56596ade485627bcf70312c9d045265dfe0ef672644fe7b326129fd581da6610,3,2,area|country,part_6/area_0.mp4|part_6/area_video_1.mp4|part_7/country_video_1.mp4
582f13cab3f8c73ccb30fb49c972bfd3fbaa90d2b6ef638e3a688ebcd29a91e2,3,2,d|o,part_6/D_d_aug_35.mp4|part_6/D_d_aug_8.mp4|part_6/O_o_aug_26.mp4
5a7521d3ad8403f7109b1c64f56a9d57bc2f4d2c947d0b1277b5b9f05d530ff1,3,2,after|later,part_6/after_video_1.mp4|part_9/later_15.mp4|part_9/later_video_1.mp4
5b2c5ff0d2d16fa185b5fe21f6319f870c880fec7b0871bc554e528626dc8e1e,3,2,duck|skirt,part_10/skirt_video_2.mp4|part_8/duck_20241119_172641_14.mp4|part_8/duck_20241119_172641_2.mp4
5e7163f9fa952ee561c027b4808517c2982cd8d163971ca1333fdcec877616f2,3,2,acquire|get,part_6/acquire_video_11.mp4|part_8/get_6.mp4|part_8/get_video_33.mp4
5eead9419042a25cec291587b64bda4409bf462ae047cdec214f3b411f1c9389,3,2,travel|trip,part_11/travel_12.mp4|part_11/trip_20241119_172656_2.mp4|part_11/trip_20241119_172656_5.mp4
5f7491482db683064c5799481e80bc4a147f8968a400abcbccfcef2a9ab98061,3,2,introduce|present,part_10/present_video_15.mp4|part_9/introduce_3.mp4|part_9/introduce_video_0.mp4
606871cbc8615b579a44e7895edaeadd190ac090d92786b9275c8200db5b91d6,3,2,backup|relief,part_10/relief_video_0.mp4|part_6/backup_video_0.mp4|part_6/backup_video_1.mp4
7d59201e75747c06c47744500609f250780581dad941cf9c4598017fcd234a1a,3,2,head|principal,part_10/principal_0.mp4|part_10/principal_video_0.mp4|part_8/head_video_23.mp4
7d9fdd31ff34355903498e7e9ccf54df1c4ab4bd6667c3fb97030c2c26c4b40a,3,2,favorite|pet,part_10/pet_20241119_172650_13.mp4|part_8/favorite_5.mp4|part_8/favorite_video_1.mp4
8835c7db457dbd6f7803a781503d0c43200fcd0125a2b3cb279dde05fdaf92d3,3,2,eyeglasses|glasses,part_8/eyeglasses_video_4.mp4|part_8/glasses_8.mp4|part_8/glasses_video_4.mp4
8b190a2e927ea3d867256f0900dadc06c2d5250a4ceddebd3bdbbe6b22fe283d,3,2,lose|miss,part_9/lose_video_3.mp4|part_9/miss_video_2.mp4|part_9/miss_video_3.mp4
8b283e2e7cff53248effe39651eac01990a03054cd0270b2b2334c40f85c737b,3,2,hear|sound,part_10/sound_11.mp4|part_8/hear_20241119_172644_13.mp4|part_8/hear_20241119_172644_5.mp4
9003efede9e5774d13153d2f6bd6503ea3ceffdeddefb00db3b59a43a3900f98,3,2,blow|waste,part_11/waste_2.mp4|part_11/waste_video_0.mp4|part_7/blow_video_31.mp4
a358ec3c24fd997015515b4433d3db79235ce81f7af173443981e5339f566f4a,3,2,boy|son,part_10/son_10.mp4|part_10/son_video_2.mp4|part_7/boy_video_2.mp4
a3eed66aa67ae7a83f049a61a3166c7e0cb913964074abff9c620bc44bbc0b8a,3,2,divide|separate,part_10/separate_video_0.mp4|part_8/divide_5.mp4|part_8/divide_video_0.mp4
a74f61581262d069a55c230a7dcfb6250d54052665152eb1d447df7550d7dd0e,3,2,drop|sink,part_10/sink_video_2.mp4|part_8/drop_0.mp4|part_8/drop_video_2.mp4
ad1d6a61f2c19a3c90567849a51730663b6164c85fa229b25dd66e9819a48271,3,2,because|for,part_7/because_video_0.mp4|part_8/for_3.mp4|part_8/for_video_0.mp4
ae3ce56e2c294d2c575244db2b79c822c06547cb0b560cd5c42e17a0e0393512,3,2,accomplish|reach,part_10/reach_video_4.mp4|part_6/accomplish_1.mp4|part_6/accomplish_video_1.mp4
b5fe585eea8ece8b46499945ae79faa7149ff127f85237ad5360ab5d45124a8e,3,2,big|large,part_7/big_6.mp4|part_7/big_video_2.mp4|part_9/large_video_2.mp4
b7c6bbe0f1339110b5e5ac13ae27d334708b8d13d68e393c0a91691142076d86,3,2,bicycle|bike,part_7/bicycle_1.mp4|part_7/bicycle_video_1.mp4|part_7/bike_video_1.mp4
ba8a9287164f541378e132e62fc81797f11b8c4c9b61e13bc8216efe4acf98ba,3,2,consume|down,part_7/consume_0.mp4|part_7/consume_video_5.mp4|part_8/down_video_25.mp4
bf29a949b836e5b90e66aced917aed836a01db29c22718e9e4ebd2ef22557318,3,2,dark|night,part_7/dark_20241119_172639_37.mp4|part_7/dark_20241119_172639_9.mp4|part_9/night_20241119_172649_6.mp4
c4e6fad170f6dd2a15e5087e72b4e13c5247c97ec1700ee12d28574c3eaf2c95,3,2,assist|serve,part_10/serve_20241119_172653_5.mp4|part_10/serve_20241119_172653_6.mp4|part_6/assist_video_23.mp4
c9a618b76c6634949d5e44f0e250ed7819d7e1feb73c57a494d0a09213027606,3,2,business|line,part_7/business_7.mp4|part_7/business_video_1.mp4|part_9/line_video_1.mp4
cfaf3a37422143316397425f1616d456e9958c9499d8b7dc9173c5c1438b0766,3,2,hear|listen,part_8/hear_20241119_172644_9.mp4|part_9/listen_6.mp4|part_9/listen_7.mp4
d5690dca8d2e9fb1a8b96a070a0478976996a31bf5a8a946d2b7fd385c3634f4,3,2,heap|plenty,part_10/plenty_video_0.mp4|part_8/heap_0.mp4|part_8/heap_video_0.mp4
d899a6076f3830c9a1844bba5a05799aabf7bc697490f265c43ab5e1f92dbe6f,3,2,half|six,part_10/six_1.mp4|part_10/six_video_0.mp4|part_8/half_dozen_video_0.mp4
e4b16fe7813b7aa84dd2223db331b2c3016573f7daec68ecfb9c621b169ee568,3,2,diaper|napkin,part_8/diaper_1.mp4|part_8/diaper_video_1.mp4|part_9/napkin_video_9.mp4
e51a932013a2695fe8790fafaec0828a341b27d33d4264ac286b2bbb3816c74d,3,2,event|result,part_10/result_2.mp4|part_10/result_video_0.mp4|part_8/event_video_0.mp4
e613440c60a61f97dbfcf614575c77b799ec0561b3f98a102cfb95c568c129ee,3,2,experience|feel,part_8/experience_video_1.mp4|part_8/feel_6.mp4|part_8/feel_video_1.mp4
ebeebc71b3536bbb48f8849514cd0ca198fd20d5747223674602c5f20fa6041d,3,2,away|off,part_6/away_4.mp4|part_6/away_video_1.mp4|part_9/off_video_1.mp4
f25a784606d0f3502c7dca1aab2052094f2e82f5282dfb3db8249ce80549bfb1,3,2,big|large,part_7/big_7.mp4|part_7/big_video_3.mp4|part_9/large_video_3.mp4
f552e784636c3fce4db929b3f40165d620d83631feebb1ef984d67ca20879930,3,2,count|score,part_10/score_7.mp4|part_10/score_8.mp4|part_7/count_6.mp4
ff5d4d56e86957ecf82b2334b6b62192bb6a73e80fc433526efeaa657213ef5d,3,2,dark|night,part_7/dark_20241119_172639_1.mp4|part_7/dark_20241119_172639_30.mp4|part_9/night_20241119_172649_12.mp4
003b42a9e4686b09f4b923941bb0700a71e3604d4c0fa69eb0f0a9230fc3c249,2,2,awkward|sticky,part_11/sticky_video_1.mp4|part_6/awkward_video_11.mp4
00449de1fe87269d029560b5ebb7725163af87022f158e289bce9536ca0c13f4,2,2,now|today,part_11/today_3.mp4|part_9/now_9.mp4
0048ceda68fb36cd00200cd0d5cbb106e6cdf97a5e934a8cc75c6924888a3c18,2,2,catch|grab,part_7/catch_20241119_172636_66.mp4|part_8/grab_video_27.mp4
0098dfb876d22fcb7d8e5c6c873fecdc36cd7377d672b31274999cd86722b61a,2,2,disappear|vanish,part_11/vanish_video_11.mp4|part_8/disappear_video_11.mp4
009f81996b3ed3a21453ead01a73b6aa56d36d3707db5b2203ae8ef5ed66e0ce,2,2,cost|price,part_10/price_video_6.mp4|part_7/cost_video_6.mp4
00f005f80b7c569c13c8afe0bb77133cbf86f07e3fba5381666aebba66957a90,2,2,before|past,part_7/before_14.mp4|part_9/past_12.mp4
01477da1d9ce222b04c8eaa5b83b5dbd5ec220fe50cfaf17586daf27c0e5c887,2,2,chew|wad,part_11/wad_video_61.mp4|part_7/chew_20241119_172637_10.mp4
01489167af855233905aabb5968a5414a72359fe552c4cd5de3de1bad68f1c33,2,2,argue|fence,part_6/argue_9.mp4|part_8/fence_20241119_172642_2.mp4
01543aadf0af34e062b430d08638a4efd8ebad8a1726c91fb77da1fdd81f21f8,2,2,blame|fault,part_7/blame_video_3.mp4|part_8/fault_video_3.mp4
017863d63bdc164ca85a51b386a492dce272db328aa2e1b4c05d071a75690b29,2,2,america|us,part_6/America_video_14.mp4|part_6/US_video_14.mp4
018ecfab236578ddefd6eab1caed11702f1efd79730ee4c2230436d8d2c9b02a,2,2,down|polish,part_10/polish_video_13.mp4|part_8/down_video_29.mp4
0198c6474d8f0bb5d7be392f3e0d4ad6da254396e0e42f36615533c785d43421,2,2,back|backbone,part_6/back_video_20.mp4|part_6/backbone_video_20.mp4
01a73060efa8c3cb09bed324d189b19129acb4c1631de780e8ec9cd32bcebc0c,2,2,brave|health,part_7/brave_3.mp4|part_8/health_4.mp4
01af1d4e2d2c23b00e94380f3be6ca27a5be809f1387d32ccdb981d6e291d2e9,2,2,clip|time,part_11/time_video_5.mp4|part_7/clip_video_5.mp4
023f2c5486975c861dbc89d8c5e87939969dcb2c273162851462c42c78a44288,2,2,assist|help,part_6/assist_video_0.mp4|part_8/help_video_0.mp4
0285173f99bb9335165cb365a4a90121555c968315304bf59ec823f17fbd83cf,2,2,quit|stop,part_10/quit_video_1.mp4|part_11/stop_video_22.mp4
028d423064aa934586f51a2b097fc8ece89d3664bf778e26032529c272a904de,2,2,perspective|point,part_10/perspective_8.mp4|part_10/point_14.mp4
029cf181b6fab62207507f227224c1dde389f93176b7406a2740f2e5fca1910d,2,2,blink|wink,part_11/wink_video_0.mp4|part_7/blink_video_0.mp4
02c6782dc94835a6102c5ebc8b3706a08936b429cdbf74928db3012f6b708801,2,2,blow|brag,part_7/blow_video_30.mp4|part_7/brag_video_12.mp4
02cb8c543764a405684fafa3c9cdb73cfcb0e88dc94e4ae0381e2cde01c3bf2e,2,2,earth|world,part_11/world_video_3.mp4|part_6/Earth_video_3.mp4
02ed8ca1060e18791e86433e47984efd09d1a886d3c01461e151b71bc65c5623,2,2,breakfast|cereal,part_7/breakfast_20241119_172635_16.mp4|part_7/cereal_8.mp4
0339daea8f710f8b4f0f7a9f705798709812ae83965a89b1ce58638ae87e6891,2,2,burp|spread,part_10/spread_20241119_172654_25.mp4|part_7/burp_video_8.mp4
033c4e892ffcb8bc4379b2ccffaafd1342581fc940f1a81cfedce88e128655ad,2,2,appear|seem,part_10/seem_video_9.mp4|part_6/appear_video_2.mp4
035771b02bf0a4bb6c2e52ab3a96d9bbe18a70c9d23e67527a9d8f4593c9b6f3,2,2,catch|get,part_7/catch_20241119_172636_60.mp4|part_8/get_video_26.mp4
038fae2d2c8c8d846a98bff1f38850623954bc635ca6cbcee9d81f8366e32500,2,2,room|way,part_10/room_video_8.mp4|part_11/way_video_11.mp4
039b615a2dd5043ceb918f8836d2382d771aedf9e85d996e6458d156e892dd7a,2,2,get|mother,part_8/get_video_45.mp4|part_9/mother_video_10.mp4
03a18f9634d87ea87ffaaa09239ebdbfba43ae2fe92137d666e55f9575180a77,2,2,balance|rest,part_10/rest_video_3.mp4|part_6/balance_video_12.mp4
03b2970c57276cb4dbb003edf01e79be37b32d047abce04ed7bb9b6db35accb1,2,2,full|total,part_11/total_video_1.mp4|part_8/full_video_11.mp4
03c03e24d7190a0374a3859c5652658411f901b56ae49a429428036c5ada7400,2,2,postpone|table,part_10/postpone_video_0.mp4|part_11/table_video_10.mp4
03c6179a18b5068cfa3e2fc6baae8893fa79938ea389e96b447ce5084660c78c,2,2,date|engagement,part_7/date_video_7.mp4|part_8/engagement_video_1.mp4
03ed0d5e83f71a5b44d8d451b1736db449661ae3991e967617b8226f89825bcf,2,2,mention|one,part_9/mention.mp4|part_9/one.mp4
03eef4d4e0080ead1d37606497bd046c35d9e3c4059b95c4d8589b07b5a7ca84,2,2,erase|eraser,part_8/erase_20241119_172641_9.mp4|part_8/eraser_3.mp4
04168dd093f78cc0a806392e80f51686d41d3ea611a1eb1f495f25ab5a08efe1,2,2,arrive|get,part_6/arrive_video_4.mp4|part_8/get_video_24.mp4
043af87e9ff6aca8ef5a78a80ecc1c37265e1f6fb116781c7f93ac4194670559,2,2,behavior|conduct,part_7/behavior_video_4.mp4|part_7/conduct_20241119_172637_16.mp4
0450b1f8ddaf5b7a4a9392fb877a6c09d8906776212fcfe4ae1a402ee1f77586,2,2,pack|wad,part_11/wad_video_70.mp4|part_9/pack_video_7.mp4
0451b531004e80a13f3b81f04cee383779287570e136e3743552934a9b2cd00f,2,2,action|process,part_10/process_video_7.mp4|part_6/action_video_4.mp4
045eed747d9040c25dcbb7c9b8021e3cd9d542f0fe7a2f1de872d10493503649,2,2,slip|trip,part_10/slip_20241119_172654_18.mp4|part_11/trip_20241119_172656_3.mp4
047b572484af7bbc2ed7282dd34ac8ac67656f78761d675606e6fff992141c43,2,2,cause|suit,part_11/suit_video_4.mp4|part_7/cause_video_4.mp4
04e53e92b2cf4d7a815ae7bff5d76fca5a331a1532cdef8d4eba1c0533aa109e,2,2,daughter|girl,part_7/daughter_video_3.mp4|part_8/girl_video_13.mp4
04f131f93335b617577b52713d4138e274392d4954e6fb91bbe1e93c63eca318,2,2,march|parade,part_9/march_12.mp4|part_9/parade_7.mp4
04f63dacf2d1f83c1c168750605c0e6d0dc7bda5700d2e840df3d73b4fb4db01,2,2,ask|expect,part_6/ask_video_22.mp4|part_8/expect_video_9.mp4
05324074783491aa20026ec048e09919b527ee1fd1af10b83b96af59a99adabc,2,2,read|ready,part_10/read.mp4|part_10/ready.mp4
0556d584ddaca15e510eca7ce420a26f9fac838c6636db1b1f2f925bd5bbf381,2,2,conflict|struggle,part_11/struggle_video_11.mp4|part_7/conflict_video_1.mp4
058180c9544a98d150147ab230b9011130472ba7572406ff413c311e8225223f,2,2,deal|manage,part_7/deal_video_68.mp4|part_9/manage_video_5.mp4
05887268e291d29f5d3310f2ec22bd912a28e51741d774f3f156dc8bf608ec49,2,2,pen|write,part_10/pen_video_4.mp4|part_11/write_video_4.mp4
059ac6c3612663a42deca0ca122cdcf5cd421876f758c655babbf7b76f7a468c,2,2,state|tell,part_11/state_video_7.mp4|part_11/tell_video_7.mp4
05c023894aa183c326868a5e2e64bc3e9874222e201a2f95b65c83e64e8f1528,2,2,joke|tease,part_11/tease_1.mp4|part_9/joke_6.mp4
05cb314f6a0d318bee5c1942b6a03d809efa2ad08ba8190a83acdb056b9beffc,2,2,football|soccer,part_10/soccer_20241119_172654_8.mp4|part_8/football_video_2.mp4
05cd7763dd35bab76b6e22999b8adbad7c7575875392214818c2ad589787a8bc,2,2,peel|skin,part_10/peel_20241119_172650_13.mp4|part_10/skin_video_2.mp4
05d399b32141af1fbbef8bd0e1dbf810c3c2d02c13707ecdd992c6a02248db34,2,2,drag|pull,part_10/pull_5.mp4|part_8/drag_20241119_172640_11.mp4
05f0e5021d20eef97343b4337e9e092c7cf1f52fa447da9673e5030e60e0e803,2,2,big|large,part_7/big_video_10.mp4|part_9/large_video_10.mp4
05ffafa120dadc23e07c3c7b55db21573d61d5f18449e6878ebf0c929b99fafc,2,2,dessert|sweet,part_11/sweet_video_7.mp4|part_8/dessert_video_1.mp4
0624a1cb8b32ea699be58d8d7be4cc88165119d768ea5e4e217ae2adab1aa015,2,2,finally|future,part_8/finally_video_1.mp4|part_8/future_7.mp4
0635595bddaa6b296211ff935e5e3977d17f683b29cc7d98913825d44e13e6c5,2,2,drop|sink,part_10/sink_video_5.mp4|part_8/drop_video_5.mp4
065dae7205c8912a64beb179d5e743bca0aaad5ea80e8f8d53048eb064dba40e,2,2,kill|murder,part_9/kill_2.mp4|part_9/murder_4.mp4
06666e879ef979d8f1d2ec1aeb0746d0b3d3205598b115bdbe86c16abff09cad,2,2,comfortable|easy,part_7/comfortable_video_5.mp4|part_8/easy_video_5.mp4
067314d728db8f685d570a58e22f58a95a0cc2de441c7c42b0ac005e4cb8e072,2,2,acquire|get,part_6/acquire_video_14.mp4|part_8/get_video_36.mp4
068dc2be37ec93835f067cc209d989ecb7fbc053ce8be9f062fee47e0b433189,2,2,alarm|arm,part_6/alarm.mp4|part_6/arm_20241119_172633_9.mp4
06ba3f77c314af4fda4cbf2b82dd8e4c428a9e980e22bd24aa72c41baa6a4392,2,2,good|well,part_11/well_video_2.mp4|part_8/good_video_2.mp4
06be78a440cd2905753c3590cc292b7e73fc13123774fe8279236680c3a450fe,2,2,pack|ring,part_10/ring_video_9.mp4|part_9/pack_video_10.mp4
06e7c3cf1d474992c07013b65890d20581d46ab89ec2e7ab7caaf86ef73b302a,2,2,experience|feel,part_8/experience_video_3.mp4|part_8/feel_video_3.mp4
06eb9282f7a733c1593dad97f83d86228847564eba3b193ca80ba5f1ffe07696,2,2,polish|smooth,part_10/polish_video_5.mp4|part_10/smooth_video_5.mp4
070f175ead4f97af349754ed9ff31e0cb27ff9263294450672404add8e2875f6,2,2,pass|reach,part_10/reach_video_9.mp4|part_9/pass_video_10.mp4
072e40567e56a55a07957f3d74e51ad6f4506703205d1503f2d10331933878e5,2,2,award|honor,part_6/award_video_8.mp4|part_9/honor_video_8.mp4
07421e97af9c3000f18f4f95ae1e2489383a7f74ca05c20734c5f8564b79d492,2,2,fourth|quarter,part_10/quarter_video_7.mp4|part_8/fourth_video_7.mp4
07513c7ae2eea0d14165ed3af42c14d36b60a66be275f373cf6d0c7a0d540f25,2,2,really|very,part_10/really_video_6.mp4|part_11/very_video_1.mp4
076c2ca91e9db1409eca1adc24862ecb3daf50511657192a75d239a7a69473d5,2,2,cheat|wander,part_11/wander_video_2.mp4|part_7/cheat_20241119_172637_4.mp4
07e4d2e87cc024766abe7d2b30475e98ccc8cab59f91d5564dda32e518accf01,2,2,box|room,part_10/room_9.mp4|part_7/box_video_1.mp4
0819f2818e60cfcc9f07b5f4735c2f722ba5934309c67cdb9e27e6f8f0b4f441,2,2,signature|touch,part_10/signature_video_3.mp4|part_11/touch_video_7.mp4
082411b656ebb56f7b6f4b78d15aff10804a72480ae59328e0b4ccd92517d7ab,2,2,clip|time,part_11/time_video_10.mp4|part_7/clip_video_10.mp4
084f8dec7f3c62cf92762911e2845fe6fadbebf58c621b4b0e4089834d2683b7,2,2,alone|unique,part_11/unique_video_3.mp4|part_6/alone_video_3.mp4
086eea271835e27c37c1a5aabfe8dc53526335d6890efa9a173f92813db073dd,2,2,crown|top,part_11/top_video_15.mp4|part_7/crown_video_17.mp4
0881c8df6b85cdfc22b794cc99ebea94cbab7132688958c6ebf919d1f68c2aa6,2,2,lecture|talk,part_11/talk_20241119_172656_3.mp4|part_9/lecture_video_13.mp4
08871805e4f84079e8498463b1d4599a54b91d2b15b9b0e53a4b050980daba09,2,2,go|live,part_8/go_video_48.mp4|part_9/live_20241119_172646_16.mp4
08dd27acdec7282ebf5c24bad79dd7ed19f22813b14a113e17688ce77e503441,2,2,hard|heavy,part_8/hard_video_16.mp4|part_8/heavy_video_17.mp4
08ef8bef24185e976381bb20df373afcb8fb349c4c0fabbe66a1c44350d9ed96,2,2,go|move,part_8/go_video_6.mp4|part_9/move_video_6.mp4
091a62cf7ed619637bbef49219264cfe39eea38bcf97a72a01456ee8cfdf0582,2,2,inhale|inspire,part_9/inhale_video_3.mp4|part_9/inspire_video_13.mp4
0934d11cc5fe65a9ca12e818648734bbd3e396226672a003ba85eaf3dc6bac60,2,2,earth|ground,part_6/Earth_video_31.mp4|part_8/ground_video_10.mp4
095a2eb3e903390474ddac516ebb1a0dd2ab931d8efce7a9131042e0c54eac29,2,2,consume|devour,part_7/consume_video_6.mp4|part_8/devour_video_1.mp4
0975a562e1014432019dc3df404e946201902f23b16268ef7edcdcaabdb74c01,2,2,achromatic|black,part_6/achromatic_video_8.mp4|part_7/black_video_8.mp4
098c5d069988d1e0e1586fe1cbe4ab88c326a13e39a52baf886f534695d7bcd2,2,2,achromatic|black,part_6/achromatic_video_10.mp4|part_7/black_video_10.mp4
09a7f8a9dde397d4f6fea618233b2974a52b2d99631f0afa66d5b2db8fec9f1b,2,2,go|pass,part_8/go_video_36.mp4|part_9/pass_video_2.mp4
0a16220d60088f1d04ae3bd20f256f9ce5a5617527c65193792b059b6889ef15,2,2,deal|manage,part_7/deal_video_52.mp4|part_9/manage_video_1.mp4
0a5a96510c602854abc5e8161a58aaa3bad67ddd6e4a829305bdf7d68d37aa0f,2,2,crown|top,part_11/top_video_10.mp4|part_7/crown_video_12.mp4
0a5c24a6611826e5fc01d14df83557db57f8806618297e87cb594506127986d8,2,2,ghost|obsess,part_8/ghost_video_7.mp4|part_9/obsess_video_7.mp4
0a69f5cc7c7b74a648f0481ae1cd77a239acc21b2ca2f4f10fd738953d2766a7,2,2,home|place,part_10/place_video_12.mp4|part_9/home_video_12.mp4
0a7e9859eb9ee7ba28b97a13b9d29b662387caefff5cccbeac2b38db3c885118,2,2,addict|nut,part_6/addict_video_2.mp4|part_9/nut_20241119_172649_7.mp4
0ad9170aae1a2de0491abaf66434fcf96e45a133630c25f3a1fcb500803e3a1c,2,2,hurry|rush,part_10/rush_8.mp4|part_9/hurry_11.mp4
0b307fdd88a964d1b119dda340968742ecf27cb6b5f80a9b534c17f28ee1ed6d,2,2,elevator|lift,part_8/elevator_20241119_172641_8.mp4|part_9/lift_20241119_172646_35.mp4
0b4a4cb960b03414da63691dc117b6504dac47e9e347d0367483aa37f15149fc,2,2,america|us,part_6/America_video_2.mp4|part_6/US_video_2.mp4
0b6facdd407f9116915560dcea4f0b6e86a728ccdfd375a8d4fa10bd97c54c39,2,2,mine|my,part_9/mine_video_2.mp4|part_9/my_video_2.mp4
0b8ec58df3d3b50f8426e16e3cf07ef28104a7d87580b75bffe572fd56927929,2,2,effect|result,part_10/result_video_3.mp4|part_8/effect_video_3.mp4
0bb8c89efc0a300ee4445af63f12143c414ecbede0065f08e0ce4d7422e6c191,2,2,watch|wristwatch,part_11/watch_9.mp4|part_11/wristwatch_20241119_172659_3.mp4
0c0eaa0a42b54d2e4bd1009cc46ca0ba75940dc7928f1beae1db673b200247d7,2,2,immature|young,part_11/young_video_1.mp4|part_9/immature_video_1.mp4
0c33e439b2038c07ad53eb9407f8030bdce96fe513886c58fc2e00194deab940,2,2,area|country,part_6/area_video_16.mp4|part_7/country_video_16.mp4
0c5f75fd08373731ebd5b639f984fa1371d5a03a89b4e081a92d195df584474f,2,2,big|large,part_7/big_video_6.mp4|part_9/large_video_6.mp4
0c69b40e5b1a2f6a615e76f45c2fe0173e0dc1c7c58d63d8a7d63940ec47e05c,2,2,music|sing,part_10/sing_7.mp4|part_9/music_14.mp4
0c78d5979890d143bc1f598f6557b0cde6b6ca2dea42ef71e0a43b78e16269db,2,2,clothes|dress,part_7/clothes_video_1.mp4|part_8/dress_video_1.mp4
0c85746159b62ba0ed3d2063bfd2ae84dbdba215c8c5791fb27463dc704f324e,2,2,cute|precious,part_10/precious_video_1.mp4|part_7/cute_20241119_172639_5.mp4
0d4a52bb714186fda153801c1deb1a85efc8b7f9889e7e842f28edf5e64e720d,2,2,none|nothing,part_9/none_6.mp4|part_9/nothing_20241119_172649_13.mp4
0d574ee7d3d1f45ec49340dc50bd467a2bf80407f97c1fb56f4fd24e1e337f16,2,2,back|backbone,part_6/back_video_28.mp4|part_6/backbone_video_28.mp4
0d6412538147f34be9d395ecc1e67477585d5ad8d4bb4ed2f39dfdd66053dac4,2,2,fool|shoot,part_10/shoot_20241119_172653_1.mp4|part_8/fool_video_4.mp4
0d97972b503dda7bc7f98512c37c625dae4737782731c1ad7527060985aace62,2,2,dark|night,part_7/dark_20241119_172639_16.mp4|part_9/night_20241119_172649_17.mp4
0db844131ad80759783e71f4c5750f7004110aef4b354ca7b6ef2ec69ba8d7e8,2,2,weigh|weight,part_11/weigh_6.mp4|part_11/weight_7.mp4
0dd9b8fd6339d467f88b1420f8f175e6afaa602f047d66b314232f5781ecab90,2,2,ghost|obsess,part_8/ghost_video_2.mp4|part_9/obsess_video_2.mp4
0de393a60c7044c2bc97b893f4d6313ffdaccd502a2ce2f5c243eca1b56d6a2f,2,2,dessert|sweet,part_11/sweet_video_10.mp4|part_8/dessert_video_4.mp4
0e657a12565dc2f9499ef52e8cfbde8cf1c95c90ebb0433c2c3b8d711244726d,2,2,hit|score,part_10/score_video_2.mp4|part_8/hit_20241119_172645_24.mp4
0e91a6980e0c4ff6432428433839306b877bca9e16d30d1c0cf209870de55863,2,2,decline|refuse,part_10/refuse_video_6.mp4|part_7/decline_video_6.mp4
0ebde1cc790e10ba58b35a192b0a48e23155c22b7f4410c0e5dac4223e05fb03,2,2,dark|night,part_7/dark_20241119_172639_7.mp4|part_9/night_20241119_172649_2.mp4
0ec1ab5d953b5548adb0911465694c2aa9e79dbad59375fbbcc29979bf9e68cb,2,2,horrible|ugly,part_11/ugly_video_5.mp4|part_9/horrible_video_5.mp4
0ecb90c28421f0c5cf441d25b38e6e65c3f9f01bf26b5837c243a71646ff78e4,2,2,pill|tablet,part_10/pill_video_0.mp4|part_11/tablet_video_0.mp4
0ecfc41de8455642f7b565546f089dbc5ef75bafe9aeaccbe98b71b4d89fd803,2,2,pack|wad,part_11/wad_video_64.mp4|part_9/pack_video_1.mp4
0efd71df76f4c66825c6f94af20e5a7d3950756cb90e84e72b0aa261c325f8da,2,2,pack|ring,part_10/ring_video_8.mp4|part_9/pack_video_9.mp4
0f2b4acef12e2712b6e895e68f083201f2d67854c98c1bbf1ab2915bc769a879,2,2,blue|down,part_7/blue_video_18.mp4|part_8/down_video_22.mp4
0f308538f6fd252cba3da8fc92bf4a947942bf78d7a13feacfbf70dbbf4d6dc2,2,2,deal|take,part_11/take_video_25.mp4|part_7/deal_video_64.mp4
0f4c91c4bb9f892ff8bf5bed4eabcce3ef55ae811b57bdb1d86c2bdbbd48e175,2,2,favorite|prefer,part_10/prefer_6.mp4|part_8/favorite_2.mp4
0f6e2b9f33edba8e4dc4672f56fd4fd3753025abfb9e40fcce05dadfbc0e99fc,2,2,experience|feel,part_8/experience_video_12.mp4|part_8/feel_video_12.mp4
0f8a36af5e790011da33a9e9d45cc4b0c63ba21a650ea65a4b3bd6ba4fad1132,2,2,chase|follow,part_7/chase_6.mp4|part_8/follow_20241119_172643_5.mp4
0fbd6e120a8825b7a08dd17ac1d3cc1ed92182506fca74f0f8ad51610256cc41,2,2,borrow|lend,part_7/borrow_9.mp4|part_9/lend_6.mp4
0fe0588ffe356240218640ae065624f3e27ad342dcd4372fc017729794a33e66,2,2,mine|my,part_9/mine_7.mp4|part_9/my_2.mp4
0ff3ace01bd13c3d08785b4b7e542c262a9f96fabfc707c9732b84f4ec0efb12,2,2,comfortable|easy,part_7/comfortable_video_3.mp4|part_8/easy_video_3.mp4
1025f6e4b5a7f4b6833f3c982e351498a91a411477d0c7d3f2286f81e17ec0fc,2,2,just about|some,part_10/some_video_5.mp4|part_9/just_about_video_42.mp4
103ab8005d074f312cd6e803ea8138f41e7b4a41ee42203659f1f4394631fdbc,2,2,reach|strain,part_10/reach_video_12.mp4|part_11/strain_20241119_172655_4.mp4
1069c105a055c585c672636c2a1a7ac3d6b72a9b96cc409eb07efe905d157448,2,2,peel|skin,part_10/peel_20241119_172650_5.mp4|part_10/skin_video_0.mp4
10881dfabe90d60badfbdafa475405f4bcf40c43b8372ae24c5d9210f166c596,2,2,nothing|zero,part_11/zero_video_5.mp4|part_9/nothing_20241119_172649_6.mp4
10cadb825fedcd3290ce424bc6ada72dc81c3d975927ef6b67e50b89f38291db,2,2,nothing|zero,part_11/zero_video_1.mp4|part_9/nothing_20241119_172649_8.mp4
10d791a6e3ef0afb3ed479ac8c6674b65e99f4269e4c5134a3f2dea0e1398ec4,2,2,music|sing,part_10/sing_8.mp4|part_9/music_3.mp4
10d8227f96d4e57bf58814f6083cb9d4ca00eb7b75cbb230a603814ad3488a29,2,2,cabinet|locker,part_7/cabinet_video_3.mp4|part_9/locker_video_3.mp4
10f238c4492f131cb49884e6bb22610c7b74b3ed3422dcd9511720e13a3658b7,2,2,assist|serve,part_10/serve_20241119_172653_7.mp4|part_6/assist_video_24.mp4
113d6162f9673e662b1aa01aac0b8d7358c6bbea49cfd30626ce61bcb76e96cd,2,2,peach|sweetheart,part_11/sweetheart_video_10.mp4|part_9/peach_20241119_172650_26.mp4
113f3ac38fa77374dec02f88c71f4160f484c8dc8823c34939c6105eeaa738e5,2,2,big|large,part_7/big_video_12.mp4|part_9/large_video_12.mp4
11915c6a55cf0bbc2be3c41879c681126f7b579b29f8ffbd844935ceb216ff50,2,2,duty|responsibility,part_10/responsibility_video_2.mp4|part_8/duty_video_2.mp4
119ffb1f03bb0595e42ddc098d31ad041cde92cc6c4c3600255b4eb6352b3b66,2,2,backup|relief,part_10/relief_video_12.mp4|part_6/backup_video_12.mp4
11a2f010a5de3005d8a073a9658ffa00476844f73e87b60758a3aeca3c8e7f86,2,2,use|wear,part_11/use_4.mp4|part_11/wear_9.mp4
11b40f6a5a57addcca16283acebbbe7d9d5d8d7abfd2e1dec0a06d5cf5f2edd5,2,2,hug|squeeze,part_10/squeeze_video_10.mp4|part_9/hug_video_10.mp4
11b70a506f681a468a0bc59052ef648979cb638c04a46c763f421f67ebf25b22,2,2,couch|sofa,part_10/sofa_video_1.mp4|part_7/couch_video_1.mp4
11cfa1affda64c30c1c28d94f321a75baaf1dc83b67ff55c03c061b9b16a3d00,2,2,catch|grab,part_7/catch_20241119_172636_48.mp4|part_8/grab_video_4.mp4
11fa1bf89fd3738d9de8d96cdb2e4ef3b66de1058bfef2d39e31820bb22e82bc,2,2,achromatic|white,part_11/white_video_13.mp4|part_6/achromatic_video_30.mp4
11ff32931f8ab0cfa22e8d99b15930e1c9a283042371a73b1ad27e24a1ba8614,2,2,divide|separate,part_10/separate_video_5.mp4|part_8/divide_video_5.mp4
122ac0ef8f654822f8ce935a4640e26545b9357039b3ccf39157446d589d8f39,2,2,present|show,part_10/present_video_10.mp4|part_10/show_video_10.mp4
12594074873ea56e47c4a8246433cbf38d0138ff9720390a3706fa9f9b438e20,2,2,blink|wink,part_11/wink_video_7.mp4|part_7/blink_video_7.mp4
128cc49d09a64fb6ead1d16eeea4ffe994cc0bb660984ec4f38016dca4ac57cd,2,2,average|mean,part_6/average_video_5.mp4|part_9/mean_20241119_172647_7.mp4
12d1e0935fb6fa379744b5b90a5be7aac93a2a4500f6f583bf98adddd9ba9fa0,2,2,home|place,part_10/place_video_18.mp4|part_9/home_video_18.mp4
13583a624daf6b19ce4de27a1c4810e4a79de87254bc934ed78528f66a6c8ef1,2,2,big|large,part_7/big_video_1.mp4|part_9/large_video_1.mp4
13c72467d1163590adc4a6fc137d775226009e917a4dba29aa107299a161de4e,2,2,blame|fault,part_7/blame_video_7.mp4|part_8/fault_video_7.mp4
13e2a9b89d78d405061e4d905d159bad7adab62e4e6e198740b116edfca4805b,2,2,drill|exercise,part_8/drill_video_8.mp4|part_8/exercise_video_8.mp4
13fa36b327503010455afad86f52d068b20826997d73e01806a590bdc5c3e754,2,2,because|for,part_7/because_video_2.mp4|part_8/for_video_2.mp4
13fdd3e57cafe9e02754b35955a7cfc6aff2071d5ded0fee9c8dd83ff8f8814e,2,2,immature|young,part_11/young_video_9.mp4|part_9/immature_video_9.mp4
144bdf61ec7fe0efbc3895deab847a9d7af7e52352c80f24614106d8784a5214,2,2,create|make,part_7/create_video_1.mp4|part_9/make_video_1.mp4
14814690a3def3849c19e4c326a017752362bd990a8e5ba684026329c0fbbc2f,2,2,ground|land,part_8/ground_video_4.mp4|part_9/land_video_4.mp4
1494638a504f5d13bcf4d5ea3ccb197b4f6bd28c8b1337c50719d9f1961d825c,2,2,brain|mind,part_7/brain_video_13.mp4|part_9/mind_video_13.mp4
14d5721fe569c4275050272536224534741090dbde203e5d1a978fb633c5d760,2,2,pill|tablet,part_10/pill_video_3.mp4|part_11/tablet_video_3.mp4
151aaae436b3a60904d59cf9e1c305e8e3722ea5ed610cf0443856be64f13764,2,2,accept|adopt,part_6/accept_8.mp4|part_6/adopt_5.mp4
1530f17adeacd369c681b2fd1338aed1711ae35c8ba9d7912bfc052b4ab5b315,2,2,away|off,part_6/away_video_3.mp4|part_9/off_video_3.mp4
155595304b5292a25bdd7e8ba0d834946909916f81c951683eaeba64179ae4ba,2,2,choke|stuck,part_11/stuck_4.mp4|part_7/choke_3.mp4
155f7cc6be126dc7ccbfe39ccd27ecc1eb3302003153d8c86f4295d0f00df2fc,2,2,bounce|bound,part_7/bounce_video_1.mp4|part_7/bound_video_1.mp4
1565d19730a38d6482b707b22daee596c42151f6cc617b611e939ba8ee4e2ff5,2,2,honest|truth,part_11/truth_5.mp4|part_9/honest_6.mp4
1575cf77f9fb3781fb16137adb2c037fd5e5233f2cad60047683b850d8850f4f,2,2,beat|jacket,part_7/beat_video_10.mp4|part_9/jacket_20241119_172645_11.mp4
158bb20e10fa653f4d8c08eb5f4656b9184d7c08943055dd94cbce96042ca058,2,2,achromatic|black,part_6/achromatic_video_2.mp4|part_7/black_video_2.mp4
159af30797c3b0f4dab7225d365e49b751dbe4e26c763d8f1687478660034bf8,2,2,analyze|study,part_11/study_video_15.mp4|part_6/analyze_video_5.mp4
15acee6c8b2181bb295b0fc8ef0e185f39a12a0be662a072c48661cdcc902db5,2,2,fashion|way,part_11/way_video_2.mp4|part_8/fashion_video_2.mp4
160afc9dcd42f002abeab42b8e6f87c570e891a467feb8fdcd49131354cd4f54,2,2,all|whole,part_11/whole_video_3.mp4|part_6/all_video_3.mp4
162c54199ac08bae46a8816f38d2efa18358300803084328918919f456d65977,2,2,filter|meet,part_8/forgather_video_0.mp4|part_9/meet_video_8.mp4
163730399bb9e8956351ba5c4810c988104295bf0bf8b39a32e76bbac0937140,2,2,universe|world,part_11/universe_video_6.mp4|part_11/world_video_27.mp4
164bbfb09c422aaef6b183823c01fd904c5386392698025e0651b08ad60648f5,2,2,brave|health,part_7/brave_6.mp4|part_8/health_7.mp4
166afa5bad198562eca6e2cd0d8d192f3d3c9fdd39db7b691f3fd3529f9a8a40,2,2,divide|separate,part_10/separate_video_6.mp4|part_8/divide_video_6.mp4
1674379e7a071e8524e260a6c238860703f4e1ca8267c5cc65dc5b271df95bc5,2,2,achromatic|black,part_6/achromatic_video_7.mp4|part_7/black_video_7.mp4
16c00ed80c9f01149039873f42fc6eb547ceebdee9787303cdafa44ca06d7577,2,2,hurry|rush,part_10/rush_4.mp4|part_9/hurry_12.mp4
16ea431139d0dde2c9aca1cfca65c8dbd63e8f27c622c54abc534098d14aeb0f,2,2,backup|relief,part_10/relief_video_13.mp4|part_6/backup_video_13.mp4
173109160e63ca01655ad14fc41c318448c6b86600b396a7b6cfcbd26f126575,2,2,keyboard|type,part_11/type_20241119_172657_9.mp4|part_9/keyboard_7.mp4
1732f7375ba4738ff449a35e0e410b541e9681e90ae2abf156b84902f95e91b6,2,2,deal|take,part_11/take_video_26.mp4|part_7/deal_video_65.mp4
17402bf4aadc4dc5cd0a11e75ef70c02bce65cf7b5dbd91acad7f519dc3e7622,2,2,assist|serve,part_10/serve_20241119_172653_1.mp4|part_6/assist_video_26.mp4
175318e0c19164d883c3c353cff47511b0a757e0bb2f5127edfea0fcbe9fd1aa,2,2,bound|jump,part_7/bound_video_26.mp4|part_9/jump_video_6.mp4
176159b3294d2c236edd18300fba7f40752b60f3f2993c6261aed1e96cdadb03,2,2,blow|float,part_7/blow_video_9.mp4|part_8/float_20241119_172643_9.mp4
17b1e0ce0e2128fb8723c19df09b834a0f1576353cfe23d4f505e126147e8988,2,2,honey|love,part_9/honey_20241119_172645_3.mp4|part_9/love_video_12.mp4
17ce0494e7fc7cfd3c5bfd517504a32f3f884cf2539916102c2c1f455c5d97ba,2,2,clip|time,part_11/time_video_19.mp4|part_7/clip_video_19.mp4
18107d1e5b8fdaa1fc6776653b6b1ae421eac7f88942006823ceb57e787cf762,2,2,big|large,part_7/big_video_17.mp4|part_9/large_video_17.mp4
1825bfaa48329c64670ef53e41bd5764d4e271cc693c2699db09a3e12168734f,2,2,drop|sink,part_10/sink_video_18.mp4|part_8/drop_video_18.mp4
188626f34c40b59928a72cbb6bf68b8260e2b8eab9d1de0e50ee53f56e7efa29,2,2,home|place,part_10/place_video_3.mp4|part_9/home_video_3.mp4
189578845eaa50eff9bfdfdc13dfe04f651f4f6a5b0b439f9ec0cf03ba2efc24,2,2,experience|feel,part_8/experience_video_4.mp4|part_8/feel_video_4.mp4
189ac1669f174bdc2e31c106c9b0a03409920bd89e16e78cff8f6d249c75c3af,2,2,after|later,part_6/after_video_13.mp4|part_9/later_video_13.mp4
18a419ed05fa39b5c1bca24867ac1303d59cb18d958617515925f4147999ea59,2,2,create|make,part_7/create_video_9.mp4|part_9/make_video_9.mp4
1902875e8a7f90fc2a82bb9335dedc8dac80bd06b7507f5783df248756275f92,2,2,after|later,part_6/after_video_9.mp4|part_9/later_video_9.mp4
19347986f0dc5a4a01395ab09c4bbbb17b0671c999da1fe4edb9d29994c3dbc9,2,2,assistant|help,part_6/assistant_video_0.mp4|part_8/help_video_23.mp4
196133d122df074fabaed9f1918e2cb641e738ed56f4b153d97b535cc5a5cba2,2,2,bath|bathtub,part_7/bath_video_12.mp4|part_7/bathtub_video_3.mp4
19731d280b12cbeb17c51f6a2e6dc86b66a65640b76c0dca699dd99f9913ca30,2,2,decline|refuse,part_10/refuse_video_4.mp4|part_7/decline_video_4.mp4
19d32620422ba3c79c49186a5858a41241f45c02c2af89cda8e97d0675b6296d,2,2,devil|rag,part_10/rag_video_16.mp4|part_8/devil_video_16.mp4
19fa1d2c434a4b26f80837a88afff53f021122ab034e4776272ed246a104f18a,2,2,blame|fault,part_7/blame_video_1.mp4|part_8/fault_video_1.mp4
19fb7f9cbaf0b2abdddd1d12db0fd97b1b37986076b47978349b7e6d324de2bc,2,2,blanket|enter,part_7/blanket_video_17.mp4|part_8/enter_video_7.mp4
1a1cbf5ec37afb05bad57679a6e6d43d0503f415643508d53dce113544e751bc,2,2,pity|sympathy,part_10/pity_9.mp4|part_11/sympathy_6.mp4
1a4dd6efa5b008231e147492266f5f8af78ba91973bcc6fc8ca0ea7608780c3a,2,2,expert|good,part_8/expert_video_3.mp4|part_8/good_video_15.mp4
1a5dc3abc1a5422c3e5325741d453e49e722f7552438c430f17365bfce80b087,2,2,dark|night,part_7/dark_20241119_172639_40.mp4|part_9/night_20241119_172649_14.mp4
1a746f908c5b350016506a3e0c89f341045aee42fffb38dba6639e0a57bb8b6a,2,2,state|tell,part_11/state_video_2.mp4|part_11/tell_video_2.mp4
1ac3dcf3c385c85c38004c80c9c7d6be4a586cadc5fc41a707a04e004bc4ebb2,2,2,get down|swallow,part_11/swallow_video_2.mp4|part_8/get_down_video_22.mp4
1ad4a05d9d15b1a115a41465107120750da32461528bf96fe92da15fd0e1f104,2,2,disconnect|release,part_10/release_video_0.mp4|part_8/disconnect_1.mp4
1ad93f2490a6d0fdbe8c87b6db6454997bc66b01f41e94abf371af82034a65e9,2,2,mine|my,part_9/mine_video_1.mp4|part_9/my_video_1.mp4
1b0c4c2a6d1b711684d2b2a4e86077b94961c16d5d8305c0cfa0379ee2beab6e,2,2,carry|persuade,part_10/persuade_video_4.mp4|part_7/carry_video_4.mp4
1b20782abe0d2f44c6956ab5a9f6597f5009cfad8cb585575173db3502cfd8f2,2,2,clear|pass,part_7/clear_video_12.mp4|part_9/pass_video_27.mp4
1b37466688e4d562eb978d82bda0c042ece84157478789a6f8ea7237a35ec714,2,2,peach|sweetheart,part_11/sweetheart_video_12.mp4|part_9/peach_20241119_172650_24.mp4
1b5c706bfd496b5cd410eebdece6a63cbdfac413f1b423585fb657915a826c25,2,2,assist|help,part_6/assist_video_16.mp4|part_8/help_video_16.mp4
1b610fd5040a4fe442cb05ebb76b87271d3f3c42d1a601530eaacdd1d6be75d7,2,2,mine|my,part_9/mine_video_5.mp4|part_9/my_video_5.mp4
1b9373c49c313aea05c02d621efcb1279596d4438528e287d04ae9483fa1453f,2,2,lecture|scold,part_10/scold_video_4.mp4|part_9/lecture_video_4.mp4
1ba225a54ac3cabf46ea8e03357c9962bcf5dc9491251bc0a40cf841cfeddc84,2,2,boy|son,part_10/son_video_8.mp4|part_7/boy_video_8.mp4
1c0745b2257884a0257a47b8054dfb5654ef508bb9e3627f04ea80f980c869dd,2,2,head|rule,part_10/rule_video_14.mp4|part_8/head_video_40.mp4
1c08470ae67df0a7dda28f290dc2f61ed9025747e281debb9a04a0d664fa7790,2,2,daughter|girl,part_7/daughter_video_6.mp4|part_8/girl_video_16.mp4
1c16fc083a04ce93dafc87ec547929b3b2be7fbc4d111c93f6b09da5689abb33,2,2,mouth|talk,part_11/talk_20241119_172656_4.mp4|part_9/mouth_video_2.mp4
1c3fb52af0aa55ea9900c60cdc5d512baba0fa1ab225ee7dde9ebdd4ee884da8,2,2,baby|bowl,part_6/baby_20241119_172633_8.mp4|part_7/cosset_video_1.mp4
1c4893a202c4bfcb31928b92957de6463c21127e5c945f81656a9ae3f2af37dc,2,2,sculpture|shape,part_10/sculpture_5.mp4|part_10/shape_13.mp4
1c4e6383fb016cda7cca47895f840853df90d6e02380f9fe9f5f6f6b22770062,2,2,cycle|wheel,part_11/wheel_video_1.mp4|part_7/cycle_video_1.mp4
1c67a2f7493b36f5de3b2b46e7e3d07c36bf405171e49733eb7b1d5141789519,2,2,full|total,part_11/total_video_0.mp4|part_8/full_video_10.mp4
1c703c1488ba846377d586253eb3c8d88fb5ddc9a8fde5634b6f24e23a4d66c5,2,2,pill|tablet,part_10/pill_video_1.mp4|part_11/tablet_video_1.mp4
1ca070c554e0d508536cd4ecfc2839718a0ce4adfa0951ed49a75de92d3cae52,2,2,fence|fencing,part_8/fence_20241119_172642_6.mp4|part_8/fencing_video_3.mp4
1cc81b5958c92eac3bc8b9453d6b90468a33b2eb0efff7a57b2e6a0c92a4fe14,2,2,earth|land,part_6/Earth_video_22.mp4|part_9/land_video_1.mp4
1cc89415bd1f7b4aa757a63d6af008f101940e3d617138b62a2d6abc0b4d13d2,2,2,effect|event,part_8/effect_video_11.mp4|part_8/event_video_11.mp4
1ce754c1096690d92e96b17ebddfc9f8cd13d20240cd7c45a64c0b8177c539e1,2,2,drop|sink,part_10/sink_video_16.mp4|part_8/drop_video_16.mp4
1ce9e8e1cd6e87cb036596367977796531e53f34687ca14cef9c610206e5e270,2,2,accident|wrong,part_11/wrong_7.mp4|part_6/accident_14.mp4
1cec82a31f0943c432765e8d8e4a8b0baf09be0ceead7676740cab0caff177ef,2,2,fool|sting,part_11/sting_video_0.mp4|part_8/fool_0.mp4
1cfbf1bae0042bfb511fcbe8e8fbb79aa29474707fb90b4f13dcc155df67d3b2,2,2,catch|grab,part_7/catch_20241119_172636_17.mp4|part_8/grab_video_23.mp4
1d2e7fb997226835b2b8e5e94c40bc5e6709a400336f496d040cf3bc2870d554,2,2,inject|shoot,part_10/shoot_20241119_172653_9.mp4|part_9/inject_video_2.mp4
1d347287c890dd7823a5f60cad0d5f99056b9b76463d36e740ad13b8d6c3b285,2,2,deal|plow,part_10/plow_20241119_172650_1.mp4|part_7/deal_video_57.mp4
1d802c24d14b06363cfc114de739fe8b34b866008393c92007139c0e1b366bac,2,2,select|take,part_10/select_video_2.mp4|part_11/take_video_24.mp4
1d8bc6f502e8a03cf91f90d6e593c1204b998586f3cb6921195180ae7d935894,2,2,fourth|quarter,part_10/quarter_video_19.mp4|part_8/fourth_video_19.mp4
1d98101404bb7e72a477cd75b3a7ef4fb18f859eab531a890d9e541e36c351b8,2,2,after|later,part_6/after_video_11.mp4|part_9/later_video_11.mp4
1daa4797e5e273422eb876883453ee8e1d8b9f031c4d35b1066741a122baba5f,2,2,shoes|string,part_10/shoes.mp4|part_11/string.mp4
1e0d4bf0caa0fe339ddd0fbd2b8ad171bed7d3eeb0b1f2b5d37fbc03110020ef,2,2,average|mean,part_6/average_video_8.mp4|part_9/mean_20241119_172647_27.mp4
1ec29cbbc78350759033568f3bec726d85507df0ad21940f045237b851790c00,2,2,experience|feel,part_8/experience_video_14.mp4|part_8/feel_video_14.mp4
1f0664a0d60827b1cd82a5a7ae4a5a77c1ef4111679fb3b0697121c96e043c44,2,2,plow|turn,part_10/plow_20241119_172650_7.mp4|part_11/turn_video_7.mp4
1f1ab7c239f1919a93f0626363b45783d889e324a7025746e1335256e92ace05,2,2,hop|jump,part_9/hop_3.mp4|part_9/jump_12.mp4
1f1d7ed4753e6860b3bf21226b50a3128b43af08d46238afa0e3e90f56f54f2d,2,2,cost|price,part_10/price_video_4.mp4|part_7/cost_video_4.mp4
1f3028a95d99f977b04a0964449a4b889fc56948f25a481ca355e28606909301,2,2,hug|squeeze,part_11/squeeze_video_6.mp4|part_9/hug_video_6.mp4
1f3ca0f3a6e8dda4b6232650e427f46b1a4b93416940cd9c4f478674e6269a35,2,2,heap|plenty,part_10/plenty_video_1.mp4|part_8/heap_video_1.mp4
1f68a5e748261abc8e55b4fc8ad41c4b74b63fcbeafb4dcb8359b7479051f659,2,2,apparel|dress,part_6/apparel_video_29.mp4|part_8/dress_video_29.mp4
1f9558bb51e40a9bcb80391919b42c79141d3ba23cd4616b76c072885676d402,2,2,boyfriend|friend,part_7/boyfriend.mp4|part_8/friend.mp4
1f9afc32b4290a2bbb1f486abc8e0018a25f7e2355c392651c61148b7d7b0839,2,2,lecture|rag,part_10/rag_video_26.mp4|part_9/lecture_video_2.mp4
1fb8c6604b816eab81458ee7419e013c76861b1c77f9c465f51fc153d530cf84,2,2,art|draw,part_6/art_video_2.mp4|part_8/draw_0.mp4
1fcd1bf9455b147733dc7bb1ca868f25fe8d50d5f6b6f470bc6516ca7910c45b,2,2,better|improve,part_7/better_video_0.mp4|part_9/improve_video_0.mp4
1ff820cb63df8ae8cb03aa0bc6ce4692d999406052f0a9430ca0171675d07f73,2,2,dictionary|vocabulary,part_11/vocabulary_4.mp4|part_8/dictionary_video_1.mp4
200e50e2dd3b9e8cc00fdaf54aaa926cb4bd1d7533d919974d011ce72a059541,2,2,rag|scold,part_10/rag_video_31.mp4|part_10/scold_video_7.mp4
201a94bbcbfef022ac15ea5ebab8cf7992bc5264158f9434e8a0e97dceb1d879,2,2,chance|opportunity,part_7/chance_video_16.mp4|part_9/opportunity_video_4.mp4
202a0ee76106c13706f9bfa8a7007f016e344569727928565d3f99d9daf0265c,2,2,america|us,part_6/America_video_6.mp4|part_6/US_video_6.mp4
202feff8e37ae7becd6dc04a7910a407dc301e503749b6a5a5a2078e3bf12300,2,2,draw|tie,part_11/tie_20241119_172656_5.mp4|part_8/draw_video_24.mp4
206551f57a84e8da7ba652022b8abd93624b54a628dcf30446800c1517537c64,2,2,hug|squeeze,part_10/squeeze_video_12.mp4|part_9/hug_video_12.mp4
20682cc6696d458f67b848b5fda8a02cc83d2aef6177c0e92d98b273f13c0e1f,2,2,pen|write,part_10/pen_video_3.mp4|part_11/write_video_3.mp4
20eb8e3b5eef1d7a18b0b194d3fd30e78ba52d3d38b2df6f6256d8fd04501e9d,2,2,hop|jump,part_9/hop_1.mp4|part_9/jump_8.mp4
20ee4f0af8e89e274daa0b7635268cf2707283af18840babe29e18b2d269392a,2,2,punish|sentence,part_10/punish_video_3.mp4|part_10/sentence_20241119_172653_8.mp4
2108971a75cc766b6849bfb3e3e2bcde54f5794a3ad68e9815854dab5ab77735,2,2,disappear|vanish,part_11/vanish_video_8.mp4|part_8/disappear_video_8.mp4
2116536f9213e330c6575083ad1661667c01b8fdb374716f16103eefe8b8adbc,2,2,airplane|plan,part_10/plan.mp4|part_6/airplane.mp4
215ada1ad37ace33b87e5449eb3ed6853e1720d6a64cc8f740c6b30bd216d3d6,2,2,play|turn,part_10/play_video_21.mp4|part_11/turn_video_1.mp4
215f9a8fab48970333409b28faa11fb2c4c494d612bc60c6fae390eade22fa22,2,2,rule|ruler,part_10/rule_video_13.mp4|part_10/ruler_video_3.mp4
2169e88c5d02b237cc0eccf788417af3c084910cece272757d314296eab90818,2,2,boil|oil,part_7/boil_20241119_172634_2.mp4|part_9/oil_20241119_172649_12.mp4
21c5ff3bdd4dcba7a02c8beacee2c5927a03b1671c6de90957cbc4bcec3b6924,2,2,blue|down,part_7/blue_video_19.mp4|part_8/down_video_23.mp4
21deb50ebf19a5d1b84b95e1ede12571fd128583fda3012ce32c7b076583bed3,2,2,dark|night,part_7/dark_20241119_172639.mp4|part_9/night_20241119_172649_23.mp4
21e23ad21b6303006fbf290ba7407a9c3d0dd3c95a82442782034ddf8ccce20d,2,2,movie|picture,part_10/picture_video_0.mp4|part_9/movie_20241119_172648_18.mp4
2216dfcd8f2187b736a5117c8cdee39c9a4e9154b8fbf47e9dad586ca016ca0e,2,2,blame|fault,part_7/blame_video_5.mp4|part_8/fault_video_5.mp4
2240cf48fbe86b73273c2a65330495632121be8fcd6de1379c7656f00687775e,2,2,lecture|talk,part_11/talk_20241119_172656_10.mp4|part_9/lecture_video_14.mp4
225fb5d5b4c371baa4c140da9f3978058a9a9f50a1ba1a71a4596e8b5f20fa24,2,2,carry|persuade,part_10/persuade_video_2.mp4|part_7/carry_video_2.mp4
226c21ef552b4ac3ab61dd56760569cef36077dda864ca9d9128d75b6738d5ff,2,2,clip|time,part_11/time_video_12.mp4|part_7/clip_video_12.mp4
22852a99128b2fde2c768d48574e8e7fa32d66ab26203c1e91c83076d502bfc7,2,2,barely|scarcely,part_10/scarcely_video_5.mp4|part_6/barely_video_5.mp4
228ba2a1918213ddfed13ce3aabf2ca0b6d139280bb060fa638c10adea10a1f8,2,2,favorite|pet,part_10/pet_20241119_172650_8.mp4|part_8/favorite_video_0.mp4
22aa7b14335de553245963c147032e0d00f12b2220e93a0660b6764e166f2278,2,2,lot|luck,part_9/lot_video_71.mp4|part_9/luck_video_4.mp4
22d923d9a022ba6711731d9996524833bc50e0dff46c199d3b99398ec696f37b,2,2,boy|son,part_10/son_video_9.mp4|part_7/boy_video_9.mp4
2314f57d7d8cdcce296929c46e051ea80aa36ac81c534aa3bba3a7de8e224dd2,2,2,express|show,part_10/show_video_17.mp4|part_8/express_video_0.mp4
232c616ca8717acd03ed97631cff8c5ff0fd7d34f67a5e6419700743c0da3acc,2,2,cut|slew,part_10/slew_video_53.mp4|part_7/cut_video_36.mp4
234c3acf4306b4480c0505112b9c85f044ed957bd9326a42da523d2026eb4fba,2,2,clip|time,part_11/time_video_25.mp4|part_7/clip_video_25.mp4
2363db50139cfe3bc78e57ff5c35e001e4ed219546710f714997866e764f16fb,2,2,car|machine,part_7/car_video_15.mp4|part_9/machine_video_15.mp4
23c3f6bbc45018cec7a41849f3488ed5cc7d9bb6d4bfa94792bb35bb2213a891,2,2,refuse|resist,part_10/refuse_video_18.mp4|part_10/resist_video_3.mp4
23eb886707989e396f3791a81245574274bc08bba9c6fc9d4d293b829d82ef27,2,2,impress|move,part_9/impress_video_4.mp4|part_9/move_video_37.mp4
23ed701d1f7f505c7343cbb2fa14d7922a4cb3d08aa7d6a429388a2cfdfe3d8d,2,2,confused|lost,part_7/confused_20241119_172638_13.mp4|part_9/lost_video_2.mp4
23fff3b3dd3ce29104cf665fb69ad2bbefae6e3b1af519ec4e46c37bfe09cb20,2,2,clothes|dress,part_7/clothes_10.mp4|part_8/dress_4.mp4
24023ac2e3c643a4c8922e604a9a6e4a0f9a868655ad2fb779c5bd6f81c8631c,2,2,hearing|public,part_10/public_3.mp4|part_8/hearing_7.mp4
2412ff0ef5809d930ee1c094b15d0294ee57b4fe41fa996750bc902177306bf7,2,2,fall|spill,part_10/spill_20241119_172654_3.mp4|part_8/fall_20241119_172642_17.mp4
247d924bd6363d2bf6988f0b246ac76fa5d11ac3849fe5b40c8a3793f586f86f,2,2,compass|reach,part_10/reach_video_2.mp4|part_7/compass_video_2.mp4
248256ed1b2c0476f3b7ed62840840cdb2a1f6afc1fb052196f069629ac224a6,2,2,smoke|smoking,part_10/smoke_video_4.mp4|part_10/smoking_video_4.mp4
24966cd9ddffda3f4bda31cbf43b397b4c515103e3b5cada7100c82fd0b3a7fe,2,2,catch|get,part_7/catch_20241119_172636_47.mp4|part_8/get_video_30.mp4
24d25fd445f77ec43d00921361e30451dfb633c1d2ff695aa9822ec429574a3d,2,2,arrive|get,part_6/arrive_video_3.mp4|part_8/get_video_23.mp4
259cf9373cec18e099d7eeaa0bc8693b35e604794e310a54910c4d36ca9e136b,2,2,clip|time,part_11/time_video_23.mp4|part_7/clip_video_23.mp4
25c37dd4163061eb7812eab15f6d132ff52e0d03e31989345d546474fa556d57,2,2,back|backbone,part_6/back_video_15.mp4|part_6/backbone_video_15.mp4
26250a7f97afeaf67be564ade35ed7271e545164b1f566ad3eaed4aa2b611544,2,2,eyeglasses|glasses,part_8/eyeglasses_video_14.mp4|part_8/glasses_video_14.mp4
263a889c692d905f72c018b34acd54f117bf4fb2dbca52bc1bde585071c626e2,2,2,accident|crash,part_6/accident_9.mp4|part_7/crash_16.mp4
26552bafd0e2138552eecb60c8ec2c22fce30c20ffcc9b4111ab95972db269f3,2,2,watch|wristwatch,part_11/watch_3.mp4|part_11/wristwatch_20241119_172659_5.mp4
266ef58527e45eca0d84ae4ab8f714e3699ed832491cad563a57a00ed221fbf0,2,2,bathroom|toilet,part_11/toilet_11.mp4|part_7/bathroom_5.mp4
267f1e7fe35703a6769edf67b274542180adc67c678e7db7f6cbb2f106c7c046,2,2,balance|rest,part_10/rest_video_4.mp4|part_6/balance_video_13.mp4
26e8b8405df16fddf6735c79a17533b6dc4805805200460e4c4fee364fa58e01,2,2,adjust|align,part_6/adjust_video_38.mp4|part_6/align_video_3.mp4
26ed601f1dac8a74f0b7142090c4c4f3ae457b333c1f094aeeabfeb57cc0ee8e,2,2,achromatic|black,part_6/achromatic_video_9.mp4|part_7/black_video_9.mp4
270382ac72e1c2abea31df967354bf44291b987649012dcd0b4cc96ae84218f5,2,2,from|scratch,part_10/scratch.mp4|part_8/from.mp4
2763633525fe372262e77e7ad0fbaae197bfc509a35ac9ac80c4988e579ce675,2,2,blow|float,part_7/blow_video_12.mp4|part_8/float_20241119_172643_12.mp4
276c39b418afd90d105806558b69cd39578a8cd3da012de15bb74033c64f0423,2,2,catch|get,part_7/catch_20241119_172636_14.mp4|part_8/get_video_32.mp4
27d555265ed26db998d697927de15171d20d437f9ea4dbace341bc2d8b87d36c,2,2,important|value,part_11/value_9.mp4|part_9/important_9.mp4
281db321851b77d5f0f348d683b09f138344e885b0d46ff443d39845be8f314d,2,2,grasp|hold,part_8/grasp_video_5.mp4|part_8/hold_20241119_172645_7.mp4
2820a8554e2c4bbc7e453ac7f7bf76fd48b2aab7c67c40b35b25f6bb4cdefe32,2,2,lift|wind,part_11/wind_video_9.mp4|part_9/lift_20241119_172646_13.mp4
28269b7e5cfcc0c20e1762c7adad1edbc3ae8799628d47d1cfef00a1421579d1,2,2,any|whatever,part_11/whatever_video_2.mp4|part_6/any_video_8.mp4
28524f07f3725f5fb9e04cd7cc7667c0c89071896aa479a9ac61a3a8ce8fc7d6,2,2,humble|small,part_10/small_video_16.mp4|part_9/humble_video_0.mp4
287c81a72394b871c123a6b3bae15a763c4d28ba277f4c673111a7b7a44bb76f,2,2,duck|skirt,part_10/skirt_video_6.mp4|part_8/duck_20241119_172641_9.mp4
2884f6fff73e4166b30f8784eb28a9b76135034b66db7e11922bb0fc4edb8ae4,2,2,class|separate,part_10/separate_video_10.mp4|part_7/class_video_13.mp4
28a041fd31bb6df8462892a8cf0377bb24b8166f61637b662871576cd895d1f7,2,2,deal|manage,part_7/deal_video_53.mp4|part_9/manage_video_2.mp4
28fe776633f6e3627ddec1798f7a976c6773de7ba02a5eaa2f89beabce6e7e94,2,2,check|match,part_7/check_video_1.mp4|part_9/match_video_1.mp4
29726015dbb374d434efc2105ab3a88bc30ee9a6f2f5095b8758357ae8bf6ad8,2,2,disappear|vanish,part_11/vanish_video_3.mp4|part_8/disappear_video_3.mp4
29ae8c141fe0d2430dd796cbe323c026852a24206be9ac6f3406315bc697783c,2,2,cause|suit,part_11/suit_video_16.mp4|part_7/cause_video_16.mp4
2a221642effed97690786b5a3da83c4e5940282477369f1fa4234e02d5504baf,2,2,america|us,part_6/America_video_5.mp4|part_6/US_video_5.mp4
2a24db5b8a816a5d9246f2157b399f24883b33518a979292e0df81efc3c5a9df,2,2,careful|deliberate,part_7/careful_video_7.mp4|part_7/deliberate_video_2.mp4
2a2c19c1edec7edf52dcbfc7c4a88565eb01410d7719412d380a572d758780c3,2,2,pill|tablet,part_10/pill_video_5.mp4|part_11/tablet_video_5.mp4
2a3fbce3d198cce8ab140e92b84ca2271a153c2b5ea2bb3283e8ab1c44241a36,2,2,half|six,part_10/six_video_4.mp4|part_8/half_dozen_video_4.mp4
2a8e9ae0b8501f27b866cec23fb4c0a3fdde6cbd994af96d00b48f8465c48530,2,2,deal|share,part_10/share_video_8.mp4|part_7/deal_video_70.mp4
2acc4ddb071f0b1d7c2d2df88ba20138a84a62d748e458bdfc0c99a9777842a9,2,2,dark|night,part_7/dark_20241119_172639_34.mp4|part_9/night_20241119_172649_25.mp4
2adfc05f52b6b380ace63168d7b85c6a02010e58cbb9815b37bec4df84b012c8,2,2,heavy|pregnant,part_8/enceinte_video_0.mp4|part_8/heavy_video_21.mp4
2b1c88a38aac920bdf62b0fde00f3e72fd90c8fd24da5b46136e2a8345581040,2,2,area|country,part_6/area_video_15.mp4|part_7/country_video_15.mp4
2b379b3825b11f32c4d22aac4c27e0eb704d2812ec1c954ed6672890e773c21e,2,2,explanation|philosophy,part_10/philosophy_6.mp4|part_8/explanation_video_0.mp4
2b4138305cc47fda82c95c79d2720a336cfd9781aa534ecdb8066e5663baf995,2,2,chance|opportunity,part_7/chance_video_14.mp4|part_9/opportunity_video_2.mp4
2b65cb7f3c327fed984fc499f9bae0308ca2db7c4ce42f760cac0c9ed3c40521,2,2,polish|smooth,part_10/polish_video_2.mp4|part_10/smooth_video_2.mp4
2b9531f13c5076c941be3bd60d859b7e90c36b852b68ad3370cbaa036823d2d0,2,2,girl|miss,part_8/girl_video_2.mp4|part_9/miss_video_21.mp4
2bb4fc590eab8b87227b8ecfb17cf3a0dc571e635a66729fe1f3223bc283dd3c,2,2,bathroom|toilet,part_11/toilet_8.mp4|part_7/bathroom_1.mp4
2be7705c268586d4a2b0fc998db5383d9980589228e156d39c3e247b83837690,2,2,fence|fight,part_8/fence_20241119_172642_4.mp4|part_8/fight_11.mp4
2bf395bda232dac84bdd1282289bfb279d5ee53a40baa8cc084c05cafa99b692,2,2,fine|good,part_8/fine_20241119_172642_3.mp4|part_8/good_video_23.mp4
2c1078de94d785b8841b9d6ee3b5c9778b22c05c63dc656205e4cfd36d44634c,2,2,horrible|ugly,part_11/ugly_video_6.mp4|part_9/horrible_video_6.mp4
2c16e70a6f29698441cc529341998f093936650416af63d7e044a76a3cc022a0,2,2,home|place,part_10/place_video_14.mp4|part_9/home_video_14.mp4
2c6699405cf0a8990939dcf61256aed1d5afe1edb07de985303cff7ba6dbf817,2,2,bathroom|toilet,part_11/toilet_video_8.mp4|part_7/bathroom_video_8.mp4
2cac8c0158e4737ff3b3b058a32bd5f58a87f3dc75507bcc274c8778bb65524c,2,2,rest|stay,part_10/rest_video_11.mp4|part_11/stay_video_4.mp4
2d15538fff6c6846e7c2e648cde9631f82cea2d5d75e03ff0c4b925a78266096,2,2,immature|young,part_11/young_video_6.mp4|part_9/immature_video_6.mp4
2d2384e05899392b8b0653237c438dc7d8222ca78f15a5e164224556d2d0708e,2,2,order|society,part_10/society_video_8.mp4|part_9/order_20241119_172649_9.mp4
2d59cb5a58c64bffcf857fe2aef674e18ba176d15ad1e5641851e423a49c06e8,2,2,mouse|steal,part_11/steal_video_4.mp4|part_9/mouse_video_11.mp4
2d6535a37c5250d118a5472c61369c9d1b7228e5eda44a5524f50c145becfff0,2,2,chew|wad,part_11/wad_video_60.mp4|part_7/chew_20241119_172637_9.mp4
2d74cb6a2404cb8cdc9bc9c68d230c9e2b80f85400a4a66d9da9f3afb05141e4,2,2,blow|waste,part_11/waste_video_2.mp4|part_7/blow_video_33.mp4
2d75e8f1544b65b750bba4e4727695ca20d7ce55d80baae8e23b68f163aa4d28,2,2,above|high,part_6/above_video_7.mp4|part_8/high_video_4.mp4
2d9f7ff3bee414a88133e0fb815d83c926976a8aa8bf2850f95493281c7baf06,2,2,tent|us,part_11/tent.mp4|part_6/US.mp4
2db9a428dba15cd16fca8b079fec8fdf104e50fdbf941731bd0a150da8eddf87,2,2,dice|die,part_8/dice_video_0.mp4|part_8/die_video_12.mp4
2dbfd5ea1c72fc8f2566c35f955685bd07e96e16531d32f693ff994be822e508,2,2,clip|time,part_11/time_video_11.mp4|part_7/clip_video_11.mp4
2ddaba96de6c7a6d4280783f560b8751c7b9ffa9c138ff40a6c4ad883f9ee8d7,2,2,deal|share,part_10/share_video_7.mp4|part_7/deal_video_69.mp4
2e2347e622c3bdb269a2e722d74277ea5c3138cf5ffc7481d012b4b60f5de1d2,2,2,bath|bathroom,part_7/bath_video_4.mp4|part_7/bathroom_video_20.mp4
2e3c280042d656c7bfc8a8f67162630e8711f3114de8bda9f9fc96bcd30af319,2,2,bathroom|toilet,part_11/toilet_video_3.mp4|part_7/bathroom_video_3.mp4
2e65f4048e3f3235390cff67b6da254af30c10a8a28614dd55ae621148fd5d38,2,2,business|job,part_7/business_video_13.mp4|part_9/job_video_13.mp4
2e67c8f98b1d35ae12f139735afe67bda427729cfcfccf4696b1a16b779168e6,2,2,lot|luck,part_9/lot_video_75.mp4|part_9/luck_video_8.mp4
2e67d6e3cc314389c2d862201411a7a1eb87e9d9fda5b3fa10c4cb051e918d3b,2,2,ask|expect,part_6/ask_video_21.mp4|part_8/expect_video_8.mp4
2e81e00244755ad214bfafe8a8625897694af5f0d86f3ad21ad184f762e02e43,2,2,ground|reason,part_10/reason_video_3.mp4|part_8/ground_video_37.mp4
2e86bf57062c7fa0297152482db42b1bf072e1ed0f2829a7629f2eac49a7734f,2,2,catch|grab,part_7/catch_20241119_172636_13.mp4|part_8/grab_video_12.mp4
2e981da31800ef4926f79b10af3c1e7f48f66aa59426521dc11f81625f04510a,2,2,dark|night,part_7/dark_20241119_172639_10.mp4|part_9/night_20241119_172649_8.mp4
2eadc1aa61ab5e69153052532e9dff3997a0ca3085cb3648f99a5580550ab3c1,2,2,belt|knock,part_7/belt_20241119_172634_8.mp4|part_9/knock_video_6.mp4
2ecb26de09855f67fcfd3673de9e4a44635c5218858cbc99ab8559e20ca16e74,2,2,head|point,part_10/point_video_34.mp4|part_8/head_video_39.mp4
2ed45b643af77e252dd437777100cb5465bdf0b41ac10a449e79fe7f093f8d3c,2,2,cut|edit,part_7/cut_video_37.mp4|part_8/edit_20241119_172641_8.mp4
2eeb3c5160d7992afb54598cec299cb6809bb53f6a56b1b09ed773cbd335a155,2,2,duty|responsibility,part_10/responsibility_video_0.mp4|part_8/duty_video_0.mp4
2eec6d1f14dd5f1c8029956c39999d899ef27534b3f8c787a2d799b0c0448ac3,2,2,reach|stretch,part_10/reach_video_17.mp4|part_11/stretch_20241119_172655_7.mp4
2f11b4dde9955bb4a70ac7322e11ee94bd4e3a8a08e274442447efa5455bba8e,2,2,car|machine,part_7/car_video_12.mp4|part_9/machine_video_12.mp4
301f0a4aa352b8ea8ba87036dc6752ab09d0b3d7603b623152b7da02c0e21812,2,2,away|off,part_6/away_video_17.mp4|part_9/off_video_17.mp4
304ba33700b659d7d5d5e0b0ec750837f00838dcfaf8434e488fc5248a6d3969,2,2,pen|write,part_10/pen_video_2.mp4|part_11/write_video_2.mp4
304e8d31441f191220973c462db57cc79c5b2416fb88a9dba33bea27e597b784,2,2,basic|bottom,part_6/basic_5.mp4|part_7/bottom_4.mp4
305659b86e75ba8d97aacdad1373a1f0a07220598dcf038dd70f8c072e853a35,2,2,worm|wrestle,part_11/worm_video_7.mp4|part_11/wrestle_video_2.mp4
30687f1e7b17e7a5e37af4c4bf95febc5fd5f1c79247e2e687aa2429ace670dd,2,2,couch|sofa,part_10/sofa_video_7.mp4|part_7/couch_video_7.mp4
306966e9ce35300a1ddec9ed84f576f55b02170931eeb33ddb0f0050569b869b,2,2,add|plus,part_10/plus_5.mp4|part_6/add_video_24.mp4
30b69ccc3c43af2ef0460558fb301ff25cb798126e43c1f53f8fb8a4595fc8b1,2,2,pack|wad,part_11/wad_video_67.mp4|part_9/pack_video_4.mp4
30b9625ea5a18c276714cac1f806bc56cffbd9f35336b0472e4d4f235c2ddb5c,2,2,champ|champion,part_7/champ_video_5.mp4|part_7/champion_video_5.mp4
30bd5278230c113a177bac092c31d668845cd7ae0fba3539a81a414b46f7b0f4,2,2,stir|touch,part_11/stir_video_8.mp4|part_11/touch_video_8.mp4
30d2c2f6bb7df9ed7fabd6af155af636efe0293387c38953f2df92f374da8095,2,2,arrest|hold,part_6/arrest_20241119_172633_9.mp4|part_8/hold_20241119_172645_36.mp4
30e338a8070503b3688b96001246466ce711853ccab037067bea7087de4c7c8e,2,2,guess|judge,part_8/guess_20241119_172644_12.mp4|part_9/judge_video_7.mp4
30f0172c3e2cf23c062b388b81d8959cd19c2faf33dc8ed33823c9cf9a2b8010,2,2,car|machine,part_7/car_video_18.mp4|part_9/machine_video_18.mp4
30f2b360d96cce1ce47c42ab8a2609957a54b17d4288cbc7ac6a18879e9ee643,2,2,after|later,part_6/after_video_2.mp4|part_9/later_video_2.mp4
310db2528f8c6d3c949a6f3120c70ea6a0075a2ad0358cec0fa46444de0aa892,2,2,green|immature,part_8/green_video_16.mp4|part_9/immature_video_11.mp4
3143542190b9b691eae25d019142541fd7aacf91e8f4c87c47b56ee67c50567b,2,2,humble|small,part_10/small_video_17.mp4|part_9/humble_video_1.mp4
3165afd02cc8ee3b772304bc59ce36b97a6670261e95f260a356ff53a6c1e351,2,2,expect|hope,part_8/expect_3.mp4|part_9/hope_4.mp4
31983794af4631102e9985da89205dfe3bec1dc50ddd342c54cbefee1140ae71,2,2,break|check,part_7/break_video_38.mp4|part_7/check_video_20.mp4
31d8f1b8bec6d44f1ff28599165e3b7bdfcf68a8d512b08b83ef5fccfa0e01e6,2,2,honest|truth,part_11/truth_video_0.mp4|part_9/honest_video_1.mp4
31e68b95f801298c5bad943adf19be96507c6719d1667441d93df744bb311b53,2,2,acquire|get,part_6/acquire_video_12.mp4|part_8/get_video_34.mp4
32026bdb4b810b1575bce75340b258a2b6883e8efe5e9532e613b308287a3c5b,2,2,cry|shout,part_10/shout_20241119_172654_5.mp4|part_7/cry_20241119_172639_29.mp4
3202c4b3975c6dd6935254c99fb6aa2df3d78d77532d589db69ffadda85ec365,2,2,hug|squeeze,part_10/squeeze_video_16.mp4|part_9/hug_video_16.mp4
320ce549251d057f6faea8a4c3704b5f9b0c50650e4a0679561d534e6334dd0b,2,2,away|off,part_6/away_video_10.mp4|part_9/off_video_10.mp4
323c321e8438dd2ced78f89ccf46b9afe0b0bfd9a657d6fe26a845c24a289d43,2,2,america|us,part_6/America_video_11.mp4|part_6/US_video_11.mp4
323fbb418497bee4d7d1950ea4c7a049682245c4e4028bb7e95e6d05e8ee1847,2,2,dessert|sweet,part_11/sweet_video_12.mp4|part_8/dessert_video_6.mp4
3246838701960eabd101bc128ae70a4620550eaa1009ca54520297a52691358a,2,2,back|backbone,part_6/back_video_4.mp4|part_6/backbone_video_4.mp4
324cb4b6fc63551b9f6513693315ea7f90270e1b5b79245a0b58cde629671c04,2,2,baby|birth,part_6/baby_20241119_172633_28.mp4|part_7/birth_5.mp4
32900617f1b2ea9e7b81e78eaa9849e720da456d813d434184bb77b3f9e5c41d,2,2,car|machine,part_7/car_video_16.mp4|part_9/machine_video_16.mp4
32e7044f892a1e9ad0be9eb1efef6f78bcb3b9da5048f175c85f7e17b5a821a3,2,2,box|room,part_10/room_video_2.mp4|part_7/box_video_2.mp4
3320bf5515c47335ae0270a390a694fec9817fbdc47e27e754d43184bcd11ead,2,2,see|understand,part_10/see_video_11.mp4|part_11/understand_video_5.mp4
33336dcdce4c215fe1f05b0bbf4b98ff0169ff72c308c95001f454ab4b4b7d07,2,2,girl|miss,part_8/girl_video_1.mp4|part_9/miss_video_20.mp4
333ecc3b061fd2ea6090d4eaae3e5ec172207b9d36d615a1b6b8a99c8a20db1f,2,2,earth|ground,part_6/Earth_video_38.mp4|part_8/ground_video_39.mp4
3355b523a809ef8d1ab4a1789bf9f8fdb3145836a72f8f7bf4cdcf3953005654,2,2,college|university,part_11/university_3.mp4|part_7/college_video_3.mp4
3367c82b0b064773991852e4c21b2613e54daf0bddd8f790a31e5984cadcb4be,2,2,refuse|resist,part_10/refuse_video_16.mp4|part_10/resist_video_1.mp4
337d80340e1f0c93c092143b558552c48296fc2f98d129065a7cc91c1cbd447a,2,2,blow|waste,part_11/waste_video_3.mp4|part_7/blow_video_34.mp4
33965fd33ac03d8fd8b6c6fa4fd70287c10c371f8836e574a5457613c5b2b786,2,2,bicycle|cycle,part_7/bicycle.mp4|part_7/cycle.mp4
33e97a8de30823164b0d63281779403f190ee5d7b1488777dc446edef7b506ec,2,2,foul|yucky,part_11/yucky_video_2.mp4|part_8/foul_video_11.mp4
33e99021218f1d118b3ed57430947ee68053ac97cdbfa15923029db8e7c79101,2,2,nothing|zero,part_11/zero_video_7.mp4|part_9/nothing_20241119_172649_3.mp4
341af8651876740e29457b5b6dd34e4934395a6d0de3b9ce6f3f8384b23fe96d,2,2,smoke|smoking,part_10/smoke_video_5.mp4|part_10/smoking_video_5.mp4
34cf8bc78afe835d78cb6f899bdfc7082db935141c0f0b8608fc370174612edc,2,2,assist|help,part_6/assist_video_12.mp4|part_8/help_video_12.mp4
34d8feb8a7ec81d8dd31962baea11f9a4267ca5943d585619d860a72340e9bad,2,2,comfortable|easy,part_7/comfortable_video_0.mp4|part_8/easy_video_0.mp4
34e49a126b13f350875618aabb14fe197f6474109a57c03aea8431a01ad4b24d,2,2,bomb|fail,part_7/bomb_video_9.mp4|part_8/fail_video_7.mp4
34e783cf09f1aa16522b0d8b8e46c22e88d9fed50ae1c78791bfcb211abcd681,2,2,blue|down,part_7/blue_video_17.mp4|part_8/down_video_21.mp4
35003fb3eec132c074524310441d036c944a55d369faff6faf1e20cd695251a6,2,2,go|leave,part_8/go_video_39.mp4|part_9/leave_11.mp4
3554bae76e7c219c32efb7a356902c8a9aae21a5052364cc1db03b8eed5422cb,2,2,apparel|dress,part_6/apparel_video_31.mp4|part_8/dress_video_31.mp4
3554ebbe5db42d959a3db4d16bd05d21218ed4cfcf6184d5ebf1b62af0713ae8,2,2,average|mean,part_6/average_video_3.mp4|part_9/mean_20241119_172647_30.mp4
3559e945af5994972ed672f23043bd897eee2b842e5b068423905bb97c0e5912,2,2,press|squeeze,part_10/press_video_10.mp4|part_11/squeeze_video_26.mp4
355c044cce15131ac86452b03a1bc8bedabfe325d4dafc699bb1faa248ba52bf,2,2,develop|grow,part_8/develop_20241119_172639_1.mp4|part_8/grow_video_9.mp4
356b679c27d2b9935791d5656078ec7e9851057b1a4757ba424e8abbcde43a90,2,2,present|show,part_10/present_video_14.mp4|part_10/show_video_14.mp4
3589c8008a0df17192a08c9255250fb1e0b843445d8cd3d166e12195bd04b0ed,2,2,heavy|rock,part_10/rock_2.mp4|part_8/heavy_video_0.mp4
35a0ce746e33edb78dd0839d962314525a81231838794b560c46ca91977288ff,2,2,high|highschool,part_8/high_video_7.mp4|part_8/highschool_video_2.mp4
35a2542d11f3acc93a151b56387c857ae80603e4456953ac042e4440e127d7eb,2,2,dessert|sweet,part_11/sweet_video_11.mp4|part_8/dessert_video_5.mp4
35ab739d094cc47655e0b6590a2ccf3a7f07e025310b87b4675319c92152de74,2,2,divide|separate,part_10/separate_video_1.mp4|part_8/divide_video_1.mp4
35e9fd0892e7d378532705a364c9017b5e8f2af4fe93185e793393a08f460a76,2,2,universe|world,part_11/universe_video_5.mp4|part_11/world_video_26.mp4
362c688c4c585cc64768f11fdb26a05da529f906cabe81221c228d29326c03b1,2,2,cream|pick,part_10/pick_video_5.mp4|part_7/cream_20241119_172638_5.mp4
364b8156d689c0e46b6a96c56cc1e8b3f0a437ad2590bf6558ef081b2060a3b5,2,2,after|later,part_6/after_video_0.mp4|part_9/later_video_0.mp4
36714348e87ac92390f5122249a67c942003b8fe2a34efafbfa4d5f6a30dc1a4,2,2,polish|smooth,part_10/polish_video_4.mp4|part_10/smooth_video_4.mp4
367decb76a185e304d6d6d4ac817ab628523b5fc29fce5ba2427bfb9c6073689,2,2,struggle|war,part_11/struggle_video_1.mp4|part_11/war_6.mp4
36a8c231d5c0a93670b409389e5d519b75b4523b24ef25d2d4e524babde90a98,2,2,lot|luck,part_9/lot_video_73.mp4|part_9/luck_video_6.mp4
36ea784fe41c87659ebb31e3484487bb8abfc25bd0db11fa63af87b0b6fb6e1a,2,2,hug|squeeze,part_10/squeeze_video_1.mp4|part_9/hug_video_1.mp4
36ef42dc724c9e6a74e422f087a28b392edc599be0210c9ea581c3035f130cd9,2,2,back|backbone,part_6/back_video_22.mp4|part_6/backbone_video_22.mp4
374ff33ef07b85c2db52d2837a043b668e5a88058717fbb3a5f2880a48ef821b,2,2,draw|pull,part_10/pull_video_12.mp4|part_8/draw_video_2.mp4
3757cc7b762dbf220f53546a0ea36f12fecdc47b1360e6b73274295c174bb550,2,2,couch|sofa,part_10/sofa_video_3.mp4|part_7/couch_video_3.mp4
375e01cc55b13c0265278c772995cc18c384f88c98f17c5ea7eca46068494222,2,2,alright|fine,part_6/alright_video_4.mp4|part_8/fine_20241119_172642_29.mp4
3783a6da6a0b0be8de3ee30fe49e865c3f8ac2364b006f03186945ed327976a6,2,2,compass|reach,part_10/reach_video_0.mp4|part_7/compass_video_0.mp4
3787838cadb0b295fcd2cf6832424f4cc3b02eab5bf6d62943708ed933fc5e4b,2,2,fourth|quarter,part_10/quarter_video_14.mp4|part_8/fourth_video_14.mp4
379d2f2c46fdb6c1340a0680b4301afb1083bfa0470ba75a8745c78d7dc30281,2,2,clear|pass,part_7/clear_video_11.mp4|part_9/pass_video_26.mp4
37c5ca3db338b4fd149a5256ec3f89365f1e753477b7c33ef07379d26cbfd1df,2,2,cancel|off,part_7/cancel_20241119_172636_2.mp4|part_9/off.mp4
380d322ab1d46109d15e51b356d373cc2a45c5be0844b3223ead3ce800cadfe1,2,2,sweat|work,part_11/sweat_video_4.mp4|part_11/travail_video_0.mp4
38373beb2fcb621d0b2671a3c4d50cd88d0ba937b005ad4a1437a4edb67df6aa,2,2,pen|write,part_10/pen_video_11.mp4|part_11/write_video_11.mp4
3861c499fa3599a5f95d7f0d985df4fed6d67c6ef2162200767f2c0edb27fe5b,2,2,design|figure,part_8/design_video_15.mp4|part_8/figure_video_27.mp4
38935f14817eb8c457badc36ef9c540bdd16f7666dadbc75989fdbfc5bae970e,2,2,early|year,part_11/year.mp4|part_8/early.mp4
38981df250fcfec3c50a635e16d0f55446d14085e74a1101834ce10d9a2ce8ea,2,2,press|squeeze,part_10/press_video_12.mp4|part_11/squeeze_video_28.mp4
38ab40a99eecee9d4f2e73cf9caaca173f93086d26ae6bb5685ceabce27fd7d8,2,2,america|us,part_6/America_video_13.mp4|part_6/US_video_13.mp4
38d84e2aa872af05a53daedcb3b0c5dbae7a8db24f8037d63d146fccabc393cf,2,2,disconnect|release,part_10/release_6.mp4|part_8/disconnect_7.mp4
38e9494f3a2052c945ac7aba2025f6944b7a06b8ea73b3af7e0abb3722054473,2,2,average|fair,part_6/average_video_15.mp4|part_8/fair_video_7.mp4
38eed4201f3259af5f3eb6ddd9bac430cfed78fcffc08d52995bd01d6bb82e55,2,2,bring down|get down,part_7/bring_down_video_35.mp4|part_8/get_down_video_32.mp4
38eef618a9cdf2b25d31468216c5c02948f69c4da31b485e2aaff7e825b8fb77,2,2,good|well,part_11/well_video_5.mp4|part_8/good_video_5.mp4
38ff34fa0c7bb100bff884da11b58cba1a7cfbfe8f717817a662a83a23af5b68,2,2,order|sequence,part_10/sequence_8.mp4|part_9/order_20241119_172649_19.mp4
391236e7d31564574fb457e32a0164070b97404fad2542d133135dfd802a7cbf,2,2,event|happen,part_8/event_12.mp4|part_8/happen_10.mp4
391e9db97621350c29b1fd8e299cf7721274a1ce8abef09ee59708c61217c08b,2,2,guess|judge,part_8/guess_20241119_172644_3.mp4|part_9/judge_video_4.mp4
391ebfd14721f7d27e1a59a662537232c212cfcff8851dabbe99c56d32fcace1,2,2,smoke|smoking,part_10/smoke_video_6.mp4|part_10/smoking_video_6.mp4
391fc08d473ab4661ab7e206cf22530dea0cd1c9c8ba8ed1835c70bce386b248,2,2,head|principal,part_10/principal_video_3.mp4|part_8/head_video_26.mp4
392f1ff2b69f30a677143beb537bcafa7881a7e2290d905977c0fba0527ffb43,2,2,awkward|inept,part_6/awkward_video_2.mp4|part_9/inept_video_2.mp4
396084cfbda6ec83668d9548cf76b53667a67cd0348f0159781aab9174a859ff,2,2,glove|gloves,part_8/glove_video_2.mp4|part_8/gloves_20241119_172643_3.mp4
39705d181f6bce2dc4028afb86cab0a188aa14a44abb31d74b03311ed3c37d07,2,2,cream|pick,part_10/pick_video_6.mp4|part_7/cream_20241119_172638_6.mp4
399ded161d5aeb8a55517f5a18fbb43af7abf40903d639bf3101abc146da7568,2,2,break|erupt,part_7/break_video_49.mp4|part_8/erupt_20241119_172642_3.mp4
3a0a1ba2d70683352df388de8a959469a102d92cbfbf8d4414319c6ee60a7d0c,2,2,adjust|change,part_6/adjust_1.mp4|part_7/change_15.mp4
3a2b9823ee5d499d1219bb946c65596b9c18417188221d13202803f0c8979b94,2,2,big|large,part_7/big_video_16.mp4|part_9/large_video_16.mp4
3aaaf96f374189056eb18fb9f79e99314150fa12ca2a21a931069530de2be9bf,2,2,home|place,part_10/place_video_11.mp4|part_9/home_video_11.mp4
3abeed6832cb62e0362ecfb63e5ffb8b8469c3611da04e23883f62fc7a7639ee,2,2,correct|right,part_10/right_20241119_172651_18.mp4|part_7/correct_10.mp4
3adf2004a6faab3d4799e843f837851dd66a40ddd726741307622fdad55cbb31,2,2,backup|relief,part_10/relief_video_14.mp4|part_6/backup_video_14.mp4
3ae45709983f28eb354994ad65305467adc140c768b7eb3ab05b752cb5381b5d,2,2,addict|nut,part_6/addict_video_3.mp4|part_9/nut_20241119_172649_9.mp4
3b319833d11e330d23440bef6cb89d94efd96ea7fc3785d27e62faa42e34a6e6,2,2,award|honor,part_6/award_video_4.mp4|part_9/honor_video_4.mp4
3b62e797ebf6495d97f6a7568a9ee8495d49d2916d5fc76781c5ae66523a33ac,2,2,pen|write,part_10/pen_video_16.mp4|part_11/write_video_16.mp4
3bb343445bfc28bfb67368dc1b557ada61899602f33a1aeb99421c230aef96ba,2,2,drop|sink,part_10/sink_video_3.mp4|part_8/drop_video_3.mp4
3bc2a55e21ebc0508bbbcaeef334ed3c4d0e34f9272b2034f47344f9b8a1f037,2,2,daughter|girl,part_7/daughter_video_2.mp4|part_8/girl_video_12.mp4
3c22e3274dc51019140e669115f67d19fc13b07271e3b53894e48c1ed36c849e,2,2,gift|invest,part_8/gift_video_14.mp4|part_9/invest_video_15.mp4
3c655344d2728fb19bc63861a193c3c24790c5846e2e05f856ceee8dec991cad,2,2,chair|president,part_10/president_video_8.mp4|part_7/chair_video_12.mp4
3c811c257d33d3d3bd9729a35465b3f642fbeb3224f9c01e45bc1ba61f4bc8fe,2,2,bathroom|toilet,part_11/toilet_video_11.mp4|part_7/bathroom_video_11.mp4
3c9f7ed51492c21d3c3f9275764f4774a2adffd9de374eddf5f1e1694166279e,2,2,boy|son,part_10/son_video_10.mp4|part_7/boy_video_10.mp4
3ca6da9017a25b21ad15b549dba0ef72043a7f44a1cc877503efb5d28a677852,2,2,big|handsome,part_7/big_video_24.mp4|part_8/handsome_20241119_172644_6.mp4
3ccf8d12f7ad011fee28881ef4cd9854f567c32595025d8d29b06ea462f6f297,2,2,analyze|study,part_11/study_video_17.mp4|part_6/analyze_video_7.mp4
3cf5cffcc8e7917044da317c7ac236be443423d159c56aefc42c3de5a2db8063,2,2,drop|sink,part_10/sink_video_15.mp4|part_8/drop_video_15.mp4
3d2218b36946404f5965aeb2d9aaa6a8b0e59e3bb8e148491ec013a52b2cd13d,2,2,end|over,part_8/end_5.mp4|part_9/over_5.mp4
3d70a2c45f1c5d1a0507fa74e57f1157d3b6297512deadb2987f5b885e317960,2,2,bicycle|bike,part_7/bicycle_9.mp4|part_7/bike_7.mp4
3db4d05a98dcec27a1ccfe0575ab6f60b8246031cae88a7e491af8b06514ee59,2,2,cheer|inspire,part_7/cheer_video_5.mp4|part_9/inspire_video_14.mp4
3dcf0014dc3c3ad5e592d67241b0ce4667155a05f2113477393780793fcdeffb,2,2,create|make,part_7/create_video_6.mp4|part_9/make_video_6.mp4
3de190b4fa4d9c06eea289c6a817471dbd0d80d467e8ff62892f18c052a0f1f9,2,2,morning|sunrise,part_11/sunrise_video_7.mp4|part_9/morning_video_16.mp4
3de9cc28481c664c322cf2a99626acf4a745f8c7d835a0eb9c06437c152473a4,2,2,france|french,part_8/france_1.mp4|part_8/french_10.mp4
3e3d7e74d5aa45d33c6b0ccae111af4afd5640244a0a880c5acd6d6ec2d49710,2,2,price|value,part_10/price_9.mp4|part_11/value_8.mp4
3e542c00b84fe129a6ce53cd8b48c9b254c6645063a70882e6d1e3ee88f7d07f,2,2,get|take,part_11/take_video_35.mp4|part_8/get_video_47.mp4
3eac35aa30678d2a4ab895cfbea47dc4faf33cc9ee5fdd5c1389238e295b5208,2,2,just about|some,part_10/some_video_1.mp4|part_9/just_about_video_38.mp4
3ec8462ed0ea02a11245a8edccf9008e4da00ae4753ad62f2960a9027b25cb92,2,2,awkward|inept,part_6/awkward_video_3.mp4|part_9/inept_video_3.mp4
3efb86a3bb1daf60010709407f7f15041ec6f3a64cc083caa896ffbe784cf18f,2,2,plus|positive,part_10/plus_7.mp4|part_10/positive_8.mp4
3f335b81d2a3347ed7a5934fa5af03969908402e3dbf206bfee94da28284e596,2,2,beat|measure,part_7/beat_video_34.mp4|part_9/measure_20241119_172647_11.mp4
3f706688705759fa34a959a1ecd8738b45bccabb09d398d69423a97fd6896973,2,2,eyeglasses|glasses,part_8/eyeglasses_1.mp4|part_8/glasses_6.mp4
3f87f10506e8d65b109eac35297287dc85aaee2f41dfaf0d2a53b958c13da52b,2,2,baby|bowl,part_6/baby_20241119_172633_3.mp4|part_7/cosset_video_3.mp4
3fa2c9b4db3a24a124d1f6c7d04745d2742224519d56f8b7975b0a77ea4f6fc7,2,2,earth|world,part_11/world_video_11.mp4|part_6/Earth_video_11.mp4
3fac864ad025704ffe11136aa08fe1ed3ee3a1e9f4e08bcc86c37d3de449f8e5,2,2,bug|worm,part_11/worm_2.mp4|part_7/bug_video_5.mp4
3faea6232d8f7e2154c6c44618cce4379d06fc3c51bd94801d7c83ab10fef902,2,2,special|unique,part_10/special_20241119_172654_7.mp4|part_11/unique_8.mp4
3fbafe2e95dbab6beb820077303216a74fe8c4dc8614ffb13c0a1c5256c5f8d3,2,2,bull|pig,part_10/pig_video_17.mp4|part_7/bull_video_12.mp4
3fc639daa9c9f2af92d46c5468107253e5de8a102089ace84c2175e7d95e1b7d,2,2,area|country,part_6/area_video_19.mp4|part_7/country_video_19.mp4
3fee4bc1d8e49e16cf26b91beaa8c023115a56516bc97ad32bde61e0c070535f,2,2,box|room,part_10/room_8.mp4|part_7/box_9.mp4
4009f52c738d8a6a062aacd450aa89bb3010cd36b0f3603245079a34e0315cbc,2,2,forest|wood,part_11/wood_video_3.mp4|part_8/forest_video_3.mp4
400a4d816b0667aeeeaa29f23de901739e7e2f6adce47d13d9afb8906fdb6f67,2,2,achromatic|white,part_11/white_video_8.mp4|part_6/achromatic_video_25.mp4
401091fb0b513da45e8573b13d324d89409425755d68e6b52c51ec171915abf6,2,2,appointment|point,part_10/point.mp4|part_6/appointment.mp4
403a06357b97b6520d6dc9c00cad23f1becce2dafb87e2219ab412c058fab2c3,2,2,trouble|upset,part_11/trouble_video_12.mp4|part_11/upset_20241119_172657_19.mp4
40734b8280ade9b3a3493a1519979e47e96436fe0bcb3f436451ad1aff8a7bb9,2,2,guess|judge,part_8/guess_20241119_172644_1.mp4|part_9/judge_video_2.mp4
40939a76bae6aa06c141944b245095072c963dcf67c990b54d03d5f38be71df9,2,2,duck|skirt,part_10/skirt_video_0.mp4|part_8/duck_20241119_172641_5.mp4
40c993661196a7bd8c8d34c5df5c7f2bfed11631a492582c0a26f33dd8178dec,2,2,earth|world,part_11/world_video_7.mp4|part_6/Earth_video_7.mp4
40cf94988aa6ca2cf8ed86d99b3d80df5dce7b6ff93aea5a46b3f690ca280e6f,2,2,champ|champion,part_7/champ_video_4.mp4|part_7/champion_video_4.mp4
40e945c396cc01cfbbe48c420d6de6df31d2138629cdf2aea9a8d697a780c008,2,2,bloom|flower,part_7/bloom_video_8.mp4|part_8/flower_video_13.mp4
40eeb4e524e5d39075af96a4a4e24529e8dd4b600888ffbb4f285172bc56eaa2,2,2,back|backbone,part_6/back_video_10.mp4|part_6/backbone_video_10.mp4
4118574ed3efcf8db1993550fca06985b463278686d21388ebc77694eacc5f18,2,2,dark|night,part_7/dark_20241119_172639_4.mp4|part_9/night_20241119_172649_20.mp4
41652e81af1ca8e77dcb91d8e1403419a4f804c594887142a5138fc6d8809d7f,2,2,cause|suit,part_11/suit_video_17.mp4|part_7/cause_video_17.mp4
4185ba3bbfd572b32dd6399f693382510888805c3fe340ffc3aefc979e243b9f,2,2,joke|tease,part_11/tease_11.mp4|part_9/joke_5.mp4
41909361f05eb63ff6a6bf57930a3383882d6870556a52429832a621cd26d355,2,2,hurry|rush,part_10/rush_video_6.mp4|part_9/hurry_video_6.mp4
41a3ccdf61fb4a0cf4e1113408ff3a8da04a8fbcc9a9fe215f8298fea931f064,2,2,pop|soda,part_10/pop_20241119_172650_11.mp4|part_10/soda_video_2.mp4
41b90649f415bfd1b7c8eb23fab7dd9689baa0aba20fcb8fd38dbafba49402aa,2,2,away|off,part_6/away_video_14.mp4|part_9/off_video_14.mp4
41f7396c87daaeda7b8cd0e0a7546ab06e4ba266b9de7f41940a20914e777945,2,2,rob|steal,part_10/rob_6.mp4|part_11/steal_10.mp4
4205adda119ec5d82f6c31e0d6e0a94cbfd4c20e06cad6df568c9cf3629325e2,2,2,act|play,part_10/play_9.mp4|part_6/act_5.mp4
4212082743971d6cbc27d0d602eb96b463d3512f145c9f65a511c12a14bf3338,2,2,earth|world,part_11/world_video_20.mp4|part_6/Earth_video_20.mp4
4216c6953c35853b6963fa858a9395d82fc479fa02496d4c4cccf037b8f43455,2,2,polish|smooth,part_10/polish_video_11.mp4|part_10/smooth_video_11.mp4
422dda7b193883460e836e0ee5a229ebed9ed48d80c19e585bf349b5dcbe4423,2,2,harmonica|harp,part_8/harmonica_video_4.mp4|part_8/harp_video_10.mp4
4236394846d26fa3cbc3c06461ec2e79ddd2905e8bd3ea513fb117adb86c32df,2,2,blow|float,part_7/blow_video_5.mp4|part_8/float_20241119_172643_5.mp4
424b801e16503618e44b5ff6d179c3ba19f84ec48845a354b818a254d1bfdcaf,2,2,forest|wood,part_11/wood_video_5.mp4|part_8/forest_video_5.mp4
424ea734db18066282fe1694bd9dba576507ff6895e0cce2161939efc7ca7912,2,2,mention|name,part_9/mention_video_3.mp4|part_9/name_video_10.mp4
425e00692231df3e5fc2873ae197d926e20fbdcb4caabb5b9ecda2ed3c8a28a5,2,2,gift|invest,part_8/gift_video_13.mp4|part_9/invest_video_14.mp4
42c11e95b737cf08bb4c99d95ace46dd65e9f634d826b70260a254b9dbcc612e,2,2,big|large,part_7/big_video_18.mp4|part_9/large_video_18.mp4
42f606e88103d6521aa109288a2b283c31b504dce48da3c68576fe55531c7ef9,2,2,back|backbone,part_6/back_video_5.mp4|part_6/backbone_video_5.mp4
4349aa21bb9b0335c8cfcc8e332663a56fe31efc469ff63a03cc3394fcd168b4,2,2,achromatic|black,part_6/achromatic_video_16.mp4|part_7/black_video_16.mp4
4373fe1b387b7f90e46bb6873a9d728278f9106879fd3c9f86b0f8c1260d291d,2,2,catch|grab,part_7/catch_20241119_172636_35.mp4|part_8/grab_video_26.mp4
4383aa7710652d45a2f4ad583182839eb318fcdbc46ad0781a5c8e48235c640d,2,2,lift|wind,part_11/wind_video_8.mp4|part_9/lift_20241119_172646_3.mp4
43ddc083adc0182656e1f0825c6fdac953e43cc19fccf8afb5ced229d6a2c644,2,2,newspaper|paper,part_9/newspaper_video_6.mp4|part_9/paper_video_19.mp4
43e3dcfe5831b042a67f8384e9e598ab8c457ca539e7db579f2287a12cab2809,2,2,cancel|correct,part_7/cancel_20241119_172636_12.mp4|part_7/correct_9.mp4
44006d4be36634865f8c7656ec759dac999dfe0f473a9b42de846d2238abc208,2,2,hard|heavy,part_8/hard_video_12.mp4|part_8/heavy_video_13.mp4
442b1cd04a1209c1c92cdb7d21d22a92298ccffec69829f960f6c6a7ec0ae885,2,2,france|french,part_8/france_7.mp4|part_8/french_5.mp4
444914ef8bc6202d44dd8569e10e4d8546a6c392df10a88b3da121cedc4af0be,2,2,gift|present,part_10/present_video_28.mp4|part_8/gift_video_15.mp4
444f18bcd6bf958d43e49f2686dfd188f914224cc5886e9c2a0a5b7e072c7ff1,2,2,class|separate,part_10/separate_video_9.mp4|part_7/class_video_12.mp4
44533bf24fd07215dae599e0f1106c432ad25da1aa11081f8f4b500140812a1c,2,2,earth|world,part_11/world_video_4.mp4|part_6/Earth_video_4.mp4
445c1ee1a7b9ac310e172b898daea9a44b2652cfc99b766b359772a7d854255b,2,2,backup|relief,part_10/relief_video_5.mp4|part_6/backup_video_5.mp4
446c8eea6350ee04be5bb36b0f72ef1e1f8b351b80b32521f766a4aa583b6508,2,2,blow|float,part_7/blow_video_13.mp4|part_8/float_20241119_172643_13.mp4
447fbfa0ed28ca547717940c514518a152f264565b6ce73e85a30abcc0572f3e,2,2,blue|down,part_7/blue_video_20.mp4|part_8/down_video_24.mp4
4486d556faf70eba146db27aec3f2ee714646823d23fd702be32e0433b28a252,2,2,blow|float,part_7/blow_video_8.mp4|part_8/float_20241119_172643_8.mp4
4493408c8e42d2d1bb90acd9581bbc0649b8366f91cfa7a23a10aac6f5f983d5,2,2,bike|motorcycle,part_7/bike_video_31.mp4|part_9/motorcycle_video_3.mp4
44a5dfccb69703b37e5682149d42d5bf241f5e0079494d9756d90ce3be4c652c,2,2,expert|good,part_8/expert_video_7.mp4|part_8/good_video_19.mp4
44f9bcdfb4b6eb5700b2f9e0d00f6989279693402db6def2ef2855347ea6ed56,2,2,drop|throw,part_11/throw_20241119_172656_8.mp4|part_8/drop_video_23.mp4
4551962dd513e134fcc8630dbd4b44367b3ce42d246557ffa8c3c3975938526c,2,2,area|country,part_6/area_video_21.mp4|part_7/country_video_21.mp4
461145b076c52c7bc6e8b8064914d9172724c309b74592c11684a838c176713a,2,2,hit|reach,part_10/reach_video_16.mp4|part_8/hit_20241119_172645_20.mp4
4622d8b25c6a372d4c257a2f87303d23628b442e4acfb6431c0f6d6e26616ecd,2,2,cry|shout,part_10/shout_20241119_172654_7.mp4|part_7/cry_20241119_172639_16.mp4
467695cb864bc15797e4be8aa65c6b6ac5ae3d922a9e906320a0c4db44ee1edb,2,2,area|country,part_6/area_video_8.mp4|part_7/country_video_8.mp4
46accb874e9cb30e1f174c1e1cb7682ec566f3c915f1ccb08b814528f8bab27b,2,2,fourth|quarter,part_10/quarter_video_4.mp4|part_8/fourth_video_4.mp4
46bb37b24b7c30c55e6b249673b83b18aa2caf1f18f5feb1c59a8fccc9ba46ff,2,2,pen|write,part_10/pen_video_9.mp4|part_11/write_video_9.mp4
46de94fa69234452187ee4f54ea6014b68f31f351e330bdd665e03d13614a046,2,2,dark|night,part_7/dark_20241119_172639_17.mp4|part_9/night_20241119_172649_11.mp4
4735de6296df014c6d38a6a12c0638af980ac3d998eff2b6fcfc03b98dddb6be,2,2,correct|right,part_10/right_20241119_172651_12.mp4|part_7/correct_6.mp4
473a9dabfe0157676ac17423997cd2db3ed909529c9dfdec3aa5578eab7aa2b7,2,2,face|side,part_10/side_video_14.mp4|part_8/face_video_14.mp4
474938d80247a468f4f1a9499e47d70ab02b85bb1675eea7ecdd0aaee41d6265,2,2,back|support,part_11/support_20241119_172655_12.mp4|part_6/back_video_34.mp4
4757aeead4528079fd87e5696ed631266d5bc5b96cd92b54e4d45afe9ea06952,2,2,cross|frustrate,part_7/cross_20241119_172638_22.mp4|part_8/frustrate_video_3.mp4
4779423f9aa0c04352348ad2b3e342a4bb247cf2fddd56d46521e7fc1007b89a,2,2,event|result,part_10/result_video_1.mp4|part_8/event_video_1.mp4
47a483b015348263cdcc8b8b0e2eeaa0f70bf9c8329ca701cbd140a54ddb04ee,2,2,assist|help,part_6/assist_video_18.mp4|part_8/help_video_18.mp4
480135eb02a32532cc2d04b8164d48dda58c72cc1c303269c4dce65125505b39,2,2,road|way,part_10/road_video_0.mp4|part_11/way_video_7.mp4
4805ae1cccc9de32864791f2fc638300cc7137983a21828db9ed4dd71b08b863,2,2,present|show,part_10/present_video_5.mp4|part_10/show_video_5.mp4
48071075415b1f8f5fc824a515139d42fcee47be9fcd5cb16b9d0e7776e1bcb8,2,2,adjust|set,part_10/set_video_27.mp4|part_6/adjust_video_27.mp4
482b9a53044399b49136fd199cb946f28ba6ea2ec20d46ee41f0f1680670e6fd,2,2,blood|line,part_7/blood_video_6.mp4|part_9/line_video_40.mp4
483476ccd20ca6097ab41b352a154a3b1fd5f4de1ed81eee758e8dab45c727f5,2,2,bathroom|toilet,part_11/toilet_video_13.mp4|part_7/bathroom_video_13.mp4
489b907360eef296e0a90aaca5499b3afd1d210aa30e4c7bb2c1060690611d8d,2,2,pop|soda,part_10/pop_20241119_172650_16.mp4|part_10/soda_video_7.mp4
48f461f9d5e88cd333eeebdeefd61b014e885053ec109ef1c09559369f84f7fa,2,2,break|separate,part_10/separate_video_28.mp4|part_7/break_video_57.mp4
49008b1595a799fc71e43dc53b4c178afb4f5a2a9b29f02f8195787351990158,2,2,relax|rest,part_10/relax_20241119_172651_6.mp4|part_10/rest_9.mp4
4909289886aa6f9904dd0fdc0f79d388bc6549da375c0e37ad828b417a921b47,2,2,chew|wad,part_11/wad_video_52.mp4|part_7/chew_20241119_172637_1.mp4
4952bbbcfedc1e95fdb2ec05c8c2a63fcd9d08dc5135725cb0a28eb743ccd4ca,2,2,cream|pick,part_10/pick_video_2.mp4|part_7/cream_20241119_172638_2.mp4
4970c421584a0f685d5fda0a5b71aa547dd2e47fc078e9905de8ac2398a332d1,2,2,just about|some,part_10/some_video_3.mp4|part_9/just_about_video_40.mp4
4973f8db007c256a052de0b9a5558cfc57dcb1993ccf6d2e60a408f903a084c7,2,2,assist|help,part_6/assist_video_17.mp4|part_8/help_video_17.mp4
498d21d29830cdde4dc3f835b44836276fc8509675cae8ad18127883a26e80b5,2,2,cake|hide,part_7/cake_video_7.mp4|part_8/hide_video_9.mp4
499968cc439ace680ec79f5c241c1c0b947c6ca134a638ef8d5e9a28cfa16baf,2,2,cause|suit,part_11/suit_video_8.mp4|part_7/cause_video_8.mp4
49a6ba654a8f117430a924f49d7b2c90a15424f8e34f1119a8166d98ddbe4ab1,2,2,eyeglasses|glasses,part_8/eyeglasses_video_12.mp4|part_8/glasses_video_12.mp4
49bf202d13fc311880b3726334f8115de864931c0aa97e3482ec6c5d47c91288,2,2,experience|feel,part_8/experience_video_8.mp4|part_8/feel_video_8.mp4
49f2be947426341f2fbbfd62f4e702a4cf75468287e5bd2982331fd426052660,2,2,dark|night,part_7/dark_20241119_172639_6.mp4|part_9/night_20241119_172649_7.mp4
4a0f0d150027f3c16761e41a1997ee4722ac03e7ee1b6ebe375c1f1d71aaec1b,2,2,net|network,part_6/Net_video_9.mp4|part_9/network_video_8.mp4
4a33f4c16351a122054595b01f24a79bbfa25b988b5edddff6ff1e2eae936250,2,2,clip|time,part_11/time_video_13.mp4|part_7/clip_video_13.mp4
4a33fbc779a601bf7dd6f519b64b92c9915930c29aec961732dd6bbe34d732cf,2,2,just about|some,part_10/some_video_18.mp4|part_9/just_about_video_55.mp4
4a5790c0085a53315b3043eae6cc303c93b3bf0a5338dfb40bb536811aa5ae93,2,2,good|well,part_11/well_video_6.mp4|part_8/good_video_6.mp4
4a8ac0c3bbbe15ff0fce373d42ad998a84be79952be4f8c9e2a1b75957e6ae09,2,2,duck|skirt,part_10/skirt_video_10.mp4|part_8/duck_20241119_172641_19.mp4
4ab8e6f34b0f2b7e380b782b5fd4b9dff87de937f574774067727a446ad05d9c,2,2,hard|heavy,part_8/hard_video_13.mp4|part_8/heavy_video_14.mp4
4acdf193987fc04c72c2041796511d455954d0e09cf34f7437a189cdf23b2591,2,2,check|train,part_11/train_video_8.mp4|part_7/check_video_18.mp4
4b048e4fecb6e3a8f129057c2664fef5dea5aef05583ac58060be672152319e4,2,2,backup|relief,part_10/relief_video_2.mp4|part_6/backup_video_2.mp4
4b0eeba0b2127a2e42eb38cdde56d2aaf5f70a109efd3dfccc7f754e735b1d63,2,2,carry|persuade,part_10/persuade_video_3.mp4|part_7/carry_video_3.mp4
4b435354d5656348270d193204e52607d801fe2656fe2a88bc3e6650639850fb,2,2,all|whole,part_11/whole_video_4.mp4|part_6/all_video_4.mp4
4b5049f83f1ed6add31e0e4862c8c31b955f6e9ba1fd0698021887db5e341ad0,2,2,drop|sink,part_10/sink_video_4.mp4|part_8/drop_video_4.mp4
4b86b1a47be631f0c005c6d2a02e016f7b0a6ddd52a1cfa3099e5dfe8c383015,2,2,blink|wink,part_11/wink_video_5.mp4|part_7/blink_video_5.mp4
4bb1ee927aaa6473f615ba3d3bee9cf78b2f8b06d82886fee3adf747b1dc91d0,2,2,introduce|present,part_10/present_video_19.mp4|part_9/introduce_video_4.mp4
4c160ba1b346b9f49f0b5ab1b4baa9c7daf103e33d3afa3c94e62edb6047b430,2,2,center|heart,part_7/center_video_2.mp4|part_8/heart_video_2.mp4
4c7e889bc30319e5cafef475a98f920240454158950b124cd1bf382fcb9fdd4f,2,2,down|polish,part_10/polish_video_14.mp4|part_8/down_video_30.mp4
4cb6a714b9e8e80c25ed3c67e77894507abece79eeaf7e710e90872b47e409f2,2,2,glove|gloves,part_8/glove_video_3.mp4|part_8/gloves_20241119_172643_8.mp4
4cd64cc1c5088afe29cf386c8ba8a1972dcdbf365bcc45257ea533099fc92e08,2,2,earth|world,part_11/world_video_19.mp4|part_6/Earth_video_19.mp4
4cdc2fc9bfcd2e13ab27aab7c5f1ef9b61810d0e1d7e91d261ceff490d8ea8e8,2,2,assistant|help,part_6/assistant_video_4.mp4|part_8/help_video_27.mp4
4d206684f729617772b20bedf7f04d86bb6b7dde686ff30256c5a6d0f54070f1,2,2,head|principal,part_10/principal_video_5.mp4|part_8/head_video_28.mp4
4d2e3630b199468e23bbae09613a6e27206fbc42abfe2eb12afb1dfa7818c4c8,2,2,daughter|girl,part_7/daughter_video_0.mp4|part_8/girl_video_10.mp4
4d2e5db97ae4b8dc1e2b9ce7df649d7585f075d723cf209bd66c5e10aa1cedcc,2,2,bull|bullshit,part_7/bull_video_9.mp4|part_7/bullshit_video_4.mp4
4d3765b3d33493ec1e287c6e31a2858ad38c264a5720edf96ecc0a59f87fbf57,2,2,car|machine,part_7/car_video_2.mp4|part_9/machine_video_2.mp4
4d4933f4a885b6d1aa25b3279eac33156ce9f92d6398ed41145cc8b647fcf325,2,2,hippo|pop,part_10/pop_20241119_172650_26.mp4|part_8/hippo_20241119_172645_4.mp4
4d4a69f94ecc2b3194666aefd589f2ea7cb3058306efe5ac59dd05a14b62d01b,2,2,i|v,part_6/I_i_aug_12.mp4|part_6/V_v_aug_24.mp4
4d78a36344c59f3d572d58cd54793105cf72659ecbe644eb85a2874e021e046d,2,2,celebrate|keep,part_7/celebrate_video_1.mp4|part_9/keep_video_4.mp4
4d8ef72f4bbbe38376b46f92ce30d62416604e68fc1b95a5dc7c9239711e3d0c,2,2,better|improve,part_7/better_video_12.mp4|part_9/improve_video_8.mp4
4d919ad947cf3049562435eb8299cc6bbc61dd782e703e6ba40d05d797f13343,2,2,earth|world,part_11/world_video_13.mp4|part_6/Earth_video_13.mp4
4db35e14dd73d3bdda554ab2ffc95dce6970dabaec0e20d6fcb8d923983d0563,2,2,form|shape,part_10/shape_video_11.mp4|part_8/form_video_35.mp4
4db388b50f6c9bbbdb736cb9b0f97382d903346b2090467707fde5881d57b1f3,2,2,away|off,part_6/away_video_5.mp4|part_9/off_video_5.mp4
4dc2d7c09f0265f7e802e085f1b1b485eba4933a1a4f7eff6ba56129a5314569,2,2,pop|soda,part_10/pop_20241119_172650_12.mp4|part_10/soda_video_3.mp4
4de474195a6fdaf728657d28cb7edb19faddac5e2121bb8ec69c1d9512ed03b4,2,2,chance|happen,part_7/chance_video_9.mp4|part_8/happen_video_0.mp4
4dfd541d8958aaf804d4c35aeb317cc58846d7dcde49cf664d8855eee14ce728,2,2,alright|fine,part_6/alright_video_5.mp4|part_8/fine_20241119_172642_33.mp4
4e058e7758a20945fe67474dc6c524b07c33a8d552b7cedd9e1d1c431959f3d9,2,2,end|last,part_8/end_10.mp4|part_9/last_11.mp4
4e0b1fb5e8121fee6497ce9da2a3075c12b2c1c763f976c07980a1dbb06d7516,2,2,internet|net,part_6/Internet_video_2.mp4|part_6/Net_video_2.mp4
4e127f5dd91c17fbf00014b923f5aa6e101166086fa79f5691984b60beb7bf7e,2,2,cream|pick,part_10/pick_video_1.mp4|part_7/cream_20241119_172638_1.mp4
4e19c933d59a346501cfa657199b25e753840ca786fc9b693625090a26af0e8f,2,2,couch|sofa,part_10/sofa_video_5.mp4|part_7/couch_video_5.mp4
4e21ae2d1680beea214a33844c2683a8947575e9c44dc5903c3ef69d3622d41d,2,2,should|shoulder,part_10/should.mp4|part_10/shoulder_20241119_172653_8.mp4
4e2a1ab1eb0e63373ee7b59d12200175d2bf49501dda2b44eb2727e8ddf45a77,2,2,high|highschool,part_8/high_video_8.mp4|part_8/highschool_video_3.mp4
4e37b593f693195bb999055fea789c66be2f0adedc2826c5c31b1e7aac61f8cf,2,2,dark|night,part_7/dark_20241119_172639_26.mp4|part_9/night_20241119_172649_3.mp4
4e41c4899992838c2d9c7aab57c5b6627b4681a1130e22476c38e53a4d285fd0,2,2,bathroom|toilet,part_11/toilet_video_0.mp4|part_7/bathroom_video_0.mp4
4e735207b80c43606aa2982845b79104e28c8070d7608f71ad02a426f0f3d50d,2,2,escape|run,part_10/run_20241119_172652_17.mp4|part_8/escape_video_4.mp4
4e8498a5147a6e94c47a4337567c9d187bf31702863e7f3611315aa48173f500,2,2,earth|ground,part_6/Earth_video_34.mp4|part_8/ground_video_30.mp4
4ece4b0db760f6db8b270bb1ada077d918f6876760be54b2e71da262ee43af62,2,2,blow|brag,part_7/blow_video_20.mp4|part_7/brag_video_2.mp4
4f2f753380da25f0aed2ae9e002750a4cb68f8ff265dd6cb8bee247ef9a8e987,2,2,guess|shot,part_10/shot_video_12.mp4|part_8/guess_20241119_172644_19.mp4
4f3145106709b4c24a2e095f8552e0feab2345af2b0d8798208c2e17cdc12d44,2,2,experience|feel,part_8/experience_video_9.mp4|part_8/feel_video_9.mp4
4f4bf057273fe42307397e5dd0e5f61644a97ee0bbf99e9192519b519cf74464,2,2,decline|refuse,part_10/refuse_video_12.mp4|part_7/decline_video_12.mp4
4f4e6754915d3ddf9932d00a3aaaa108b80ba246f5f5f19dc573f6b0fd47201b,2,2,correct|right,part_10/right_20241119_172651_21.mp4|part_7/correct_4.mp4
4f6861b04ec8413c23e139be2b37bbdc7e34c4cc1edaed2668fa06bbb0da7f54,2,2,blink|wink,part_11/wink_video_3.mp4|part_7/blink_video_3.mp4
4f6ab4d753b744e5d3b22043ad85eb09671cc6d4f603a0075ae7f78acfc4987f,2,2,all|whole,part_11/whole_video_18.mp4|part_6/all_video_18.mp4
4f95d0f24498e65b66e47dab0a0cd768277fb7f2f758b20ccf18c71f91c5f54d,2,2,see|understand,part_10/see_video_9.mp4|part_11/understand_video_3.mp4
4fbfb36d489b7e5555cebcba2b625e622f7af04944fc1dc9497fe239dcd28430,2,2,polish|smooth,part_10/polish_video_7.mp4|part_10/smooth_video_7.mp4
4ffda082adce6dc84b562963a44e07f2dbb4e0a6055cf37d63bd57cba675d5d4,2,2,chase|tail,part_11/tail_20241119_172656_13.mp4|part_7/chase_video_2.mp4
50314f5c5483c25121cd07dae4f8b6790bb5a9ff29a943bdbea3feda8a69079e,2,2,confused|lost,part_7/confused_20241119_172638_1.mp4|part_9/lost_video_10.mp4
507d37cfcc59bfc8bbfdd8b29fdde7b67b8c881e844556330ba0f21abbc4f854,2,2,alright|fine,part_6/alright_video_10.mp4|part_8/fine_20241119_172642_19.mp4
50a5e286eb6b64e7b19604c5efc19b7e3ba6cad81c28fdc5f0e3dca41c005ac5,2,2,develop|grow,part_8/develop_20241119_172639_12.mp4|part_8/grow_video_10.mp4
50a82521ae236a6025b224a9e070efdaf9dfc6b3957ce6d1bd3d9b44d86828a1,2,2,after|later,part_6/after_video_3.mp4|part_9/later_video_3.mp4
50dde8a731b31e8de3233efc2a2a8011f855b217e2bcffbb8b5cf89f8c2aa73a,2,2,gift|invest,part_8/gift_video_12.mp4|part_9/invest_video_13.mp4
51067696b8fae12287155b187786fa1c6f197e205f39ecff352ac7d7ad2a8f9f,2,2,misunderstand|understand,part_11/understand.mp4|part_9/misunderstand.mp4
510b708b2e8b13715cdf3e5589015eeca8d19c61857aeab3d51b7a5bbb81611b,2,2,bomb|fail,part_7/bomb_video_12.mp4|part_8/fail_video_10.mp4
51131fa6dd36359abcd6ef937a8c5addd3492e3dd55f6786b18931b503b5701b,2,2,carve|slice,part_10/slice_20241119_172659.mp4|part_7/carve_video_0.mp4
511799c10082d6cdfd435ff441e3f3e4b148f2303aa4a4d23f41ead7796e8ef1,2,2,cream|pick,part_10/pick_video_4.mp4|part_7/cream_20241119_172638_4.mp4
51311f2f84256cbe36c7ac719159b926dd2bec97365901ff4e60edf6d888fbab,2,2,divide|separate,part_10/separate_video_8.mp4|part_8/divide_video_8.mp4
513da75883a8c115beb5d961280a0bfebc015d223d36549aa481e00943a96af1,2,2,behavior|conduct,part_7/behavior_video_3.mp4|part_7/conduct_20241119_172637_10.mp4
516fcdcd118dc941cb1f52d56ffbd4ba1902b557967c3228e7814c22afd6fb51,2,2,backup|support,part_11/support_20241119_172655_15.mp4|part_6/backup_video_21.mp4
51beccf69e63672602f5c2efa6bf945e4bb9c5caf36533f418a0d68837f98832,2,2,fox|throw,part_11/throw_20241119_172656_19.mp4|part_8/fox_video_7.mp4
51c9ac40d998ddef66bd6ef26ab0f8ebecc1feddd6886686e48389ab84613230,2,2,dark|sour,part_10/sour_video_2.mp4|part_7/dark_20241119_172639_23.mp4
51ea3f921f95e7cb66fe54196adf9eedc8df81ae61b9eefd99f886f1f036206d,2,2,muscle|power,part_10/power_2.mp4|part_9/muscle_7.mp4
52213aaf1f48a855a7b8b4560d324cdf242cab6524b13108be13da9ff1920fd2,2,2,pen|write,part_10/pen_video_15.mp4|part_11/write_video_15.mp4
52b5a62bb93b3b2ca107cb977efa305487cee17db35b82ac3a3fee4af45f20c4,2,2,deal|take,part_11/take_video_27.mp4|part_7/deal_video_66.mp4
52df1af5fbee18f1655554d9ef91dfebf0f480389cfe1fd76d02a568ebbd5288,2,2,due|owe,part_8/due_1.mp4|part_9/owe_video_3.mp4
52f6173da5129eae3a6df2e46c722b28bb037628c41e4b36017acdefdb79312e,2,2,car|machine,part_7/car_video_5.mp4|part_9/machine_video_5.mp4
5318c87d3a5d2bb8ada54527ece8f413479b60176c8ae5709a60258687a7863e,2,2,open|spread,part_10/spread_20241119_172654_2.mp4|part_9/open_video_27.mp4
5374559701eaa543bb510d00a7c52864a6cbadc6aa21e0875af8f928504937ef,2,2,girl|miss,part_8/girl_video_5.mp4|part_9/miss_video_24.mp4
546cbeaf68d4d0a90ee90b21cf729b5a75d92fba4378b9669193516fc0b06071,2,2,because|why,part_11/why_7.mp4|part_7/because_11.mp4
546f0b0c1acd05d9d98673fac96dd7375348f9f47e266c1d9415af2c13ce0126,2,2,present|show,part_10/present_video_11.mp4|part_10/show_video_11.mp4
54aec478905fb5c1630029071d9cb8a79fcc86071aa93cc65140cfe55db6992c,2,2,roar|thunder,part_10/roar_20241119_172652_6.mp4|part_11/thunder_video_2.mp4
54b507477de593a84b78268d6099a221ec726b042049091943a91715c48d519e,2,2,ball|catch,part_6/ball_video_4.mp4|part_7/catch_20241119_172636_29.mp4
54b65fd20936a919dcc9377e7e55085d4a2a2fb521674c56b2b4f93b2c61744f,2,2,lose|miss,part_9/lose_video_13.mp4|part_9/miss_video_13.mp4
54c295e5016db19e2b3b20b94a6790704c40d3b78d05c638b556af1d2890a623,2,2,break|check,part_7/break_video_39.mp4|part_7/check_video_21.mp4
54d8565e4150e9c373a536e2779178d56066625d7d1fb8d0a71a27da461c03c4,2,2,deal|manage,part_7/deal_video_55.mp4|part_9/manage_video_4.mp4
55206c1c576d4baf5edbaaabe5aacf593cb9fa084841dc33ce8d877e9e48a918,2,2,better|improve,part_7/better_video_7.mp4|part_9/improve_video_7.mp4
552f94e574ecb7166d29144e46a6bfb48b6211db9695b29374a3952045a3dcc4,2,2,bike|motorcycle,part_7/bike_video_30.mp4|part_9/motorcycle_video_2.mp4
553a8dbe71f368662e80695249e76b6aa30df0cc4fa786bd92a4508bf6da72bc,2,2,act|play,part_10/play_video_25.mp4|part_6/act_video_9.mp4
5541d8152dbc0be24adacf0803d2c7b85c95073f210a99080a7f756d7df08fbd,2,2,evidence|proof,part_10/proof_5.mp4|part_8/evidence_8.mp4
55585fc39db5e4450728978cd640464f9199e2d610ac9b19b4c17a96f354513c,2,2,center|middle,part_7/center_5.mp4|part_9/middle_11.mp4
556ca7ead6b8ef9f39e4ce7478b85a14161c8a0cb8a4ed187755258e91df1626,2,2,spill|spread,part_10/spill_20241119_172654.mp4|part_10/spread_20241119_172654_11.mp4
55a8d9faaaaa23307a79f6a93e293fa84e82b7de34cf82c1476f5bb3d4c3c936,2,2,polish|smooth,part_10/polish_video_8.mp4|part_10/smooth_video_8.mp4
55c3419a6e5fe7a5fe8e1f59789c7c9e3066b77030a159db329a38a82b59ab9a,2,2,dumb|slow,part_10/slow_video_11.mp4|part_8/dumb_video_4.mp4
55e960b8d51cef2b8496b2ed2c55e1491916742d1e10c000ca497f9f79e2e8d0,2,2,back|backbone,part_6/back_video_17.mp4|part_6/backbone_video_17.mp4
565b74faede606a217cc5397cf88bdeebaf81385bfec2af5da91dc838e057c59,2,2,catch|grab,part_7/catch_20241119_172636_42.mp4|part_8/grab_video_20.mp4
566fec63b34df7f122abc6924ef0a8925fec262910fadc522426aa2bddb0c788,2,2,adult|tall,part_11/tall_20241119_172656_8.mp4|part_6/adult_5.mp4
56759f8c168867b86f3ab05c2470efab7c58cf40a719857646e10c71f3f6b395,2,2,all|whole,part_11/whole_video_15.mp4|part_6/all_video_15.mp4
569bd825c1331ed6e8fb0afdb24272aa52999316a544390e721587f74ea1fe9c,2,2,average|mean,part_6/average_video_4.mp4|part_9/mean_20241119_172647_15.mp4
56e1eb8f8125c4f2a2c2460e8c0e8a8a30b9c5315915221d014cc851aa8f6841,2,2,glove|gloves,part_8/glove_video_8.mp4|part_8/gloves_20241119_172643_7.mp4
574f7bec80a906f655da0c302c1190e378f9952737a2bef1dcace573fd08a720,2,2,decline|refuse,part_10/refuse_video_10.mp4|part_7/decline_video_10.mp4
57687ef730954b61539399ad3097b148022171104360c48abb254957f8d5a2e3,2,2,analyze|study,part_11/study_video_10.mp4|part_6/analyze_video_0.mp4
576e9736219ff2a6e3a2acb2432c2000cefe5cdd76b65bd51607c97526ca467d,2,2,earth|world,part_11/world_video_16.mp4|part_6/Earth_video_16.mp4
57aacc1d0a195c8e6dadf58da43a9109f86010f84c26efaa09cf5611d39237c9,2,2,class|separate,part_10/separate_video_14.mp4|part_7/class_video_17.mp4
57bcb46e3c70973f12542d80e291988ba5282a3b162311ecd528d33ffe21802e,2,2,strange|weird,part_11/strange_9.mp4|part_11/weird_5.mp4
57f300bd099c13f7d647e774c15ff406f19664b27bfe0aea9f6e67b1b2d4a899,2,2,after|later,part_6/after_video_7.mp4|part_9/later_video_7.mp4
585f6d3f670ceb3e21746e51afb9ac0309da6242c260653c127179f22cee72ca,2,2,bar|cake,part_6/bar_video_10.mp4|part_7/cake_video_9.mp4
586947c4f9b318e7b4766240b780584ccbbf97318a7f462a5017e32ea9632325,2,2,promote|push,part_10/promote_video_3.mp4|part_10/push_video_6.mp4
588ac5c20b41486f53e5a114db7d65e832d88374ab534cd61285f8859467d966,2,2,bring down|land,part_7/bring_down_video_36.mp4|part_9/land_video_17.mp4
58e8d23a833961b4ce6e6e34195472de293e80242a44cdba9272dcdd1b913c41,2,2,breathe|rest,part_10/rest_video_7.mp4|part_7/breathe_video_6.mp4
58f36e1b580ba951067d07ceaaa166ec7e112c60db34f031e22591438babbb1e,2,2,shooting|shot,part_10/shooting_video_2.mp4|part_10/shot_video_9.mp4
5919867885a74154053449889b1ab18db7cbbe2445e58f50abc8ae70f8f850b2,2,2,hard|tough,part_11/tough_4.mp4|part_8/hard_5.mp4
597649d4fe0f16370ea91c227d31f43cfeae6af244dce13de2ae7aae73f5077e,2,2,eyeglasses|glasses,part_8/eyeglasses_video_5.mp4|part_8/glasses_video_5.mp4
598170c9da820f749aad068d61a61827984fff18416025059bf14d2a650d44a2,2,2,bar|cake,part_6/bar_video_11.mp4|part_7/cake_video_10.mp4
59f73caa653c0736efc341b064c8827815942387781a22fa9a1426318b26fed0,2,2,girl|miss,part_8/girl_video_9.mp4|part_9/miss_video_28.mp4
5a081be9afad73796fa74cfeb222f1885324d82bcfbed71d9a7a4ac1ff3085f8,2,2,fence|fencing,part_8/fence_20241119_172642_16.mp4|part_8/fencing_video_7.mp4
5a0f89f7b55a26bed6f40fdc1d7b289364df864d91729980fa04cfb97901eeac,2,2,catch|grab,part_7/catch_20241119_172636_4.mp4|part_8/grab_video_22.mp4
5a10e68b15c8257c846b1857e5ee77d5e7df469539494da88a978c38cc96c5ea,2,2,jewelry|necklace,part_9/jewelry_video_1.mp4|part_9/necklace_20241119_172648_4.mp4
5a2842b4c42e86d9da73bfd6bddd0e12382e0e4bf02693a19410c32d7323f7b1,2,2,divide|separate,part_10/separate_video_19.mp4|part_8/divide_video_13.mp4
5a33694de0b610838aeb927e79a02240366922bb19a3616cdb0d1286d27934e0,2,2,catch|grab,part_7/catch_20241119_172636_16.mp4|part_8/grab_video_0.mp4
5a3f7ce4762b09a154d8cc6a58f93933d3d1c6aaf2fa3dc9542438810375235a,2,2,adjust|correct,part_6/adjust_video_1.mp4|part_7/correct_video_1.mp4
5a73aa523b07b4af6c10899c34729d8e8ecbafea9299c2818e1a8eec8b36e681,2,2,experience|feel,part_8/experience_video_13.mp4|part_8/feel_video_13.mp4
5a811d5477852255bac8154d0b3daf82d67a967cf059e1996e0eef3bc6522f01,2,2,run|test,part_10/run_20241119_172652_33.mp4|part_11/test_video_12.mp4
5ad1a26768a7cc32e08644f8a926997d87804719d4f63658e39ee8eeb1bb288d,2,2,fourth|quarter,part_10/quarter_video_5.mp4|part_8/fourth_video_5.mp4
5b51dc3fa0bc869febf4485959ec00f4cc6f8764e4884559200623a908c96c5f,2,2,achromatic|white,part_11/white_video_5.mp4|part_6/achromatic_video_22.mp4
5b5e88b573d63cbb781ceec676837c99e76609f07d7df8f4d86016983d000f9c,2,2,plan|set up,part_10/plan_6.mp4|part_10/set_up_video_17.mp4
5b73bb61a2636f48ae4b2e4534c1422991fabd1a469aee8f21c9c315595f4790,2,2,bomb|turkey,part_11/turkey_20241119_172657_13.mp4|part_7/bomb_video_13.mp4
5ba45137b872a781c15e4b1ddb634258ce9ad82e4674c70f33c06c94561d3cd4,2,2,drag|pull,part_10/pull_9.mp4|part_8/drag_20241119_172640_14.mp4
5bcaca764399793daabfc0d27bedbfe2458f954d1119036588c5b9d91dcbd386,2,2,nothing|zero,part_11/zero_video_0.mp4|part_9/nothing_20241119_172649_14.mp4
5c360594ddd5e3440622850a45640ed1259c7f755de216732da9e04c958becb1,2,2,expect|hope,part_8/expect_2.mp4|part_9/hope_1.mp4
5c415e6147b84d84e510db19a354881983f6dcdb000c1126a8047c184a4bcded,2,2,back|backbone,part_6/back_video_24.mp4|part_6/backbone_video_24.mp4
5c5ef158bc4b890b194470d61f93aff57a8a33ce70b13cfdc8d68d625201acf5,2,2,cry|shout,part_10/shout_20241119_172654_2.mp4|part_7/cry_20241119_172639_1.mp4
5c7265946d166f2ea5d4fe52d3ca820375435a809d86af51051e10d5284c25d8,2,2,keep|support,part_11/support_20241119_172655_19.mp4|part_9/keep_video_10.mp4
5cad27c4ccb880385f6789e570f55035ea2d121d7e3813b6a4b81338653ba283,2,2,bar|cake,part_6/bar_video_13.mp4|part_7/cake_video_12.mp4
5cf41d7706221d3860c123c42d61534372cc8c6da7eb271c77c1d2c25885f808,2,2,apparel|dress,part_6/apparel_video_16.mp4|part_8/dress_video_16.mp4
5cfb728627963651f1d0c6aa46097048c0985a648c56f1cfe1716a3178fe9f4d,2,2,behavior|conduct,part_7/behavior_video_0.mp4|part_7/conduct_20241119_172637_7.mp4
5d2478ff92ee6b960cd5a92325a583700489b5d6444c948838f6b948da2dd544,2,2,price|value,part_10/price_video_11.mp4|part_11/value_video_10.mp4
5d2b81e2ab33181a1855d14206a164f93a5f90c4e7ceee748c42232248f1b828,2,2,fourth|quarter,part_10/quarter_video_6.mp4|part_8/fourth_video_6.mp4
5d6b0910691ec60b5efbbd27e63f5360427c90df72add26e24f1aeaa516fc0a0,2,2,disappear|vanish,part_11/vanish_video_5.mp4|part_8/disappear_video_5.mp4
5d76d8b4d16cdf7c351f7168388ea8a552845c94f2b8fb1a0277a5f77bcc7b0c,2,2,eyeglasses|glasses,part_8/eyeglasses_video_0.mp4|part_8/glasses_video_0.mp4
5d955dbbb19576cedcaa9b67c8eead8f5ebe1c2547f68649457cc4c99b3a70f0,2,2,edge|march,part_8/edge_video_3.mp4|part_9/march_video_3.mp4
5dca4c651e4da700d5af879f41fdc205734b3d8b71c13ecead714ae6c49bce3c,2,2,cause|suit,part_11/suit_video_11.mp4|part_7/cause_video_11.mp4
5df49532a53eb5f930be5afc102974dafc6afb85ef58553397545cb3dd0df421,2,2,back|backbone,part_6/back_video_9.mp4|part_6/backbone_video_9.mp4
5e18b79102802b46555340fed815b79aebde4cba84a9ba18439e9dce6d84e055,2,2,before|past,part_7/before_15.mp4|part_9/past_13.mp4
5e1c7bc8ade86c43e89a2645edff80f24860015de556ec1f7417f55575eb6c17,2,2,place|put,part_10/place_video_30.mp4|part_10/put_video_11.mp4
5e226479937849dc609107cf9e188b6a519e3cca89e6a1ae64904a055315c10b,2,2,dessert|sweet,part_11/sweet_video_9.mp4|part_8/dessert_video_3.mp4
5e34e936f120b7e920d2297e1f885ce0c36a67d44ae5e460df94041a76855a0a,2,2,floor|story,part_11/story_20241119_172655_4.mp4|part_8/floor_video_11.mp4
5e3b580d3604ad6624970581492492da915ef2e58c7355f3fc520637e2e54338,2,2,boy|son,part_10/son_video_4.mp4|part_7/boy_video_4.mp4
5e41012a4270cba88c08ca0dc43b45f3f04074b16f637c4819018084b2d3d347,2,2,closet|press,part_10/press_video_6.mp4|part_7/closet_20241119_172637_11.mp4
5e5d605e9f7e5139d004547651565a4112ef7c8848d323c99f2ab46deef216d7,2,2,drag|rag,part_10/rag.mp4|part_8/drag_20241119_172640_4.mp4
5e60c01de0984f5299bfb05087da21e8bd9a44ef2b63ff79862fc63905f1c404,2,2,meet|see,part_10/see_video_17.mp4|part_9/meet_video_7.mp4
5e8e236034a49a41fe7befccffff765e23633d6caf86d69756ff59ec3b34d47e,2,2,cry|shout,part_10/shout_20241119_172654_4.mp4|part_7/cry_20241119_172639_22.mp4
5e9641e99c5f156ef92ae8b84ce14ada6643c87abca8b6195ccc18540cdf18f1,2,2,peck|pick,part_10/peck_video_52.mp4|part_10/pick_video_26.mp4
5eda6863373d1c2a88b8573d9f385acfae81bcc49bcfe83a045bef25c10f5c3a,2,2,interest|island,part_9/interest_(finance)_video_0.mp4|part_9/island_2.mp4
5f08d6465028dde631fff5462d22336f3d04c553bea43314535eb9cc5f56d879,2,2,drop|sink,part_10/sink_video_10.mp4|part_8/drop_video_10.mp4
5f121a040f9f9a93d62ffc9b689a20d9b70d2b8c9f7bcef0742faa672eef45aa,2,2,postpone|table,part_10/postpone_video_4.mp4|part_11/table_video_14.mp4
5f265c735599b88b05aa054efc2572b547256a4d29b7c71f5efb43e3fe554393,2,2,immature|young,part_11/young_video_10.mp4|part_9/immature_video_10.mp4
5f4fdffa4eb28031c643249d2d8fa673c2e10e0af7bc8bab0cb9f17362eae59c,2,2,present|show,part_10/present_video_7.mp4|part_10/show_video_7.mp4
5f64614945d026a24e712c43ab3d7c9e6ca15394b2c30d02e511e82b277aaa90,2,2,fourth|quarter,part_10/quarter_video_11.mp4|part_8/fourth_video_11.mp4
5f80b24bd247af330134fc4b23013dfe69e1fea8d473e3eb129f7bfcd0851c8e,2,2,jump|turn,part_11/turn_1.mp4|part_9/jump_video_20.mp4
5fa60469ecefa421a26736f7a3b32857252e661ac239c60c86ab8094080bcc46,2,2,bright|clear,part_7/bright_2.mp4|part_7/clear_8.mp4
5fca73bd961eea702bff8115900e404c51f6ee5abb778581ee41297bc53a5526,2,2,backup|relief,part_10/relief_video_3.mp4|part_6/backup_video_3.mp4
60117d6abfa3a4ce9546be0ebd8900d78041fbac4233ffc627bdfddd5eb34770,2,2,shop|workshop,part_10/shop_20241119_172653_1.mp4|part_11/workshop_video_4.mp4
601caae678105d00b7d1b34bbc6a9b7f040b1143bd8c30b7aa590e92cd3c484f,2,2,cause|suit,part_11/suit_video_12.mp4|part_7/cause_video_12.mp4
602e30e04da8020635eb188df8e617ea553f07f8e413ab083fad87a22de2f07e,2,2,big|large,part_7/big_video_11.mp4|part_9/large_video_11.mp4
605da4f36ddf4ac77c2436819d0c252ce58a8917c01113077d45f672a2fcb234,2,2,present|show,part_10/present_video_9.mp4|part_10/show_video_9.mp4
60725915ea43bebd64aa5e2040b56f9e9ae661f434e3d4d9d8c0bab425e341ca,2,2,interpret|see,part_10/see_video_14.mp4|part_9/interpret_video_10.mp4
607e0a7d40a6d1e5582c9e7dc833c8e8247f98279107e1b1b4cc8f7b952f4bd3,2,2,bounce|bound,part_7/bounce_video_0.mp4|part_7/bound_video_0.mp4
60f95897b485691a0356342427b85d03def32d9bd017b79c2954f240f4e05718,2,2,book|hold,part_7/book_video_21.mp4|part_8/hold_20241119_172645_32.mp4
610e7281eb3ff638f3a5033d2a16f21a0046a42d8aa8bf680a5e95bcd3957ca9,2,2,see|understand,part_10/see_video_12.mp4|part_11/understand_video_6.mp4
61312a56252fba51c1c3e4294118a697f7481d66dbfba7880c509354ccef515e,2,2,duck|skirt,part_10/skirt_video_5.mp4|part_8/duck_20241119_172641_21.mp4
61660f9eaaa67e266516016fe82c2a06f09d32815cc31f653806da780af33e8f,2,2,decline|refuse,part_10/refuse_video_13.mp4|part_7/decline_video_13.mp4
61769fa588eaad022b22431eda811b42dd8e04dc2741c13b13d565f1f075e865,2,2,hug|squeeze,part_11/squeeze_video_3.mp4|part_9/hug_video_3.mp4
61a96e052a0162d16bbb304cde45142a0a8654d007d1e075f0dbad5e66adaa35,2,2,fourth|quarter,part_10/quarter_video_2.mp4|part_8/fourth_video_2.mp4
61dce50176d489b8670c17974131bbd30152434013a7c3af59390ca799caf7c5,2,2,polish|smooth,part_10/polish_video_9.mp4|part_10/smooth_video_9.mp4
6212ea09f3b1e4ff613403fa205c522bc0cf3bdd89432dbd7300d1cf4df08de1,2,2,document|slip,part_10/slip_20241119_172654_3.mp4|part_8/document_8.mp4
62187b68d9917ddc40fcc78d94c7e87709aa075ca1be896d0aceae39069e5a90,2,2,universe|world,part_11/universe_video_1.mp4|part_11/world_video_22.mp4
6237c8e10c47255f48712802937d98612f7a66587c6f66eac1364da6450738d2,2,2,nothing|zero,part_11/zero_video_9.mp4|part_9/nothing_20241119_172649_9.mp4
627bcaabd8c634f8d47ea8c8ae671d7d57c6ca2aa499b5b973ec520320c27749,2,2,find|pick,part_10/pick_7.mp4|part_8/find_14.mp4
630f3c9ae6c12781719cc1a546c268ea16c1a90a280171b9a310d545b8c1b136,2,2,mine|my,part_9/mine_video_6.mp4|part_9/my_video_6.mp4
631422fc987a4dd34c7e29e80d80b82cb3f69e92f30e4e0a607704ee172390b5,2,2,dizzy|silly,part_10/silly_video_2.mp4|part_8/dizzy_video_9.mp4
6338255bbb52f482669827733dbbdcda71776a7733c8b6bbacebae0588ad1fc9,2,2,respect|value,part_10/respect_video_8.mp4|part_11/value_video_15.mp4
63593dab6651d2636719895d23838eae14f9e8e0b851a7f755835a6057c1e7a4,2,2,plus|positive,part_10/plus_13.mp4|part_10/positive_6.mp4
636fb1b4ab1c5e0a35e195e781fa79a62e25c2efae855a1ce71067bdeb63e31b,2,2,break|demote,part_7/break_video_25.mp4|part_8/demote_video_3.mp4
63905e519cbe15a51c9e52d292ac1121315e9758828f15edb0b6676dcd636443,2,2,one|single,part_10/single_video_0.mp4|part_9/one_1.mp4
639613e712add8d6c9c4b0f4c8a1fbac0e60a807f28fec786591074a36687e71,2,2,adopt|take,part_11/take_7.mp4|part_6/adopt_7.mp4
63b47a0112ab5724dc2b9924ee36d1dedd606c500dc84a1e2d86d2eee424e700,2,2,lose|miss,part_9/lose_video_10.mp4|part_9/miss_video_10.mp4
63b4b00111d34dd7989a66c7290c9f4fab9006398a440d28135ba5837555b7e4,2,2,grasp|hold,part_8/grasp_video_2.mp4|part_8/hold_20241119_172645_13.mp4
64020969bd348de41ea3c820605904cd225b6f4719e41b56bf45cb4784090987,2,2,immature|young,part_11/young_video_4.mp4|part_9/immature_video_4.mp4
64140f22457c12c9792d961335998114cce9d5f3b8b067e91f76f6c4e27d4819,2,2,frame|set up,part_10/set_up_video_37.mp4|part_8/frame_video_6.mp4
641bd94a3e84303bb4b55fe38d6ae1ee84e2dc52f31aa0308fc478c4d327dc0b,2,2,impact|touch,part_11/touch_video_2.mp4|part_9/impact_video_2.mp4
64286e1528c54d162a542e800c8b721b0ac6fb7253df178e7048eebc677128c6,2,2,journey|travel,part_11/travel_video_28.mp4|part_9/journey_video_3.mp4
647407367a3782cdcfee8bacdcc2cc03bae60a4c154a57fd392b13f842b3cbd5,2,2,assist|help,part_6/assist_video_10.mp4|part_8/help_video_10.mp4
647f818e339e5ee9c4129dcb85133d74cfc819ccbeeaf82515eb515eee4c27b2,2,2,accomplish|reach,part_10/reach_video_6.mp4|part_6/accomplish_video_3.mp4
648a7ae0313f2e2a9d9df9b49225f02e8c93d942f31b7b50bf973f8f5eeb2e07,2,2,pen|write,part_10/pen_video_5.mp4|part_11/write_video_5.mp4
648c1733f2ad16ea8331c1a583a04518c908e7781ab7549b7099830349a2f672,2,2,crazy|mad,part_7/crazy_video_4.mp4|part_9/mad_video_4.mp4
6490d6943ec0112f4ff7699815403d0d85099fb2bb19c66376ff87bf1e74afa2,2,2,date|engagement,part_7/date_video_8.mp4|part_8/engagement_video_2.mp4
649671eadf8ded319ca14a7c23ed4f8e113b0879f6ba2b161f2ba15bcfa94f7a,2,2,find|retrieve,part_10/retrieve_video_10.mp4|part_8/find_video_15.mp4
64ad4d279f348361349080d007ce857dea0d24e0b31d5ff2394b0f7f6140013f,2,2,complain|plain,part_10/plain_video_3.mp4|part_7/complain_video_3.mp4
64b574a68b92f13dd4c65501a592b5c01c1e6a5ac33ae23322c2a116db2fbfc3,2,2,break|separate,part_10/separate_video_23.mp4|part_7/break_video_28.mp4
655b57f1fc7594cf02efd4ba0f9fb515e4d23213472ccf55f5e3bcdb9171c3e0,2,2,clip|time,part_11/time_video_24.mp4|part_7/clip_video_24.mp4
6561dc9397f711b986b58a76d3b377119f7a42b65fcaccaebb9be80682482e9d,2,2,hug|squeeze,part_11/squeeze_video_7.mp4|part_9/hug_video_7.mp4
65719ab81103923fae847f5a3d025544cd01232904ab5ba58c653378b94e546f,2,2,disappear|vanish,part_11/vanish_video_9.mp4|part_8/disappear_video_9.mp4
65859eb1dd810435ae64ef7bced437bdf6f97d5470d7da53a251958683026379,2,2,test|try,part_11/test_video_13.mp4|part_11/try_video_17.mp4
65aaebff120b291258ccda489187ff4b4d2040d07f249b295d6e6d32e4ffbd82,2,2,away|off,part_6/away_video_6.mp4|part_9/off_video_6.mp4
65b3c1a141261099c3f6cd9fc6b8ad91d4801acffcc3103d1b951cfb187cb980,2,2,achromatic|black,part_6/achromatic_video_6.mp4|part_7/black_video_6.mp4
65f8131c3feaedcca04a8e29bfad201befae39ea4e7986a236ae471a51e661b3,2,2,separate|tell,part_10/separate_video_25.mp4|part_11/tell_video_12.mp4
6632813b07a415d59ca52dfc839a136c78f1568e3ee437f501fce6bf9cbde375,2,2,hurt|pain,part_9/hurt_7.mp4|part_9/pain_8.mp4
66fbe526e2cbd38e12c8e50cc988dbcfba32f099083747cdf44830a08cbba905,2,2,check|proof,part_10/proof_0.mp4|part_7/check_video_22.mp4
670c1c33cb0df2cff44f2d834d858af5e4e5d722f01ffdb4dacf74549a63ef69,2,2,shooting|shot,part_10/shooting_video_4.mp4|part_10/shot_video_11.mp4
67140fc82beafd648226e734ac07bb561ffe67aa59b5441e9447c4c0cca5cf2e,2,2,smell|stink,part_10/smell_3.mp4|part_11/stink_9.mp4
672646fe5ccc6791506bb448df9edca30bde55df13e32e09c55a4326f4a26925,2,2,bring down|get down,part_7/bring_down_video_32.mp4|part_8/get_down_video_29.mp4
672d6f1e3721004233ce9927003f20d0f26a6f88d6204db223f8b94f1bf58a4d,2,2,car|machine,part_7/car_video_14.mp4|part_9/machine_video_14.mp4
675da074b2213cdf6f103e57c33159f1a82c0a3b1ef33ec8587e54b7bed2f09c,2,2,humble|small,part_10/small_video_26.mp4|part_9/humble_video_10.mp4
676869c637b91e7799a6d3fc89d4bf2b0a31690efc2c48c86a1129b335a6e598,2,2,peel|skin,part_10/peel_20241119_172650_3.mp4|part_10/skin_video_5.mp4
6776d6f06e3afd2bb4ec08a442a3c8332ae0f9a1c78475b56647b50acecc4e5b,2,2,dig|shovel,part_10/shovel_20241119_172654_7.mp4|part_8/dig_11.mp4
67fdd22b4127072c46065ef244234dc152174ea4ca27b17032e1a3146acdd62b,2,2,bomb|fail,part_7/bomb_video_11.mp4|part_8/fail_video_9.mp4
681c7e91ea7bb2c184ab8bdc1fb23543d961707233df7389c35b602ed18e79e7,2,2,rat|skunk,part_10/rat_video_7.mp4|part_10/skunk_video_7.mp4
685564abccf0ab434708aad7c328a6660dba806f4fb1f60ee8ec67b394e200d1,2,2,ghost|obsess,part_8/ghost_video_6.mp4|part_9/obsess_video_6.mp4
685723d9fc324a795899fad01241780d8ec7a87bae1b0087546f5296273b0e0f,2,2,away|gone,part_6/away_video_24.mp4|part_8/gone_video_0.mp4
68645d67987406f0ec6f588b89596783364fbc4333bce58bd2f44679a8df545f,2,2,correct|set,part_10/set_video_29.mp4|part_7/correct_video_29.mp4
6886e3f41dc16db46a53b03dc5b445139835c224b32f0130e40b49b831afbb34,2,2,TRUE|sure,part_11/sure_5.mp4|part_11/true_3.mp4
68e19114feb2278e98a388e53afeb2ac34785eba5537dd8479310f1029b5d2f6,2,2,crown|top,part_11/top_video_12.mp4|part_7/crown_video_14.mp4
6908c3fc6b9c035bbdd82295518d0882e0a3cfdbc83d585fee547d8d872557fc,2,2,axe|hat,part_6/axe_20241119_172633_4.mp4|part_8/hat_20241119_172637_7.mp4
692fa98100d5c66e7afbe397d3e01fa9b6e380854c9a5f037bdf832522d8a1a3,2,2,backup|relief,part_10/relief_video_19.mp4|part_6/backup_video_19.mp4
693f44956afc443bce964b726195896c0c0960caf275cd190a094fd7cd521f62,2,2,eyeglasses|glasses,part_8/eyeglasses_video_9.mp4|part_8/glasses_video_9.mp4
695e5a9d2b56ee8e6cc99bffffa1ec25cbf702b6e0d1933cc69883650190f1c5,2,2,peach|sweetheart,part_11/sweetheart_video_13.mp4|part_9/peach_20241119_172650_3.mp4
69d2b8867afac04900e5374a4d9a5dde6b08b9db5a028af64c5286c6ad11ecb5,2,2,senate|staff,part_10/senate_6.mp4|part_11/staff_7.mp4
69de5e646484bfcea8061500a61b7837297f862026a0e3e4a26181c2a15c8d1e,2,2,dizzy|silly,part_10/silly_video_1.mp4|part_8/dizzy_video_8.mp4
6a3cef234757d178b760a273be15c1db459def1eb230abab6430b935f06f8f34,2,2,good|well,part_11/well_video_10.mp4|part_8/good_video_10.mp4
6a4998c176a2c6c13f036caf13474c8fa1dd26a20b0c30045befc81e30a278fe,2,2,lot|set,part_10/set_video_42.mp4|part_9/lot_video_58.mp4
6a8b0f0462e7004e593c949c31a550b4bd0bfa8b924ee4ba8c761a5dc4de0694,2,2,behavior|conduct,part_7/behavior_video_1.mp4|part_7/conduct_20241119_172637_8.mp4
6acfb7c6dbb5957bcc4b15a1b55cf7b0c6f09bc87f3d40812df3c6a92af9170e,2,2,category|group,part_7/category_6.mp4|part_8/group_1.mp4
6aeba8c794f63818bcc7fb8235ee567da376f1a3bb8168bde8752ec6c076889f,2,2,dice|gamble,part_8/dice_8.mp4|part_8/gamble_6.mp4
6aee2a18606bf28d93f1dc08387fe75fff7517868564fa2fa3bdd6a9ae298453,2,2,forest|wood,part_11/wood_video_4.mp4|part_8/forest_video_4.mp4
6b09318c3053436839effdf626cf1ccfa8aad7efd59f6bd7e9fb55303cf6e101,2,2,interest|island,part_9/interest_12.mp4|part_9/island_8.mp4
6b209149d49b7d6492d572d00d53b82b98a98b7e065d749d8a118d12b0f4e24c,2,2,blow|float,part_7/blow_video_11.mp4|part_8/float_20241119_172643_11.mp4
6b394e2f1a59ad92edc2a211008e90dcdf88459d902a74eedae95791dfd67b52,2,2,experience|feel,part_8/experience_video_6.mp4|part_8/feel_video_6.mp4
6b9145169c13523a037fe7be8d2892bd493dcd34206b4c119ce13dd5efb4e6c5,2,2,scout|watch,part_10/scout_video_5.mp4|part_11/watch_video_12.mp4
6b9736d1516f49fd8e7059f63df1d6320d9cbdfe5e0537f238622a84f42f9dbb,2,2,dormitory|hall,part_8/dormitory_video_3.mp4|part_8/hall_video_17.mp4
6bba525676c5b7ddb8f29f0ae24011ef3a1e4fa84bf275d102933dc4cc2ea350,2,2,benefit|fit,part_7/benefit.mp4|part_8/fit.mp4
6bc0803c818dd071a2643e07d0273b71440773c63f3ace4253af53d101efcb4c,2,2,act|actor,part_6/act_video_3.mp4|part_6/actor_1.mp4
6bc926fa1738420965a85f6f39a29d773c9927c9be99ad91a83c950482fe21e4,2,2,end|last,part_8/end_video_25.mp4|part_9/last_0.mp4
6bcc1b5d053f1f7f70302410ef7b18df71e3721e4c00afdb60c731d02df7ad9f,2,2,create|make,part_7/create_video_11.mp4|part_9/make_video_11.mp4
6c3e2bab4b9d679524d662264b524372b25fe5698115f549cb97fe4cd53225ea,2,2,cancel|correct,part_7/cancel_20241119_172636_1.mp4|part_7/correct_11.mp4
6c43e39fb0575fac12bee0a81b0a22e844178ffd17ce32dabdfb51702f6f887b,2,2,crown|top,part_11/top_video_13.mp4|part_7/crown_video_15.mp4
6c78e9a126a9ee8b0941d9a7c2ca9922e6f1d500885dcc0eaae27fd70b8401b0,2,2,get|together,part_11/together.mp4|part_8/get.mp4
6cb47aa2aecc1dbc8f7a8689dff9cd4907f9aaad02578b52c954761c53ce75f0,2,2,back|backbone,part_6/back_video_6.mp4|part_6/backbone_video_6.mp4
6ccf8e926a2a6387bbb4084e4e65f23bbc9547f091ddf3384ffbdac84bcd982e,2,2,pack|wad,part_11/wad_video_69.mp4|part_9/pack_video_6.mp4
6ce2606d37f9bcc440649f0b59bf456b9424f2d15d31979040ebb99dcf230e81,2,2,america|us,part_6/America_video_8.mp4|part_6/US_video_8.mp4
6ce9a22557a082336263473aca0fdabfaee134d8352e04dae3961e71f85857a0,2,2,lose|miss,part_9/lose_video_1.mp4|part_9/miss_video_1.mp4
6d021470a168816223bc148b26d339ea429dc1ad9bdf05441227897e504ef8ab,2,2,ponder|reflect,part_10/ponder_video_1.mp4|part_10/reflect_video_1.mp4
6d095a5aa7c7e772566f8c6244d1af0bd6140e067cb520691047315136da8bd5,2,2,brain|head,part_7/brain_video_10.mp4|part_8/head_video_10.mp4
6d0da8b26ebffeadc8a454ea00af589d73d6c3aa625dc68ba3ea94da8b7b5c11,2,2,blink|wink,part_11/wink_video_1.mp4|part_7/blink_video_1.mp4
6d1e8770b82128ff9b3e6c887ec197aa1ddff3905a2ffbd3a49b8fa46298dbb9,2,2,function|office,part_8/function_video_2.mp4|part_9/office_video_2.mp4
6d2dd305d9f3e6c48101b97bd7dfca239a610276d6d11b296ffc56331d07b5b2,2,2,peach|sweetheart,part_11/sweetheart_video_14.mp4|part_9/peach_20241119_172650_21.mp4
6d3a0081e512b219fcec23c6984e220dc2f9a1f710939803ea0544923949b0d8,2,2,create|make,part_7/create_video_2.mp4|part_9/make_video_2.mp4
6d5ec5105d40c87a2527a8aa5af21f1b168ba338240d91ee5f94abebdc8a8f19,2,2,arrest|catch,part_6/arrest_20241119_172633_3.mp4|part_7/catch_20241119_172636_55.mp4
6d6a9d253ec01abad0d03025429e46b65f3c3a0790378506bc6095829cef21aa,2,2,america|us,part_6/America_video_12.mp4|part_6/US_video_12.mp4
6d981c88a657ffc8ce0b5a1fa3826498caf27778bc58fee88f7569d9d9a4a35d,2,2,back|support,part_11/support_20241119_172655_33.mp4|part_6/back_video_33.mp4
6da829e4c68deb29923306ca2cd1179756e960c5fb5ffe4df12035599a17dc05,2,2,big|large,part_7/big_video_8.mp4|part_9/large_video_8.mp4
6dd4ecd6f5947d24c027a1d379bc914076befe5217c7955c32296851dfdff4db,2,2,ghost|obsess,part_8/ghost_video_4.mp4|part_9/obsess_video_4.mp4
6e361c424c08e6484e651becd4327596d30e6179a7a13eb596eb486cee1400e3,2,2,lamp|light,part_9/lamp_20241119_172646_1.mp4|part_9/light_0.mp4
6e832faeb8370e42a0dff941f28bbd7535a6eb9f5d4ed7cdf72b9bb157574d29,2,2,favorite|taste,part_11/taste_3.mp4|part_8/favorite_9.mp4
6ef8696a2b5ec72e6cf1109b4724fc135dd06f22fb6f6f33525feafa31f529f9,2,2,closet|press,part_10/press_video_2.mp4|part_7/closet_20241119_172637_18.mp4
6f09b59fa690f034385b1225886fbd3c82fb61990922719b8bcfd0d264227fae,2,2,consume|eat,part_7/consume_video_3.mp4|part_8/eat_20241119_172641_3.mp4
6f289bb9065d0a2d143fca2fe8640639577be97c78324d579e72829c4b7c6658,2,2,pass|reach,part_10/reach_video_11.mp4|part_9/pass_video_12.mp4
6f5567d7c741119d1937e48cd262e86c1cbd09e18e8e3505bb457586d2a19102,2,2,fourth|quarter,part_10/quarter_video_10.mp4|part_8/fourth_video_10.mp4
6f70e4ffcd3f5cb02bfdaaee250f749c4fd6f437abedf5aa91f86df2ed08e3b0,2,2,scream|shout,part_10/scream_9.mp4|part_10/shout_20241119_172654_12.mp4
6f7fa14ef1dc210d07c11129909dc3b049a577b51c3bd91b8eb78827309d26fc,2,2,area|country,part_6/area_video_14.mp4|part_7/country_video_14.mp4
6f85657a7d17d2f3b5bd26e5854444e2b8c7ac5caf92ca124d5a4db6b369f979,2,2,building|make,part_7/building_0.mp4|part_9/make_video_14.mp4
6f9097f89c781f75db6642d2d0126cb7be55d603056538cd551a747fe360809f,2,2,newspaper|paper,part_9/newspaper_video_4.mp4|part_9/paper_video_17.mp4
6fa5746ba09134878a1f7c335083b21dc53cdcce536c165b7105602317302e2e,2,2,so|then,part_10/so_video_3.mp4|part_11/then_video_3.mp4
6fa95966de1f1a7de99ff736d063b17092850f299c583a97b28ed51cfd3ba8f5,2,2,duck|skirt,part_10/skirt_video_4.mp4|part_8/duck_20241119_172641_12.mp4
6fb6a414df5b25b50e3c9ee8fd5395536a96320fd67d91fd6b73fcd35990a09b,2,2,ball|golf,part_6/ball_video_5.mp4|part_8/golf_3.mp4
6fcb87753fbc4344df16ba01532d4fdcf73582a238329c8d68c5a5f73990b494,2,2,backup|relief,part_10/relief_video_18.mp4|part_6/backup_video_18.mp4
6fdbe1ba839b3cdf49560b9e588f999c303fb7047f51c3c05dc938ed38681abd,2,2,backup|relief,part_10/relief_video_10.mp4|part_6/backup_video_10.mp4
700465fb889d38d44305dab5f272db6d79143bcaa1368a5bb7b069380cb05fd2,2,2,drop|sink,part_10/sink_video_14.mp4|part_8/drop_video_14.mp4
7019fe3a01e050ba7efa3888da46c012485307743184e17f3565cdbf297832fd,2,2,award|honor,part_6/award_video_7.mp4|part_9/honor_video_7.mp4
702c7bcdf316547a1c138e2448cb6d91635a0ff2ca776aa0ad0989ede63341cc,2,2,baby|bowl,part_6/baby_20241119_172633_38.mp4|part_7/cosset_video_2.mp4
7048acd90e7a76c54873e57100f4d34e19cf8c26496b98fde8b6b41ea1a627bf,2,2,divide|separate,part_10/separate_video_17.mp4|part_8/divide_video_11.mp4
7065af7524c5568c090dcc0108b2cb5a70795537bcf421ed0fb24784ab74d5cb,2,2,alone|unique,part_11/unique_video_5.mp4|part_6/alone_video_5.mp4
707e919d56649397dd95178c9533b1e0331fb2ef9b30192aab4f2b21121a83a1,2,2,catapult|slingshot,part_10/slingshot_video_1.mp4|part_7/catapult_video_1.mp4
707edb94e8bb2e429b889402ea857c0b84ffde026a4e78223a2f01e052bf18c6,2,2,correct|right,part_10/right_20241119_172651_3.mp4|part_7/correct_7.mp4
70996b211769d3ec6c98563845e09d9f0a9c9b3693efb0a1392dae3a91724c3e,2,2,dance|dancer,part_7/dance_video_3.mp4|part_7/dancer_1.mp4
70e042518dfc64b4f5e6f094cc5b6476b9832eb0144fe6a32e47bc369b51010b,2,2,area|country,part_6/area_video_3.mp4|part_7/country_video_3.mp4
70e6e9d1ae679ee92a0ea827447560d9374c1c6737c274e0126a67fe06c04e7b,2,2,job|problem,part_10/problem_20241119_172651_14.mp4|part_9/job_video_28.mp4
71307a22659471628e47ce61cd8b247e2cb2316a7757128716a5a973e2ba37e3,2,2,break|separate,part_10/separate_video_21.mp4|part_7/break_video_26.mp4
7145300e6709c383c8699d7060cc4269c8931872a9384a13c8b28cdd456e24c8,2,2,form|shape,part_10/shape_video_5.mp4|part_8/form_video_22.mp4
7145983f44b3d495d4328837d3ddcb3ee9902f8956a00fa1cc21003c84f6c9ad,2,2,happen|pass,part_8/happen_video_3.mp4|part_9/pass_video_5.mp4
7152d2ca527f50a61c8a66eda7c016067d87bff1a6b3bb83e8299baad6bab96e,2,2,lecture|talk,part_11/talk_20241119_172656_8.mp4|part_9/lecture_video_12.mp4
71d34baa9c4fd75df658a8830a7f077a31c9ccbd4b7895f767b1d24eb549be85,2,2,backup|relief,part_10/relief_video_11.mp4|part_6/backup_video_11.mp4
71ef466bdc9f49616144a49c6a1d59770a8038c5c91967e95c2faa4f7993776d,2,2,form|shape,part_10/shape_video_3.mp4|part_8/form_video_20.mp4
72168110140c5cab5177ea756a3605bfff50c68540e290d2693d9635e3f4f708,2,2,guess|judge,part_8/guess_20241119_172644_11.mp4|part_9/judge_video_5.mp4
729380067ae4629a1b0a7a05da13af9b54a2e3b6b8ac74dacdc86025f8ec8f0c,2,2,good|well,part_11/well_video_3.mp4|part_8/good_video_3.mp4
72a73a670a2be246eb8028491529e5d86629154cbf2819cf410025aa648282c3,2,2,balance|rest,part_10/rest_video_0.mp4|part_6/balance_video_9.mp4
72e2109e7d9ee36980ccae77055bb3ee19b5effe90a182b7e6355d6072dc1a20,2,2,blame|fault,part_7/blame_video_8.mp4|part_8/fault_video_8.mp4
72e28357d9352a3ba183d25a9f25a03ad2c0ec8bb8aa95f15f28f85cba357a13,2,2,earth|world,part_11/world_video_0.mp4|part_6/Earth_video_0.mp4
72e689081d321ba3c1174caa6b0ad984f9449a2bd4c9916344f7c69c756d8281,2,2,guess|judge,part_8/guess_20241119_172644_2.mp4|part_9/judge_video_0.mp4
72e877cc48d08a69ae653e010c7ed10b5ae5b67f697d1d455b25c2e7f9e736e1,2,2,earth|world,part_11/world_video_8.mp4|part_6/Earth_video_8.mp4
73086d882d2d035cded7ead792443eea7e2ea78955d90007a82bcc4660105789,2,2,blow|brag,part_7/blow_video_29.mp4|part_7/brag_video_11.mp4
73137ee91270594b92b9ea3e93574d254a3dfe905abf5ffedf775cd37b6db304,2,2,car|machine,part_7/car_video_17.mp4|part_9/machine_video_17.mp4
7323333678e589d526940ecdbdc6943da492f01715b860b134fc5a960159b3f1,2,2,pack|wad,part_11/wad_video_71.mp4|part_9/pack_video_8.mp4
73318ce71269925077eb71926932910cd3a6ecc04967486e81630a1e1271119f,2,2,cut down|drop,part_7/cut_down_video_34.mp4|part_8/drop_video_27.mp4
733ca3c7163e3c94edf5314a3860ade73f9f8dc83409317f5db4e15e13a1001c,2,2,achromatic|black,part_6/achromatic_video_3.mp4|part_7/black_video_3.mp4
737eb40c6b72249c93a43a94e99ba8f85a5bd2cd22d3313938ac3cf5139d96b4,2,2,call|rule,part_10/rule_video_16.mp4|part_7/call_20241119_172635_30.mp4
73ae034aba5669fcfd3fb59691f8ec4db8bd3e73baa4a5cb63e2cb723109b9c1,2,2,home|place,part_10/place_video_15.mp4|part_9/home_video_15.mp4
73eed7261d0f13b44549bc3b22db11ae8bb5a928c242c97c31cd917f3d875924,2,2,design|goal,part_8/design_video_4.mp4|part_8/goal_7.mp4
741559bacc66e498634da895bd07bb66b819d8d0895fa7bc73dd4a6b8ccb20bc,2,2,apparel|dress,part_6/apparel_video_32.mp4|part_8/dress_video_32.mp4
7422ab047205d0e417ac1f38c3fa64a1823ab5c840574808c58874d169962a27,2,2,bathroom|toilet,part_11/toilet_video_4.mp4|part_7/bathroom_video_4.mp4
7431c91a9bb78440f8ad62041cd00d62ee090a49e1e5b3fac30e469695d043d0,2,2,glove|gloves,part_8/glove_video_9.mp4|part_8/gloves_20241119_172643_1.mp4
743316cd0635cf2113cd6cc7012d554aab4abd7528df196db008095a7f026c73,2,2,play|turn,part_10/play_video_23.mp4|part_11/turn_video_3.mp4
745b91e0cf845b9cb4548785a4d026e0e2bff683e3aeb728ae600d7f307dbce8,2,2,back|game,part_6/back_video_35.mp4|part_8/game_video_10.mp4
7460a5e5006ea49a6704bf9ab8385918887d02d321b4f663fbdbb9e4a5afc89b,2,2,couch|sofa,part_10/sofa_video_2.mp4|part_7/couch_video_2.mp4
748256b69a03ce73c04f52b01b15bf20ab7fcc12346fae1d8d1094434d4b4143,2,2,cycle|motorcycle,part_7/cycle_video_28.mp4|part_9/motorcycle_video_4.mp4
7482df4b0807497a9d50ea58951c20bde3fcad6e330a516bfb72702712038ee4,2,2,earth|world,part_11/world_video_9.mp4|part_6/Earth_video_9.mp4
74a0890c1ee3811290486d3caad437c97099968bf0eac6839541f3edf45e9f37,2,2,now|present,part_10/present_17.mp4|part_9/now_8.mp4
74d04924f3e5bcec6114a20d57c0c5cca45e23f19c1d0b69beb33b87510edcec,2,2,heart|middle,part_8/heart_video_5.mp4|part_9/middle_video_5.mp4
74e222574da82a3fc4b412cfbc0e1c6a6b54138d92cde5509099c98487f87159,2,2,guide|scout,part_10/scout_video_6.mp4|part_8/guide_video_15.mp4
74e46c280ec1534332350d5ab5191a8022ffad6bf7bad67d43d991230f0bf045,2,2,just about|some,part_10/some_video_6.mp4|part_9/just_about_video_43.mp4
751a436a07ffc128e4ae03eb9fc5a7e8bfec534561224b0ba520c8aa68e0bae8,2,2,hard|heavy,part_8/hard_video_17.mp4|part_8/heavy_video_18.mp4
752639ec23002e68cb649f575ac7f022d63b4356cda4707bef15af29ea8ee4a6,2,2,march|parade,part_9/march_0.mp4|part_9/parade_4.mp4
753ff14c6ffac7cd963be063d9bfc20496813bc42d889f594f33dc7c5bcc5156,2,2,edge|march,part_8/edge_video_5.mp4|part_9/march_video_5.mp4
75403044b3d36daeddf038b826aec82f52eabdb08cd5f23a6810321737a37e5d,2,2,smoke|smoking,part_10/smoke_video_7.mp4|part_10/smoking_video_7.mp4
7548a067745844ddad9ca79ef3817883ddea75065aa6c4078c7c6599bf75c72b,2,2,drop|swing,part_11/swing_20241119_172656_1.mp4|part_8/drop_video_25.mp4
754de6eb7930c67ddfeb092fea23332360458d4af6f70447a98c3b91b4358c6a,2,2,grow|plant,part_10/plant_6.mp4|part_8/grow_2.mp4
75572110373efc5f34bf56fbb1ded50ef9910e2ce9318b9ba88e93b47e7caae3,2,2,assist|help,part_6/assist_video_9.mp4|part_8/help_video_9.mp4
75887f9545f81d56aadfb00fe97ed57cce304da6d00fa861988af204f5fd7d14,2,2,live|people,part_10/people_video_8.mp4|part_9/live_20241119_172646_12.mp4
75aaf841f8b79313854e5f21c847c0b28056d873fc23a03c7b8acf0a34c97832,2,2,cream|pick,part_10/pick_video_8.mp4|part_7/cream_20241119_172638_8.mp4
75cd91a874a94cf9a4ef76a127b02b75347b396192c5e3a1eaccf4058f6ce682,2,2,immature|young,part_11/young_video_8.mp4|part_9/immature_video_8.mp4
75cdadc3b5af68676b0c0b426a2bd42f7d868a101372e307277379b28156e349,2,2,present|show,part_10/present_video_12.mp4|part_10/show_video_12.mp4
75d2d2e5bd33e6ed00b3e01a8af16e7e5cf7daf3835edc78b76003258463c1eb,2,2,bathroom|toilet,part_11/toilet_video_14.mp4|part_7/bathroom_video_14.mp4
75e16712e26787177900fc104c4f4c14547c6679d10865b1b88672fc6c6790f3,2,2,address|deal,part_6/address_video_18.mp4|part_7/deal_video_56.mp4
75e198585ffe4ea3eed7052f3c099a9042695ded68760647f598203aee3e79b3,2,2,bath|bathroom,part_7/bath_video_3.mp4|part_7/bathroom_video_19.mp4
7608c05ea17774947b3f686c2310673c03a26a9ff04f1c849466cf486eeb58ac,2,2,achromatic|white,part_11/white_video_0.mp4|part_6/achromatic_video_17.mp4
761cbb0f5f3bce2021cfd52fe0135b7d811a66e546042a080ce332c05830e31b,2,2,lose|miss,part_9/lose_video_11.mp4|part_9/miss_video_11.mp4
762fb6b3713a9cc4e2aceff0b2045ffc6755780a433e176e96995f9b8cdc83f1,2,2,award|trophy,part_11/trophy_8.mp4|part_6/award_9.mp4
763ae5de617c0687a7dc3a0178d3c25344270fa33f21af6a747f53a586fdb6a3,2,2,movie|picture,part_10/picture_video_7.mp4|part_9/movie_20241119_172648.mp4
764923a04eaf3e524d7efc156900d855891f77faeae465b49dc45a4dd6410d43,2,2,analyze|study,part_11/study_video_13.mp4|part_6/analyze_video_3.mp4
764f31a8b612a1c1d0edac48b2b37108b4e29700d761e8b87dcae49d06262b57,2,2,give|laugh,part_9/jape_video_18.mp4|part_9/laugh_video_18.mp4
7675d62f47a5d19c5f7d1e992c4221b947af4956de80ee1a512b5467265a0078,2,2,introduce|present,part_10/present_video_17.mp4|part_9/introduce_video_2.mp4
767eaa01ffe4ff9cac3e9c09934c5793c472cddbc4f9eda8a2312eb4846a496b,2,2,cut|cute,part_7/cut.mp4|part_7/cute_20241119_172639_4.mp4
768a1927f7b4d7ebb5ad65dfe6de8b21156a691b2dd241ca3b58898b4a22b225,2,2,center|heart,part_7/center_video_25.mp4|part_8/heart_video_18.mp4
76ba37d2f08f4bec435f5f9402d162cffe8a87fd798c1e117997058933083c76,2,2,achromatic|black,part_6/achromatic_video_15.mp4|part_7/black_video_15.mp4
77329c750133193fc926e8eaa66e1fc32b4216e6aa3eee404b1ccef8e4dfe912,2,2,get down|start,part_11/start_video_14.mp4|part_8/get_down_video_14.mp4
773d2ba5a2261fd88d0c1d410653a7f50d1727dc260f01eb147fe45cc5427e87,2,2,melon|pumpkin,part_10/pumpkin_video_3.mp4|part_9/melon_video_2.mp4
7747842ab3c5f4da78eff42571105c35fb95e4a138ce44f0cae23a436e35e2d2,2,2,king|power,part_10/power_video_11.mp4|part_9/king_video_4.mp4
775e8e74e5abb4ca7e3b50351326d4ff63da7b6e369e0dcd2381e2b4195c8cc2,2,2,catch|grab,part_7/catch_20241119_172636_6.mp4|part_8/grab_video_5.mp4
77662daa1c9801cb073ee2497ea1596d972d7ddcd8486eab782392e490826197,2,2,elevator|lift,part_8/elevator_20241119_172641_10.mp4|part_9/lift_20241119_172646_16.mp4
778196c3f6df0941907f3d88065761b2a52b637640d8fd3906b1fae108080520,2,2,backup|relief,part_10/relief_video_4.mp4|part_6/backup_video_4.mp4
77984766cb359b36be0ca40174fe8b7f066c96414e4221b345755810ac5f5bc8,2,2,amazing|wow,part_11/wow_19.mp4|part_6/amazing_7.mp4
78140f64af96de9b16da72927f688e3f5953a2ce595d6f12ae3f041dcdff47cd,2,2,away|off,part_6/away_video_19.mp4|part_9/off_video_19.mp4
782162ecd5553d9682422697c278aa66721af8b20b6b38b99204fc4bfe9ad3ac,2,2,duck|skirt,part_10/skirt_video_9.mp4|part_8/duck_20241119_172641_13.mp4
784255e4693054d456efe6dc5a0867a407e502d73d59c790b9221a4e21ab8c6e,2,2,center|middle,part_7/center_video_26.mp4|part_9/middle_video_9.mp4
7844928d5585b1ff7557dd1cf5c6e2a40017f5b3f3ae0af0139c07a8ce0ad334,2,2,move|poop,part_10/poop.mp4|part_9/move.mp4
7848cd5cab611d10a84e3ceef93fad6161efde0576d4d3ac1fb0d1cb009c65f1,2,2,create|make,part_7/create_video_7.mp4|part_9/make_video_7.mp4
784c8d9054d46bfad4b9dbc13f5e97b3051bd008e63d278b5594f5f2a1045fe5,2,2,place|put,part_10/place_video_29.mp4|part_10/put_video_10.mp4
78ab5a46e4f8b979f28d19482b1e561ab18e40ba19c0f3ea763905b50c6324fd,2,2,big|large,part_7/big_video_23.mp4|part_9/large_video_23.mp4
78ace7583de7999588dbe4087a53f8172cd1fbdaa2fdb00a6e88ad2e6b036ab3,2,2,journey|travel,part_11/travel_video_27.mp4|part_9/journey_video_2.mp4
78b5d4bea7f735f16822596c6327c38e4cf27b4116e7e3096b604ee00273bc3a,2,2,k|w,part_6/K.mp4|part_6/W.mp4
78beff6bf15397a91cbd82d6e9722e6e4cc6c20d7fa3e8ff6c1096ffdd0ce4ae,2,2,head|mind,part_8/head_video_9.mp4|part_9/mind_video_9.mp4
78f9ce46b949c6219fbbbb81e5e8910f12709191a28eed96de1bfdd3702c0557,2,2,center|middle,part_7/center_15.mp4|part_9/middle_5.mp4
790d4443e5905f9ccd3afd3e40536384111ab2ef7a5e1d1dca5d81a4729f709f,2,2,disappear|vanish,part_11/vanish_video_6.mp4|part_8/disappear_video_6.mp4
793285f125d1c7cfad494e14e5d5ce49683a6d15d9681af0e07cdd78ce22e55b,2,2,chew|wad,part_11/wad_video_55.mp4|part_7/chew_20241119_172637_4.mp4
793de2fcca87f77b950ecda60e3d8b9ce471c1fdaa199dff7bee3eb4dd282348,2,2,humble|small,part_10/small_video_21.mp4|part_9/humble_video_5.mp4
7956aee4416e9f144b8d5a2bca9638dcee8d6a9c349b85c2e89463463fdb4dfe,2,2,breakfast|fast,part_7/breakfast_20241119_172635_5.mp4|part_8/fast.mp4
79893f93774c3cf3183e90af899b404c7bd2914232cc49efd198975a1762b7b9,2,2,ghost|obsess,part_8/ghost_video_5.mp4|part_9/obsess_video_5.mp4
799073b065d4d0758853842e4522537f43aae6b9679c32678d45e5bfa5665bf9,2,2,bicycle|bike,part_7/bicycle_5.mp4|part_7/bike_4.mp4
79e00b367002f43878dd343b725b5d7be9f97e45e834b2ab8d156beae631b344,2,2,ground|reason,part_10/reason_video_4.mp4|part_8/ground_video_38.mp4
79e6124d81bc749a0f3fb6e268fc4ce6011de14320d1fe5650f4ee042c99280c,2,2,equal|match,part_8/equal_video_8.mp4|part_9/match_video_15.mp4
79fba41f367521862afe8cbdb1b5c36be49d5e4be6ddc437d3ff8dcd34789a0f,2,2,bet|dice,part_7/bet_video_1.mp4|part_8/dice_0.mp4
7a0902a5192b78f27e67e72feed4f7055bdeb60a0283b9aba90dbdeffdd1096a,2,2,catch|get,part_7/catch_20241119_172636_38.mp4|part_8/get_video_28.mp4
7a15a2733b8a6647691e23e2a074aac72fa8b6cb04e7524561eeeda879bf84ae,2,2,clip|time,part_11/time_video_26.mp4|part_7/clip_video_26.mp4
7a18d292bb3272ce74b055dd56a8140528d01f22bf1db4854439b2f8cb89b64e,2,2,big|large,part_7/big_4.mp4|part_9/large_12.mp4
7a3ec21986fdd2913247b142f1feaf21c28b0e42ff869ad179b51ed6483eceff,2,2,clear|pass,part_7/clear_video_10.mp4|part_9/pass_video_25.mp4
7a45162b53693b1f54af551e22c0fa786ba95fbcc3fb86b768c3da801f913168,2,2,so|then,part_10/so_video_4.mp4|part_11/then_video_4.mp4
7a52f0f1c68989ee10ab4249b217522868af00202a54a82b49d3c627afef9104,2,2,lecture|talk,part_11/talk_20241119_172656_27.mp4|part_9/lecture_video_15.mp4
7a59f801e6f6c974a59b25caa81495ff28e2c87c2bd3dfe318564bf4edacdec4,2,2,behavior|conduct,part_7/behavior_video_2.mp4|part_7/conduct_20241119_172637_9.mp4
7a5b2683896909e2de079f9db396e0fba1b72e7d2a6f8f506ee11d091a1170f5,2,2,disappear|vanish,part_11/vanish_video_4.mp4|part_8/disappear_video_4.mp4
7a8130535aecc5a669bbad989ea07b9719f1d31ed9a4a1081292f71a9bb06e31,2,2,big|handsome,part_7/big_video_25.mp4|part_8/handsome_20241119_172644_7.mp4
7a818f977632daddc1f6fab0c27eba470c499965f60c6fb118d258f4e75dc0bb,2,2,pill|tablet,part_10/pill_video_4.mp4|part_11/tablet_video_4.mp4
7a982cf715ab80b408cfb573b36ecbb30970a1313cb44cb61e6561130d5678f4,2,2,earth|world,part_11/world_video_14.mp4|part_6/Earth_video_14.mp4
7ac5b33779336edec59318d854fcf61324072fa6b38f0b79d7b28bfbb65a4ce1,2,2,break|ruin,part_10/ruin_video_0.mp4|part_7/break_video_36.mp4
7ac61af9141defed3a2c1b0d7160a9e38ae43c11e397492221997741a324e877,2,2,worm|wrestle,part_11/worm_video_8.mp4|part_11/wrestle_video_3.mp4
7ac7076aa7f2bde30baa70a9461ebe9ee88da7ad2d127643d4a4afbdc441fd55,2,2,ghost|obsess,part_8/ghost_video_1.mp4|part_9/obsess_video_1.mp4
7acb953c2fc919a6a15427b7d0cd6966c1c9fa8ca7a61635b8f92cf1d30c6777,2,2,assist|help,part_6/assist_video_13.mp4|part_8/help_video_13.mp4
7b04d1fac0476f8cd58ce4cd7be7c8f38fcb574cb108c71f0cb4125c2fb9d2d6,2,2,drop|sink,part_10/sink_video_9.mp4|part_8/drop_video_9.mp4
7b0aa2573b4da4b204fc67f481b029688b891f10735f7a74e78f02b71984b4fd,2,2,create|make,part_7/create_video_4.mp4|part_9/make_video_4.mp4
7b3e218d4743d2ee6d814d44e7d026aca882d2a860de9ab34f049073f7725cc8,2,2,less|reduce,part_10/reduce_7.mp4|part_9/less_3.mp4
7b48d6aedb0d3e544199042171d21dbb1365c09715106bebeb64700862e9ea2e,2,2,resist|stand,part_10/resist_video_4.mp4|part_11/stand_20241119_172655_21.mp4
7b4a13fecb290039b5120890d252e8e97f4673deaf2c38584ba1358c8f97ea4d,2,2,green|gullible,part_8/green_video_12.mp4|part_8/gullible_video_0.mp4
7b8774c4b6e2354f66addc3e2faed235383f3668ca318b8ecb6cb3269a370a28,2,2,arrive|get,part_6/arrive_video_2.mp4|part_8/get_video_22.mp4
7b9cf24d8c844058491c84d8674663e2835a913563a8cab888eb22f5158d22f5,2,2,adjust|parallel,part_6/adjust_video_36.mp4|part_9/parallel_1.mp4
7be34a53a8228269a961d0178437403fa8a82ea1f3f1a3369e227f57adeca7d3,2,2,backbone|bone,part_6/backbone.mp4|part_7/bone.mp4
7be66a0f04bb63d5fa706c8c397a96e56cce191516635b9a7b58d31a9cae9020,2,2,assist|help,part_6/assist_video_19.mp4|part_8/help_video_19.mp4
7c0662091671974761ffcb76d05a072b757722db8c6ff89acdb36f7d47236d34,2,2,job|problem,part_10/problem_20241119_172651_3.mp4|part_9/job_video_26.mp4
7c1c9739abb432fd231952ec1ed04c055900a5fe80bc66d411435f0cb66b7927,2,2,consume|eat,part_7/consume_video_1.mp4|part_8/eat_20241119_172641_9.mp4
7c2dee7e2bec074ceb6818082600d16764d2e5ab10fa1a4d1a3f86c52113079d,2,2,drop|spend,part_10/spend_video_0.mp4|part_8/drop_video_28.mp4
7c2e400316ee060d6085f566208a40a02949ed902071a84058e416bbc903038a,2,2,get down|swallow,part_11/swallow_video_3.mp4|part_8/get_down_video_23.mp4
7c37bb449881980ab4bf98b92a63fcf696f15e8579ee25720c67e216c41beb86,2,2,city|community,part_7/city_20241119_172637_5.mp4|part_7/community_5.mp4
7c3fdb29a126929b5269395ab1d88e61daab504365fb56deb6e3a75dbe292729,2,2,achromatic|white,part_11/white_video_1.mp4|part_6/achromatic_video_18.mp4
7c59f1847c1fbe927bfdc76144cbb59f1e070df9c24583ee786afd1381be1036,2,2,pill|tablet,part_10/pill_video_2.mp4|part_11/tablet_video_2.mp4
7c6246c086824fe839431ba09fb3f5c2fc943b9c0c70e64cb6b48588a0407bb6,2,2,assist|help,part_6/assist_video_2.mp4|part_8/help_video_2.mp4
7c71d4801b781f7c738d3bca14962cd50112e6c413941d9ca83a03df140713d5,2,2,agency|office,part_6/agency_video_2.mp4|part_9/office_video_13.mp4
7c8509123bc57f680e833d162a20cb332bcad3d8288bea69f630cf3016f75713,2,2,gift|invest,part_8/gift_video_11.mp4|part_9/invest_video_12.mp4
7ca48980736cef7a598dae44e8842a1ecb13c9c7b299126998b64ae559f068c8,2,2,cute|precious,part_10/precious_video_3.mp4|part_7/cute_20241119_172639_2.mp4
7d1e389de8fe67ffd1299398c5b1d909e10268362a8111c5e4079603cda64898,2,2,class|grade,part_7/class_video_6.mp4|part_8/grade_video_6.mp4
7d2a811e5e34a17e3a5945ef98986f3daac9d569deaf7fb159e715afc6dff778,2,2,correct|right,part_10/right_20241119_172651_2.mp4|part_7/correct_video_37.mp4
7d312ab5155404735078304908714cc230c4e5c13301203a19f696605d0b0bf9,2,2,fox|throw,part_11/throw_20241119_172656_4.mp4|part_8/fox_video_5.mp4
7d33123469db5571d26aa93981889034284b65b47902fe6263c30f5554b1cd7e,2,2,cry|shout,part_10/shout_20241119_172654_6.mp4|part_7/cry_20241119_172639_7.mp4
7d3c1578f06d44c6abfdb8e4bc803ed1686c7dd2ff8cb04abdc322327b19df70,2,2,opinion|view,part_11/view_video_5.mp4|part_9/opinion_20241119_172649_11.mp4
7d71bfc3a6ac7ed050276bddb9f444a892514518d0680555d0172162bf3bfb09,2,2,barely|scarcely,part_10/scarcely_video_3.mp4|part_6/barely_video_3.mp4
7dc1f90eb7128da60884d96b06bc334e65ae05323821272fa26cc4712de63f90,2,2,bathroom|toilet,part_11/toilet_video_10.mp4|part_7/bathroom_video_10.mp4
7dccc32b58d20ce8ff56dfc5c95d40dc7bd6a1981ac4162e22f0112300e2a357,2,2,blow|brag,part_7/blow_video_21.mp4|part_7/brag_video_3.mp4
7dedf1a859f01a0d6099e645550e6802cb8de216a4ee71784c2525c5e46ec612,2,2,dumb|slow,part_10/slow_video_8.mp4|part_8/dumb_video_1.mp4
7e257d9b521898d23e64dbc2b66226c290daa0cd2042f66415f4f04c38d8752c,2,2,bathroom|toilet,part_11/toilet_video_1.mp4|part_7/bathroom_video_1.mp4
7e2e003538b2af486dc926b94930c3701b1995526098f1114271bd8634cbfda2,2,2,celebrate|keep,part_7/celebrate_video_0.mp4|part_9/keep_video_3.mp4
7e4f86171657e584c59f5d2a01aa9a1492ffdcf2632d211ea5127187418b7c9b,2,2,apparel|dress,part_6/apparel_video_28.mp4|part_8/dress_video_28.mp4
7e564ebee58799c7dce26882cf0821095dec2ac0e835129da9808fbec1dc7777,2,2,away|off,part_6/away_video_20.mp4|part_9/off_video_20.mp4
7e80eadc1b2c9a800e639dc4f44c106749fb95fa40ec02fb52e3f8cdac56a132,2,2,change|transfer,part_11/transfer_5.mp4|part_7/change_video_8.mp4
7e9f0e92b4f8883b0fa122e38b5f2cf55f9a2fc019bed9cb91ea0bd8f159da85,2,2,special|unique,part_10/special_20241119_172654_3.mp4|part_11/unique_7.mp4
7ec63bec687f2ba008a556b3a23a3353d64162e47b099c11930f373e869379e7,2,2,get down|start,part_11/start_video_2.mp4|part_8/get_down_video_2.mp4
7ef1ada2365ddbbfde26b89435517febc02af0db519adda68179592ffbe1c245,2,2,bloom|flower,part_7/bloom_video_7.mp4|part_8/flower_video_12.mp4
7f0814da5b81502f71423debd866e28ca62beabe0c037fff48fb046b9d2baf8d,2,2,couch|sofa,part_10/sofa_video_4.mp4|part_7/couch_video_4.mp4
7f0f22ddc4905fad17e63d6d38669c53eb6735892b29831f0f0d0d0b8c14a231,2,2,disappear|vanish,part_11/vanish_video_14.mp4|part_8/disappear_video_14.mp4
7f51778b5c2dd497f9dcf39e984d2177fe58a4d0dce702615f192634e023d224,2,2,balance|rest,part_10/rest_video_1.mp4|part_6/balance_video_10.mp4
7fa47b0f894ae5569ddf234097ba211a21d00ebcbb21a8ef35a0c99d3d5e3977,2,2,away|gone,part_6/away_video_25.mp4|part_8/gone_video_1.mp4
7faeb2a9a1a234a0cb278eadbd702de8b13013e793ef795883b89b5b058f9ee4,2,2,cream|pick,part_10/pick_video_9.mp4|part_7/cream_20241119_172638_9.mp4
7fbb245249e5bce9f5e2391accb29013f763abf261f23a139b69751b0a6bf56e,2,2,clip|time,part_11/time_video_20.mp4|part_7/clip_video_20.mp4
7fcb6bf37ef8824d3c239fb0a0c95ccd5cdb8a5ad9dc7588f18ff71ba5a0afbe,2,2,drop|sink,part_10/sink_video_12.mp4|part_8/drop_video_12.mp4
7fe0a902557e7f90ec485b99f51ea2be68665d2a1ba72816de5a0de5ba07bd40,2,2,america|us,part_6/America_video_4.mp4|part_6/US_video_4.mp4
7ff4a14695cdc395400459a202db9b49c004b55b6e486d5139f836c39bb989e5,2,2,clip|time,part_11/time_video_16.mp4|part_7/clip_video_16.mp4
7ff96f6c5e2f12987d772c4cbc58ac46b898e93c5bdd49c87e7f498b36c99848,2,2,gift|present,part_10/present_1.mp4|part_8/gift_9.mp4
80000d23ec56f98db64a60545122072360add54a933f1fe7adfe1a5c0532d621,2,2,alarm|surprise,part_11/surprise_1.mp4|part_6/alarm_video_10.mp4
8005bcc74a4dc614ef44f2dc656051d7670f36bbec20e45c33d5779af0390da3,2,2,fence|fencing,part_8/fence_20241119_172642_11.mp4|part_8/fencing_video_2.mp4
80165125c41cff0c10a9bc3dd03a2f1a6eaee3828645dfae38d4decf4d92db73,2,2,boy|son,part_10/son_video_7.mp4|part_7/boy_video_7.mp4
802733a97c226321ccd2351fe74985d731a140bcd0feffb093cf550a3630c589,2,2,blue|down,part_7/blue_video_16.mp4|part_8/down_video_20.mp4
802820c116b1cd05bf9c8dc5ee8ca54a7f9c28225a1cf5a23bae81ec49d9b3ac,2,2,to|until,part_11/to_5.mp4|part_11/until_8.mp4
80336fdb4364bce7a23293c9972ed618a1197fe421a8667e0f6a88372d9e202c,2,2,bathroom|toilet,part_11/toilet_video_7.mp4|part_7/bathroom_video_7.mp4
8052f170abf4483d0bdba28973499aeb544573e3511a0e586336bc69b245e4cb,2,2,blow|brag,part_7/blow_video_19.mp4|part_7/brag_video_1.mp4
805c2d5ea3ce415e82abeefeb75885c22ac91ed1b176ae4a10bc41e1f52e351c,2,2,drop|sink,part_10/sink_video_7.mp4|part_8/drop_video_7.mp4
811d05de71134cff609b86df54399432907121fcf5614ec956bf403160ceb535,2,2,accept|take,part_11/take_11.mp4|part_6/accept_12.mp4
811f997bdb0750a5773da9e4d15868cecb13d3d1df380844b7a73ed2d1b4811c,2,2,create|make,part_7/create_video_8.mp4|part_9/make_video_8.mp4
81ca0c3725442055ece0b9264f4361a84a8508cf55fcc7e56ca4cb56207272ad,2,2,present|show,part_10/present_video_6.mp4|part_10/show_video_6.mp4
81dbb67b3be7f3941ed488695d8fc3f8d4202bec867f9ba7179d17cf4213b9d8,2,2,excuse|ignore,part_8/excuse_1.mp4|part_9/ignore_video_0.mp4
8215157443f65a6f0f619facc381c9a391098dd6b5856791b4fbcec46fbd21cd,2,2,dark|night,part_7/dark_20241119_172639_20.mp4|part_9/night_20241119_172649_18.mp4
825fb07381ee61cecbba46cb117040a7f6e82d1feb07415afcf4bc0770a07b5a,2,2,area|country,part_6/area_video_10.mp4|part_7/country_video_10.mp4
828f34345bf42e34e30e889571e430db195f87819fd32a6404a3cf42f5c7aefd,2,2,center|heart,part_7/center_video_24.mp4|part_8/heart_video_17.mp4
829c02389e1cf556ddf4357772a655eac902b837120407630ddfb58803941059,2,2,weigh|weight,part_11/weigh_4.mp4|part_11/weight_6.mp4
82af26a811143206b258e9ef4be21d2b359d75a9abcf96f3fcc41e4efc30a488,2,2,adjust|align,part_6/adjust_video_37.mp4|part_6/align_video_2.mp4
82d54b771bc3b42b60c7d91694ef12f0c3abd9b5a231fe64d0b1c67298d460ee,2,2,dribble|drip,part_8/dribble.mp4|part_8/drip.mp4
8300abfac8cc80dea1dfc9de85ae2d27910a9b547a3fe18a2acfe5117a10df56,2,2,dormitory|hall,part_8/dormitory_video_0.mp4|part_8/hall_video_14.mp4
8324846e06188dbfb0c49eb27362f07f2728279ddd1e5f562c6cb704e3be89be,2,2,back|backbone,part_6/back_video_19.mp4|part_6/backbone_video_19.mp4
83251b14a6430fd7ca8014cd7cd36cd5dfc6d094508d0962839d3fbe029cd306,2,2,earth|world,part_11/world_video_2.mp4|part_6/Earth_video_2.mp4
832dade8bc6572722a69f8109094ee62433ff1dd43cf5f421c8edad2dd7c7452,2,2,blink|wink,part_11/wink_video_4.mp4|part_7/blink_video_4.mp4
83e11f53b7203eb539d4f61d82bb6dc2172b7509aed9e8946373d01f48565569,2,2,divide|separate,part_10/separate_video_20.mp4|part_8/divide_video_14.mp4
83eafe80395364a3603b8d872db0109efac5d94987f80cba6c1298de6023c312,2,2,experience|get,part_8/experience_video_16.mp4|part_8/get_video_46.mp4
8424ef25b8fb45d5fcb0dcb5d7c6d830abae158006f054173c7b5aa927835455,2,2,disappear|vanish,part_11/vanish_video_10.mp4|part_8/disappear_video_10.mp4
842683e3d901f04c6765a17c21b01ca94decd67155aaae287233522c0f599c64,2,2,access|meet,part_6/access_video_2.mp4|part_9/meet_11.mp4
842aff01f6bb0d8c259175a321f9389391d7287c9c61f80d2f92114a5e68ac5e,2,2,grade|score,part_10/score_video_3.mp4|part_8/grade_video_15.mp4
8461ff1f2d320606e93d5791f4dde64b805a945afa3cbb76185f1c76c528c338,2,2,divide|vision,part_11/vision.mp4|part_8/divide.mp4
84764e6d102c8e32ac4361305504262679b6f88df17fb28ecc826430313d1ced,2,2,catch|grab,part_7/catch_20241119_172636_28.mp4|part_8/grab_video_15.mp4
8478f65fb64b3432dfc7b0a0a699f11422ef236e25cb4991e735f5f82681632a,2,2,dessert|sweet,part_11/sweet_video_8.mp4|part_8/dessert_video_2.mp4
848a199d0d96e5d5c6f1d3c3efb7881c2854f8e72d2c895fb7cd28cdeb36efb3,2,2,bring|get,part_7/bring_video_24.mp4|part_8/get_video_41.mp4
8502bd8056e284cb9113102dce8c2b5c27f25930d942735612d374e4d2279116,2,2,hug|squeeze,part_10/squeeze_video_11.mp4|part_9/hug_video_11.mp4
851694871c42ef82ac27799a99256025949df39cf9457ce365759d36b4585446,2,2,achromatic|black,part_6/achromatic_video_12.mp4|part_7/black_video_12.mp4
852a64a7f8cd48cfa3f60dede6100337b10dbef9428dcce71cd91d6a8d535c88,2,2,average|mean,part_6/average_video_2.mp4|part_9/mean_20241119_172647_14.mp4
852dfbd8b73d3018ffb878dddd7c1060d316acc961f355567c52e6f1cf02c4dd,2,2,state|tell,part_11/state_video_6.mp4|part_11/tell_video_6.mp4
8560e7b79f03438cc13738efde5ba2dd8a48049c7cfce529d299175e4bc538df,2,2,away|off,part_6/away_video_22.mp4|part_9/off_video_22.mp4
856581cd16170956562c6711925b544b60c841ded7c38fa4f08eabe363f10249,2,2,make|pretend,part_10/pretend_video_3.mp4|part_9/make_video_32.mp4
858448a2d554d1e0f2e0984de1406a6722a6558424fd57a367fec7b34391cf00,2,2,hurry|rush,part_10/rush_2.mp4|part_9/hurry_6.mp4
8592b612eb6ac74664698edbc94f992f9172f88ab8298d4b71d245fd24fa7a4a,2,2,golf|shoot,part_10/shoot_20241119_172653_10.mp4|part_8/golf_video_6.mp4
859a078f95ed503ba91f2912856d7eb2d8c02446a3c40d82a003c2b90ab4b8a4,2,2,fourth|quarter,part_10/quarter_video_17.mp4|part_8/fourth_video_17.mp4
85a584bb1af552471bf626737c41a4f2856e48124bf4db332d258337e4631b9d,2,2,color|purple,part_10/purple_9.mp4|part_7/color_video_9.mp4
85a60c9cabc6592b202ad79e71c8c73a57a7a1bcc30ea8cc627f774f77dacb2d,2,2,just about|some,part_10/some_video_0.mp4|part_9/just_about_video_37.mp4
85e10894ffb14935dccc3015890539fd5f9fec9e72b6caba32b3b52c40636f7d,2,2,pen|write,part_10/pen_video_14.mp4|part_11/write_video_14.mp4
85f30c75e8f59e728e59ef3f7513201b82c4d8d402512208d0e2404784155df7,2,2,blow|float,part_7/blow_video_16.mp4|part_8/float_20241119_172643_16.mp4
8612d571b4a413d628bc54b7ae4fa98bdc865b805525b91dcce4052a13eaaa3c,2,2,watch|wristwatch,part_11/watch_4.mp4|part_11/wristwatch_20241119_172659_2.mp4
861f3b2b833b4da6eb152136fb079a4ca36f2e73508c6628b6bd4f40595d466f,2,2,gay|lesbian,part_8/gay_11.mp4|part_9/lesbian_6.mp4
867c89a4a361082de4bb973e1395036b12ee1e9985bdc33468668e0b34609962,2,2,guess|judge,part_8/guess_20241119_172644_15.mp4|part_9/judge_video_6.mp4
8686389d95249281b66127283ab4c3ece40600c906ac1f5de8941349c7358c86,2,2,consume|eat,part_7/consume_video_4.mp4|part_8/eat_20241119_172641_19.mp4
86c8980036245509983ec5b036626122b3abf3accd7810bb70e22f84d7a6845a,2,2,humble|small,part_10/small_video_27.mp4|part_9/humble_video_11.mp4
86e777abdee77af8c108ec075c678af46a1b7001a1b478c686e277cd1a63db26,2,2,horrible|ugly,part_11/ugly_video_7.mp4|part_9/horrible_video_7.mp4
873553a05a7f3b35086775196dfc965b349858fcdc7b391ea6cb390ae4f676ab,2,2,basic|ground,part_6/basic_1.mp4|part_8/ground_video_13.mp4
8745af9885a189ad6ab64f4194d41239c982aff15aca04738bf81de6200c86f8,2,2,mention|name,part_9/mention_video_1.mp4|part_9/name_video_8.mp4
8767fa209c8271a32b042345d37ad2d9829318667d31581c94796971641b0178,2,2,alone|unique,part_11/unique_video_1.mp4|part_6/alone_video_1.mp4
878f405e82270498059745549858fac8ec761f879c9a2b3f9579e8dd79c347f4,2,2,area|country,part_6/area_video_12.mp4|part_7/country_video_12.mp4
87a2f828dee2397239a731a33c3aeaeb3a1fc764a6e793a73640c5213fff9e6f,2,2,clock|lock,part_7/clock_20241119_172637_7.mp4|part_9/lock_20241119_172647_6.mp4
87d03cbbc69d3726245fcef498dce595d5a945f4d628bdc8a0764fa64030288d,2,2,nice|spoon,part_10/snog_video_0.mp4|part_10/spoon_video_6.mp4
87dca4bbdca88e13de1e83c50476603823a5bfc6ea55566a3b6b32b81a04510a,2,2,form|shape,part_10/shape_video_6.mp4|part_8/form_video_23.mp4
87eb24048bc27a3bec18a478742a174e524aa62b47e0901b0c98b225e0999ab3,2,2,eyeglasses|glasses,part_8/eyeglasses_video_1.mp4|part_8/glasses_video_1.mp4
87fac882afcbb6de967c9a6fee0cd74f961ee84ef7aceee53ba444d9d4ccf210,2,2,fox|throw,part_11/throw_20241119_172656_16.mp4|part_8/fox_video_8.mp4
88133e16efc5339e07cd304adbc0afe84a1092053936c412b8b729e1cc065939,2,2,act|play,part_10/play_video_27.mp4|part_6/act_video_11.mp4
88610244fec31658fdea4bbcace6238e20715fa2405da361b59367e67f584054,2,2,after|later,part_6/after_video_12.mp4|part_9/later_video_12.mp4
886c62d31265121e735329ce39c25bf786f9e83bb6a93a2b874e528b5412d04b,2,2,cause|suit,part_11/suit_video_7.mp4|part_7/cause_video_7.mp4
887f1f6a4c6f3c1b0655f705277d6bb14ad4a75a17dfcde94aabbb45bf4317f5,2,2,expert|good,part_8/expert_video_5.mp4|part_8/good_video_17.mp4
889308b307c06ea2c3865e4ce0c409fa7a3c03d73c073de13eb993bab1b9087a,2,2,catch|grab,part_7/catch_20241119_172636_30.mp4|part_8/grab_video_18.mp4
889652f6f04d4b46fb7d02b72a5203e28ca30bbfdf809010651ddd6835e334e2,2,2,book|script,part_10/script_video_2.mp4|part_7/book_video_19.mp4
88db3739135c51fb87f14f7f58e9bba80a503a2b01e9d3e0f471a60c104028cd,2,2,elevator|lift,part_8/elevator_20241119_172641_5.mp4|part_9/lift_20241119_172646_14.mp4
890028a1ac2990ed6480389f84424d22f4be5e26379fbf60199bdbb904be286b,2,2,reduce|thin,part_10/reduce_video_36.mp4|part_11/thin_video_14.mp4
893f994d9555fda7d91301cf1e45e7315e41ee6dfa54d59bd0ca7332c97223a5,2,2,award|honor,part_6/award_video_12.mp4|part_9/honor_video_12.mp4
89433be143f139dc334ef5bc131784a33c6dd2533e5c89bbb39811fe65d0b51c,2,2,chew|wad,part_11/wad_video_54.mp4|part_7/chew_20241119_172637_3.mp4
896cfd18370d742d3fd0664def9fe4a81c058a10df509d7a6bdf681d1cba0591,2,2,car|machine,part_7/car_video_7.mp4|part_9/machine_video_7.mp4
8989f47923e118d5072828e51d91df7475541861fc74c1e6097f9eb8cfdc3715,2,2,lose|miss,part_9/lose_video_18.mp4|part_9/miss_video_18.mp4
89d9844b695d3f65734e2ca79823579d91fee066ecf0dc8c491ae8a4fd032cac,2,2,catch|grab,part_7/catch_20241119_172636_54.mp4|part_8/grab_video_7.mp4
89f4a9cfa324ae2dacb792211aff32f91f4198b05f34fe5608eee41f9eaa783c,2,2,back|backbone,part_6/back_video_2.mp4|part_6/backbone_video_2.mp4
8a4620fba7de8df90bdefad962119de220d27c7a346515bdb06e191e8a9c2334,2,2,lose|miss,part_9/lose_video_6.mp4|part_9/miss_video_6.mp4
8a58c421062a0bf6a9ec081bfc522e88697903c29b0f1721a39da12ba97fd63d,2,2,ghost|obsess,part_8/ghost_video_0.mp4|part_9/obsess_0.mp4
8a621ca8f18907d5bcceee802135df36f69599e9b2d60423bc938a5bc14e64e0,2,2,just about|some,part_10/some_video_10.mp4|part_9/just_about_video_47.mp4
8a6ce071005ca4499e6d27d12016dbb459c91ac81a20b59e50a8309561975023,2,2,decline|refuse,part_10/refuse_video_3.mp4|part_7/decline_video_3.mp4
8a718cfee93f722dfec2d7cf449af164bbf500df6f312a18d525e3d051e37649,2,2,dissolve|melt,part_8/dissolve_6.mp4|part_9/melt_4.mp4
8a795fc724ce1a58f90026790f6336a9c807983fd3de1eb10e6f417cc53722fe,2,2,all|whole,part_11/whole_video_14.mp4|part_6/all_video_14.mp4
8ac025adc8022eef473be286f37dbed274ca3efbbbe20e80e196f7b5c729dba4,2,2,home|place,part_10/place_video_5.mp4|part_9/home_video_5.mp4
8afe2d06f42b72c7cf8992b79316b893accbc9f69622c81fbf1c54debebbe651,2,2,plant|set,part_10/plant_video_15.mp4|part_10/set_video_63.mp4
8b244665d86e404118e425cd7d3df63db76e3a0834a7808439e84db1f71d2ed6,2,2,champion|mushroom,part_7/champion_2.mp4|part_9/mushroom_7.mp4
8b3149c59512c0a8e7ed25073f6aa8e6eb991e6afc137879380f3851ffcdb4eb,2,2,disappear|vanish,part_11/vanish_video_2.mp4|part_8/disappear_video_2.mp4
8b3d8086bb02aa08a7d2b4f492723e3759532f3ac7c1848b96606c7b32886c54,2,2,confused|lost,part_7/confused_20241119_172638_2.mp4|part_9/lost_video_3.mp4
8b447ea6d265f7ccb048b424480a096673e85d6c52c8ba13763d3979980da129,2,2,award|honor,part_6/award_video_0.mp4|part_9/honor_video_0.mp4
8ba037882f50b06d2859851e8dadf7e4224d75fa33ae9a1a1f6db7461ebe0323,2,2,remember|think,part_10/remember_20241119_172651_14.mp4|part_11/think_video_0.mp4
8c1397edad50d21b1c0a4245250dc5a5720f7d320db9b5a5192ad5442fa8ec2c,2,2,answer|serve,part_10/serve_20241119_172653_8.mp4|part_6/answer_video_12.mp4
8c49a0404c2f7638605b08fa904678b82d64d47fa02d1e9bdecc9479eb4bf31e,2,2,duck|skirt,part_10/skirt_video_7.mp4|part_8/duck_20241119_172641_7.mp4
8c4a5d7876ff4bab0c72506db84ba771676f3f109ef95780822089ebba11b285,2,2,gift|present,part_10/present_video_29.mp4|part_8/gift_video_16.mp4
8c5be92555e41a97076743cd58a3c320928d2ead35ed0821dec7824375db862e,2,2,cause|suit,part_11/suit_video_2.mp4|part_7/cause_video_2.mp4
8c7990dcc0fdc840e9277c8e27037f205187328a2b26623b4d0cac00588eac28,2,2,drag|pull,part_10/pull_3.mp4|part_8/drag_20241119_172640_8.mp4
8c8fb93b2d79d2ec0375102aebee7958c6acffcfb2376edcb7d43369b3b26da6,2,2,achromatic|black,part_6/achromatic_video_5.mp4|part_7/black_video_5.mp4
8c91667a900606d784ab4d70515481d4dea17d2d51e26664f5c5dd47b87776a1,2,2,because|for,part_7/because_video_1.mp4|part_8/for_video_1.mp4
8ca13be501e5c0c1dad47001b9fc811e0a73fc0165536a3cb540b455093347e6,2,2,lot|luck,part_9/lot_video_76.mp4|part_9/luck_video_9.mp4
8d04394e4bb7e8b2bffb052905839ddb7f4ac57a5393eeba8db726e2b05d6f04,2,2,humble|small,part_10/small_video_22.mp4|part_9/humble_video_6.mp4
8d0c4179f0aa25b85e231ba6aabf9fbc9eef90a3907a1fd70781c12a8450608b,2,2,job|problem,part_10/problem_20241119_172651_13.mp4|part_9/job_video_27.mp4
8d1a615d582ebcc70b631efca6a86e271b90669e2b659a3cc399f673be9f8639,2,2,newspaper|paper,part_9/newspaper_video_5.mp4|part_9/paper_video_18.mp4
8d22d5e36e2eb2c9e74292e81f54ecf6607f17c2472b0778b30c3ea423da01ae,2,2,heart|middle,part_8/heart_video_8.mp4|part_9/middle_video_8.mp4
8d33c6636983b1aa7c14e0ad36b89469d0f1279128016820cec5b89c4c35830b,2,2,face|side,part_10/side_video_13.mp4|part_8/face_video_13.mp4
8d6135f4e92c58a0b795235271139af2a7a6d3e235fa3d3a30e9adc668e103b0,2,2,effect|event,part_8/effect_video_10.mp4|part_8/event_video_10.mp4
8d6f9e24e33224d6df97d0f9417f367ee5328b6fc81fea0ed5820e91d6dc5749,2,2,cause|suit,part_11/suit_video_14.mp4|part_7/cause_video_14.mp4
8d70a31ebb7c6ad2273a82226d3e413d1bbd370c9d351602a460d62f62040747,2,2,catch|grab,part_7/catch_20241119_172636_43.mp4|part_8/grab_video_17.mp4
8d99a1f3f4e5c7c46c4919d74bb5abecd12f8901c2f023e5e0ba2f3dea57085f,2,2,bother|devil,part_7/bother_video_1.mp4|part_8/devil_video_1.mp4
8dca59797a2190114923b7bede9819d4a5d6a7f57fbde3876aae497dc1d26145,2,2,influence|shape,part_10/shape_video_10.mp4|part_9/influence_video_2.mp4
8dd40de50bbc28af1e8b6dd748e4d87e82f97d6dcf8719c85eedcda04f27517b,2,2,just about|some,part_10/some_video_15.mp4|part_9/just_about_video_52.mp4
8dd4d6407918c2f278c91a1e3dd87fd1e55b8a9a265536b9fa0907f4f14e7b54,2,2,document|paper,part_8/document_5.mp4|part_9/paper_17.mp4
8dddaff98cfacb7f8666ff7b9ae1daf9e0445106228cbd2d975210542cf24fb4,2,2,pack|wad,part_11/wad_video_66.mp4|part_9/pack_video_3.mp4
8e0ba9be885f7b986daea323d52cb253fdcf969390f6dcca51a1e50b5576b60c,2,2,glove|gloves,part_8/glove_video_6.mp4|part_8/gloves_20241119_172643_9.mp4
8e0d758a74545082f8731911b0c151dc42de68ed2b7f01385aea15154bf183e7,2,2,go|leave,part_8/go_37.mp4|part_9/leave_24.mp4
8e4d7e5b244b239860898817b5f78e9aca0b3ef3f6fa8dd01f28db10a92d2c0d,2,2,dark|night,part_7/dark_20241119_172639_11.mp4|part_9/night_20241119_172649_24.mp4
8e5a10bd6350530b56cb4bdc70cf829de9e18c0694ad594b87ac7a85e73f40c1,2,2,book|hold,part_7/book_video_20.mp4|part_8/hold_20241119_172645_11.mp4
8e60982d869c4e13b6722fe433e66f3d3238ae2e7b201d946424a847ce8f2de7,2,2,finally|future,part_8/finally_video_0.mp4|part_8/future_8.mp4
8e69c0e895a23cd2e5d30a13bda07f53626dd91194a4085d5f2e261861cd4be9,2,2,form|strain,part_11/strain_20241119_172655_9.mp4|part_8/form_video_37.mp4
8eab2d0765aeb75e1fd6286c539e490a2d0565100d410c9446c0b03c1b5dbda6,2,2,joke|tease,part_11/tease_10.mp4|part_9/joke_4.mp4
8eadd972472aad54720bf53d50edcd4a047d2f416efdc2d516be4e8143391da7,2,2,experience|see,part_10/see_video_20.mp4|part_8/experience_video_15.mp4
8efa3941b58b5eb731e7cfa4841b14466f221d13f40cd0501a627799d7855b11,2,2,create|make,part_7/create_video_3.mp4|part_9/make_video_3.mp4
8f32bc16a41c5602dfbbf36121be801176508ec91e658f427502398d492a3699,2,2,couch|sofa,part_10/sofa_3.mp4|part_7/couch_3.mp4
8f44f794f619e94495ca6b9e74203cf3d27d2ffdf7344c0df86cce18ef3fe371,2,2,expert|good,part_8/expert_video_1.mp4|part_8/good_video_13.mp4
8f4d94b81b6f09348266e6f9bfcffeb2ec0c2612369ca25d77fcfa392dccda8d,2,2,inject|shoot,part_10/shoot_20241119_172653_2.mp4|part_9/inject_video_6.mp4
8f6874cf0629dc7fbd70b90b512f8b36609da6d936a74bbff5b8f9ff269927d5,2,2,humble|small,part_10/small_video_25.mp4|part_9/humble_video_9.mp4
8f71a06e30a3d214885e8938690eb419d3dd721722455ba3d36de97de0653e6e,2,2,immature|young,part_11/young_video_5.mp4|part_9/immature_video_5.mp4
8fc1e3711bdf931f2bf5be31ea90bf4f565153065daa674ab22d3b788c5a2f15,2,2,pass|reach,part_10/reach_video_10.mp4|part_9/pass_video_11.mp4
9006f17c485672dff3e5a252b9e28ed61a650b172c2b91b023ef6c939e6e70bf,2,2,big|large,part_7/big_video_13.mp4|part_9/large_video_13.mp4
90351767949b2846ce3d45bc28d80dbeea260000c12453c7d0a6566221204a77,2,2,bull|pig,part_10/pig_video_16.mp4|part_7/bull_video_11.mp4
9047ab9167768f61eb24be3ebc07a2c281d7a61ef7e964c048fe9b05a4579127,2,2,run|test,part_10/run_20241119_172652_26.mp4|part_11/test_video_9.mp4
90860cb760e9c18ffa3f6e0ddb82101c4af1fd6ae05e906e4a637b6947de3d45,2,2,catch|grab,part_7/catch_20241119_172636_41.mp4|part_8/grab_video_24.mp4
90a20bb6961338e0e2afdbc0861f7fa42fcccef713aee3c089806d73cf9388c8,2,2,leave|will,part_11/will_video_7.mp4|part_9/leave_video_16.mp4
90a8902a78c2d16f234334a077c92a7e17fb022d36f09e508620a71f47b918be,2,2,achromatic|white,part_11/white_video_12.mp4|part_6/achromatic_video_29.mp4
90b372828961ba743d264a4c020dd70854ba318a4ebccdbc941f5a0026e3ff6c,2,2,all|whole,part_11/whole_video_16.mp4|part_6/all_video_16.mp4
911ab53678394e61f0389289825a2b0827a6a2eb07d54dc38eb4244936944aa8,2,2,bathroom|toilet,part_11/toilet_video_9.mp4|part_7/bathroom_video_9.mp4
91389949a717d9452bc0ceae5234abba2244c78c51652d27f6d986f9df1a4599,2,2,big|large,part_7/big_video_14.mp4|part_9/large_video_14.mp4
91522822575134c7289a11d7d78c75916bb6f91ca3ec92689c29527eca24f6cb,2,2,peach|sweetheart,part_11/sweetheart_video_15.mp4|part_9/peach_20241119_172650_10.mp4
91aeb450169ad710b507517eda7c0f6ed7afaf10d1d6b649248b4ef2bbe880f9,2,2,pass|walk,part_11/walk_20241119_172657_19.mp4|part_9/pass_video_32.mp4
91b2e14a199d992951055d4eb738154853b9df34cab5b6cf9eda5a1a14361c1b,2,2,job|problem,part_10/problem_20241119_172651_11.mp4|part_9/job_video_29.mp4
91c5e10eb63847d753b986e4313bd91715a50e16cdce087914a81af45d2c42cc,2,2,date|engagement,part_7/date_video_6.mp4|part_8/engagement_video_0.mp4
91ccfd3ff30c24afef7a1ac063d7335b507fade7dab1b86cd3e94a5e0f869c5c,2,2,all|whole,part_11/whole_video_17.mp4|part_6/all_video_17.mp4
91fe6f0a1316927f6b519bf5fe9e1557f4e51dcb4850a65e32b6d1a011e3fa49,2,2,correct|right,part_10/right_20241119_172651_7.mp4|part_7/correct_video_36.mp4
927a632a034d80b5c113835db3e4bba42345589f853e779adde8a005442e8f65,2,2,clean|erase,part_7/clean_video_10.mp4|part_8/erase_20241119_172641_11.mp4
929057054152fe55707248baa42856e14321dd7de1676978f6311a4d9490775b,2,2,blow|brag,part_7/blow_video_24.mp4|part_7/brag_video_6.mp4
929c26609201e03041c67ec80b70797e9ba85cae2b58306df76c36b7f2c88c85,2,2,cut|saw,part_10/saw_20241119_172652_6.mp4|part_7/cut_18.mp4
92dd8684ed3c97489b0006b2672377e6251b23b431bc0c9c39baaaaf1fb6cc46,2,2,achromatic|black,part_6/achromatic_video_13.mp4|part_7/black_video_13.mp4
931c41e79b78c7eed437bfd621ba11b97222c054f6c219efbcdfcb4e98d1cf49,2,2,mention|name,part_9/mention_video_2.mp4|part_9/name_video_9.mp4
93761611c7ba257ce4000bae7f57b5dd33eff43b9696dfb3455cbc219cbd8e48,2,2,joke|laugh,part_9/joke_video_15.mp4|part_9/laugh_video_15.mp4
938179f7a74f7aeede2861b55e526662a30a376803701007807b67c928dc834b,2,2,glove|gloves,part_8/glove_video_4.mp4|part_8/gloves_20241119_172643_5.mp4
93ae06b38c7322217a027c9fee63f163602308c7fbee3d6cffc68b831c30c712,2,2,big|handsome,part_7/big_video_27.mp4|part_8/handsome_20241119_172644_9.mp4
93b73d4e2d5a1d1810f3da01b4c6ac2309f5ab83a857f7cf8844d592340bbde0,2,2,immature|young,part_11/young_video_3.mp4|part_9/immature_video_3.mp4
93c1d7ec5225218b2d70233c1d7bc86bff1fbb97c67e880b7c72d8ec2b76ed6f,2,2,between|share,part_10/share_8.mp4|part_7/between_3.mp4
93c55800e4061ba79170c94b8991a713cac1f8e61106b07b2ab36225f9f3cb2e,2,2,man|world,part_11/world_video_31.mp4|part_9/man_video_12.mp4
93c7a8f519a90b93c2d15493d5cd3564333b22de4edee9bc89f9367f6703ab75,2,2,back|backbone,part_6/back_video_14.mp4|part_6/backbone_video_14.mp4
93d3b6bbb805170ff1e73a147ed4efecd1a8d0de033e60dc6a3048ee72cf2d4b,2,2,hug|squeeze,part_10/squeeze_video_13.mp4|part_9/hug_video_13.mp4
93f4ccbfbe53e99cdb471453e47c6c00739e2f4280ceb6afce0dd815c6d39ba4,2,2,remember|think,part_10/remember_20241119_172651_9.mp4|part_11/think_video_1.mp4
94200c511865a3a5e49e9c9bbf7af487f0c1d0c8a7bdb2378306798cd216fc1a,2,2,chew|wad,part_11/wad_video_59.mp4|part_7/chew_20241119_172637_8.mp4
94428a2b1369155282d42952192090f8201ae7375d9ef2c195f3575ce7b9a424,2,2,invite|welcome,part_11/welcome_20241119_172657.mp4|part_9/invite_7.mp4
946e647b8c2d1d86c9d540cad9a64719092be062dab3b5b2f9f45db5246f84cd,2,2,blow|float,part_7/blow_video_10.mp4|part_8/float_20241119_172643_10.mp4
9476b22f4d8a761e55f85aa82d9f4b9eed7e3735158d568c8a2082dcab403a57,2,2,blow|float,part_7/blow_video_6.mp4|part_8/float_20241119_172643_6.mp4
9485a1ca03b3daca70d42f8786ad27438d0851ad9d6b74d8bcd75cb4dcf0829c,2,2,area|country,part_6/area_video_20.mp4|part_7/country_video_20.mp4
94940cdc412479a392aca4bfd167b2d7fe24fe38e07311e784b2154e067a632c,2,2,boy|son,part_10/son_video_3.mp4|part_7/boy_video_3.mp4
94a5451722cc8ed62e558c87da8429e1e1219da816e184f928f71328586ffd7a,2,2,catch|get,part_7/catch_20241119_172636_51.mp4|part_8/get_video_27.mp4
94c54ebc9e65d156186512c6ef5c783c1d51a3f33210ea7050c88f2b2e773c78,2,2,cook|kitchen,part_7/cook_6.mp4|part_9/kitchen_5.mp4
94ee2d1fc4d5595f0c24f63e157d42ab998cdf4ac008058709281a5c93f53edf,2,2,clip|time,part_11/time_video_21.mp4|part_7/clip_video_21.mp4
94f452f2a04d6e173c5ca8d0c9eb4a5589edb7507c143481e174629511770377,2,2,bone|drum,part_7/bone_video_5.mp4|part_8/drum_video_9.mp4
951bf7aeb57d774db259447c5cef63c90086d12a13ce08fcaa6154fb31da66c9,2,2,draw|pull,part_10/pull_video_23.mp4|part_8/draw_video_20.mp4
9540503f33de5e47123f853a5296e4619765bc80f0ec3f7f7209d0ac611f2ae2,2,2,about|out,part_6/about_20241119_172633_3.mp4|part_9/out.mp4
956d02a701af8d934d3dcee869db3b33683202f8c4f69c3edabad38040cec9f5,2,2,arrest|nail,part_6/arrest_20241119_172633_2.mp4|part_9/nail_video_3.mp4
95daebe2587fc6d5fd9f7b4fb4fc57158d644a995696389999b0ed3fb1734eda,2,2,balance|rest,part_10/rest_video_5.mp4|part_6/balance_video_14.mp4
95fd66b4b4ffec77788f043d38b39b3e51ae8f1c47317f3ced8e4d9797eab0e2,2,2,humble|small,part_10/small_video_28.mp4|part_9/humble_video_12.mp4
960efd684bae6dfcc5639e4afca0bfd8b5aefcbf2979410132b32d2c1a27bf7d,2,2,all|whole,part_11/whole_video_8.mp4|part_6/all_video_8.mp4
9630e9e06d2739eecff722b6ae12701b77c34056efdf99eb2ee03c8be5931b3a,2,2,honest|truth,part_11/truth_8.mp4|part_9/honest_8.mp4
96746e1b0cf38e89c61e4616e816ff03e2c5e977e63453db9aca44b0ae91010c,2,2,arrest|nail,part_6/arrest_20241119_172633_6.mp4|part_9/nail_video_2.mp4
967fce481ec83d406293e5b8fde044693a32993e062e23c91591e1491ccc4101,2,2,cycle|motorcycle,part_7/cycle_video_29.mp4|part_9/motorcycle_video_5.mp4
96918de5c8ce4bb0530fd8e70574fd2a0e37997f84ea9d988297f25ee23f0848,2,2,duck|skirt,part_10/skirt_video_3.mp4|part_8/duck_20241119_172641_28.mp4
96ab64034835eea05ffd19d1ecfe2a845a16ba7371bb6904118b5a95b8caca34,2,2,award|honor,part_6/award_video_6.mp4|part_9/honor_video_6.mp4
96be683386d65fe56382d9df08d400f3dfb82c3cb1951c2562a54f14014af080,2,2,land|state,part_11/state_video_17.mp4|part_9/land_video_14.mp4
96d81ac4a351423289e4441450ece177f085f9eb6297e3ec272f6d0cd191342d,2,2,peach|sweetheart,part_11/sweetheart_video_16.mp4|part_9/peach_20241119_172650_1.mp4
96ef756374e72410abcaef11f2958d5688104129a9f875b229dc4f4a848252c6,2,2,comfortable|easy,part_7/comfortable_video_6.mp4|part_8/easy_video_6.mp4
97122a515188071917cbfb146c16d853f396f530109b50ce01fdee343674258e,2,2,chew|wad,part_11/wad_video_57.mp4|part_7/chew_20241119_172637_6.mp4
971cb7b3048cc7e5b3ca08f1be054e59624abe6b0a445605f8caf5cb7d6372f2,2,2,headache|hurt,part_8/headache_8.mp4|part_9/hurt_video_1.mp4
9736f224834a4f5ce54f775d870146bd9dd17a3800f8e10b667e3f12be2d8f1a,2,2,closet|push,part_10/push_3.mp4|part_7/closet_20241119_172637_14.mp4
97abacf393f095b2c1c481af0701e1b531a2d8748e683d845ea76bbd6a2ebd02,2,2,bind|tie,part_11/tie_20241119_172656_2.mp4|part_7/bind_video_3.mp4
97b82d70f1ed11e3aef1ccabeea3f203616330a824cdc3109b8828c99903b0a4,2,2,divide|separate,part_10/separate_video_2.mp4|part_8/divide_video_2.mp4
97e7d6a7dd93cc88a59ccb74aa7733acd1f96cfd9137429aa65bc2dec2853410,2,2,bright|shiny,part_10/shiny_video_2.mp4|part_7/bright_video_13.mp4
981675f1999eeb38ea3cb8560fec86e33a788f5de122354ce5daaab09eb01b5f,2,2,create|make,part_7/create_video_10.mp4|part_9/make_video_10.mp4
984c361b4e13abc38f0843128ce62e0a0e9bbee0b863e7fbe4ae9ffe7292da4b,2,2,comfortable|easy,part_7/comfortable_video_12.mp4|part_8/easy_video_12.mp4
9872269ad6b2d42431b080eb65428e97df7c7896f23f0f74dc7ad0ba715b2f24,2,2,dark|night,part_7/dark_20241119_172639_5.mp4|part_9/night_20241119_172649_9.mp4
98a3bc2d0a991ffa7231120dd6ff1c3c0e85beba9925b2c5639e2355dfc35bbd,2,2,center|middle,part_7/center_13.mp4|part_9/middle_2.mp4
98b5a9a537c4c104b081dec3a66638cc4152509a6d573c3d8a60906fde6f638d,2,2,remove|transfer,part_10/remove_video_3.mp4|part_11/transfer_video_7.mp4
99109956a09db4fd242884656377551b99c971d858c4bf7d5a36a0e7ad2e372d,2,2,now|today,part_11/today_12.mp4|part_9/now_22.mp4
991d93fb863a10e3fb55e75162fc81347ca3fd12c58379bb69b28c5a2bb4d87a,2,2,bug|tease,part_11/tease_video_1.mp4|part_7/bug_video_17.mp4
991e891c050810dbe04214cd351b715a3b65e68be63094106ea88444e192262f,2,2,music|sing,part_10/sing_4.mp4|part_9/music_11.mp4
99298c26b983265c5456d10e72e75a348f8601690b9cddb871b980c20ea7496a,2,2,clip|time,part_11/time_video_22.mp4|part_7/clip_video_22.mp4
994085274fddbca066564a407332ee98e7f8c9af8e698834a61ff06eac8d2140,2,2,opinion|view,part_11/view_video_3.mp4|part_9/opinion_20241119_172649_9.mp4
9983835b30c1d0b6cb46f7886d77184943ceb1d032eb1a6bb54118bfee39ac0b,2,2,quit|resign,part_10/quit_7.mp4|part_10/resign_5.mp4
998f91ba1ffb315b8e2f2326980b1e66033191d0513fd2c0da7b4c27806f91dc,2,2,present|show,part_10/present_video_2.mp4|part_10/show_video_2.mp4
99998f5b6072208d3133373fe477edf6ca71572a9f5806baa89632a788eef6b0,2,2,peach|sweetheart,part_11/sweetheart_video_5.mp4|part_9/peach_20241119_172650_30.mp4
999e934edf2cf00e769a441b38faecc6bb036b47f22a5cf2fd9ba0672230bbe5,2,2,faculty|staff,part_11/staff_5.mp4|part_8/faculty_4.mp4
9a07e1205fc1e0881cc642aefa7d8e9add88b99e6615d3cf197234fb4a5a6015,2,2,lot|luck,part_9/lot_video_69.mp4|part_9/luck_video_2.mp4
9a41920b73dce171e871d4dc044ef42218ed93dc0d962362277e7cce80997539,2,2,car|machine,part_7/car_video_9.mp4|part_9/machine_video_9.mp4
9a41a59fc7fb588658b23b12b86bc48603447f42e148f5e1e71160815d18dab3,2,2,lose|miss,part_9/lose_video_15.mp4|part_9/miss_video_15.mp4
9a5dcbbcdfe7951d5679d3724732767f8032d70161b9ec4b5affa04eaf61ab1d,2,2,blow|waste,part_11/waste_video_1.mp4|part_7/blow_video_32.mp4
9a5f6237cab29822797e5776902bc56c7c401dafac4931b7a6a71fe0b6df5668,2,2,edge|wall,part_11/wall_1.mp4|part_8/edge_video_1.mp4
9a703e36f51ad76c42ef125630b0abcd750bd309b9fd937dd75b1e0f1b0c6c4d,2,2,catapult|slingshot,part_10/slingshot_video_0.mp4|part_7/catapult_video_0.mp4
9aa744feace3133fbc82a8d3a9eecd7c7d6628e4c3e9b4a956c363f985f3024d,2,2,blame|fault,part_7/blame_video_6.mp4|part_8/fault_video_6.mp4
9aac904db91256e0e4c3fbb34c2785caaeecec88746e4aa65a5add626c55a49f,2,2,alarm|attention,part_6/alarm_video_9.mp4|part_6/attention_1.mp4
9ac7d955b417c33c1999a79039b3681957b6198af077f091e45ad6d94a19063e,2,2,lose|miss,part_9/lose_video_5.mp4|part_9/miss_video_5.mp4
9b06c6b1546cc2228117234e07e72dd77f101671ec40a5791360616a94f1cd04,2,2,honest|truth,part_11/truth_4.mp4|part_9/honest_5.mp4
9b1ecbde6374175d1879d414e34288fb201cc9d5a100d264ed0412a45628a3c1,2,2,example|present,part_10/present_video_1.mp4|part_8/example_8.mp4
9b5dd292e814d38be07a84d8ad04770d8f3f98fb7954788811b80b07897f9997,2,2,analyze|study,part_11/study_video_21.mp4|part_6/analyze_video_11.mp4
9b6bcd8bf77604e76b6e296171b947d0f1b89a8ea7effd632be32244d142ea81,2,2,catch|grab,part_7/catch_20241119_172636_33.mp4|part_8/grab_video_11.mp4
9b9434d0ce26c56bdbccf10fddab7817ac04fe0ee828cc2944323b00b9969d22,2,2,after|later,part_6/after_video_5.mp4|part_9/later_video_5.mp4
9bd13da25a080f999cb1f070e94a2d1f061595cdf0588cdef273b748712fcc0f,2,2,chew|wad,part_11/wad_video_58.mp4|part_7/chew_20241119_172637_7.mp4
9be78b30f407eb764c95edccdf70bb55490eefd878411d3b4de07a2a4e92bd92,2,2,child|kid,part_7/child_video_2.mp4|part_9/kid_0.mp4
9bf06cbef9719424a440364c6c46d95250a6542df4e914cd6a1a28b6383aaab1,2,2,backup|relief,part_10/relief_video_6.mp4|part_6/backup_video_6.mp4
9bffd9dd356b8ad04c05cad8c633a1187ceb60794177756be3fd2033b618233b,2,2,barely|scarcely,part_10/scarcely_video_4.mp4|part_6/barely_video_4.mp4
9c33693e615017a0d5d812c1f2c119c839c7add0f523838deb3608f4009856e4,2,2,rule|ruler,part_10/rule.mp4|part_10/ruler.mp4
9c41db5cab6d76dc09c455a8ce2e4e8d245952ed5a2418254d2914e632b39165,2,2,favorite|pet,part_10/pet_20241119_172650_5.mp4|part_8/favorite_video_2.mp4
9c4219a4fe9c192e1d6baac493bf6d44f27eaf8a06577a9a11a60cff19179eb2,2,2,baseball|glove,part_6/baseball_mitt_video_1.mp4|part_8/glove_video_11.mp4
9c6a8f280044963fe805c892a407235c6031188d41647a338a428d20e5c75f94,2,2,machine|saw,part_10/saw_20241119_172652_5.mp4|part_9/machine.mp4
9cc9ca925ceeaaddc1e9fe59de7eae6ebbbd36976590d4d4a16b7c4cf00e9a0b,2,2,boy|son,part_10/son_video_6.mp4|part_7/boy_video_6.mp4
9ccce5f553465bfc28706f4bad39d08f0c45d74af1e08ca75065d5eeba2ddfa1,2,2,adjust|correct,part_6/adjust_video_0.mp4|part_7/correct_video_0.mp4
9ce152ac89918d9fd86354ec1c7bb5cc01e66a074781418d3aaa312c0f838c77,2,2,divide|separate,part_10/separate_video_15.mp4|part_8/divide_video_9.mp4
9cf20f9be701af4d8c42eee2bd9e6d75fed0befb3051d168253222d13e64deb1,2,2,move|put,part_10/put_6.mp4|part_9/move_17.mp4
9d120cefe0980da22d71a467be596293794de5fc654c0235a96b2e378508ddb2,2,2,choke|strangle,part_11/strangle_video_0.mp4|part_7/choke_video_10.mp4
9d1286f9b1a29bf2d08f21649843fb9b30f424c96611d909ae0ce72ed00c985b,2,2,clip|time,part_11/time_video_18.mp4|part_7/clip_video_18.mp4
9d4752fde34e39f6e1ef747fa113fb32a4b30d57de0d2d963ca290825306afc2,2,2,girl|miss,part_8/girl_video_7.mp4|part_9/miss_video_26.mp4
9d862d7c1387ae604d3dd9931c9a7b80858efb0165af94523fdb3e1c41619d76,2,2,bloom|flower,part_7/bloom_video_6.mp4|part_8/flower_video_11.mp4
9daa1ace9891499286988c04b23a6062153f9a75cb7b9bdf74a5712ea267e8b7,2,2,cause|reason,part_10/reason_video_6.mp4|part_7/cause_video_18.mp4
9dad7bd7fcf6e956e574d1f335758d1627a8fb393f1e2bc92be016b292f1b7fa,2,2,cost|price,part_10/price_video_1.mp4|part_7/cost_video_1.mp4
9db1d47792363c1b5ed438d6eece1031953e3fbc423568ca516d1dfa35775f4b,2,2,just about|some,part_10/some_video_17.mp4|part_9/just_about_video_54.mp4
9dc027489376ed23afa762c67ef3f544ea2e08556064108fcfcf06229e25f48b,2,2,need|should,part_10/should_3.mp4|part_9/need_16.mp4
9dc57c34a44d7475458d62a480073d6ce256588879b55f173b9f841a61f34ef3,2,2,cause|suit,part_11/suit_video_3.mp4|part_7/cause_video_3.mp4
9dd6f736af31e272292afcd369a62303a31c2aef7df55a3c47df3391051d6bb5,2,2,expect|wait,part_11/wait_video_13.mp4|part_8/expect_video_3.mp4
9e1c8ed32fa0a55653a555b127ef1a90d47b1963072c8b64b8625bbf4021d412,2,2,king|power,part_10/power_video_8.mp4|part_9/king_video_1.mp4
9e25da16496b0b3de859af3f0051a562ea980e1f8c42238db3a299a4ab31f881,2,2,eyeglasses|glasses,part_8/eyeglasses_video_10.mp4|part_8/glasses_video_10.mp4
9e2cf44c28593aa8f343373f23f4dd0100b61c7421520c73c3524fcb85133056,2,2,deal|manage,part_7/deal_video_54.mp4|part_9/manage_video_3.mp4
9e31557c0fdcdacea22d27afd240fccc21e22e3c928756c8f108a7931ba2da4e,2,2,guide|lead,part_8/guide_video_7.mp4|part_9/lead_0.mp4
9e7384c59c6e2bfcbfbf03444eb90c647de75f59d79d55c4dc7786674f70ba62,2,2,drill|exercise,part_8/drill_video_1.mp4|part_8/exercise_video_1.mp4
9e794f674724d51f1a2b284f9bbdfc9929acae2bbd9afb64da97e03cdaab6c91,2,2,away|off,part_6/away_video_11.mp4|part_9/off_video_11.mp4
9e8e79c627a4e84ba5c971b56c8a1058e1a81725f567d38afde62bd102c396b4,2,2,check|match,part_7/check_video_0.mp4|part_9/match_video_0.mp4
9ee880cd48c4d420ab8168218e02db47b22fe268c4910a8cce8532917182d9d1,2,2,infection|insurance,part_9/infection_6.mp4|part_9/insurance_8.mp4
9eec5974941de8e6aa889dcc60594e97f37a22cc49f50bb8be129d5f8612066c,2,2,decline|refuse,part_10/refuse_video_5.mp4|part_7/decline_video_5.mp4
9f0424f944900b0542733b9326ffd56a172dc97aeac789016b9deaa050ef7431,2,2,earth|world,part_11/world_video_10.mp4|part_6/Earth_video_10.mp4
9f3f8e52e639fa057e8e52d3d9737b5e6963382d5d7dbcd387e68a8f6a6bb0d8,2,2,conduct|lead,part_7/conduct_20241119_172637_17.mp4|part_9/lead_video_11.mp4
9f746a8435203d974be4dc9ab62714cd6ad8475e9fafd3710637039c51c30491,2,2,catch|get,part_7/catch_20241119_172636_63.mp4|part_8/get_video_31.mp4
a031704ab2d4c4acf2010e03abd7ff875083d183bef579bc18a9802abd375ee6,2,2,arrest|nail,part_6/arrest_20241119_172633_11.mp4|part_9/nail_video_5.mp4
a03e946c34495fc14b79a99ce2a1b7f0b6d141bcd2288b108efeddd56a1ec9c9,2,2,bug|tease,part_11/tease_video_0.mp4|part_7/bug_video_16.mp4
a07d70a073f8820277ae4728492f2864d674f5fa279d93c722892e24c0d5ebe0,2,2,catch|grab,part_7/catch_20241119_172636_56.mp4|part_8/grab_video_21.mp4
a0de88170a8e7a6c07c0def183459e2f62ee285414b04218443190e62af1baba,2,2,e|s,part_6/E.mp4|part_6/S.mp4
a10fc228d8ec87cca9cb7f9813798383030365efdfa00a4de7a62c3475bd33aa,2,2,law|lawyer,part_9/law_0.mp4|part_9/lawyer_video_1.mp4
a14144871f7a35ce2ce4362a4c8b5ff79aecd935c2db187ba22f52142c4fe02e,2,2,bath|bathroom,part_7/bath_video_2.mp4|part_7/bathroom_video_18.mp4
a154c6defc14587f0bf4bd1889940e563cbaf6b140e6ff7a5f3f4bedd0c3156e,2,2,hurry|rush,part_10/rush_video_2.mp4|part_9/hurry_video_2.mp4
a1655ee4441cda366607580805c91bde2a6925134a6f296331438eaa284bec8c,2,2,cause|suit,part_11/suit_video_13.mp4|part_7/cause_video_13.mp4
a18b23447de0475968516097fa2709b2e016b255edde008458f8e5e3f990dc44,2,2,four|fourth,part_8/four_video_1.mp4|part_8/fourth_1.mp4
a1f83f5cd07c2e4b93b90d69854ce53697d6c8bb749e86cdbf2059eb518b515f,2,2,hop|jump,part_9/hop_video_0.mp4|part_9/jump_1.mp4
a1ff0fd64a34f3a562cc3c8343b2d0dda8fbfd361c00978da6a01d84e0dc3a23,2,2,assist|help,part_6/assist_video_14.mp4|part_8/help_video_14.mp4
a22fa2acfff1b9443452064c068542304ed3f136da306990cf282fb0a3244d09,2,2,decline|refuse,part_10/refuse_video_2.mp4|part_7/decline_video_2.mp4
a2336cfd4efec470f23e6980b1e291e02af60519a216ce8bda54a93095247764,2,2,address|live,part_6/address_video_1.mp4|part_9/live_20241119_172646_20.mp4
a2699de7f95dc922daa717f6d885665fdcef3f0285e5926d3e84617150f0f63b,2,2,champion|star,part_11/star_video_8.mp4|part_7/champion_video_8.mp4
a26e757bf5304491a1fe2c4b0eb546feae22f605593f4384f2e0aa9475d3e252,2,2,duty|job,part_8/duty_0.mp4|part_9/job_video_31.mp4
a2a62647b5d3f55a779357852d425e2a17c915faa807aaf17e4d1bc6d00cbddf,2,2,filter|meet,part_8/forgather_video_2.mp4|part_9/meet_video_10.mp4
a3065538746c6d4e08c8f6b3a544a5f72d0f5afd66a6854af7408ff296869397,2,2,grasp|hold,part_8/grasp_video_4.mp4|part_8/hold_20241119_172645_35.mp4
a30745f931ce0317f798e82915e23daffe80946ad11b2678e9da7bdcbc8b76c1,2,2,dark|night,part_7/dark_20241119_172639_14.mp4|part_9/night_20241119_172649_22.mp4
a30f4e2bd969322e624e536bcac6c788754f115124bfd781583dff14254319ea,2,2,get down|swallow,part_11/swallow_video_1.mp4|part_8/get_down_video_21.mp4
a3197f634578d50dc42324da345f226c871eba57dc8bb3072db586783d2a7c65,2,2,apart|separate,part_10/separate_1.mp4|part_6/apart_5.mp4
a32fa4fc799bd8ab3b1812f75d3116ee0f3db6ab7eb7e61d60e8304568a45ef4,2,2,polish|smooth,part_10/polish_video_3.mp4|part_10/smooth_video_3.mp4
a35fd8d3d2e7204f2b48499279ff7f13decadf884fa5123d01e868f4183e1e5f,2,2,green|gullible,part_8/green_video_13.mp4|part_8/gullible_video_1.mp4
a38a154734531b20f61f00f4b0792f399f8c5a9afad6466fbdbf9dd2a9b44aff,2,2,boss|coach,part_7/boss_4.mp4|part_7/coach_5.mp4
a3abb720b7ecc4b72e9baacab7d8734d2a96c79baedf7211416d52f68c7e1944,2,2,alright|fine,part_6/alright_video_3.mp4|part_8/fine_20241119_172642_2.mp4
a3b542fec2d3ac6ea40baeb208de55bdc9b0770926cdea00252a1ab61fe5000d,2,2,fox|throw,part_11/throw_20241119_172656_5.mp4|part_8/fox_video_6.mp4
a3cbf6b06757363c87d9790166aadc86d0d7c7372a35c7809648aa5629c7df95,2,2,dizzy|silly,part_10/silly_video_0.mp4|part_8/dizzy_video_7.mp4
a3d8e14daf3856dd6a91e6136cf2f3d1419c9f84ca3e26186093f526b76d6bbd,2,2,couch|sofa,part_10/sofa_5.mp4|part_7/couch_5.mp4
a3f1e87fc8fc7cc6c0d1e0ebe13b7a4f1248420d503401a530528e067d960df2,2,2,backup|relief,part_10/relief_video_8.mp4|part_6/backup_video_8.mp4
a44bec1a993ebf05f6d237a0121418bd63aa7a5886351f97d4f80aad3474a35a,2,2,bicycle|bike,part_7/bicycle_7.mp4|part_7/bike_5.mp4
a4be8334d77e6507bb1b8aea5e05aa4c15a60f9c24db8772a39bb4f1b3ca148f,2,2,good|well,part_11/well_video_8.mp4|part_8/good_video_8.mp4
a4de724bd6a076667d1c221091fa88bbbbdf44de151b537ef08767630d20d073,2,2,form|grade,part_8/form_video_7.mp4|part_8/grade_video_7.mp4
a52896dab34efaaf9bd7363d6b50ec81faaae46f977c3104e8d921baef14bc9d,2,2,clear|make,part_7/clear_video_3.mp4|part_9/make_video_27.mp4
a5409828857eed20fc128c3c19b5e762e8ee15ffe22e9e6f00fc82c5846b8d76,2,2,big|handsome,part_7/big_video_28.mp4|part_8/handsome_20241119_172644_10.mp4
a545f068bf2d89cde48490538cb89f1ff7e803613f947df485949e824fe1134a,2,2,chance|opportunity,part_7/chance_video_15.mp4|part_9/opportunity_video_3.mp4
a57b4cc63dbcd00699d4693055602a0b245311546b637a0657e54672c08d64d1,2,2,pen|write,part_10/pen_video_12.mp4|part_11/write_video_12.mp4
a58e34e514120e76a3b0fbb93c9916bc920ff7de25ceda1d6722bfe9dd423382,2,2,class|separate,part_10/separate_video_12.mp4|part_7/class_video_15.mp4
a5969de92be33bbc6b33366a7d24b7866a4df680f912f52e187e7f78385ab843,2,2,breathe|rest,part_10/rest_video_6.mp4|part_7/breathe_video_5.mp4
a5c2340d7e864866acb5df3aa514b3bad94aae18971e514a3ff894a46d9a93e5,2,2,big|large,part_7/big_video_21.mp4|part_9/large_video_21.mp4
a5fbc84fede6eaf3c64f5e9b6582affc4a8fb4d1ae46e4e1af17ad40e78c34de,2,2,barely|scarcely,part_10/scarcely_video_1.mp4|part_6/barely_video_1.mp4
a60b4f5838d12fbcbdd6f8d4893f42631dcd9010cd27fdf79feafbfe36025cf0,2,2,bounce|bound,part_7/bounce_video_2.mp4|part_7/bound_video_2.mp4
a61ba64734a14b3213a4b5122963b6606995f5ff873c1146fdd33c773755fb32,2,2,confused|lost,part_7/confused_20241119_172638_3.mp4|part_9/lost_video_5.mp4
a624a6c4108b1b934c5f7e98b9479961f27fc869f3ee6c853698ada58671ad4e,2,2,opinion|view,part_11/view_video_4.mp4|part_9/opinion_20241119_172649_15.mp4
a62daae3e30b9bd06d4c3fdffffd2606b7fa62404aa4c32ac251b7adc8ba957a,2,2,bull|bullshit,part_7/bull_video_10.mp4|part_7/bullshit_video_5.mp4
a647e50b108126c0dfdcf9de17eb3ed5a82dace8e89faac059b7cdf9165bc14c,2,2,blink|wink,part_11/wink_video_2.mp4|part_7/blink_video_2.mp4
a647fd0654718214c01c4cb9bc1d9d0b12e196c9b40d271532191359b68c616f,2,2,earth|world,part_11/world_video_17.mp4|part_6/Earth_video_17.mp4
a65df6ea6b5815e3a488a2e67066b07af9742aac771d0c10d4536731d79a1821,2,2,duty|responsibility,part_10/responsibility_video_5.mp4|part_8/duty_video_5.mp4
a675b16630aed6e02b81a7e75635d67699b13b3fbbfada778b22f69533a42d9a,2,2,bring down|get down,part_7/bring_down_video_33.mp4|part_8/get_down_video_30.mp4
a684958c67aac3900ef2b3467728faeb76bed2134cfe13ff0c0222886f5dc2f2,2,2,balance|rest,part_10/rest_video_2.mp4|part_6/balance_video_11.mp4
a694bf44d760a1d772111c8c4e5685d0be6e5f93b42c06aec5497b986b80aadb,2,2,bored|ring,part_10/ring.mp4|part_7/bored_20241119_172635_9.mp4
a6a2cc14f065ddc89efb8836f39e68fa3d3789cc74c86a15a76355e450b92d4f,2,2,king|power,part_10/power_video_7.mp4|part_9/king_video_0.mp4
a6cdde3009f1bc92230792eb70a4e5fc150ebe587172fdd9da1536256a55a04d,2,2,analyze|study,part_11/study_video_11.mp4|part_6/analyze_video_1.mp4
a6dc6e6fb455a06a338b9b2205972fffbd8c3de37221e4d916785cf1228dcf9a,2,2,arrive|get,part_6/arrive_video_0.mp4|part_8/get_video_20.mp4
a6fadfda89baec51ae57392267278de3044325d4055dea51ed077956484a6236,2,2,need|should,part_10/should_7.mp4|part_9/need_4.mp4
a73057cc79b2a93d2f9134b8a433a07ec805ca945e239834dc073624554d8bc0,2,2,pill|tablet,part_10/pill_video_6.mp4|part_11/tablet_video_6.mp4
a74a7422aeea2669a54570e61a14c6246963586b4bf24fdffa9215d29175d127,2,2,alone|unique,part_11/unique_video_0.mp4|part_6/alone_video_0.mp4
a75a1d2fa1b86f3ce8fb455513f2d9dd0a413c222759bc80ad22149a1caf476e,2,2,bike|motorcycle,part_7/bike_video_29.mp4|part_9/motorcycle_video_1.mp4
a796efeff9a033949dbca194b3dc31c7cf6d853503eb6bda703f5b7ddc12dec2,2,2,chase|tail,part_11/tail_20241119_172656_16.mp4|part_7/chase_video_5.mp4
a7ca9db0a5829d64b87217bc1806c8cc6732680cb634de19af7c2f55eaa41110,2,2,perspective|view,part_10/perspective_video_2.mp4|part_11/view_video_8.mp4
a80f10e151d3566b341c72d168528b859f8839d8d8b4f7ca320df0bcb7d7283c,2,2,film|movie,part_8/film_video_15.mp4|part_9/movie_20241119_172648_15.mp4
a8106f32405f0ab0e223c7ae71285863abacc0a539fd638089a60d92c9040ac9,2,2,crazy|mad,part_7/crazy_video_3.mp4|part_9/mad_video_3.mp4
a838082b50fbc09c89bc742c774278e7a27a53399ffe639e2d7f307fcaf9b6e7,2,2,consume|eat,part_7/consume_video_2.mp4|part_8/eat_20241119_172641_1.mp4
a8695ba893047cc3e6f5ab4953988f1c5fc9e80f39f6c4f07fc8190be485e44f,2,2,away|off,part_6/away_video_0.mp4|part_9/off_video_0.mp4
a8784da3d375944b7e752f6b7e1692390d04b2aefbe10cae239cfcd2531287f2,2,2,match|mix,part_9/match_0.mp4|part_9/mix_20241119_172648_21.mp4
a8a84302fcabafdc6b2f44ef94de3617874fb559ec0eafd202831bf37c587af0,2,2,happen|pass,part_8/happen_video_5.mp4|part_9/pass_video_7.mp4
a8a8929e7f4c1ff5d0152b51611d1dabbd4c6e3b82bbdc7a0f1600cfd2601d03,2,2,earth|world,part_11/world_video_18.mp4|part_6/Earth_video_18.mp4
a8bd59adc24cde1f63a555bdbd88aa1f41358167e731c98f97ac2c387f043521,2,2,lecture|talk,part_11/talk_20241119_172656_19.mp4|part_9/lecture_9.mp4
a8df2a089f8644ea4297fab2bdd71eacd9b8ca77e0eb759d18de752cc1d36509,2,2,practice|train,part_10/practice_8.mp4|part_11/train_14.mp4
a8ff5f213b26949a026b49e986bcb74f0d27a4c3ace91c129ffa43b26091e626,2,2,close|near,part_7/close_9.mp4|part_9/near_7.mp4
a903c1360c588898450260d800d33f5e8885c8ef6f71f346396b3358f4c4397e,2,2,dark|night,part_7/dark_20241119_172639_39.mp4|part_9/night_20241119_172649_13.mp4
a90992b3ea5145c66b87127ad6e0c5ae7e64e1eda4d68d13c35b2fa4c8cf154c,2,2,boss|stamp,part_11/stamp_20241119_172655_15.mp4|part_7/boss_video_6.mp4
a91aaef8aecf9c3bdbfc9345ac072f249ba5bce84849a5efff4a722e75c02d66,2,2,clip|time,part_11/time_video_8.mp4|part_7/clip_video_8.mp4
a91f7a71018c7257dcce0231bf7e8ec6631815d540f857771c9c4aa57b5f9807,2,2,all|whole,part_11/whole_video_5.mp4|part_6/all_video_5.mp4
a92da122848b1078fa996e3bb3fc1e11c917ae8873a2dc229fc1370ae66ead51,2,2,continue|keep,part_7/continue_video_9.mp4|part_9/keep_video_11.mp4
a92e20f73bd1b8cf5cdc15f9265f9182953e1e64d1dfac7fb61357c59b1b6369,2,2,bath|bathroom,part_7/bath_video_5.mp4|part_7/bathroom_video_21.mp4
a9301f235a3902ea4b0e362283facf20011081e3911c0306f04cda75ceb12a51,2,2,break|separate,part_10/separate_video_22.mp4|part_7/break_video_27.mp4
a96ac6e1bd1766f85eee72a17a6c6fc43c89a8c9b5e5276a079ae7e623b80645,2,2,big|large,part_7/big_video_9.mp4|part_9/large_video_9.mp4
a9aa25a8452f44994d1c85e07a024f5820404203f0517b6ad43ceffeca131cdc,2,2,bring down|get down,part_7/bring_down_video_34.mp4|part_8/get_down_video_31.mp4
a9c3b3ede3d95d6325c48e11caa8ab893d3aa1516e2840b9d9063a82bcf9ce4e,2,2,clear|obvious,part_7/clear_video_13.mp4|part_9/obvious_video_0.mp4
a9c8897a84b37a5f40cf0f3424606b6efea21551258827eed50f573193244fef,2,2,enough|plenty,part_10/plenty_video_53.mp4|part_8/enough_video_2.mp4
a9ea744dfbdfe5a8481f1de7a68b9e46237fd5f4d00cf820cba20a434c891972,2,2,state|tell,part_11/state_video_4.mp4|part_11/tell_video_4.mp4
a9ed05fd5cf05e9e4dc33636524942f3eabe5563bfd426aefc61128ab4e75e20,2,2,flip|somersault,part_10/somersault_20241119_172654_1.mp4|part_8/flip_video_5.mp4
a9ef56acd52a8837eb9c6f65f0b11adba4692e721bd672de98a00def3b1c519f,2,2,hit|score,part_10/score_video_0.mp4|part_8/hit_20241119_172645_16.mp4
a9fadd16a74ff2af667ee7719eb792253994e229c004529afdd5f9e4e073f49b,2,2,edge|march,part_8/edge_video_6.mp4|part_9/march_video_6.mp4
aa25bd127e08d1b25931bac2672dc2a341528329641195847a2c45dc9bfe25a7,2,2,cheat|wander,part_11/wander_video_3.mp4|part_7/cheat_20241119_172637_23.mp4
aa53d325d58541986004410a6814622f5d2fed2e3755cafc977a61af59baaf54,2,2,eyeglasses|glasses,part_8/eyeglasses_video_13.mp4|part_8/glasses_video_13.mp4
aa7d88b4f1ed366d4bc7079e4ee352932ede0409b7a684ec725a27a17da738b2,2,2,average|mean,part_6/average_video_0.mp4|part_9/mean_20241119_172647_9.mp4
aa85008c99658088c819609888b8aee356b18e367457516601bd393d9a808c63,2,2,proof|roof,part_10/proof.mp4|part_10/roof.mp4
aaa2fcc53e5fdb918bf3a29c5fb260c973c68499c0ddd603a71ad435dd2ad8fd,2,2,add|total,part_11/total_6.mp4|part_6/add_2.mp4
aaa85cd951daede97561c2279c2f4754cd0ad563e1ec9e17387d7c3d6fe99159,2,2,go|live,part_8/go_video_47.mp4|part_9/live_20241119_172646_25.mp4
aae6ae52dfac1637c44d370d6962d475728f1f848d39c4042363577521a473e3,2,2,express|show,part_10/show_video_18.mp4|part_8/express_video_1.mp4
aaf3a8e0901b8f8888a67f3b224f5928abd20ffeca656f103a35e8c85c6e6b2d,2,2,big|large,part_7/big_video_15.mp4|part_9/large_video_15.mp4
aafb639d6833583887887248da5d26d86f4a128ea266e5d9289663787c9c6489,2,2,barely|scarcely,part_10/scarcely_video_9.mp4|part_6/barely_video_9.mp4
ab10ee8c166a091557a674534c62a392419d3a889db5ef0c04e0018091f0bd59,2,2,lose|miss,part_9/lose_video_9.mp4|part_9/miss_video_9.mp4
ab11c60e1b8d44a66ed9bd8b666102aead3b5b7af6e563110bef8d0fcc84142a,2,2,home|place,part_10/place_video_13.mp4|part_9/home_video_13.mp4
ab1331c2e53bb04817985ccea71e4008bc036b6114463eb6f0e119253590e67f,2,2,assistant|help,part_6/assistant_video_3.mp4|part_8/help_video_26.mp4
ab1bf1fc277a389839b405d3a26a2ad26ddeae0e6f3cb6620cd324907bb2c1c8,2,2,hit|impact,part_8/hit_20241119_172645_19.mp4|part_9/impact_5.mp4
ab20fed2eb0ed8c9bafed991c546617508f2fb4cca7654d4f41151544f646178,2,2,feed|run,part_10/run_20241119_172652_1.mp4|part_8/feed_20241119_172642_15.mp4
ab224a19d3e3b1dcb02e42dda443337f9d194e535e4bc217e23148743623473b,2,2,order|sequence,part_10/sequence_9.mp4|part_9/order_20241119_172649_18.mp4
ab47c99c9f79b1bf7582c53e309fb44e4bb5386affc0205a16a5b1f5bcf0297f,2,2,universe|world,part_11/universe_video_3.mp4|part_11/world_video_24.mp4
ab5cf5b6e6288ed96e99523ffcdfef10f919e4a47dbfc3261b065a5d7e19d619,2,2,catch|grab,part_7/catch_20241119_172636_40.mp4|part_8/grab_video_1.mp4
ab5e0199b0fb5d86e6cdc1df138489083f668848caefccc5cca98427a3028aa3,2,2,cause|suit,part_11/suit_video_1.mp4|part_7/cause_video_1.mp4
ab73fad6e425e6653da8c0ddc8a555837b3fcb44b4304f6f3bc954dd26bf00bd,2,2,away|off,part_6/away_video_23.mp4|part_9/off_video_23.mp4
ab7b3f2ffa3bfaaf6815862b4256dd1f52ad02a1d2fefb5664acc89a403e4d36,2,2,grasp|hold,part_8/grasp_video_3.mp4|part_8/hold_20241119_172645_20.mp4
ab7dc9aee051870bacc81a18980d844e015cae72143d7ff192d28b78f37dbc85,2,2,blow|float,part_7/blow_video_3.mp4|part_8/float_20241119_172643_3.mp4
aba9103134d7fcbabcfcd0e52688c357aadc3e1b9fa182abe87933a892d6f93a,2,2,joke|laugh,part_9/joke_video_9.mp4|part_9/laugh_video_9.mp4
abac7c449535f2129e6b7fd700d3b0a52101b08657b95596fdef46cf78a2db70,2,2,half|six,part_10/six_video_7.mp4|part_8/half_dozen_video_7.mp4
abbf0e2e215275f0ca4211899ef448a9fdd74d23b38e4d21079957aa8df4592a,2,2,separate|tell,part_10/separate_video_26.mp4|part_11/tell_video_13.mp4
abeb808e13bfd120e396a5c5b1cb20c621f92438656c0f285354a2862a8c83d5,2,2,back|backbone,part_6/back_video_3.mp4|part_6/backbone_video_3.mp4
abfb579e1a7f7e0d1a260b37099e7602c5ee1aa0775edbb96f54a1bab55f38a6,2,2,flip|pass,part_8/flip_video_1.mp4|part_9/pass_video_22.mp4
ac139bcef6abda6e50abcf7b92cd2664fc5388bd62be4de75cf26d0630657779,2,2,peach|sweetheart,part_11/sweetheart_video_6.mp4|part_9/peach_20241119_172650_17.mp4
ac1c86a47eeae8f7dbaef3835d8e312ff3b4ad7495eb1b8d053faefb83da85eb,2,2,ask|expect,part_6/ask_video_23.mp4|part_8/expect_video_10.mp4
ac38e23ce91817efb8ef28b07c119921b60d1a42130eb00f667466dad7bf8ee1,2,2,pity|sympathy,part_10/pity_6.mp4|part_11/sympathy_3.mp4
ac56019eedb512a5c053eda99cb3163ff1dbe84d856730ef647f9734ef69e25e,2,2,pack|wad,part_11/wad_video_68.mp4|part_9/pack_video_5.mp4
acc7bbc37df939fc39eb8fe49f4415f2b86e0fd5c9bbf87b2ff6387c21922bda,2,2,champ|champion,part_7/champ_video_2.mp4|part_7/champion_video_2.mp4
ace5b297c4fcd172ccea25ae83bf0701190cd54f5d9cf93f380381287f987211,2,2,accent|stress,part_11/stress_video_1.mp4|part_6/accent_video_1.mp4
aced0c3149c22f7f5d2b905b3aab23b4f2ca03ef66d83b80fb8f6846594ea271,2,2,girl|miss,part_8/girl_video_3.mp4|part_9/miss_video_22.mp4
ad2081f727a0fb130e3ddf544cda6b0a79b057ecab8fa53c546fd31431f47824,2,2,inhale|inspire,part_9/inhale_video_2.mp4|part_9/inspire_video_12.mp4
ad514a4bccf44e2280546bf73d2c906b81525db62c2876bc7274a644a496ec02,2,2,harmonica|harp,part_8/harmonica_video_3.mp4|part_8/harp_video_9.mp4
adac3fb2d0f6660282ec347bb53b783174d8aef0fa63f19129e89b07163ea108,2,2,peel|skin,part_10/peel_20241119_172650_14.mp4|part_10/skin_video_6.mp4
add67055d5f095eee65e7355ee617d673d28d941b052daf298c05a64d2b05163,2,2,correct|right,part_10/right_20241119_172651_13.mp4|part_7/correct_video_35.mp4
ae1941f8e3eb94acc1d8358c4efd954418b3eee42daf6b9ef8f5db2a8b202413,2,2,quit|resign,part_10/quit_video_8.mp4|part_10/resign_video_1.mp4
ae2b6bebf4a4ab2f01d946090eafda8b43269472b07600da395d9610dd446890,2,2,breathe|rest,part_10/rest_video_10.mp4|part_7/breathe_video_9.mp4
ae6fe685c0a8294bf561c0d5578001cebcaa5b41e0a53d661cc4be21575a7f0a,2,2,admire|respect,part_10/respect_4.mp4|part_6/admire_video_1.mp4
aed344c97695e3fb0536709a21c2f529be88cb2460f8b121c4cc318488d1e06c,2,2,area|country,part_6/area_video_0.mp4|part_7/country_video_0.mp4
aed9df04c480de110235ec8c5f39410a46fcbf3df8595b0c8ca9c50365de9e66,2,2,bath|bathtub,part_7/bath_video_11.mp4|part_7/bathtub_video_2.mp4
af033782456d18899a1803c81fce46c0f4ec59b2080ef83f4928cf8437c31098,2,2,backup|relief,part_10/relief_video_9.mp4|part_6/backup_video_9.mp4
af1248663f81d0528a255c7fa34f9522835224efc9e32ea578b7841d05def1bb,2,2,assist|help,part_6/assist_video_15.mp4|part_8/help_video_15.mp4
af13b357a18212bf385a9e53ed19119dadd502dc7bb21fbb29818719ec2f4e30,2,2,get down|light,part_8/get_down_video_35.mp4|part_9/light_video_29.mp4
af79ab91bbb7520e7b49418809466b805a03ab3ee778790a6849a974472aefb4,2,2,net|network,part_6/Net_video_6.mp4|part_9/network_video_5.mp4
afbe88cfa7d0be837d51d73216cd5a49e833ad5fb647ea20ddcb4031f3b44d82,2,2,guess|judge,part_8/guess_20241119_172644_18.mp4|part_9/judge_video_3.mp4
afd370a7ce1513f86db21cbb10f4a33157ef1f62159c9cb5d07d244ac05728f1,2,2,break|breakdown,part_7/break_video_7.mp4|part_7/breakdown_20241119_172658_2.mp4
afd97e66ca6405b5704a9f1ac37271965ce26c5d0b5b6e4aa64e71ebafb5d122,2,2,good|well,part_11/well_video_4.mp4|part_8/good_video_4.mp4
afd9debca9474a11cb6fe7c8bd813dacf4681e34337e5726e2813794a74d4493,2,2,award|honor,part_6/award_video_5.mp4|part_9/honor_video_5.mp4
afeed4a487cfca6a72b7bcf5745bc6e7efdba8f189b1a68be187d31be9b85e8f,2,2,class|separate,part_10/separate_video_11.mp4|part_7/class_video_14.mp4
b00c5c326d9fcab79816ba42f42a6fe2bfad22843fd0a2f7ce43aeff9b0779a9,2,2,assist|help,part_6/assist_video_8.mp4|part_8/help_video_8.mp4
b052bcc8408167690adcd9e463bf0525badd1c0956e6a0d6b7163e55dc7187c8,2,2,divide|separate,part_10/separate_video_7.mp4|part_8/divide_video_7.mp4
b06b4b6d3b484b1a4bd2aae6d96e6c0f557c5e7e97fac8465c37e237104c5693,2,2,cut|reduce,part_10/reduce_video_0.mp4|part_7/cut_video_0.mp4
b0960fa709d1e5dc42afc729f9dd9b1f6033cbd29d697ccbaf074762d34e2603,2,2,one|twirl,part_11/twirl_video_4.mp4|part_7/birl_video_0.mp4
b0de98d748d9b57b5f437e6ca0b19b2acc0e5dc208fb210dc6dedd02a1a71c50,2,2,hug|squeeze,part_11/squeeze_video_2.mp4|part_9/hug_video_2.mp4
b134389f82916da38e660e6eddd4bbaff359480923b66fc297daef60daa81046,2,2,peach|sweetheart,part_11/sweetheart_video_8.mp4|part_9/peach_20241119_172650_11.mp4
b1521475da8e50370af4f977351d1d4f77c7225d52eecf594b27c6d845a247d1,2,2,expert|good,part_8/expert_video_0.mp4|part_8/good_video_12.mp4
b165f5995858b2b77c40683f58d1c3ec6da8818d79a60ab544c8231d2e3ea1f8,2,2,accomplish|reach,part_10/reach_video_3.mp4|part_6/accomplish_video_0.mp4
b1e2e3b1a54d27c97f4fcb8ca5e4daa037d7e8b813503ef24932774064988e15,2,2,bathroom|toilet,part_11/toilet_6.mp4|part_7/bathroom_14.mp4
b1fc7ad81a8a615ee88598db263fedc5282dfae6c544848a4da6939645857771,2,2,just about|some,part_10/some_video_7.mp4|part_9/just_about_video_44.mp4
b2172458086dc3a38536947bc7071da2f1bdeceeafa2e944730ab08945f4c9e8,2,2,fourth|quarter,part_10/quarter_video_21.mp4|part_8/fourth_video_21.mp4
b225bb372f43c4a253ed1787c48d56773840a000762667d3ef69a70aa44905da,2,2,bored|drill,part_7/bored_20241119_172635_2.mp4|part_8/drill_video_18.mp4
b23861028085c45b80f6e14c842e42b5415eeae782a1348680756f6d41ba9019,2,2,interpret|see,part_10/see_video_13.mp4|part_9/interpret_video_9.mp4
b269172a2d495517f13ba773c91b408e9d9acdeea329d2374db18b96adb421fb,2,2,clip|time,part_11/time_video_15.mp4|part_7/clip_video_15.mp4
b2710a3e6def09cef99adabee65e3c0ff5d6d557e683d75a1755deeaa5606bb0,2,2,baby|daughter,part_6/baby_20241119_172633_32.mp4|part_7/daughter_7.mp4
b273d8fee4c67d39fa9bc1259416f4298dd64c84d9988c2c65f4664af397679a,2,2,rat|skunk,part_10/rat_video_6.mp4|part_10/skunk_video_6.mp4
b297a9df1f426c9c04dd40a67416f2592a2edd14b87bd6950d6936fe8dd021dc,2,2,cause|suit,part_11/suit_video_5.mp4|part_7/cause_video_5.mp4
b2cf6de16208a747cd1c08e717938392c3f8f22068d14c16bfe4a8673c1ae8a4,2,2,blue|dark,part_7/blue_video_23.mp4|part_7/dark_20241119_172639_8.mp4
b31cf9ceff4ac640a456bfbafe75cedaaf11e6294473e092b15a984a20e25d27,2,2,blow|waste,part_11/waste_video_4.mp4|part_7/blow_video_35.mp4
b34df1b0c447e6110a83f13f9842a40f3b5b899a4a94e690ecc971a1d2f2989c,2,2,alright|fine,part_6/alright_video_7.mp4|part_8/fine_20241119_172642_36.mp4
b378f984f45102c11e8cf816b42fdaf3ed5c8073e40f9fc28e2d8776f5cfaf1e,2,2,job|line,part_9/job_video_8.mp4|part_9/line_video_8.mp4
b3a286548f15d3f02478959c76c201ab86211f2906cab90f790769754f72113d,2,2,amazing|cool,part_6/amazing_video_2.mp4|part_7/cool_20241119_172638_24.mp4
b3a94e0485743f4bafe661dbbd3d17aa32b7f27094875ed99b2f7716df6186f5,2,2,all|whole,part_11/whole_video_2.mp4|part_6/all_video_2.mp4
b4321145bae5f394beaa07ccec2d1f8c200757c0e4359112e4f5627a253a1c8d,2,2,better|improve,part_7/better_video_5.mp4|part_9/improve_video_5.mp4
b43e7e014cb2aa5368acd7188dbcd2bde870b2ba3f84001858173efc249f57ba,2,2,price|value,part_10/price_3.mp4|part_11/value_video_7.mp4
b4746a0d3c80a7faf13e958a9d3895dca237a7c00cedb7ebd15f01008df45ea3,2,2,after|later,part_6/after_video_16.mp4|part_9/later_video_16.mp4
b47ec04de6f44fae89a16d23b4047ca86f2db83027ef34b8bc2c77c5da0f4857,2,2,find|retrieve,part_10/retrieve_video_9.mp4|part_8/find_video_14.mp4
b4b7f9071cf341e998eeab7fea529825cd7c7dce1bb738d94c51ea42277a66a7,2,2,bathroom|toilet,part_11/toilet_video_12.mp4|part_7/bathroom_video_12.mp4
b4bfbe08bcc6c9d7d30a6376d539cbc4206b59e70c961cfd6f9ea51b4b5ebd05,2,2,peach|sweetheart,part_11/sweetheart_video_11.mp4|part_9/peach_20241119_172650_20.mp4
b4e1e33fe8bcd3e476f657d6dc05183fc63d5f18e324b2de96289e4543ae2449,2,2,make|poop,part_10/poop_0.mp4|part_9/make_video_28.mp4
b4e8fab04e2ba0123e705be4b900c36aca5da3265ccedcdb9890763168275d84,2,2,award|honor,part_6/award_video_3.mp4|part_9/honor_video_3.mp4
b55f279d2a11a0f2610c6d1a8877e31832c64b5aab2de9cfbd0634b968cadb49,2,2,comfortable|easy,part_7/comfortable_video_2.mp4|part_8/easy_video_2.mp4
b56597c3325c98e7d797867cdfb30936a6edde5a56987169835186f9e157142c,2,2,exercise|practice,part_10/practice_video_0.mp4|part_8/exercise_video_0.mp4
b57c3953ffa59e44a4346ef9c7302651662c195c2bda4362297a42a3c14a8198,2,2,press|squeeze,part_10/press_video_13.mp4|part_11/squeeze_video_29.mp4
b586ac95fab01e57895f380765fec7517930c2426bb8d3703689a7d837545482,2,2,analyze|study,part_11/study_video_14.mp4|part_6/analyze_video_4.mp4
b59a9f94a0880ec2a824b6266b4b2dbe4171442a31d066408f7d098aefdc9374,2,2,backup|relief,part_10/relief_video_7.mp4|part_6/backup_video_7.mp4
b5cfcf5a7218e2a73cc1f3c35d29f6625a3dd0c0740965d4f42addb257728291,2,2,jewelry|necklace,part_9/jewelry_2.mp4|part_9/necklace_20241119_172648_9.mp4
b5e476f704f5b6b246758ec8cd58803bb089e75d81b1c6112768a8903bf5402a,2,2,champion|star,part_11/star_video_6.mp4|part_7/champion_video_6.mp4
b60422787c72011120421db3c9fc6e7c761eb3557f3371d3c571684dfa44ff76,2,2,like|same,part_10/same_20241119_172652_13.mp4|part_9/like_12.mp4
b612c6fbfbec4f3137ea311a0e6d978a71c6c9bd36cc051f4986edd3e28a5c48,2,2,humble|small,part_10/small_video_29.mp4|part_9/humble_video_13.mp4
b6265014c61b58508eef63e3b4ba805282b642f3f26423f7d2af6d9ea94863aa,2,2,blow|float,part_7/blow_video_7.mp4|part_8/float_20241119_172643_7.mp4
b62959a66fee9d0d17c9f031f4f59cdb257360ae3502c0cc1d811781b000c5a3,2,2,area|country,part_6/area_video_24.mp4|part_7/country_video_24.mp4
b63482821b60562cbc94524cc48efb9c579857458df7c50d983a9da8c018f5cb,2,2,program|project,part_10/program_video_2.mp4|part_10/project_3.mp4
b64453451e73de413fbf84b50badc087dc9eb7aa68df933fbd94e1e5744c1de4,2,2,blow|float,part_7/blow_video_2.mp4|part_8/float_20241119_172643_2.mp4
b64cf796b114c5cd4f50868449a98f6103fa079fd4202333b3e0adb2d0494395,2,2,elevator|lift,part_8/elevator_20241119_172641_2.mp4|part_9/lift_20241119_172646_30.mp4
b650a7567da1be860af8512d011920383d81bfdb50726e09e97cf59253708959,2,2,blow|brag,part_7/blow_video_22.mp4|part_7/brag_video_4.mp4
b661b2b8e0892788608111288714bb493e9ebc57e754df6f1c894eebb704cf7f,2,2,keyboard|type,part_11/type_20241119_172657_2.mp4|part_9/keyboard_4.mp4
b66a512998a6cc78c2218b535a92f100024e35d21d93d30868a2617f8565cc8a,2,2,drop|swing,part_11/swing_20241119_172656_9.mp4|part_8/drop_video_24.mp4
b67bbab7e6a8113b2f7cca9de87510611cd652675ee76e7e74fff5bb858ff9a3,2,2,car|machine,part_7/car_video_22.mp4|part_9/machine_video_22.mp4
b695b70c4102582614f00d1ae74b8f9dd0bacc50ff1f15b68e63203984608c85,2,2,fox|throw,part_11/throw_20241119_172656_10.mp4|part_8/fox_video_9.mp4
b6a496afde0562f47f8b4d80807fa06bb9d6333be484701cad24a7563e6330bd,2,2,hug|squeeze,part_11/squeeze_video_5.mp4|part_9/hug_video_5.mp4
b6b989e446c96f95b1fd6253388a1d7f8ffc2779b782cb520e2c17193cd0d2fd,2,2,pen|write,part_10/pen_video_7.mp4|part_11/write_video_7.mp4
b6c4f66140216fee77a94755d280b4061ae486b2dd3381ea32976d556c8da800,2,2,hug|squeeze,part_10/squeeze_video_0.mp4|part_9/hug_video_0.mp4
b6c5b7b4daed10c01052ce864bcb92a190623fefc53d549e5af94e67702441b6,2,2,chance|opportunity,part_7/chance_video_13.mp4|part_9/opportunity_video_1.mp4
b6cb0288e02529c958b05d4988a87132c49e7a668c96cc0bd94199274d76b916,2,2,lose|miss,part_9/lose_video_17.mp4|part_9/miss_video_17.mp4
b6e921800d9b2ca7372ea7e9947b4eed6981081e3ac6c6f147e1b9817ceaefc9,2,2,happen|pass,part_8/happen_video_6.mp4|part_9/pass_video_8.mp4
b6ec9a76eb1ba153601034d66150ea0cfa5ce27d4fd0f7c7419ce6ce2cce47b7,2,2,comfortable|easy,part_7/comfortable_video_13.mp4|part_8/easy_video_13.mp4
b735d3b28b99d0d8d8891956a8d2642baffa8c70edfe95ee3e3145fba8e5af7f,2,2,big|large,part_7/big_video_22.mp4|part_9/large_video_22.mp4
b7459eebe668b504aa4cebd937a97ccdfac8f0a9ed078efc56af1b1ae1113018,2,2,fence|fencing,part_8/fence_20241119_172642_8.mp4|part_8/fencing_video_8.mp4
b756b8c6981555c5cd0b86d5b495c2546dc9d547fd4b3660e8d401f94e3dd7e4,2,2,compass|reach,part_10/reach_video_1.mp4|part_7/compass_video_1.mp4
b7cfc9bbe71bb9e00cc010f31fc89579fd1db1411d1d8b38139a4cee58225cae,2,2,energy|power,part_10/power_5.mp4|part_8/energy_6.mp4
b7ff051d862da15755b74f02ac4474566b6b6e8994cc9e64e4b5101a1c3daf2d,2,2,closet|press,part_10/press_video_3.mp4|part_7/closet_20241119_172637_15.mp4
b870b18eeff425f5d9cb7540a2598a1da3bc69bbfd3a30be360907634e788ce0,2,2,fit|go,part_8/fit_video_7.mp4|part_8/go_video_51.mp4
b880dadab2304bfcb60e4134ce0fd3fc9b5a6060ef26e8f7016fdf4ec0b43b60,2,2,internet|net,part_6/Internet_video_4.mp4|part_6/Net_video_4.mp4
b8988b04a1a551914f595b8d00bea4104bdb4795d187b491874c99e4a7e3f838,2,2,expect|wait,part_11/wait_video_14.mp4|part_8/expect_video_4.mp4
b8c7104659eb909b2d4c561c6555a7d7d420ec8c76fe61db18b67aa7bd730c17,2,2,march|parade,part_9/march_6.mp4|part_9/parade_9.mp4
b8caf58e669143880214555c1e6ded4bb8b781f99652c4ee7fd64f64ad296ec9,2,2,once|when,part_11/when_video_0.mp4|part_9/once_video_0.mp4
b8fd6499af770cc30b5e73507a818281e2526293d626384e1a807fa0adb3ace7,2,2,pack|set up,part_10/set_up_video_16.mp4|part_9/pack_0.mp4
b94168a12d52123a6433737d3b6fcb0faa5e1ebcb97cffd640f4aa8a7df77fdc,2,2,peach|sweetheart,part_11/sweetheart_video_7.mp4|part_9/peach_20241119_172650_12.mp4
b9573457fa5653f24f70c9134a1848dd56140e59d31f461b8f44b8b32ee28b14,2,2,achromatic|white,part_11/white_video_14.mp4|part_6/achromatic_video_31.mp4
b9663a88bd9e863ff28635d5d8af0733a847aca261c9ca06a0f699dfac438659,2,2,fine|ticket,part_11/ticket_video_5.mp4|part_8/fine_20241119_172642_23.mp4
b9697951389f59892268171ea0f8003197e33a2b0972d0791e220d9a083fc804,2,2,run|test,part_10/run_20241119_172652_5.mp4|part_11/test_video_10.mp4
b9b43bb4bd98e401d5cd9b51aed4a3179ae7c7425cd8313f2f47a37528612f1a,2,2,pass|toss,part_11/toss_video_5.mp4|part_9/pass_video_21.mp4
b9b926884d53cc509938dd3772fd79fb1c3c8d0a2df1673a60bc55dc1d786184,2,2,pop|soda,part_10/pop_20241119_172650_14.mp4|part_10/soda_video_5.mp4
b9c919dccab800ce304a6bfe3933b14adf4def850ba57af1ccc22d03ab44d57b,2,2,away|off,part_6/away_video_16.mp4|part_9/off_video_16.mp4
ba1b5e534c8e38205fca190b111c0e77019cbe7fe11655a56e0b363c588a9dac,2,2,bathroom|toilet,part_11/toilet_video_5.mp4|part_7/bathroom_video_5.mp4
ba27f25a4009e5e655082411130e92501e2ffed85d0a71e1487de09035174dfb,2,2,edge|march,part_8/edge_video_4.mp4|part_9/march_video_4.mp4
ba49f7c6d414ac168ef5e0d394f91cc42c23d33805b8ea06eb16753525a3913f,2,2,disappear|vanish,part_11/vanish_video_7.mp4|part_8/disappear_video_7.mp4
bad6c533b7a992d924e6179b075af610efa7fcc32a0ebb8fc469502588d772f3,2,2,apparel|dress,part_6/apparel_video_30.mp4|part_8/dress_video_30.mp4
bb01bdef7e6f77b3e4eda0627260e79ce75f2395a5404d1bb07209e70b39a6af,2,2,rest|stay,part_10/rest_video_13.mp4|part_11/stay_video_6.mp4
bb2138015aae9470bde80a98dbefb7793996518f182aa4fc124e0ed25f097d1d,2,2,assist|help,part_6/assist_video_6.mp4|part_8/help_video_6.mp4
bb3da6496eb5df6188e5bc7c57daf3e2106db6edc5e0dce07408dfc14a32efc0,2,2,honest|truth,part_11/truth_2.mp4|part_9/honest_3.mp4
bb56d384168d59bd667b8bd31b2ad354a5957c67732f3dacc706f4e8f7daf3b1,2,2,dirty|foul,part_8/dirty_video_18.mp4|part_8/foul_video_24.mp4
bb62ff55b7300e6ed99f828fef22905d79cbc5d43215f104df33fa81b62b1c1f,2,2,guess|shot,part_10/shot_video_13.mp4|part_8/guess_20241119_172644_16.mp4
bb7f277cfc1576dcea29220da75d8b51417aa66ea051ab8a0eb3385c7b663695,2,2,area|country,part_6/area_video_5.mp4|part_7/country_video_5.mp4
bbc9cbcd7fb930bf88ba39d9ca4ae72723aa263dd98d0db1a3fa6d443fe1dbc6,2,2,universe|world,part_11/universe_video_2.mp4|part_11/world_video_23.mp4
bbf843fecdf576257d6f8b59ea32808d08f2ac316325afce56a6852d276340dc,2,2,practice|train,part_10/practice_4.mp4|part_11/train_8.mp4
bc077307836642e578913f794b13e92add19b41b5e28e8aef7ad722416b22c4a,2,2,award|honor,part_6/award_video_9.mp4|part_9/honor_video_9.mp4
bc123e0b53675ce2c7bc61e08a3791ff5157c9e497ebe8a8a733c31d9a607bd9,2,2,reach|stretch,part_10/reach_video_18.mp4|part_11/stretch_20241119_172655_3.mp4
bc1e0207bfc185e96a931dcc3de6c1f58cd179b7c9d2aba7d2742fd40ca7fca3,2,2,soup|spoon,part_10/soup_5.mp4|part_10/spoon_4.mp4
bc221980710eef3d7b493edc29f4f6bead3fa6f28915f189659bfaae62c8b129,2,2,newspaper|paper,part_9/newspaper_video_2.mp4|part_9/paper_video_15.mp4
bc27fccf00faef1a8f711059023db33a1be4cc62051cf97de75b45633b70d39b,2,2,add|total,part_11/total_video_11.mp4|part_6/add_video_33.mp4
bc2ad200f57ca2b3c1623a2e7d804cafaecb184c53885d7415585f3a612b6d39,2,2,drag|sweep,part_11/sweep_video_11.mp4|part_8/drag_20241119_172640_7.mp4
bc6a22959a1a65749f35d38d8fe564001b8cc69456114f50c45857d17bc23627,2,2,back|backbone,part_6/back_video_21.mp4|part_6/backbone_video_21.mp4
bc6c1cd932fb42c0f7b7da99c4fef70589a393e267ad4a9d0834e6aab737b3e2,2,2,child|support,part_11/support_20241119_172655_34.mp4|part_7/child.mp4
bc79829808375a61b72ebd38505f4a096be675480ef0a46fa1f0250cc0ea7c87,2,2,glow|light,part_8/glow.mp4|part_9/light.mp4
bcb6d3b28cfd58fcc9fd3c9baa0a9741fec07d876a2cd3aa1d54342942b59fdb,2,2,accent|stress,part_11/stress_video_2.mp4|part_6/accent_video_2.mp4
bcecc7d1a0bc6b0466cf8c2c11770cf842481fd6d9642ef98fd3194315f2c191,2,2,dormitory|hall,part_8/dormitory_video_2.mp4|part_8/hall_video_16.mp4
bd05c0b509962ebce58cf5ec5b112f145605c4d383994c1ef8e8aed1e31f8da5,2,2,pop|soda,part_10/pop_20241119_172650_10.mp4|part_10/soda_video_1.mp4
bd0ea69d7041c34ca8da61308db1117e94e7c1e29c23e7d5b9af63469d984d8d,2,2,pass|passport,part_9/pass_video_35.mp4|part_9/passport_video_3.mp4
bd324d144b299a908576045e402f1a656776bc651562882bc611616d9141aeb9,2,2,brave|health,part_7/brave_8.mp4|part_8/health_9.mp4
bd376133cee06bc63cffdfca52b9d48307ad35e57a17fcb67c33311eaff6a880,2,2,smoke|smoking,part_10/smoke_video_3.mp4|part_10/smoking_video_3.mp4
bd5ddf7c307e3955bc3929df3acdaedc11f3ae8272dd7578ca9650b3e7621e41,2,2,need|should,part_10/should_10.mp4|part_9/need_14.mp4
bd6cad0012bdb08cc16ec81818fa60be30ebe37c86facafe7ccc5bb535cf50c6,2,2,fourth|quarter,part_10/quarter_video_8.mp4|part_8/fourth_video_8.mp4
bdeb8d8bb39f729a8983de516be765ed7654f54997e658261ebb551812c02634,2,2,catch|grab,part_7/catch_20241119_172636_1.mp4|part_8/grab_video_16.mp4
be3e2dbe9dc80deb64b04dcdfd7e3f3d90bf6caa47e7bfb9f23894c1eba5841a,2,2,catch|grab,part_7/catch_20241119_172636_18.mp4|part_8/grab_video_13.mp4
be7186f788ddf5d11179e1c5650975bacf58edb4f26247d98f2a9b1da1e17140,2,2,impress|move,part_9/impress_video_3.mp4|part_9/move_video_36.mp4
beb5c9522f67c9c1abfbe022584f6af02c49607f2857b38f26d31449f924ec1a,2,2,america|us,part_6/America_video_10.mp4|part_6/US_video_10.mp4
bebdfe72456830352d656eef9f125c8a37a8510db27d7d4ed570ce37d87b9ce9,2,2,closet|press,part_10/press_video_4.mp4|part_7/closet_20241119_172637_1.mp4
bf573885618b80a10fc39218336e4e868c201e9dec58fd1791c5b4d5d4af91f6,2,2,take|train,part_11/take_video_30.mp4|part_11/train_video_10.mp4
bf88eb6eb0e6302f31202ef1e3f5709ca079f8d0f4ed24046333df84cd50ed48,2,2,hard|heavy,part_8/hard_video_15.mp4|part_8/heavy_video_16.mp4
bfbf668dbe50cd6a74e58203b30326f638f4509583702349f6426198a71cfc1f,2,2,deny|refuse,part_10/refuse_1.mp4|part_8/deny_video_0.mp4
bfe1facb363a21e6693fdc3659ae3fd2edc0569c71725b399a4bce56764111b6,2,2,mouth|talk,part_11/talk_20241119_172656_6.mp4|part_9/mouth_video_1.mp4
c01d295b911b6ab3644432b2e2d04cc8de285f6a8eab295c3f7cf3673a034902,2,2,assist|help,part_6/assist_video_7.mp4|part_8/help_video_7.mp4
c038443fda7785847774a20b295ae59e9875172c863f7e39b655a670a7610a42,2,2,dessert|sweet,part_11/sweet_video_6.mp4|part_8/dessert_video_0.mp4
c0b1f0881729ab94bbde10a6eedbc18c0251acc6ab980d3157dad9e38f8a6bed,2,2,head|principal,part_10/principal_video_2.mp4|part_8/head_video_25.mp4
c0f16df3ebb126f823adf73ab8cdfbe5f85f09190d6c75ab566ff1e6bef51f98,2,2,grasp|hold,part_8/grasp_video_6.mp4|part_8/hold_20241119_172645_14.mp4
c10a7869e8e880c925628ebc20e868eaed0e7a56fba3b52bd069ee31b09b8731,2,2,crown|top,part_11/top_video_11.mp4|part_7/crown_video_13.mp4
c111585e013d304f81b7e422ed0f59530d8da2fd2a7f8927419a42e5a0a70414,2,2,net|network,part_6/Net_video_8.mp4|part_9/network_video_7.mp4
c135a59d9f95f9115175abd710ae2cce1d51dc9045152c095b485877651b9977,2,2,cry|shout,part_10/shout_20241119_172654_8.mp4|part_7/cry_20241119_172639_25.mp4
c144a3f4ad0c632cf364b02b2e4fd1462187d4930926bba1af0962071cf0caa5,2,2,finance|money,part_8/finance_4.mp4|part_9/money_20241119_172648_3.mp4
c152c24155bb5e2d258e659069bb4d9aff9a62c6c8e9ad3cd7bcf37a7462cfc7,2,2,car|machine,part_7/car_video_19.mp4|part_9/machine_video_19.mp4
c1602c58f116cf57fe4e6ef886af2c24b2ccc5732ef979d26ca595d5824b3ca5,2,2,alright|fine,part_6/alright_video_2.mp4|part_8/fine_20241119_172642_9.mp4
c1a33109d0f05f0ea22dec73e2984b6d118ccc4c2491fff91283ba2c1ece2a8d,2,2,earth|world,part_11/world_video_12.mp4|part_6/Earth_video_12.mp4
c1a423532c33a0a70fc630826e8fd45f40dce493c8225cfda2c35a17ecd5cbce,2,2,adjust|change,part_6/adjust_3.mp4|part_7/change_22.mp4
c200053e99c3f3a63caacbfc70cb99c68bc64bb0a19819f46039006ddf38e2d5,2,2,present|show,part_10/present_video_8.mp4|part_10/show_video_8.mp4
c216e2391e577019e48c4b2b01a7cfa4a317497985d35d8ae5eaa5f72add5f2c,2,2,cost|price,part_10/price_video_0.mp4|part_7/cost_video_0.mp4
c21c5c94c113c6f56eb1b8ab64747083d6b9de49d7b00257f915dfb2679fa4c4,2,2,down|polish,part_10/polish_video_15.mp4|part_8/down_video_31.mp4
c220397d6bbf6995727c4f09a3041b19bfb49d98c6bd5741fb5a0755663ca12a,2,2,area|country,part_6/area_video_9.mp4|part_7/country_video_9.mp4
c2323082bdf50cf8f086d90c2297a6fd76939dadb02b4710a34f0e164ed3395a,2,2,enter|retire,part_10/retire_video_11.mp4|part_8/enter_video_13.mp4
c243ae2c80b9b6c108e5d071c03af3eb1387ba91914a47310e48e5a9885c8b02,2,2,can|fire,part_7/can_20241119_172636.mp4|part_8/fire_video_9.mp4
c28d6d3b1364f37f28d0dd14bba5ad31821f6b2ba682049bb320816d598c1204,2,2,date|engagement,part_7/date_video_9.mp4|part_8/engagement_video_3.mp4
c2a4fa85e3c16d5fc921e57aec3934d038f7ea85c7b283a2564d2c90a6611903,2,2,class|form,part_7/class_video_1.mp4|part_8/form_video_1.mp4
c2a66647567bcb7fe606c84c0226c65462497acb1fdb00ae6107f16f4298b7e8,2,2,listen|mind,part_9/listen_video_7.mp4|part_9/mind_video_24.mp4
c2bda776e013bddb73ca30ca193e20fa2af653c3400f27a7c275ca0fe4f496fd,2,2,just about|some,part_10/some_video_19.mp4|part_9/just_about_video_56.mp4
c2e9e5756ea69619ad5de51be0d300471782acc1f23637219794b0f7785ecea6,2,2,average|mean,part_6/average_video_7.mp4|part_9/mean_20241119_172647_23.mp4
c3099a31289d4accbcac7961aa949aefb8f444327c3068f3fdf11d77ef14bb0d,2,2,newspaper|paper,part_9/newspaper_video_3.mp4|part_9/paper_video_16.mp4
c313d0ba4448814d0c555ca995c7f4c2c4dc537bc0247bb4c6796e98229a085e,2,2,present|show,part_10/present_video_0.mp4|part_10/show_video_0.mp4
c31c97c50d3cad7e1438bf849643adebc56cb8052c4d0a71cd02a659213a0734,2,2,eyeglasses|glasses,part_8/eyeglasses_video_7.mp4|part_8/glasses_video_7.mp4
c326c4c463b32f53fffa176eb5f1204062f9224d02fc7be6a18f46dee4c10371,2,2,class|family,part_7/class_video_18.mp4|part_8/family_video_10.mp4
c35a97d653f105f425931871e7b822d915ac1ff6b8b3b542ce3465faf2887da6,2,2,analyze|study,part_11/study_video_20.mp4|part_6/analyze_video_10.mp4
c36bbe43e5e5aa546255f30d0f160379227ede3f897dd404694be75a27048ee5,2,2,disconnect|release,part_10/release_1.mp4|part_8/disconnect_4.mp4
c38d2b4122ba7bb287b1cdfe5b98639eeb4827197ad869e90a7982e6f6b66b0b,2,2,postpone|table,part_10/postpone_video_1.mp4|part_11/table_video_11.mp4
c3926a93dcd6123d01d50b1fbd9e9839de0ad2933f8ec3b85b16d49c42336175,2,2,quit|resign,part_10/quit_video_7.mp4|part_10/resign_video_0.mp4
c3abe3d988e5aa46386a6a0d98b00728a197fde7a1a65d3e2d12204b5de17253,2,2,set|set up,part_10/set_up_video_34.mp4|part_10/set_video_61.mp4
c3d6b92b1606d2fe89eac733ea79f735f771d6ba87bac90ebeb945d24050cbe7,2,2,blow|brag,part_7/blow_video_23.mp4|part_7/brag_video_5.mp4
c3f86c7dbf47775d7662336d4875f8e562efd4a84b1f7549d0e95c376beb1395,2,2,because|for,part_7/because_video_3.mp4|part_8/for_video_3.mp4
c3fa5626f96e5c47ea0695d6c255db16426f67b4b4dd4463f1bad3e6e1a5c0a2,2,2,fourth|quarter,part_10/quarter_video_12.mp4|part_8/fourth_video_12.mp4
c402e836d3d1d1f23e44c8f4d2bd819fcb0ac47bdf0ab38ec08f493aca802e0d,2,2,and|on,part_6/And.mp4|part_9/on.mp4
c46e377ce2c3c8c40bea6c3bee58cc5faa2f863bf703e3b26f89e240e6e36a3a,2,2,form|make,part_8/form_9.mp4|part_9/make_10.mp4
c47c65b00b0e82d638331f34f9d18a84d799273e04699925b4502c0fcd63a62d,2,2,bring|get,part_7/bring_video_23.mp4|part_8/get_video_40.mp4
c4954ad47d802a2d8eac82dbf6ae89733f6894a93aed9eb7d8e938e65c3a92f1,2,2,mine|my,part_9/mine_video_0.mp4|part_9/my_video_0.mp4
c4a68596820a8d8f3d98ff3d719cf9d11e8abda1a026cc0c1b8fd2f5d99cb56a,2,2,again|over,part_6/again_3.mp4|part_9/over_10.mp4
c4b554a014a7e0d14f1bad618a63dea7cd394bbc7a40181db4ae63a5fdc77243,2,2,create|make,part_7/create_video_0.mp4|part_9/make_video_0.mp4
c4e742fa5d8ff6d49c3f93710f811e5a65ed6d479d8cd17ae026178a93113075,2,2,assist|help,part_6/assist_3.mp4|part_8/help_7.mp4
c4f88975cd84079e267012419315d78c55db17ba32cb190cb825306c11140bb0,2,2,adult|tall,part_11/tall_20241119_172656_11.mp4|part_6/adult_15.mp4
c4fe15db35433d9f1efb41599958adb9b772137bc877fa30adf0d1791de9e86b,2,2,cream|pick,part_10/pick_video_11.mp4|part_7/cream_20241119_172638_11.mp4
c515ff0c8f970d9ab6b18a909499363dadaa2e6856b3dbd6438da44c4836d8d0,2,2,draw|pull,part_10/pull_video_10.mp4|part_8/draw_video_0.mp4
c53f5576ec0e3d7e65f9af5f47403652aae85425cfcef90a8f09b7f8c1ce3ebf,2,2,car|machine,part_7/car_video_21.mp4|part_9/machine_video_21.mp4
c53feee90f0acafdb237cbe937494797cdd073e8a8e58f6f0cbb56592da5612a,2,2,net|network,part_6/Net_video_7.mp4|part_9/network_video_6.mp4
c56354468e32404cf64669c92a9403c4dc5aa2d49f55eff6d492713c7dffed3b,2,2,expect|wait,part_11/wait_video_12.mp4|part_8/expect_video_2.mp4
c569834fe34c915e4be11bd303e9924f295cb23be8fa7b2c6f2bc08c1d5abe4e,2,2,play|turn,part_10/play_video_20.mp4|part_11/turn_video_0.mp4
c56c93815943cacc8ea20683f0397a12b6a9d50ef5caaa073f86e9762d33dc1b,2,2,blow|float,part_7/blow_video_1.mp4|part_8/float_20241119_172643_1.mp4
c57fc5f967e3f584887422119b5fec54f4e4df38a099a1adeca32c68ce950d65,2,2,state|tell,part_11/state_video_3.mp4|part_11/tell_video_3.mp4
c5eefb8a656297a0f977f2bc32bdb187d625b9487e642174b62deda02c285d4e,2,2,think|wonder,part_11/think_video_10.mp4|part_11/wonder_5.mp4
c5f289e4a9a9f5006c519e3fcbb18decb82ab0549e20ea11e0320d936a455e0f,2,2,decline|refuse,part_10/refuse_video_0.mp4|part_7/decline_video_0.mp4
c5f740f41ff579fa640ca32c663654ee50fd4ea1fc202f087de07ff0cb2449f0,2,2,eyeglasses|glasses,part_8/eyeglasses_6.mp4|part_8/glasses_4.mp4
c63090424028a695cdf6c6fe441e32a0c15cfdb5eb0061936b11f8b3de4026b2,2,2,order|plan,part_10/plan_9.mp4|part_9/order_20241119_172649_16.mp4
c649b5390628d172c6e1f20b1dae2a38f6bc1c845c086f5a7c3e6b7d57866bc4,2,2,pinch|squeeze,part_10/pinch_20241119_172650_1.mp4|part_11/squeeze_video_31.mp4
c68705e6ea7aae5b8a9db94fa73ec56c19327d0b2eb93fc6763753dd12fdd82d,2,2,hear|listen,part_8/hear_20241119_172644_1.mp4|part_9/listen_video_1.mp4
c6abc789c4b0a8665efd77e62048b39c646b959e8dc38687c913dcec33c38334,2,2,back|backbone,part_6/back_video_18.mp4|part_6/backbone_video_18.mp4
c6d2c7cf0125a04538be38e4a03d02826d00a057e63aa0e49a08199ce47bba9f,2,2,vocabulary|word,part_11/vocabulary_2.mp4|part_11/word_3.mp4
c6da84f54fd9977e4c8541c506666f0d9501a4c5a1815d526ffaa5803fbb24dc,2,2,analyze|study,part_11/study_video_19.mp4|part_6/analyze_video_9.mp4
c6f271dfb55e1652cbed8eb043696a53f03f26b27703a7c7014af69fd447b51a,2,2,faint|light,part_8/faint_video_6.mp4|part_9/light_video_31.mp4
c7507397110fa7b272ec5e51071650c63026e94bce592ba500074a339138deea,2,2,area|country,part_6/area_video_23.mp4|part_7/country_video_23.mp4
c760741294e3be800768413e672e7ce0e3d68f3b7a583fc892cf915157041dde,2,2,effect|set up,part_10/set_up_video_38.mp4|part_8/effect_video_13.mp4
c77f09aec544b4ffc7593d498af51908b9f4d9995432bf77b6e17ad5c23635f5,2,2,deal|take,part_11/take_video_28.mp4|part_7/deal_video_67.mp4
c794f0cf2410347729cbd43316d263c491986d8e236a9e8fc511e39145376da2,2,2,dart|shoot,part_10/shoot_20241119_172653_22.mp4|part_7/dart_video_5.mp4
c7c29274047cf2a5da72bcbb31cc70c196b511129d4d17f3e834ba8da9a0f5ea,2,2,big|large,part_7/big_video_7.mp4|part_9/large_video_7.mp4
c7c7dc31fda77533e4ed532e85589aac6a822b303cdb86e16cd314466a3909c1,2,2,adjust|set,part_10/set_video_26.mp4|part_6/adjust_video_26.mp4
c7de9d3a6d42aca969bb59d40eefc7c24f5ef28831b55eeb1f672082431c560a,2,2,lose|miss,part_9/lose_video_8.mp4|part_9/miss_video_8.mp4
c816f97bbf35e817c667d6cfb6db01fb9dafd677314335a7c01e67f1d48d6cd4,2,2,all|whole,part_11/whole_video_6.mp4|part_6/all_video_6.mp4
c833ecb8b2096462ba91c1ed55a1fbea71ac7814c5ee87bc1c87ad8860e65e42,2,2,cream|pick,part_10/pick_video_12.mp4|part_7/cream_20241119_172638_12.mp4
c88c83cdc2c9e9737507cf0277ea3733d53615af481f2723ed62225b8234a03c,2,2,bright|smart,part_10/smart_video_5.mp4|part_7/bright_video_14.mp4
c892d94d9a7a97d843c72e8a3e07e50694df6f249812739981c975008e47c376,2,2,quit|stop,part_10/quit_video_2.mp4|part_11/stop_video_23.mp4
c8a2e3f2dcd8c4be32d349d534405d9e0166587cc6677cfeaf2ca1768057eb86,2,2,just about|some,part_10/some_video_8.mp4|part_9/just_about_video_45.mp4
c8abfcbb53f7ed820cf78fa39126ee7a2f6c5374cfbaa87cccffc6d49f0a10f7,2,2,invest|place,part_10/place_video_23.mp4|part_9/invest_video_4.mp4
c8dac135a7143f0318089bfee3a3bbf9d266f2091443f10cdc6d3170bdba29ae,2,2,draw|pull,part_10/pull_video_13.mp4|part_8/draw_video_3.mp4
c8ea86ffa2bc19a854b2c8ff59d64b15cc729a27fcf37c7daeda9e0de9142ebf,2,2,pack|ring,part_10/ring_video_10.mp4|part_9/pack_video_11.mp4
c8efaf9a70a968833f963effc8320e5086ceaf8bb38dc1fb419098911e843261,2,2,hurry|rush,part_10/rush_video_5.mp4|part_9/hurry_video_5.mp4
c8f05262dad986e6b05d177f20ddd13f96d05fd1f6f474850f2509677714fa3f,2,2,all|whole,part_11/whole_video_13.mp4|part_6/all_video_13.mp4
c90dda037f887d1898d26283348265f02b8cad48c76e98e30eb1344f3075ac4e,2,2,after|later,part_6/after_video_10.mp4|part_9/later_video_10.mp4
c9392baccff2910f64d3733dd7d4b200da40cd7d49db7ccd96a86d6d2895d031,2,2,fence|fencing,part_8/fence_20241119_172642_3.mp4|part_8/fencing_video_6.mp4
c96845e73766fa60fa6926620ae07fdf941f8f495cf5348d0587d3d89fd97e0d,2,2,feed|run,part_10/run_20241119_172652_7.mp4|part_8/feed_20241119_172642_10.mp4
c9718968de8e72fb60be19ae39b05def25d32dda0af1e5428d853e97f36ac2e8,2,2,better|improve,part_7/better_video_13.mp4|part_9/improve_video_9.mp4
c9927ba2efd0125328d3870bc89fed7fbb91d676f88c72572a8c3c35e887cf6c,2,2,color|yellow,part_11/yellow_9.mp4|part_7/color_video_12.mp4
c9dca3a1e7d80732f0b1effa4298cec58e0ea9e2683fcec634f42510391458fd,2,2,achromatic|white,part_11/white_video_10.mp4|part_6/achromatic_video_27.mp4
ca9b649a27b77536ed1b63b93734a5553d304e7b7e3ce1338e31e1ea38fd20e8,2,2,glove|gloves,part_8/glove_video_5.mp4|part_8/gloves_20241119_172643_11.mp4
caa8c59377204a848e8945cbd1168739dcd6d27f6cdd8069f39fb5d36ef243b1,2,2,adult|tall,part_11/tall_20241119_172656_13.mp4|part_6/adult_video_2.mp4
cb0f84d9d7a7792995278ee5adbc3fd05d91d7f0bbcd85c42c79d24a91e5dfe3,2,2,eyeglasses|glasses,part_8/eyeglasses_video_2.mp4|part_8/glasses_video_2.mp4
cb129f95945e435ab32546b558d7dd6bae7be77829fe24583237ccef550488d6,2,2,present|resent,part_10/present.mp4|part_10/resent.mp4
cb1ff60e788937985824c71ff0f368c663e46c4d85ea1e98cd157240b4342cbe,2,2,bloom|flower,part_7/bloom_video_4.mp4|part_8/flower_video_9.mp4
cb53f099ed3d492563e804f8c7e114530c9a4adfe4fd69e316b051da4791e50c,2,2,barely|scarcely,part_10/scarcely_video_8.mp4|part_6/barely_video_8.mp4
cb7bcab1a45d8f2e9668e06b79d084fb8fc70627d18852a1bfc690df26484c17,2,2,once|when,part_11/when_video_3.mp4|part_9/once_video_3.mp4
cb80daea9f8d6e22f7f2530fcd1c8d35f3ce47d9fb2df8970ffac93a32539f7b,2,2,after|later,part_6/after_video_6.mp4|part_9/later_video_6.mp4
cba9edc6a31a0612854ffd13157c7367eb88a7dfec7abffe80884e8867352685,2,2,enough|plenty,part_10/plenty_video_52.mp4|part_8/enough_video_1.mp4
cbe91a74f1fe46b1c0b3af80364f700800b88588a036d3098a2ee98e7ccfe2ef,2,2,future|will,part_11/will_7.mp4|part_8/future_3.mp4
cbfa04c6de89817b96a7034928e010ae5f249364216a86758748111bf1e2b5be,2,2,foul|yucky,part_11/yucky_video_4.mp4|part_8/foul_video_13.mp4
cc7c49bc12d32c235fbfe573f99e5963e9bd947e5cdd481eab1239f82d19c518,2,2,conflict|struggle,part_11/struggle_video_12.mp4|part_7/conflict_video_2.mp4
cca7dda3107c3431d071d8382c45e5caac6dfc3c51163a68e0f09fb0ae856824,2,2,nothing|zero,part_11/zero_video_2.mp4|part_9/nothing_20241119_172649_1.mp4
cca8e8ab5ebaeeb5b49c047b5ded500f664ae85d49498560a99cb22942cab731,2,2,clear|make,part_7/clear_video_1.mp4|part_9/make_video_25.mp4
ccccf89f4dfa3693675ff234365f33e55c3e9a0730fcdef8d176fb4e6bdb0917,2,2,rough|rude,part_10/rough_5.mp4|part_10/rude_7.mp4
cce8c76f7d75ece6b5f59dcacd12199e67af964e7716674a0dfa9113612be958,2,2,blow|brag,part_7/blow_video_28.mp4|part_7/brag_video_10.mp4
ccec143c83cd66b266928ca7e88091efbd37b9463b3eea700548c8b23904e195,2,2,daughter|girl,part_7/daughter_video_1.mp4|part_8/girl_video_11.mp4
cd048db1099eed55f07a73fcd9061656514b69609f507bc3a2beb527884986bf,2,2,break|offend,part_7/break_video_41.mp4|part_9/offend_video_2.mp4
cd22f714a6a6e10880f79301c631ec8cd9fb3fbc381dbaafadc8f9fdce13389c,2,2,blue|spicy,part_10/spicy_video_4.mp4|part_7/blue_video_22.mp4
cd4d44d341b19e7012d76be28855572c57a6e599bcd622c30fe5b2c9df442dcd,2,2,dumb|slow,part_10/slow_video_7.mp4|part_8/dumb_video_0.mp4
cd9a31d50444cdc35713c557bae2c2cb95963c631c3a2a6773d81726326aa4f0,2,2,barely|scarcely,part_10/scarcely_video_2.mp4|part_6/barely_video_2.mp4
cdbecb5766e7d3fbfc6110a3eb97ee32c9a579c46de576807d853e9496eaaff2,2,2,achromatic|white,part_11/white_video_4.mp4|part_6/achromatic_video_21.mp4
cdbf0863af59a8e2a4d6b6052d1c6c0d41594f8d0e62e2dbeb39a84a2e311ce6,2,2,crown|top,part_11/top_video_9.mp4|part_7/crown_video_11.mp4
cdd8d20e67799534f9375c3a83168a856489f40b659d3b26685e814af7434d2e,2,2,break|demote,part_7/break_video_24.mp4|part_8/demote_video_2.mp4
cdeaecc40b3d308ed4dd324a2ce1d65f0ac43519c4ba832c2da8d0adcf0c1086,2,2,award|honor,part_6/award_video_11.mp4|part_9/honor_video_11.mp4
cdf7d8fc06f7432a10919c095a99d0b7ca571b7d90407a340f27080392bb202c,2,2,alright|fine,part_6/alright_video_9.mp4|part_8/fine_20241119_172642_4.mp4
ce3d0550c4df1913e84c0f0d849d8184cbb3778396e645ab9e52b38360727ed1,2,2,batch|group,part_7/batch.mp4|part_8/group.mp4
ce7ce207e642fc1536d42b58f534802c3f9b630b670d8bd4493a1a741ebfba55,2,2,bath|bathroom,part_7/bath_video_0.mp4|part_7/bathroom_video_16.mp4
ce9b78830f5bda1da22bb76ae6f6ee30397a2c33fd440121335c869515c93381,2,2,bull|bullshit,part_7/bull_video_8.mp4|part_7/bullshit_video_3.mp4
cea3859be7a5c5563d514d65369f56d840cf940a7aa062175e3c1b8964ee1974,2,2,baby|bowl,part_6/baby_20241119_172633_26.mp4|part_7/cosset_video_0.mp4
cee3407c82ec2b79e8f7efcf7ce5ea6679936fc6cfbc28aab0df6bd744d88d40,2,2,all|whole,part_11/whole_video_12.mp4|part_6/all_video_12.mp4
cee3c71020bac7ad6c6d7b2271ecc9dc2ee8d5b0cb4985ebfd26c3536cefd131,2,2,chase|tail,part_11/tail_20241119_172656_15.mp4|part_7/chase_video_4.mp4
cf2d6c5f73b8aa6ce9fd2587921721ae5abb662e1979dc5c92e7f71cfb35648d,2,2,after|later,part_6/after_video_4.mp4|part_9/later_video_4.mp4
cf5e307c418a79e69a78dbb9de4b3e898837a721eb7b8bc7735b1ab6fa692d4e,2,2,finish|stop,part_11/stop_video_7.mp4|part_8/finish_video_7.mp4
cf673ae0b44355ce75e098a5800e3fda1c73dd386d559e41438ce13a5a439c7d,2,2,couch|sofa,part_10/sofa_video_6.mp4|part_7/couch_video_6.mp4
cf69b21f387a7844d8d3909c2f959098db806cf86cc9718844dfb2ecfc3aeeb5,2,2,hot|spicy,part_10/spicy_video_2.mp4|part_9/hot_video_19.mp4
cf737640768df2c5a62eac27e1f6209a436b21a7b53fa0caae85fa14e863f4b5,2,2,area|country,part_6/area_video_13.mp4|part_7/country_video_13.mp4
cf78e4cd4e93cd102352da769d3ce873f144e08b05ca036385a11a8b5034806f,2,2,watch|wristwatch,part_11/watch_19.mp4|part_11/wristwatch_20241119_172659_4.mp4
cf8a5e18cc85a7f7fde0830c6cdc3f40ca15c1cf189337ea51090f8f982aa084,2,2,bath|bathtub,part_7/bath_video_13.mp4|part_7/bathtub_video_4.mp4
cf9f526de36f1a9eab848728aef9c567285e1bc1f888ae80f8354129c4f50be7,2,2,reduce|thin,part_10/reduce_video_38.mp4|part_11/thin_video_16.mp4
d00504185bf5ca4e8a6f6809823d123e1f5461f6bc5d6b22af3fb746aa270beb,2,2,experience|feel,part_8/experience_video_11.mp4|part_8/feel_video_11.mp4
d023fe09184e30ef559fdecf89cd655a19c36093c77ac926ee5fedafcd864dca,2,2,away|off,part_6/away_video_12.mp4|part_9/off_video_12.mp4
d03ea5d736d19466610c34b0206859bc35dcfcdacbae4b5161ccea77d711899c,2,2,press|squeeze,part_10/press_video_11.mp4|part_11/squeeze_video_27.mp4
d0a95a795e2ec4d86b098618792e107b69315723d3103d06e40ff4481044cf51,2,2,immature|young,part_11/young_video_2.mp4|part_9/immature_video_2.mp4
d0af97eecfbbfe8e85a4d6f2ad27a2c6fa51d385a8b12e0b3e8e291bcbd7845f,2,2,dark|sour,part_10/sour_video_3.mp4|part_7/dark_20241119_172639_31.mp4
d122983bebb8b7806c37751e021d4fc2da038cde46519f975889ad6c8fa4b6f4,2,2,class|separate,part_10/separate_video_13.mp4|part_7/class_video_16.mp4
d13a66a124ddcbee6e8b9120558a9f663cedc95184ad1edfe6d3231651ff23c3,2,2,clean|nice,part_7/clean_10.mp4|part_9/nice_15.mp4
d13d020b4b3f0f9ca83d14fbc54bb14c6f55d76617ed0eb3027eb9d72235738d,2,2,cause|suit,part_11/suit_video_15.mp4|part_7/cause_video_15.mp4
d14fc3780c07e85d60408415e9bd4b7d54adb4dc70dd427c512508f5ceff9d5f,2,2,glove|gloves,part_8/glove_video_7.mp4|part_8/gloves_20241119_172643_2.mp4
d16aeaf4f4223d38923801187ac622b0838cc1ae71be6b09e430dedc2ff44809,2,2,fourth|quarter,part_10/quarter_video_1.mp4|part_8/fourth_video_1.mp4
d16cd9245204e083c9d0181e78abd509f45707d07608996f58562005773a3f8b,2,2,baseball|glove,part_6/baseball_mitt_video_0.mp4|part_8/glove_video_10.mp4
d192bf79c9da2bcac5dec78b296373879d4a8e857223f3ded779a1b6110d6945,2,2,pass|reach,part_10/reach_video_8.mp4|part_9/pass_video_9.mp4
d19900806eaefefb77b40af105f102fd618654943252456d3ff2fe84632b4775,2,2,appointment|engagement,part_6/appointment_12.mp4|part_8/engagement_5.mp4
d1b3c8daf26d4972ec77071648d9ca8efad24d153ecc22d1c1ef085f0ed165ec,2,2,comfortable|easy,part_7/comfortable_video_10.mp4|part_8/easy_video_10.mp4
d1c3b1c070cfe0b6eeeec0ccc47fd094cdb12934892579e408ba6bd55f84a7e3,2,2,listen|mind,part_9/listen_video_6.mp4|part_9/mind_video_23.mp4
d1e9d4debc5120586f8bce2edfa274a334e1972322ee01fcb638358c44c730e5,2,2,blow|float,part_7/blow_video_4.mp4|part_8/float_20241119_172643_4.mp4
d1f307a144ed63279f33646d64c486f9193f89d650f50e81a41e6fe501d3409d,2,2,acquire|get,part_6/acquire_video_13.mp4|part_8/get_video_35.mp4
d210370b5133c0e360113c865ddf7f0a4eddcc53a03627045ea7e19a77929801,2,2,assist|help,part_6/assist_6.mp4|part_8/help_19.mp4
d244f18ac6634cd67a9ee900b8a9d3e0dcffa65ac5eec16cc519ea856a246615,2,2,disappear|vanish,part_11/vanish_video_12.mp4|part_8/disappear_video_12.mp4
d2678538274fe3983d2e083adba7e80a0701cdadd1c75f1c4727fa12882ade58,2,2,hug|squeeze,part_10/squeeze_video_14.mp4|part_9/hug_video_14.mp4
d278352fb53b0fef58f9130ac400691cff30e2310bbdca69c79d962a04b6a5f4,2,2,strange|weird,part_11/strange_7.mp4|part_11/weird_3.mp4
d294b41cd38e865663392e82c1d0dad183f039b920fb621d369b7e2de09fddf6,2,2,dark|night,part_7/dark_20241119_172639_22.mp4|part_9/night_20241119_172649_15.mp4
d2974d5beca2643d938125796e335eb942bfea08c6cf451a723f3e46e64d538a,2,2,brush|clash,part_7/brush_video_21.mp4|part_7/clash_video_17.mp4
d2bdc90ea225467303f1a8b12a8bc67724f7e59e9e703cfc444333987245e475,2,2,away|off,part_6/away_video_8.mp4|part_9/off_video_8.mp4
d2da568a84d8fa99b020b41d401d480acaf85d6cb13aed9e6851cd407b86e563,2,2,ghost|obsess,part_8/ghost_video_3.mp4|part_9/obsess_video_3.mp4
d30d781987103e9bcfc58d2a9d45ce1d7f3a91fd40e3159dfe1075a77b229775,2,2,away|off,part_6/away_video_15.mp4|part_9/off_video_15.mp4
d31c854c7983a2bd424a7684722e0aadaaf63b03dd7e7c47dbc60308fd8fc3f6,2,2,careful|deliberate,part_7/careful_video_8.mp4|part_7/deliberate_video_3.mp4
d32a8781fb74f4f548d2a88cd307edb9c01e3180db5e930b1eef11f7bc8e692f,2,2,job|line,part_9/job_video_0.mp4|part_9/line_video_0.mp4
d32ef98c71eb4b90fa9afb0192f65a5c9fad0c394784cbee74fd9c3690c57d6e,2,2,center|heart,part_7/center_video_23.mp4|part_8/heart_video_16.mp4
d33ba5d86984d561438390e19295a3b2b8eced1580b2e74286f29ae67610e385,2,2,action|behavior,part_6/action_5.mp4|part_7/behavior_6.mp4
d3650a575a529ef3b184a1f8dc31cab7323cc939d2200d5129e60853690662b7,2,2,humble|small,part_10/small_video_24.mp4|part_9/humble_video_8.mp4
d372206f029af632e80b822a12f2f6c196672179bfcc92d2758d13cc12d5e155,2,2,death|die,part_7/death_4.mp4|part_8/die_9.mp4
d383592822fdafaa4ce35a4f9f6d907fe2739f229b426559a5ffecf1513b13da,2,2,blow|brag,part_7/blow_video_18.mp4|part_7/brag_video_0.mp4
d393d716a377b85fdf37ddcaa7450e4ed2ee0fa0e71759b068feb15074ac09e5,2,2,book|hold,part_7/book_video_22.mp4|part_8/hold_20241119_172645_23.mp4
d39881b34d5a031b2c323db8f79b49f7d39f4a80e0e7c0aa1bd9d6f6a884171f,2,2,barely|scarcely,part_10/scarcely_video_6.mp4|part_6/barely_video_6.mp4
d3d394a4770dfc6e677b5dda74870345776bb98e301a7659e685890ec6e687df,2,2,good|well,part_11/well_video_11.mp4|part_8/good_video_11.mp4
d3dd34edf25d3ce52ed2cb97f5843337ed1c58561c4aa4f87f572bd1923d78e4,2,2,due|owe,part_8/due_8.mp4|part_9/owe_9.mp4
d3e17788834a7d77193878f1f8905ef3a450a105452b4b3fb39b071fca38e956,2,2,breathe|rest,part_10/rest_video_8.mp4|part_7/breathe_video_7.mp4
d40e4710d15975fa430de84b20665f3d4d9a40e1511715615daffd119bcb8b52,2,2,crazy|mad,part_7/crazy_video_1.mp4|part_9/mad_video_1.mp4
d4268445ec9ea0ea688d52281e856cd4c0fac1ce81dc744aad64e1345dddb0be,2,2,hug|squeeze,part_11/squeeze_video_9.mp4|part_9/hug_video_9.mp4
d44e164af87a970790593f7d6ae49f71566de857ecf9880ce562765a70376558,2,2,drop|sink,part_10/sink_video_6.mp4|part_8/drop_video_6.mp4
d45d3ea20c24daa776c9002916899f703813c2443371a7ec6fc37bf7e8f0f6a7,2,2,scold|tell,part_10/scold_7.mp4|part_11/tell_11.mp4
d465bda2226ba271ce4bc25573cd246ac9ea87f65f849290ee9a6bff3a954dad,2,2,awkward|sticky,part_11/sticky_video_2.mp4|part_6/awkward_video_12.mp4
d46d8fc39a15984589a5f7a499092f16f0657d4842b8dba251b4c1c3a9beb9b2,2,2,complain|plain,part_10/plain_video_5.mp4|part_7/complain_video_5.mp4
d4a01f546b623169de08637d67b986ddf809bef899057f04c4eeaf0c4713ebb2,2,2,comfortable|easy,part_7/comfortable_video_11.mp4|part_8/easy_video_11.mp4
d4b2759697c85403b98cceef4d5139a2c1423e7e1a86d2b0610e4050e3d05994,2,2,normal|rule,part_10/rule_video_15.mp4|part_9/normal_video_2.mp4
d4b92512666c985ba4a31f0cfb904229143e5c227cd52a37b34df93abb5624f5,2,2,hurry|rush,part_10/rush_5.mp4|part_9/hurry_13.mp4
d539f20a741596b7ec91a96fd53c3b76b2052336a79f29484253c6b3c9f28add,2,2,any|whatever,part_11/whatever_video_0.mp4|part_6/any_video_6.mp4
d54341d59d66a26d067d5507bc9c0c15fe7bf1b1d6c1e8c215fdffac4cf9de6a,2,2,after|later,part_6/after_video_8.mp4|part_9/later_video_8.mp4
d54883bd4f5aa70e8d15db12fd8b3c63b504676fc022092dcc2d4252db060580,2,2,blame|fault,part_7/blame_video_4.mp4|part_8/fault_video_4.mp4
d55582b56153a30bf13392257971d7ab6f3097fa9b4603f9c41d8b39d6502925,2,2,catch|grab,part_7/catch_20241119_172636_50.mp4|part_8/grab_video_6.mp4
d5ab92c2cac34defd3a83c80d951d7ddbc6175e3089d72bb336f48a64e0d0d98,2,2,music|sing,part_10/sing_1.mp4|part_9/music_9.mp4
d5e59a4894fbb9b85072d568f5fb2f1938a663e4e638b6face2d5ffa590006c3,2,2,area|country,part_6/area_video_6.mp4|part_7/country_video_6.mp4
d5fe095e7cefa34b7655c63db515d174a5b2f44365267c9af4699fc0f6a0461c,2,2,box|room,part_10/room_16.mp4|part_7/box_3.mp4
d658ab02c5274062a4ff1518af5a6af3332c27484b0293ef7e12e2be0d6d4d69,2,2,fashion|way,part_11/way_video_4.mp4|part_8/fashion_video_4.mp4
d6b56a92a68ade98c78d38970e6e231667a08ed8c1557bbf63d52c65f35bde8a,2,2,home|place,part_10/place_video_10.mp4|part_9/home_video_10.mp4
d6c3c0c1b7af692546df2715999221e42fbe2e48478674c1bc40c7d83bbd5d7c,2,2,home|place,part_10/place_video_9.mp4|part_9/home_video_9.mp4
d71d1b0d1f36ae1500dfb695159b5fce6d19bc2866320bd3b2c5daca87fb7f4e,2,2,fourth|quarter,part_10/quarter_video_3.mp4|part_8/fourth_video_3.mp4
d75570cfd6902f136ace346280fe95a050376d5db8c7c984409f99453740f202,2,2,peach|sweetheart,part_11/sweetheart_video_9.mp4|part_9/peach_20241119_172650_22.mp4
d76380db283d28b4f968bbc284fe1eb809cfc2f81a4f37228bda0bbc8cb7ea38,2,2,comfortable|easy,part_7/comfortable_video_7.mp4|part_8/easy_video_7.mp4
d76e068325f7b29334654b0361473a206c853eee81f3941dd8f1dc55025b17b0,2,2,champ|champion,part_7/champ_video_1.mp4|part_7/champion_video_1.mp4
d773be4302fc8dd7406352a8de430f01a27c1ecd057edf40adff3108a6a890c9,2,2,dark|night,part_7/dark_20241119_172639_29.mp4|part_9/night_20241119_172649_16.mp4
d78e30af8d6da7e289433b0b9174c6eaa76a37834832c0780a09b5f48e46b5fa,2,2,color|orange,part_7/color_video_6.mp4|part_9/orange_15.mp4
d7ba21399cd8e01176a0dce2d73fcf3ece96459bcbedc0c3e6149448764a672a,2,2,backup|relief,part_10/relief_video_15.mp4|part_6/backup_video_15.mp4
d7f75ff8123c226ca452c48b5eb31d9c9bda5c3dac4109e937b1b93849031715,2,2,impact|touch,part_11/touch_video_1.mp4|part_9/impact_video_1.mp4
d7f975c24d94e7913b6fe8ed47c5325054cdcf854e34dbe6a7b0a1eb5622e4f4,2,2,close|fold,part_7/close_video_24.mp4|part_8/fold_20241119_172643_7.mp4
d80c3cec97b98858d9fd1fe73a98bca02501f4272e910b7856bdfbc64ad6ea4d,2,2,bright|clear,part_7/bright_8.mp4|part_7/clear_5.mp4
d80cfadd1e6c8fe05cc6b897203b585f1874113118442838aa9d78c31e75d6ee,2,2,problem|trouble,part_10/problem_20241119_172651_10.mp4|part_11/trouble_video_7.mp4
d8116cef81ef061566d35bbf01f599b6fbbb845f9c1b715fe967a1666f5f5cd7,2,2,bloom|flower,part_7/bloom_video_5.mp4|part_8/flower_video_10.mp4
d813a1d261a20572207df2e863f88b7aa75fb250121e635f35b07910536e60d8,2,2,decline|refuse,part_10/refuse_video_14.mp4|part_7/decline_video_14.mp4
d8155563167f3102e43ca23b364a586e728d2504bcf57ec41e2febfaede58dba,2,2,lose|miss,part_9/lose_video_12.mp4|part_9/miss_video_12.mp4
d81cffb9ae4df4336e35016d4e867505a888e3ac833fe8c4c8c4b928eada2c38,2,2,perspective|view,part_10/perspective_video_0.mp4|part_11/view_video_6.mp4
d8246b978605a07be07137b24a6b3c775518f817fedbedc51f96826a2d7449dc,2,2,earth|world,part_11/world_video_15.mp4|part_6/Earth_video_15.mp4
d857505cd0ac1a6fe5780a53a66159bb9c13ed912a3c0780ce870d2646292a56,2,2,big|large,part_7/big_video_19.mp4|part_9/large_video_19.mp4
d85a4d8737ec7bc6d064647a8377b7ce0de53f3d55183a20e16f774d325a6207,2,2,correct|right,part_10/right_20241119_172651_1.mp4|part_7/correct_video_38.mp4
d86bc93c7463a9b8fedc214a2d26b32d6af4b7ddf4920480e9229292e82cb836,2,2,achromatic|white,part_11/white_video_9.mp4|part_6/achromatic_video_26.mp4
d8aaa5212b774f16e4ed4000c51e9e9953de8969eec94c2967e5d2c6d4ac4eda,2,2,center|middle,part_7/center_video_27.mp4|part_9/middle_video_10.mp4
d8c58f5c5682495c7fe2792caac0a1e80579cc797b58492f1e001f122d7d6480,2,2,reach|strain,part_10/reach_video_13.mp4|part_11/strain_20241119_172655_5.mp4
d8f01f36c467b5a83f87277adccaa7d68db987eeb06b81129d3c5d815f3ee77d,2,2,assist|help,part_6/assist_video_11.mp4|part_8/help_video_11.mp4
d90efb34f206d8ee26d0becc495554b6fdba31b5cf32f601919496292c2a0eb0,2,2,home|place,part_10/place_video_8.mp4|part_9/home_video_8.mp4
d920b0e17caa778d0693e9953ade3dc4c55c9a6a0a319edbbf1d2a108b748db1,2,2,crazy|mad,part_7/crazy_video_2.mp4|part_9/mad_video_2.mp4
d95b5d8041425d77a243f13b8e43b5146e73bf77e266dd431f7041c775383126,2,2,awkward|inept,part_6/awkward_video_4.mp4|part_9/inept_video_4.mp4
d978c98b84d81b0ab844d03473c1b658d9ea4122cd402a65567e9f6abb0089c2,2,2,lose|miss,part_9/lose_video_16.mp4|part_9/miss_video_16.mp4
d98ef4d511473398cc5d3b3f0deec688bc8aa72601f63448a7df62a0072c5b49,2,2,area|country,part_6/area_video_7.mp4|part_7/country_video_7.mp4
d98feb6b608dc55fd83a52c458b2704ab10d67300c9f614d28062c79194606ca,2,2,experience|feel,part_8/experience_video_5.mp4|part_8/feel_video_5.mp4
d9cb9e98a771ea5c1f8a4e3fb3db62f5f79a87d755365f9b888e4767bd322297,2,2,hurry|rush,part_10/rush_video_7.mp4|part_9/hurry_video_7.mp4
da1ca8502e9aa624758df62214e7509a67523f8c90301c64e2f4465d1bfd755d,2,2,hurry|rush,part_10/rush_video_1.mp4|part_9/hurry_video_1.mp4
da1d994e59c6fef2cd146a3b5527c83908bb2a95da3659fa47f17e70500c4bad,2,2,borrow|lend,part_7/borrow_8.mp4|part_9/lend_5.mp4
da2823ce1916a1c2f2c56dbfbe190ff7d3f36383356d60997f47c651dd9eca29,2,2,add|total,part_11/total_video_12.mp4|part_6/add_video_34.mp4
da3211f0ef5bb4a3e0a86ef5211ad9fe6d53d26545b7b766630301874c0b1a67,2,2,expert|good,part_8/expert_video_6.mp4|part_8/good_video_18.mp4
da41dfd1820efe2adcf4b067b255fa957e58b4123dfb0b6ef310b91edf265117,2,2,just about|some,part_10/some_video_11.mp4|part_9/just_about_video_48.mp4
da4b1a467e082d2cdc766f43d88fa5d982debbd53ea2addc3434d2e4ee30025a,2,2,home|place,part_10/place_video_1.mp4|part_9/home_video_1.mp4
da64ef8b3dd1d9648c0dcd8a6e8ca6ab5c2ccaa6806f933a0c8302ff917d500d,2,2,blame|damn,part_7/blame_video_9.mp4|part_7/damn_video_5.mp4
da8d30e60be21244dbf4ba28f1f6b25d7d67af2ce1b6c221ccda796c0cf84786,2,2,chair|president,part_10/president_video_7.mp4|part_7/chair_video_11.mp4
dae413566686224b8e099bb62125edebc529b3643e35b9bf6155368d9d098367,2,2,clip|time,part_11/time_video_27.mp4|part_7/clip_video_27.mp4
daf294d589c1a856cdc3050cb1633f8569335b40730c628fd4e92f4be6bdcc53,2,2,cream|pick,part_10/pick_video_3.mp4|part_7/cream_20241119_172638_3.mp4
db219d1399c4c71a6c8bf3b66bb4547fc6cd318dd10cb0c40eef04bd2d6c8b2b,2,2,equal|tie,part_11/tie_20241119_172656.mp4|part_8/equal_9.mp4
db27118e7bc8810fa39ba9c1eb1172a07c7ef3b1a5f3b568b80308cb5390fe66,2,2,alright|fine,part_6/alright_video_8.mp4|part_8/fine_20241119_172642_26.mp4
db392c69fd51c2c04f400d8b02fc1b996d3b6ce4b71b32039a9d36f0500ae278,2,2,catch|grab,part_7/catch_20241119_172636_23.mp4|part_8/grab_video_25.mp4
db7284aa42092aa483e6c37b9d2913b3c75088acaf81ecaea0883c69107cc314,2,2,retrieve|think,part_10/retrieve_video_3.mp4|part_11/think_video_3.mp4
db79a0f2af6a2771f40a45fcf6f1fa4ea598b17851dfb5ace5c51ef09041080a,2,2,car|machine,part_7/car_video_11.mp4|part_9/machine_video_11.mp4
db8644f9023432d9b9a3cd414610f2f34e9d9839e5bf9cac2b934232f09529c4,2,2,earth|ground,part_6/Earth_video_37.mp4|part_8/ground_video_33.mp4
db96e439e79424a5c9ecd286691c3fe318eeed35169d57b44be549b869d0ea8b,2,2,act|action,part_6/act_video_1.mp4|part_6/action_0.mp4
dba76a95a34f8305514eff2cb072c44527b43979cd0a66fa550d0f4f808e8f18,2,2,member|penis,part_10/penis_video_0.mp4|part_9/member_video_5.mp4
dbaf85374038ff17b4374b734ad27399010d2f03bd4d9cce805ecbd8d281ed6f,2,2,draw|pull,part_10/pull_video_24.mp4|part_8/draw_video_21.mp4
dbcbfa38c4ee045c7137f8598942e7dfa366f1ea3c2cf1e0a262c182a4e3f6f2,2,2,hard|tough,part_11/tough_video_4.mp4|part_8/hard_video_18.mp4
dbd24e90f365e9b5989a24a8cd5b97e6de0da155b5bfdd5e5945e76eeddae1d8,2,2,cross|frustrate,part_7/cross_20241119_172638_1.mp4|part_8/frustrate_video_2.mp4
dc78e8932a55e055acdc309d390eeb3b4086cb0ed1a786e2f68e02b735f347e9,2,2,spill|spread,part_10/spill_20241119_172654_7.mp4|part_10/spread_20241119_172654_3.mp4
dcae380fe2c672e7dfa3684131d1dcae0d3809b34aa01cab058dfe2840d99ed3,2,2,reduce|thin,part_10/reduce_video_35.mp4|part_11/thin_video_13.mp4
dcb1f05fb429e6e194200dbb2a44f8f1a8e3579068ee29a190ca826d3df4be75,2,2,closet|press,part_10/press_video_5.mp4|part_7/closet_20241119_172637_12.mp4
dcdd445ac3430eb84d930dd3e56e275262ce36a1fb16bca375813a1c4b750bfe,2,2,just about|some,part_10/some_video_14.mp4|part_9/just_about_video_51.mp4
dceac76f147dbd8c96d81786a4c5d24985572b60b0b45cca8b3e5e54901c58d2,2,2,bye|pass,part_7/bye_video_11.mp4|part_9/pass_video_37.mp4
dd12c48456c2e5040fe48763ac0e45619c34d5e1afe77fa05168a876d995e1c1,2,2,blink|wink,part_11/wink_video_6.mp4|part_7/blink_video_6.mp4
dd3cd4f5f85b78a6c38f281eee658c3df7a2be1328663b2c039aefcb056a0158,2,2,away|off,part_6/away_video_18.mp4|part_9/off_video_18.mp4
dd71cd31d9f8edab0a81edc8afa2391c7154909bed0f1000a3637597a88f320e,2,2,assist|help,part_6/assist_5.mp4|part_8/help_13.mp4
dd7e9450c19736e0623133efbd9bf98e81cfef27f2f724c8dcd8c14f1d4dcfea,2,2,half|six,part_10/six_video_5.mp4|part_8/half_dozen_video_5.mp4
dd827f46817374d078d50cf18d35add5abb958bb8f8249a68761a8a7296752bf,2,2,find|pick,part_10/pick_10.mp4|part_8/find_11.mp4
dd9a3f2cb07be9f1f40366ab216490ee231f8debabd8361fad39cbc5459ea463,2,2,hug|squeeze,part_11/squeeze_video_8.mp4|part_9/hug_video_8.mp4
dda1ca136d05ba4f5f96b5f09e3f99230474e9a60fc5b9fb8465b4a513c3ab30,2,2,diaper|napkin,part_8/diaper_video_3.mp4|part_9/napkin_video_11.mp4
ddd4a22116436565225a070274f2dc8f23d23fd898ce3e6f7ab45f79dcc41bf1,2,2,evidence|proof,part_10/proof_3.mp4|part_8/evidence_5.mp4
ddf2069f5e11c51fd7c3223b1ee7031e2b6255a72c4ef587086fa021698f63c2,2,2,head|principal,part_10/principal_video_6.mp4|part_8/head_video_29.mp4
de33c990200b777b124c8c44726cfc4ab031f70ad1c0819d6d43ef3975d8387d,2,2,blink|wink,part_11/wink_video_8.mp4|part_7/blink_video_8.mp4
de594689fe2e44084b3486392dd29485286349ee4ae6a3589fddd7d146a6398d,2,2,continue|still,part_11/still_5.mp4|part_7/continue_video_2.mp4
de98de40f790b80e2a020e72c0f3da6048664684aa3d27b44989edabf16cb9cb,2,2,model|sit,part_10/sit_video_9.mp4|part_9/model_20241119_172648_14.mp4
dedda94af2dd23f3e89959d4b009c0d58c62580ba18a04be74dfc3ac1c53a3fc,2,2,hit|reach,part_10/reach_video_15.mp4|part_8/hit_20241119_172645_8.mp4
def708b83cea3a880a460405e15185c5d0ddca7197d790347fd1917f6a641ae9,2,2,back|backbone,part_6/back_video_23.mp4|part_6/backbone_video_23.mp4
df108fb54299d13439c27d5df2f31f07ec7e24d23a8099e9ddcda7024bb97bb0,2,2,catch|grab,part_7/catch_20241119_172636_5.mp4|part_8/grab_video_10.mp4
df4535afc07679b2cbda28ae859a34b1b7e5342d96c3d3391eada0b8c21b8773,2,2,call|promise,part_10/promise_video_3.mp4|part_7/call_20241119_172635_11.mp4
df74a1b3e065a3ed788184a41f66849d36e72d396f06f730f5c1607989239c64,2,2,price|value,part_10/price_video_10.mp4|part_11/value_video_9.mp4
df95f79b67a927fd7fcc2466b9a2e19ac1b7630751ea423c01de404c70f3170f,2,2,bring|take,part_11/take_video_33.mp4|part_7/bring_video_25.mp4
dff910db21943abea28dc9586105c2e7fe81ea49464495a91fbd9a381275299f,2,2,full|total,part_11/total_video_2.mp4|part_8/full_video_12.mp4
dffec79f9e573f614bf2c3ffeac8b9d3db1907bee3df2e64acb3ffeadbfec930,2,2,humble|small,part_10/small_video_19.mp4|part_9/humble_video_3.mp4
e023bf80636fa9a1d425113531b5ff531f279a31030c4433bdddb2f2c6fea90c,2,2,america|can,part_6/America.mp4|part_7/can_20241119_172636_19.mp4
e099f60d97f470e7c3db120f58a71a800333366e7aaad9de4e397bbdd884b715,2,2,almost|near,part_6/almost_video_26.mp4|part_9/near_video_26.mp4
e0d96d68d285f5cc0d81c89d36957c6f3951e8f191eb7f447224483ceb26c949,2,2,america|us,part_6/America_video_9.mp4|part_6/US_video_9.mp4
e12582f7258fea06384bb6658ac8f47a99184dcce04df7e3135c41349dcfbc2f,2,2,really|very,part_10/really_video_7.mp4|part_11/very_video_2.mp4
e1837adc9cea309114c391d6a7a1e56e144bc0f90c16bb656686e4c59e0e8b97,2,2,america|us,part_6/America_video_15.mp4|part_6/US_video_15.mp4
e1c4f7882b60ad7d54d8239a6cc3171cfea3bb142bd4aa3637c0edcf05e1570f,2,2,refuse|resist,part_10/refuse_video_15.mp4|part_10/resist_video_0.mp4
e1dc8c3abce9510fb515fd9f9c317ee28802734d27f2edb96e03144118456aef,2,2,achromatic|white,part_11/white_video_6.mp4|part_6/achromatic_video_23.mp4
e2076bb7a5731483f53324217da78cdaed6bbadcd21e66f66c67c99d4f3c8d68,2,2,just about|some,part_10/some_video_12.mp4|part_9/just_about_video_49.mp4
e23475ce50bb008e9b15d20e3956a66a88a0d34cc7312cf7cf403466c43501c8,2,2,bathroom|toilet,part_11/toilet_video_6.mp4|part_7/bathroom_video_6.mp4
e26645498a914f282d5a80d0d2657f7bfbbecef6338e12af69f064f4eb0bd1ad,2,2,good|well,part_11/well_video_7.mp4|part_8/good_video_7.mp4
e2a465c84ca1b0218cf7bf9379c0f0c8582564fb1e3b04b306babce5b92b4a33,2,2,humble|small,part_10/small_video_18.mp4|part_9/humble_video_2.mp4
e2bb480cd84e106a6a880c89c301cfee657acd2750b19d1a8d6595bab64c7bc3,2,2,lot|luck,part_9/lot_video_74.mp4|part_9/luck_video_7.mp4
e30159d44faf1223b15d9241cac7c0d724c0fce01954fd181ed1c5e75ff0d2c9,2,2,foul|yucky,part_11/yucky_video_3.mp4|part_8/foul_video_12.mp4
e35db4314a429b6dce30f20c6aadda1f106d5e184dea1e77ba1aba460ee7afb6,2,2,rule|ruler,part_10/rule_video_12.mp4|part_10/ruler_video_2.mp4
e3696cb8c545e9c24863c9a0524c5799449e033f3d2f500c45e3fb872e661169,2,2,home|place,part_10/place_video_2.mp4|part_9/home_video_2.mp4
e3a7cb529f736efd765acf39dc8c9811d685baeec71d9800c75b07784464b7f0,2,2,perspective|view,part_10/perspective_7.mp4|part_11/view_video_2.mp4
e3a9ae1738fb33efdbe6134acfc0a9fc1646169546ab63dcc48016015f1873eb,2,2,live|people,part_10/people_video_9.mp4|part_9/live_20241119_172646_10.mp4
e3b8fb9c9a5454150e5db52e6bb43fb80ca01a7393aa4db5c682a8b1cac315d7,2,2,create|make,part_7/create_video_12.mp4|part_9/make_video_12.mp4
e3b9a8bef418a90e2812f3157b76f201ce16164d41f3cdc67378aebddc2e6bd7,2,2,explanation|reason,part_10/reason_3.mp4|part_8/explanation_video_2.mp4
e3d4a328bcafbdbcfc722623fb5a56cde30cfa7aac2ce19ae6990a9fd1031888,2,2,click|lick,part_7/click.mp4|part_9/lick_20241119_172646_1.mp4
e3d8d21f6246aef210d8aea734115a384e38391449bcee2cf4cd88d10137770e,2,2,daughter|girl,part_7/daughter_video_5.mp4|part_8/girl_video_15.mp4
e3dd44467ca6fb5ddf24a4404ba27d8f031ffdebc3df7972160bccfcabe859e0,2,2,bread|toast,part_11/toast_0.mp4|part_7/bread_video_2.mp4
e3eb3f4ecb8cf81353e950996f2b7c739e280bc5548b9e1c967fc557811b5c88,2,2,peck|pick,part_10/peck_video_51.mp4|part_10/pick_video_25.mp4
e40fa3fa625d149a018a557b4188662cf3fab1c4efa1bee95dc2c16d8241d9b2,2,2,girl|miss,part_8/girl_video_8.mp4|part_9/miss_video_27.mp4
e421b4ef6a73e58bef79fac32ed8f2c1742f96afe46934594e1e338133e4f296,2,2,just about|some,part_10/some_video_9.mp4|part_9/just_about_video_46.mp4
e428bed8b03b665f2ed8ee7ed74c0fed69f5f5939d8521003e6fd8755bcb66c6,2,2,polish|smooth,part_10/polish_video_12.mp4|part_10/smooth_video_12.mp4
e42a9b54c8c62f817df06373cbf2c07104c9a84e69a4587b9370b07488585f69,2,2,bring down|visit,part_11/visit_video_7.mp4|part_7/bring_down_video_38.mp4
e46368e5f4c93282d2e62da086b88b2962be163d54aaa4fcf388ebcb1b0917e8,2,2,draw|suck,part_11/suck_video_2.mp4|part_8/draw_video_19.mp4
e47ded0e869f683f7150076eb7a5a4df72c468adc1163f73fcf0186b5fc33c5f,2,2,character|role,part_10/role_video_5.mp4|part_7/character_video_14.mp4
e486280208d89de2bce6ee6de6105f81d4ce4dc91a242de6621a9ab54ea5adc2,2,2,back|backbone,part_6/back_video_12.mp4|part_6/backbone_video_12.mp4
e4b238871de79eb05edbfb79a22c6c3ec91ed07a35e55e95dd8724fab152d97d,2,2,present|show,part_10/present_video_13.mp4|part_10/show_video_13.mp4
e4c9618a6b09893676f280df531916cf08de9b0725c6312e82ae73d2f8c5f3da,2,2,box|room,part_10/room_12.mp4|part_7/box_10.mp4
e4f42d98fd8d5ecd8b64b7f037fc3c9e80531d206414f192ff5c98ed0ff15c6d,2,2,polish|smooth,part_10/polish_video_10.mp4|part_10/smooth_video_10.mp4
e522e0588fdd1377581c6be1c7ebdfbd3845f4967785108fe09479bbdba117ed,2,2,pack|wad,part_11/wad_video_65.mp4|part_9/pack_video_2.mp4
e5259fa81870db44088f644b66643d39de71992b3e7890b3711ece1d5a431a38,2,2,just about|some,part_10/some_video_4.mp4|part_9/just_about_video_41.mp4
e545cef145ddc5f11933c529a5cf33787d78c65e1644e941b42c358c3070e08f,2,2,area|country,part_6/area_video_22.mp4|part_7/country_video_22.mp4
e54c61f4159012f2c749c82bc6ca2a48b0cc0e96109459c818063a3ddfd32934,2,2,achromatic|black,part_6/achromatic_video_11.mp4|part_7/black_video_11.mp4
e56e3777162cdeef859ebf0c50ebc7e6c9fd02a712a8096ec6765997db7d9d75,2,2,baby|birth,part_6/baby_20241119_172633_4.mp4|part_7/birth_6.mp4
e5fc3aa8e76ae147789a55d70a60cc1ed15f8976659dfcd789e595643d6fd79e,2,2,closet|press,part_10/press_video_7.mp4|part_7/closet_20241119_172637_13.mp4
e5fd3468548d3ce20efe71971836079ef66f30efacb3f727360197cf4e27b758,2,2,average|mean,part_6/average_video_6.mp4|part_9/mean_20241119_172647_28.mp4
e621d1de07dff294a9cafbed6fc3379727e8eae7bb2b457ecd5761d0953f9365,2,2,away|off,part_6/away_video_21.mp4|part_9/off_video_21.mp4
e66a1d9774f313248f53fa00233e3b2d43b0839170ad21e2069c61cea9190795,2,2,assistant|help,part_6/assistant_video_5.mp4|part_8/help_video_28.mp4
e69a0b5e1dec3203e11f17e579726e6deb9882cb579a350163248f735abfa4f8,2,2,chew|wad,part_11/wad_video_62.mp4|part_7/chew_20241119_172637_11.mp4
e6bb816480a6307b71c123572791c2535d796ff56310d029a2f47def1ffac5b0,2,2,hurry|rush,part_10/rush_video_0.mp4|part_9/hurry_video_0.mp4
e6c51bb06096567508a1916e39d7685b3ea694bcd9c7b938625288b747b30ba5,2,2,less|reduce,part_10/reduce_2.mp4|part_9/less_7.mp4
e6dc463c968d3f1c74ead91575c0c1f5f0e3e853510aa71b497d914223852cd9,2,2,brain|mind,part_7/brain_4.mp4|part_9/mind_6.mp4
e715ad85dcf9966312f966b5d43ba876433ec1f69f55b1149bb9207b22c9f18d,2,2,diaper|napkin,part_8/diaper_video_4.mp4|part_9/napkin_video_12.mp4
e76197ef30ef42737fb1fd3434b7f55421cebf816820fc5186ceb7a557855374,2,2,blow|brag,part_7/blow_video_25.mp4|part_7/brag_video_7.mp4
e7844c0dda9348a806f53dec66035d45b75d43bdc60266ef3e972ef2b2704ea0,2,2,earth|ground,part_6/Earth_video_36.mp4|part_8/ground_video_32.mp4
e797f7555995c5092aa16a7e004b7537e183fa1f79041a98de8bfabf5c860f59,2,2,assist|help,part_6/assist_video_1.mp4|part_8/help_video_1.mp4
e7d61a775ad2de6858d4452538a6aceb5a229ef41a0ae5c02373413700e957a5,2,2,fine|price,part_10/price_2.mp4|part_8/fine_20241119_172642_32.mp4
e7e60c64f8a7f22fa8a33bb337bd785e52f42d5a9c95b98f86510699d5304807,2,2,steam|team,part_11/steam.mp4|part_11/team.mp4
e7eb40ec14b0f491e44319281d20a8fa3e3c0ff0a09f978d21966c09f55e487b,2,2,smell|stink,part_10/smell_video_1.mp4|part_11/stink_4.mp4
e80e845c76909420e8c53e718dc3d85b2debee9f6c6f43de75cebea3e1dc306a,2,2,create|make,part_7/create_video_5.mp4|part_9/make_video_5.mp4
e8a08636f594d843926c8505688d52521f1f3970b2fe2d6ad619b09e18440353,2,2,not|other,part_9/not.mp4|part_9/other.mp4
e8f7f02fddb0a408ee44c787245f0c2269fb302be1e648bd473e57596909f238,2,2,cute|precious,part_10/precious_video_2.mp4|part_7/cute_20241119_172639_6.mp4
e90fcf98a9995400d26b0878f53ee314bbde423c30b0eea8042f34f50a5f4b01,2,2,buckle|crumple,part_7/buckle_20241119_172635_4.mp4|part_7/crumple_video_2.mp4
e91eeb9d1353fddcf61e2c6c0cfdee9f2407fa75b77afd6375d995bac1776599,2,2,in|inside,part_9/in_video_1.mp4|part_9/inside_2.mp4
e94fde6a61f9ef2579f5aeeb7859c99dbe2606d042c76eeddb9535bcf31d6578,2,2,quit|stop,part_10/quit_video_3.mp4|part_11/stop_video_24.mp4
e9688b65ed2f9e13a899ed9445bfe06131e53b2e76d1d96e743deb6dce2e70df,2,2,boy|son,part_10/son_video_0.mp4|part_7/boy_video_0.mp4
e96d321e71031bb96fb4fd1917949e4c6afde61f36fd9ebe53fd147e6bd1d491,2,2,lot|luck,part_9/lot_video_72.mp4|part_9/luck_video_5.mp4
e96fdcbad209cef5bff497b596601d4c9db5e47814a0c86b62fc1cbeede71b68,2,2,mine|my,part_9/mine_3.mp4|part_9/my_8.mp4
e974fc058511efd4dacba05e7ef0e7fc24cb7f9aee4e5ebc33aa801d1ee2210e,2,2,figure|name,part_8/figure_video_26.mp4|part_9/name_video_17.mp4
e97726b641df8e0eea66344221fb36e3c016237eef1b608679781f8481189be6,2,2,fourth|quarter,part_10/quarter_video_16.mp4|part_8/fourth_video_16.mp4
e9bb7188fbe55a8da35e3260fe29db7050b79c6aa6cb3fe7b1bf9191e3dbec7e,2,2,backup|relief,part_10/relief_video_17.mp4|part_6/backup_video_17.mp4
e9c5d3161b47475c6cd60a0256524f8200a57f012b846c57de091d79641f6ead,2,2,award|honor,part_6/award_video_10.mp4|part_9/honor_video_10.mp4
e9ea2f65a4d76579554b90079c9082468da1bb1f0bd14e52d013348fcca91900,2,2,crown|top,part_11/top_video_14.mp4|part_7/crown_video_16.mp4
ea176b4bda8199a9d34e5079071f579d99aa411cecf47073b3bc3923601e50e9,2,2,bug|butterfly,part_7/bug_video_1.mp4|part_7/butterfly_1.mp4
ea2fd6da661086ae3d9e671d98f82c4d20f1c68b7739ff55f00f4f141c367bb5,2,2,draw|pull,part_10/pull_video_11.mp4|part_8/draw_video_1.mp4
ea33a52827af1b5517fd1e339a2b4e1a321ed11d99d638542a8a6d9dfc0abf71,2,2,divide|separate,part_10/separate_video_4.mp4|part_8/divide_video_4.mp4
ea35df25dd4a4bddb423a71d35ce7fdc313e70623a4dbeb4ba72694ac2e87d41,2,2,accomplish|action,part_6/accomplish_video_5.mp4|part_6/action_video_5.mp4
ea3752ff14dfb541107ee80f260f8e1ca708aedf1b387ec0ad986b972e19fd6b,2,2,big|handsome,part_7/big_video_26.mp4|part_8/handsome_20241119_172644_8.mp4
ea4211f1ba6d35a0a3eab1897a0f2673ed9506df89c32fa913273bf5527170fc,2,2,girl|miss,part_8/girl_video_4.mp4|part_9/miss_video_23.mp4
ea7aed0abafb97ca19f649cb43959b1607ba62d253f81a4221a7177d83669de1,2,2,clip|time,part_11/time_video_14.mp4|part_7/clip_video_14.mp4
eaaed07d81dfd85e99a109026d23cd42f34aa922612eeaba2cf14f775f5b8beb,2,2,horrible|ugly,part_11/ugly_video_4.mp4|part_9/horrible_video_4.mp4
eacc224d2b14625c92321716e0d11fbdf2073ff6a6b3a1ff44f22f76296bfb97,2,2,just about|some,part_10/some_video_16.mp4|part_9/just_about_video_53.mp4
eaebd1b1c7799fab320f09d40ca897a397b88edd827bdab12e0435f9d6b16d94,2,2,earth|ground,part_6/Earth_video_35.mp4|part_8/ground_video_31.mp4
eaf6afe138efdb42d2ced72eda532ccf4eb78b833a2355b66efd9957c6fbb03e,2,2,movie|picture,part_10/picture_video_1.mp4|part_9/movie_20241119_172648_7.mp4
eafddedfabe773fff44f93bd09ed63e4fb7abc7513fdbc0b2aadfce122328730,2,2,back|backbone,part_6/back_video_26.mp4|part_6/backbone_video_26.mp4
eb0f81406fafbcbd78a0eaf4b25e0df28433244ed68b8fb7286f685d3b5cbb9a,2,2,hit|score,part_10/score_video_1.mp4|part_8/hit_20241119_172645_21.mp4
eb18c455d89a673d3c4d635ff928600b70ed8ed96828224b433dcfc1f22498ec,2,2,chew|wad,part_11/wad_video_53.mp4|part_7/chew_20241119_172637_2.mp4
eb4058021c2731dd51ef32c7aadbde0595100966bb55664e226c67ac446f6518,2,2,big|large,part_7/big_video_20.mp4|part_9/large_video_20.mp4
eb6e33cab7c592ebd95db07586b8630e1c02a28a62ff1b6fbc15f75bfd1fc7bb,2,2,cause|suit,part_11/suit_video_10.mp4|part_7/cause_video_10.mp4
eb72cccc5e9f21f5bffc5bf5e32cd7322cd33241568382a4ae459b0d7d9d5bf9,2,2,angry|negative,part_6/angry_video_3.mp4|part_9/negative_2.mp4
eb75bb8affe7f14d4574f17907cfa4cff6fcbe2b1d4121d4bd4bdcffb5908bfa,2,2,hurry|rush,part_10/rush_video_4.mp4|part_9/hurry_video_4.mp4
eb764ceb3172e0ce3c3518165b0f587da27c423f61c40c7bae074cf2d1fb369a,2,2,flip|somersault,part_10/somersault_20241119_172654_2.mp4|part_8/flip_video_6.mp4
eb81282e522eea40f29ee22f197af93309e4c5f42e6e776a9910c3b6f6403a12,2,2,any|whatever,part_11/whatever_video_1.mp4|part_6/any_video_7.mp4
eb8c50876b653bae11637c1676f447f4a5fb4a6964e8e246343329220a1f2352,2,2,area|country,part_6/area_video_18.mp4|part_7/country_video_18.mp4
eb8d03790a254cb18de1e17eeb04c4544e0635499fe284d5ca5570469be4eae4,2,2,impress|move,part_9/impress_video_2.mp4|part_9/move_video_35.mp4
eb95d1b5555bc939f519047a1fa55630aae6889330939a239458d5519385f4e1,2,2,grade|score,part_10/score_video_4.mp4|part_8/grade_video_16.mp4
eb9db8348d43b36bd4ec6e44d31a1ab449a8b8c840019ad9031916e9ce861c8d,2,2,slew|slip,part_10/slew_video_51.mp4|part_10/slip_20241119_172654_9.mp4
ebcffc28dca92f7fa8b2622c8711ffddfe799f424b724ef2083a5d3f2c2b1b0f,2,2,keep|support,part_11/support_20241119_172655_22.mp4|part_9/keep_video_9.mp4
ebd3b2a9da251da441b346735cd50b05fad2a6deb6787c28eb6f533a9d1fc13c,2,2,girl|miss,part_8/girl_video_0.mp4|part_9/miss_video_19.mp4
ec0236bb17c5216ea6839bab08f280b49d7e5b33155a6dff2169cb427baf2c4c,2,2,perspective|view,part_10/perspective_video_1.mp4|part_11/view_video_7.mp4
ec12b0137b60e9c8e5baa7bebc7d06a3b2a03e35207efe766353a368b0453c41,2,2,expert|good,part_8/expert_video_2.mp4|part_8/good_video_14.mp4
ec3e2b13136124e2ac34f4d03b529c802856ce69614e447ae9a27c694d1c277f,2,2,blow|float,part_7/blow_video_14.mp4|part_8/float_20241119_172643_14.mp4
ec583ec32d03a170b146543463541e318e907da486b70d3bf58b1253fe4ec551,2,2,set|set up,part_10/set_up_video_35.mp4|part_10/set_video_62.mp4
ec6deba56f7bfe19ba276b64707dada6d36867d0a85d6f07e25c18c00446d589,2,2,breathe|rest,part_10/rest_video_9.mp4|part_7/breathe_video_8.mp4
ec918cea48ee21eb9adc76eeaa47d7f2c249166623a96665cd3c39297ac1a453,2,2,age|old,part_6/age_13.mp4|part_9/old_9.mp4
ec95811340bb6f90b91d52e6ad31d962546db120bd11ab058f0f5bf475f28adb,2,2,home|place,part_10/place_video_4.mp4|part_9/home_video_4.mp4
ec9983dc43e65c89083ab4d25d04db3f0a96ee1a13f5c47e8660daef44fd4436,2,2,all|whole,part_11/whole_video_11.mp4|part_6/all_video_11.mp4
ecca7195ddd3d17c8c83b1e6f09325ab6fe7c4cf4299be09dfd948530f8fc8da,2,2,state|tell,part_11/state_video_5.mp4|part_11/tell_video_5.mp4
ece9017e9e23b5b5034f57079a2fd3577828ac8eaeb9ff4051a35b14a206ce61,2,2,drop|sink,part_10/sink_video_13.mp4|part_8/drop_video_13.mp4
ed31aca14e4a227748a4a160178bd9b9ffcfbc40fbcd19c7a1d217823d489869,2,2,oral|voice,part_11/voice_5.mp4|part_9/oral_video_0.mp4
ed658e851c6fb65257795ed1021d6f8ddb12ff6e00b2f4edcc6df20186328e81,2,2,alone|unique,part_11/unique_video_2.mp4|part_6/alone_video_2.mp4
ed6cf14df9f7c1db8add67f4d5e96cba73b09784867f32c8cb02f11687c67549,2,2,away|off,part_6/away_video_4.mp4|part_9/off_video_4.mp4
ed7e74ed679beb248b7112f7c0f42fee7c3b37c1d9337ccae8f2bee9557feced,2,2,scold|tell,part_10/scold_6.mp4|part_11/tell_8.mp4
ed9e7f915229fd6fd352c71663641a71d1f8fc42a1edce84bbd3e9938ebb0bfe,2,2,rest|stay,part_10/rest_video_12.mp4|part_11/stay_video_5.mp4
edb6fbd49b4ce9eecfe223e801d200cee3f94b69b62256e589dfabde342f3138,2,2,because|for,part_7/because_video_5.mp4|part_8/for_video_5.mp4
edb8ac789b7cf3aaca5d538bcd4bb5425fd9496404e5a7f880cf5ac2039d9f01,2,2,catch|grab,part_7/catch_20241119_172636_45.mp4|part_8/grab_video_9.mp4
edc74eb0ed90861cb47bc2e81fb1bf32b76c1c2de15e789237dad5cf4ae993f9,2,2,due|owe,part_8/due_7.mp4|part_9/owe_6.mp4
eddba454b5e6ca14cfc683f848b81503c416e9dd38f3f83fe40eb098f560e821,2,2,mouth|talk,part_11/talk_20241119_172656_5.mp4|part_9/mouth_video_0.mp4
ede4dd93e0be85b505083e6fc04da474820351248f1ec5f854c6e4bc75e018a7,2,2,car|machine,part_7/car_video_3.mp4|part_9/machine_video_3.mp4
edecbbbea6c060d1b9dd0bea00c638c8e246f83fcd425be51c09bb4ece04d326,2,2,fence|wall,part_11/wall_video_3.mp4|part_8/fence_20241119_172642_14.mp4
ee3552709eb4817c8e11230302294dbcf37cb370d99b13558ef506cba414b131,2,2,drop|sink,part_10/sink_video_8.mp4|part_8/drop_video_8.mp4
ee9d68f41b754e0c21c0a3a27d01f18226d732052208724d916fd9d2359dfb53,2,2,key|turkey,part_11/turkey_20241119_172657_17.mp4|part_9/key.mp4
eed99a01fb7581b869c4f24fe5be42e101cd51123d7a3c8089d5ea6d86ba1ddb,2,2,expert|good,part_8/expert_video_8.mp4|part_8/good_video_20.mp4
eef07a8b6281cb8c8c50cfc84e9aa6a81a468bd7cc5b6395f05bea6dc3a32dca,2,2,head|principal,part_10/principal_video_1.mp4|part_8/head_video_24.mp4
ef087079df004d427ea7370acd9a9404e5d708b0b46c1d1062ce3fb4b5c3cb03,2,2,dig|shovel,part_10/shovel_20241119_172654.mp4|part_8/dig_8.mp4
ef11955d1d372e7a194a5df20e2a13843af84dfc2c63bc811214c66b2abc90b0,2,2,good|well,part_11/well_video_1.mp4|part_8/good_video_1.mp4
efa97298e2724465451e01223e7236b364523d5b7078f6f8de28366ea3cd56d2,2,2,form|shape,part_10/shape_video_2.mp4|part_8/form_video_19.mp4
efb6d2b449d758306fb2fcb7129a232c14dff92387cbb49449188ce5fc127de8,2,2,elevator|lift,part_8/elevator_20241119_172641_1.mp4|part_9/lift_20241119_172646_12.mp4
efb7b9c51f99e2f86743e82eb616d7354b9d1ffbd1b2afd43f37e8c3eb611e46,2,2,girl|miss,part_8/girl_video_6.mp4|part_9/miss_video_25.mp4
efd14f2f9fa8426239afd46ca93873dd7725668218a78c5e54c2a64d2faf0d66,2,2,humble|small,part_10/small_video_20.mp4|part_9/humble_video_4.mp4
efdc29f58bbf8cc54a6e4e7ef0d232a32ba04247b8269daf518621788d3952a5,2,2,back|backbone,part_6/back_video_27.mp4|part_6/backbone_video_27.mp4
eff71b69b1eb537e5a94b2b0d4032c293610471df971328ff3df2bb1f1975803,2,2,press|squeeze,part_10/press_video_9.mp4|part_11/squeeze_video_25.mp4
f009b9e9635fea60177c78cc50f5e486022e7a66398ade07f330f33f9da8fd0c,2,2,audience|die,part_6/audience.mp4|part_8/die.mp4
f00bea7ff4bac88e7c0f296cd70927fd1f10a9d522a2eedc798d83eab349645b,2,2,net|network,part_6/Net_video_10.mp4|part_9/network_video_9.mp4
f03c7c07c1cfcdfe89034f8bfd8d54826da5da576beecfb54581d1e12c2b2937,2,2,get down|start,part_11/start_video_0.mp4|part_8/get_down_video_0.mp4
f07920c27f6b5109be9ef69e32c2a52f5d63d5801e005bb4f188ed0363ee3130,2,2,change|translate,part_11/translate_2.mp4|part_7/change_video_9.mp4
f0e1711af49d87c8622701118372de8e0739534c963053a9168e392280e60151,2,2,date|see,part_10/see_video_18.mp4|part_7/date_video_12.mp4
f156cb23557f4db7f9f76449126b9de1e61e23da86189de9a573a0bf01f37ca2,2,2,big|large,part_7/big_video_5.mp4|part_9/large_video_5.mp4
f183757a22e43699d007e696d41d2953822be2d2112dd5e73b0a65ab1270ad50,2,2,complain|plain,part_10/plain_video_2.mp4|part_7/complain_video_2.mp4
f1a0cced47682f916ddc9097e1b97f80a1fb94a226ffe8d99c4da662b5471324,2,2,bring down|land,part_7/bring_down_video_37.mp4|part_9/land_video_18.mp4
f1ca7d83ae7f64f57895a6b462f7feedde9c8fa326f24aaca0516715bc67d022,2,2,accomplish|reach,part_10/reach_video_7.mp4|part_6/accomplish_video_4.mp4
f1d4c1b14f871d55a6344f747fbc235539c00d86bc86e8ae39a8fc415430777b,2,2,comfortable|easy,part_7/comfortable_video_4.mp4|part_8/easy_video_4.mp4
f1e8a5d77bcef11e962a55f032f7cda859928217884829b319997f8b62dd65ef,2,2,really|sure,part_10/really_11.mp4|part_11/sure_2.mp4
f2254be8164b4ba1e4cdab0521851c10e871222d28532c8cda8bd057336cd35f,2,2,take|train,part_11/take_video_29.mp4|part_11/train_video_9.mp4
f22c9801ea011cbe483f5858c25dd7efd8689f940802ee5f43f0c1697164b399,2,2,peel|skin,part_10/peel_20241119_172650_11.mp4|part_10/skin_video_1.mp4
f23657b28d37a7f639be3fd2f74277029f9feebb48af1506463507a7a16e8d8a,2,2,back|backbone,part_6/back_video_13.mp4|part_6/backbone_video_13.mp4
f26542192c19d5287ae65b711cbd5c2e12b6ba676a606546a55bc9209111f07c,2,2,diaper|napkin,part_8/diaper_video_0.mp4|part_9/napkin_video_8.mp4
f28120f8c138b5de1844a3e9b5c2e0d2cdcf0c65869d6392ab1deb8095527b8e,2,2,pop|soda,part_10/pop_20241119_172650_15.mp4|part_10/soda_video_6.mp4
f303d94d4c9a8a5220eb0ff697b43be8a0d9b89a5c8f887d92b830002f6c3ae4,2,2,meditate|study,part_11/study_video_27.mp4|part_9/meditate_20241119_172647_11.mp4
f31b983014fbc359fb45c7d538c68906195595b142e34530aa687eaab4b3a560,2,2,cut|scissors,part_10/scissors_1.mp4|part_7/cut_17.mp4
f32bd1ead43d1604b95a4caa5de3e1483f5a92236c40c01adc5d6e63dc242042,2,2,eyeglasses|glasses,part_8/eyeglasses_video_3.mp4|part_8/glasses_video_3.mp4
f330128bfcb2fa9834b3f56fc6d398d248219c01f4a9e4940079e9b2fb5c40a0,2,2,fourth|quarter,part_10/quarter_video_9.mp4|part_8/fourth_video_9.mp4
f354ba9f7e9f24d752203f2b4d2320c09739aa0b0aa20289070e2c6342aad4f3,2,2,his|your,part_11/your_2.mp4|part_8/his_4.mp4
f3622eee16e3316c2570eb900bc24dfe515508b168457e48a3cd1a3062a5a184,2,2,just about|some,part_10/some_video_13.mp4|part_9/just_about_video_50.mp4
f3655595a36205dd12a2eb84576c82ec070c7a35e6e754840c4768aeb4ac034b,2,2,polish|smooth,part_10/polish_video_0.mp4|part_10/smooth_video_0.mp4
f37e4a04f5aaca93d380503a210f2060cb1db53a4fc7378c47ff5a916e33cbfa,2,2,plow|turn,part_10/plow_20241119_172650_5.mp4|part_11/turn_video_5.mp4
f38be4f86d167b88632a851d1e24be7c29dd1b275f65776715a0b03099be4eae,2,2,arrest|nail,part_6/arrest_20241119_172633_4.mp4|part_9/nail_video_4.mp4
f3ac4d6d99cde26d2b745bf6f2399965b155cb57fdaf032473c9156108910055,2,2,dribble|drip,part_8/dribble_video_9.mp4|part_8/drip_video_4.mp4
f3e85ab06a729cb1f39949f9f9dd1a51fc6286fd824a088fdd3bf9d216e74084,2,2,fourth|quarter,part_10/quarter_video_22.mp4|part_8/fourth_video_22.mp4
f408f63a9cae84ec72ebb12b95f2913dec93b238c6b1ee9e149b25127b4a2517,2,2,habit|tradition,part_11/tradition_12.mp4|part_8/habit_5.mp4
f4155be2cbe3d28666de9a9f0c00f971a93334cf7a51d3d2c5327edf7af82b0b,2,2,analyze|study,part_11/study_video_16.mp4|part_6/analyze_video_6.mp4
f415a38f0f37a89a7c34b5ee7b3355460d91ecc2ba1987a64d52389003db41ec,2,2,all|whole,part_11/whole_video_19.mp4|part_6/all_video_19.mp4
f41c974877b7f528ff0867a8176e932c8878dcf58206de8483f0d54f13ba8dc4,2,2,infection|insurance,part_9/infection_4.mp4|part_9/insurance_5.mp4
f4978a06eb2481a3f25938d85092b6385ef9d3a11ef6459a095652eb285a92f3,2,2,cost|price,part_10/price_video_7.mp4|part_7/cost_video_7.mp4
f4cb9987c72b1f167a46d7f31f8e12bd320eed70325fb700fc93b2c2764ed7bf,2,2,backup|support,part_11/support_20241119_172655_36.mp4|part_6/backup_video_20.mp4
f4cc7524daac09b0e03775064481c5210c382f42a10c10ce62985e669f22eb3f,2,2,catch|grab,part_7/catch_20241119_172636_64.mp4|part_8/grab_video_14.mp4
f4ea71cb8d131022c3a0e2c33b0470066ad306bddfc037c49abb46d7e7ab2697,2,2,bomb|fail,part_7/bomb_video_10.mp4|part_8/fail_video_8.mp4
f50c30e08c7481a9674721ce6535c9bf4bb0c21044ea70e254a8c19d6e814b52,2,2,to|until,part_11/to_8.mp4|part_11/until_10.mp4
f51f7ab1c856fedece12c985f007a8554d065cacc84e9810854c4f9687659faa,2,2,cost|price,part_10/price_video_5.mp4|part_7/cost_video_5.mp4
f5312d3d52fe76957404463d777446e7c422613d37edb4a136956a5d9cc99633,2,2,hurt|pain,part_9/hurt_6.mp4|part_9/pain_7.mp4
f583da367e747211907be151d35d6bdfbe40689eb61857e56723d9de7f69b2eb,2,2,half|six,part_10/six_video_1.mp4|part_8/half_dozen_video_1.mp4
f5a4c5a6d83c45fe17c8479dcbf06ba4c14d9805c2184a87b5dddfb93ab2abae,2,2,better|improve,part_7/better_video_2.mp4|part_9/improve_video_2.mp4
f5b2b3ef9beddda167970cb6a3e1894fbd031cb15521347d060adf1fb9cdb122,2,2,decline|refuse,part_10/refuse_video_11.mp4|part_7/decline_video_11.mp4
f5c0763f0d1ebf629a4ce9d271293381c5a92760e22283577241f6966708d6c7,2,2,bound|spring,part_10/spring_video_20.mp4|part_7/bound_video_20.mp4
f5c32e83b88e52543b00a9d506ff98b3319598860fc1666885628f818dd9f7fb,2,2,sing|talk,part_10/sing_video_5.mp4|part_11/talk_20241119_172656_15.mp4
f5eb6cf79989446e7f4c30af239ea496723db27da9256b55019df3b12a57d2f7,2,2,answer|result,part_10/result_video_13.mp4|part_6/answer_video_11.mp4
f5eeba26d02a46ab73ad2df387cb17e58087e535429033cf23c8f27589554360,2,2,away|off,part_6/away_video_13.mp4|part_9/off_video_13.mp4
f5f7717384195b519fdea05aa59e265be24361298b521f7261450d591c9dd46f,2,2,green|gullible,part_8/green_video_14.mp4|part_8/gullible_video_2.mp4
f5fca07c7f8f09fc76b11e598ddaf8319976ea10410b0863786b4f2c68216fa9,2,2,back|backbone,part_6/back_video_16.mp4|part_6/backbone_video_16.mp4
f62856abd444b12ceb40f5d84d59dddd0fa6221196bd3c879736669fa59fb8a5,2,2,dumb|slow,part_10/slow_video_10.mp4|part_8/dumb_video_3.mp4
f628b681569a8651e44f3d69d692506f52246d6ea84cef7822a15ae9297345c1,2,2,blow|float,part_7/blow_video_17.mp4|part_8/float_20241119_172643_17.mp4
f63756c16d67025b6d29d61866776a18892d87eeeccbc3bedf0c2c722f1fdb13,2,2,car|machine,part_7/car_video_20.mp4|part_9/machine_video_20.mp4
f657fd128e749136d56f92c0195c14cb791ff14dea5f939f46c5027f092cc407,2,2,fourth|quarter,part_10/quarter_video_18.mp4|part_8/fourth_video_18.mp4
f6606df49266d63d44ed4e85913027d1ca2b9f9ce00c0bdf02daa8e292b54ce5,2,2,pity|sympathy,part_10/pity_1.mp4|part_11/sympathy_9.mp4
f670e11ae09ed4c21d1b4207de3fab515351d5a323841d97edb97fad024c8850,2,2,dark|night,part_7/dark_20241119_172639_12.mp4|part_9/night_20241119_172649_21.mp4
f6927bf049bd063b335d0899a40193ba10de2088668098303958e574101239e5,2,2,pack|wad,part_11/wad_video_63.mp4|part_9/pack_video_0.mp4
f6a1276f84af3770224060d04f3302593c02c11e2393334c1f957130a678975b,2,2,event|situation,part_10/situation_1.mp4|part_8/event_video_14.mp4
f6a4bbc5eba4cf4bd21f2f3da059efb602300ede7686a9b9bc44df84dccec834,2,2,home|place,part_10/place_video_16.mp4|part_9/home_video_16.mp4
f6ab7387bfd728afbdc378fef257c0ce9f91474fd4c06f3d5a1aede179d22bfe,2,2,blow|float,part_7/blow_video_15.mp4|part_8/float_20241119_172643_15.mp4
f6bbc80f5e24949f41e71d9550244891d2ecd7eb68a1729cc3f20ca12a4cc7f5,2,2,peach|sweetheart,part_11/sweetheart_video_0.mp4|part_9/peach_20241119_172650_13.mp4
f6bc277ef29413e3a0e9b8a0839c32c62cc8536221feb2a8cacf8b3c79b5874a,2,2,alright|fine,part_6/alright_video_6.mp4|part_8/fine_20241119_172642_6.mp4
f6be9cb950e54d4bf3364a5bb97050b6b1b1b45dee1748174f392a14d7b1c70a,2,2,document|paper,part_8/document_7.mp4|part_9/paper_6.mp4
f6e3c5b9fae00c46714ea10a8ebbd45efa3bae799a3fbcd10c32d8b37aa4026c,2,2,better|improve,part_7/better_video_4.mp4|part_9/improve_video_4.mp4
f6ea6c74fdf274167d4c6f4b4f180f1984ea48a9f3b5c8eaaf7d52db739e7f45,2,2,clip|time,part_11/time_video_17.mp4|part_7/clip_video_17.mp4
f6eb74481462ed72dc74ecf93415a799aacbe83ec322880f9ad14718b53f15f2,2,2,blame|damn,part_7/blame_video_10.mp4|part_7/damn_video_6.mp4
f70d077d64d27ce13efc719ce67c51bcdf9abaa418bcc221e0ae5c5befb88d0d,2,2,internet|network,part_9/internet_14.mp4|part_9/network_3.mp4
f722b72735573a0fe66f00cebd8b87d35177afa3d860715ff2e9e7804bc0af6c,2,2,brush|toothbrush,part_11/toothbrush_2.mp4|part_7/brush_video_3.mp4
f72c18f43571854ce8834094ec4a0eda17e3c6aa5d07b18345a72d10b3ac618f,2,2,internet|network,part_9/internet_5.mp4|part_9/network_6.mp4
f75269edbaa10d1a2d729b19732df58e6dda78d1895ec32ac7dbe3e7c31be55b,2,2,apparel|clothes,part_6/apparel_video_0.mp4|part_7/clothes_video_0.mp4
f76125aed0a111c436435787d95ef2101e75b576b13d56a2f35324aad8b6bbd8,2,2,drop|sink,part_10/sink_video_17.mp4|part_8/drop_video_17.mp4
f77eabeb73b96ef75aa3c27b39cd717e3901730d1a470fa78b41141752585127,2,2,infection|insurance,part_9/infection_3.mp4|part_9/insurance_4.mp4
f7afed6d5ab42dd3ccb210298252c7ffdf4c1add7e10330a2fbd3cee8e7f4423,2,2,k|w,part_6/K_k_aug_12.mp4|part_6/W_w_aug_4.mp4
f7e7194008b7a368fd3eba0eb5a3ce4b3a8e91e7b221da6784c58ea0615da6c7,2,2,chance|happen,part_7/chance_video_11.mp4|part_8/happen_video_2.mp4
f80b3c5121334c7a6f7689d98b5f49c2b2e2fda7181c9bea7edb49ebf90155b7,2,2,car|machine,part_7/car_video_1.mp4|part_9/machine_video_1.mp4
f818dc9144b83aa946cdf390aff39fa3525b0c04bd0ae6d25cf23ab3f07b3484,2,2,pen|write,part_10/pen_video_13.mp4|part_11/write_video_13.mp4
f82e208a748b0eba42929ca211086552487460934f508044dfae8765f72ba619,2,2,comfortable|easy,part_7/comfortable_video_9.mp4|part_8/easy_video_9.mp4
f874befc933b5fc6880ad47e92a688240f30aba8b76d183d1ed641fcded78294,2,2,edge|march,part_8/edge_video_2.mp4|part_9/march_video_2.mp4
f8c77b236daf8eaeba877db6e15558b0f0789ba285a3852622cac89d02b93d26,2,2,fence|fencing,part_8/fence_20241119_172642_7.mp4|part_8/fencing_video_9.mp4
f8ce5f3a147406e67b29df3de1b7023f8ce955e43fd4fb2483132c42de971380,2,2,morning|sunrise,part_11/sunrise_video_6.mp4|part_9/morning_video_15.mp4
f8dc0866e5191021043b454ba62b9a6838e179148b6f76b39733bb86ec5ecebd,2,2,nothing|zero,part_11/zero_video_6.mp4|part_9/nothing_20241119_172649_15.mp4
f8e14821a53667825323bb696ee18bdd4c1c712bf0e7bc7faff9d89e3b8c5f4b,2,2,devil|monster,part_8/devil_video_32.mp4|part_9/monster_video_6.mp4
f8f0552de0a1a53359a0f846fa8c5b815f2a0f9299ede87e2970fa6325a02d3f,2,2,act|play,part_10/play_video_26.mp4|part_6/act_video_10.mp4
f94b1c538349bee55485cc072eb17d35d15fe66e67976a58d5c21d5c47a24381,2,2,area|country,part_6/area_video_17.mp4|part_7/country_video_17.mp4
f993771927038dee1f9fb7b3f340fa846b3ec58eedad6268ebfd7dff104c67d6,2,2,meditate|study,part_11/study_video_28.mp4|part_9/meditate_20241119_172647_12.mp4
f99a143cde3d857278b88d58db9d9d0468ebb30f2afcc62177614981b92f0c4a,2,2,run|test,part_10/run_20241119_172652_11.mp4|part_11/test_video_11.mp4
f9a0abb569417de56c50d906e02c0212a42bda049e9283c4562e7ed691161673,2,2,cause|suit,part_11/suit_video_9.mp4|part_7/cause_video_9.mp4
f9c830d12df4ccdb27dd8f028fccb731d2b2b18f5206737ced7882c4793ada46,2,2,brush|rush,part_10/rush.mp4|part_7/brush.mp4
f9cae873b4fb5bc37d765f3a54a6f7416e92e2615506177599fe5d26b334d3f2,2,2,change|replace,part_10/replace_2.mp4|part_7/change_video_7.mp4
fa0d4693b7af0fb84c6b6fad4fb53a1feef4590c3b9d2f2e781be62bf1ae90de,2,2,lose|miss,part_9/lose_video_7.mp4|part_9/miss_video_7.mp4
fa233625703e324422efdf382c8350431ff7120bfbf96ef6a6e9797a7eedca38,2,2,mine|my,part_9/mine_video_7.mp4|part_9/my_video_7.mp4
fa279d75e9db80ffb69eec4881472f5bca17df2c825e2c4bde7af42597890fa0,2,2,duck|skirt,part_10/skirt_video_8.mp4|part_8/duck_20241119_172641_25.mp4
fa506fe49f87cf6d8ca419602d69a127906e16561111d71a4dc82cd544992323,2,2,ear|sound,part_10/sound_3.mp4|part_8/ear_video_0.mp4
fa72324b67f026eadb6854b24e61037a313e009b4dae7d95999d3e791d9d29b0,2,2,head|principal,part_10/principal_video_7.mp4|part_8/head_video_30.mp4
fa89e5d74b19b877d82e6e860b3895014deb8e242d101c0ff1ca2cd5e7ad0144,2,2,chew|wad,part_11/wad_video_56.mp4|part_7/chew_20241119_172637_5.mp4
faa45343c6d8f9cd27d0ce7ef320bc5b6cbfd60ccb62ca503ceb72698424ee9e,2,2,pen|write,part_10/pen_video_6.mp4|part_11/write_video_6.mp4
faa658e0e5cb2b898f7cc0ea6aa1123fa2746f59c71fa604f0ab208f1c248d05,2,2,lose|miss,part_9/lose_video_14.mp4|part_9/miss_video_14.mp4
fabc0858851c1962004d59573c976c0f2bb2a9bb7e34ce9ccfec81f38eea2386,2,2,home|place,part_10/place_video_0.mp4|part_9/home_video_0.mp4
fad85ffa7fb5f7af2eb06305716e1b61e4c3d8f82097a03da9cfd10b804246d1,2,2,refuse|resist,part_10/refuse_video_17.mp4|part_10/resist_video_2.mp4
fadc97db38a6144955b27ecd76c7de807a86ef54b910f21634a212e0b3365e19,2,2,hot|spicy,part_10/spicy_video_3.mp4|part_9/hot_video_20.mp4
fb278514c6f46aaaa5c8d5f7a972faa1dba7d2442bd57edb93a6e7736ba0838c,2,2,all|whole,part_11/whole_video_9.mp4|part_6/all_video_9.mp4
fb99b5c6ca5f7a9e1d12a1696fb2114a8516dc2dc32a3f81af49366817005c42,2,2,listen|mind,part_9/listen_video_8.mp4|part_9/mind_video_25.mp4
fba65386400ef502c7aecb7f737b747c5572e3df8d99de97c61a21453e4272b6,2,2,guide|lead,part_8/guide_5.mp4|part_9/lead_2.mp4
fbf8ea58fe06313f90968aaaf121fef765dc258d8f7d8f8de42dd0f20da4ad32,2,2,chase|tail,part_11/tail_20241119_172656_12.mp4|part_7/chase_video_1.mp4
fc29e5f7d7dce13c344588b12aec7bed45c0e00d2a23b90d2172a5f51b76f238,2,2,back|backbone,part_6/back_video_11.mp4|part_6/backbone_video_11.mp4
fc434655d8887de660f3a1af9d89b4e9d9c4111ca6811583081ce7c7e2d81a78,2,2,boy|son,part_10/son_video_5.mp4|part_7/boy_video_5.mp4
fc44a9dcf4b767151b469e919752dafd31585158260dac822a1e5de4c04c396f,2,2,harmonica|harp,part_8/harmonica_video_2.mp4|part_8/harp_video_8.mp4
fc4e2d1a9fd47bf8897bc08c2d373b92eb0bcad42d55e10721471297d4d4e8db,2,2,enough|plenty,part_10/plenty_video_51.mp4|part_8/enough_2.mp4
fc57b3b84aa0c5e4bc7f69ee9d5d2a6eca7f770eacb8fb0982f2fe8b3367f9bd,2,2,smoke|smoking,part_10/smoke_video_1.mp4|part_10/smoking_video_1.mp4
fc6d86ec398bfa3627cc67802b2310099628a20524147e7f10792de995af3980,2,2,duty|responsibility,part_10/responsibility_video_3.mp4|part_8/duty_video_3.mp4
fc9ab738ce2026fe59495a42b0d6e2099df36233d5246b4430dab2bd04ed14bd,2,2,form|shape,part_10/shape_video_4.mp4|part_8/form_video_21.mp4
fcc2c55a4106f869cb050a16a3f7b98f5324171103a6a72ce487e873eed328c7,2,2,lot|luck,part_9/lot_video_70.mp4|part_9/luck_video_3.mp4
fceb0d002ab7d6dbcdd4116771aa7a6b4f2ce5e5e901604fddb08ad3a41e0519,2,2,color|pink,part_10/pink_13.mp4|part_7/color_video_7.mp4
fd199318d3d744f20bcdc091f907d649758345d66d15121e134c54c4897c7a8b,2,2,fence|fencing,part_8/fence_20241119_172642_18.mp4|part_8/fencing_video_4.mp4
fd5f16d00e3799297f49800fa6c47a99d5f33049480bea1ee06192c04b18f673,2,2,reduce|thin,part_10/reduce_video_37.mp4|part_11/thin_video_15.mp4
fd6a2bf1c7947fc3945b8827f55f488ad3ca11ef4c5e4b4c7fa9b83b1bc1f730,2,2,newspaper|paper,part_9/newspaper.mp4|part_9/paper.mp4
fd6e69f78132fe8f61a5fe5b929def813a78b89c1b5007755927c6101e4c8a2c,2,2,internet|net,part_6/Internet_video_3.mp4|part_6/Net_video_3.mp4
fd7b49c4c5c45fe0a846de6c19af11de232b0e970fd32c68dc1c41bb03dca7e6,2,2,pen|write,part_10/pen_video_8.mp4|part_11/write_video_8.mp4
fd954f2648b33d12262d094e4598e30d0369e0a29ebf4d5769410ad2d9219178,2,2,divide|separate,part_10/separate_video_16.mp4|part_8/divide_video_10.mp4
fda7337213e448cdc11941ab23b14c415caf0bdfed3ab2a3599486598635d1fe,2,2,decline|refuse,part_10/refuse_video_9.mp4|part_7/decline_video_9.mp4
fe1fb2fb981fd850c3b855cd98eae287293aac90b8f331281d7e3530a8ee9c08,2,2,plow|turn,part_10/plow_20241119_172650_8.mp4|part_11/turn_video_8.mp4
fe21e96c1d1d8260b0946024e2f6b70354f444dce710ee6967edd474df175e34,2,2,address|dress,part_6/address.mp4|part_8/dress.mp4
fe4acf209b4f3d17de88890c24118dd769fccadfc4dc6fbd1ecbfc683c6cdd12,2,2,reach|strain,part_10/reach_video_14.mp4|part_11/strain_20241119_172655_6.mp4
fe584a7f2991085419bbd3ab43d9374c69898a7ff253b3d8c8a283822c5ed163,2,2,bring|play,part_10/play_video_33.mp4|part_7/bring_video_26.mp4
fe923bb441de301535b23fec89076e0ca546f5570580d63de1506cecf9336b1e,2,2,back|backbone,part_6/back_video_25.mp4|part_6/backbone_video_25.mp4
fedc3aa91aa5c54f5fbac6a1a22510c8b855c148de6691a7e20cfb014c0bdadc,2,2,bath|bathroom,part_7/bath_video_8.mp4|part_7/bathroom_video_24.mp4
feecc4fc7e7e94719ce35992dc56b7ba34474ef988d5f2b3b5eb8ebd40789dff,2,2,polish|smooth,part_10/polish_video_6.mp4|part_10/smooth_video_6.mp4
ff31ddacc0719033e4f87809ad4e7f8524683e9946254e45aca20f5c6d49d1ce,2,2,shooting|shot,part_10/shooting_video_3.mp4|part_10/shot_video_10.mp4
ff61e88febbfabd92d08a542f49496b16166786057fba1f1e3a85e8734eb32f0,2,2,problem|trouble,part_10/problem_20241119_172651_15.mp4|part_11/trouble_video_8.mp4
ff62c8436c39c41b9ecdc70943d4b502539db1c7bc89b91da531a5d06c1d1544,2,2,plow|turn,part_10/plow_20241119_172650_6.mp4|part_11/turn_video_6.mp4
ff64b7aa677097cf636216e7791500088c2cdaa31b8acf25ade32c371a95b1a1,2,2,pack|ring,part_10/ring_video_12.mp4|part_9/pack_video_13.mp4
ffcd4313b96544abcc0b9f4b0274c9b65f9adab0f5bdcc52abcf3c350dfca970,2,2,quiet|still,part_10/quiet_video_9.mp4|part_11/still_video_10.mp4
ffd41c794d54f78aa25430c7cd704e6e3e033d592dbd7eeecd82bca615ff6c48,2,2,catch|grab,part_7/catch_20241119_172636_65.mp4|part_8/grab_video_2.mp4
ffd938ed117fa26916c31146ef86709f1f6b80540242185716723e61b6991c81,2,2,burn|tan,part_11/tan_video_4.mp4|part_7/burn_video_5.mp4
fffe557f14ed0aaf4b650483508e8ba3bcf9fe9fca81be2f1c796428094ef834,2,2,catch|grab,part_7/catch_20241119_172636_19.mp4|part_8/grab_video_19.mp4
684632d76db70414d7f64e13448e227fc969f2fd142c60d36f890fa227b2f5ad,5,1,y,part_6/Y_y_aug_12.mp4|part_6/Y_y_aug_18.mp4|part_6/Y_y_aug_29.mp4|part_6/Y_y_aug_32.mp4|part_6/Y_y_aug_44.mp4
06ba6fef681b3d44855672c98a934f434ea734ee9170d5bb20e02069a00423eb,4,1,t,part_11/t_1_t_aug_24.mp4|part_11/t_1_t_aug_30.mp4|part_6/T_video_2_t_aug_14.mp4|part_6/T_video_2_t_aug_35.mp4
0766e6f7b55dc605ddede52d89da09f015f20ca70f9c8b45b351372dd8a64a54,4,1,f,part_6/F • ASL Dictionary_f_aug_15.mp4|part_6/F • ASL Dictionary_f_aug_25.mp4|part_6/F • ASL Dictionary_f_aug_27.mp4|part_6/F • ASL Dictionary_f_aug_39.mp4
1b553bccd71714db009dadded0073cfbcffae42b48d27f8c334a4038ba6c742a,4,1,c,part_6/C_video_0_c_aug_13.mp4|part_6/C_video_0_c_aug_37.mp4|part_6/C_video_0_c_aug_7.mp4|part_7/c_6_c_aug_12.mp4
1ef0638b7b8305d012681e39cc151ee71bb28e724ad85169027493d5240d6f79,4,1,y,part_6/Y_video_0_y_aug_15.mp4|part_6/Y_video_0_y_aug_16.mp4|part_6/Y_video_0_y_aug_3.mp4|part_6/Y_video_0_y_aug_4.mp4
2204e1ca4b91641d05a0b9abd5d2b5d1202b9aa593529eef331025a73e95ce57,4,1,m,part_6/M_m_aug_21.mp4|part_6/M_m_aug_30.mp4|part_6/M_m_aug_6.mp4|part_6/M_m_aug_9.mp4
3b54717ef7039c602abac71038234f8c31c8e5c072502e2711695aa9d51a4c07,4,1,o,part_9/o_2_o_aug_14.mp4|part_9/o_2_o_aug_22.mp4|part_9/o_2_o_aug_23.mp4|part_9/o_2_o_aug_34.mp4
425b57b29f6ee226e13cf96458f5cd1caa4d7ec04d5a83a5fff1ee6729cefdd5,4,1,y,part_6/Y • ASL Dictionary_y_aug_41.mp4|part_6/Y • ASL Dictionary_y_aug_42.mp4|part_6/Y • ASL Dictionary_y_aug_43.mp4|part_6/Y • ASL Dictionary_y_aug_8.mp4
585aa76eb55082136068c130650a39ba96b60ac6a555f6124d8c2f940137e1a6,4,1,x,part_6/X_video_2_x_aug_12.mp4|part_6/X_video_2_x_aug_13.mp4|part_6/X_video_2_x_aug_27.mp4|part_6/X_video_2_x_aug_7.mp4
6c25178a4d50a6ce62c2427d60f40473d6aa29edd637c3de4318d4f8a6a446a3,4,1,u,part_11/u_1_u_aug_19.mp4|part_6/U_video_0_u_aug_11.mp4|part_6/U_video_0_u_aug_25.mp4|part_6/U_video_0_u_aug_7.mp4
966f1b72a35a07a633e53badcaabc6db7bc9dacede07d1d1911b1580b602e0f1,4,1,o,part_6/O_video_0_o_aug_15.mp4|part_6/O_video_0_o_aug_27.mp4|part_6/O_video_0_o_aug_29.mp4|part_6/O_video_0_o_aug_5.mp4
d83ec658c54e135cb913cb995bb3e03ce0cc8a49a24401d55da864ec3432528d,4,1,n,part_6/N_n_aug_14.mp4|part_6/N_n_aug_2.mp4|part_6/N_n_aug_32.mp4|part_6/N_n_aug_7.mp4
dd664f8150392190063535f89a17619d9d55a3c17efcf2d7efa5dc144a5c1269,4,1,a,part_6/a_6_a_aug_18.mp4|part_6/a_6_a_aug_29.mp4|part_6/a_6_a_aug_30.mp4|part_6/a_6_a_aug_6.mp4
ff5f0a58b7e7e6e951cddc969a40f47cc3d594debf4b339717ca963651baf1a2,4,1,r,part_10/r_video_3_r_aug_19.mp4|part_10/r_video_3_r_aug_26.mp4|part_10/r_video_3_r_aug_34.mp4|part_10/r_video_3_r_aug_8.mp4
071d5cca5c9998049f247e98fecb0160848d39b27c3a14cd46fb642aaad14dc2,3,1,x,part_6/X_video_1_x_aug_18.mp4|part_6/X_video_1_x_aug_22.mp4|part_6/X_video_1_x_aug_36.mp4
07a79e65f9ae13fa6d61805ccac50ec7f3851819ffe7388afa9d202c45505d29,3,1,g,part_8/g_3_g_aug_27.mp4|part_8/g_3_g_aug_33.mp4|part_8/g_3_g_aug_37.mp4
0b0e8b9ec1176f9a6c20e5f41cf24ab30f6b202aefc4f33e4a35f38e8eef39a6,3,1,q,part_6/Q_q_aug_10.mp4|part_6/Q_q_aug_24.mp4|part_6/Q_q_aug_37.mp4
0ceb5b777e110eea5cd45b4aab38096944fe89f7bce07d47df419b7dfebd7c20,3,1,w,part_11/w_2_w_aug_10.mp4|part_11/w_2_w_aug_15.mp4|part_11/w_2_w_aug_6.mp4
12ccc5cce4dd268ded9e3e36044fce1399e76c96d2a8d01975e4d24a8fa11e22,3,1,l,part_9/l_5_l_aug_10.mp4|part_9/l_5_l_aug_33.mp4|part_9/l_5_l_aug_5.mp4
13267987a9df1e7da0aba2ea3bfa9e472420a82615a23bc3b865002714751d18,3,1,c,part_7/c_2_c_aug_27.mp4|part_7/c_2_c_aug_28.mp4|part_7/c_2_c_aug_38.mp4
23580c3e579c40993b345dd6050f3f90530bac413358b0e581246b99d3a21947,3,1,g,part_8/g_1_g_aug_11.mp4|part_8/g_1_g_aug_19.mp4|part_8/g_1_g_aug_3.mp4
26aa4e54bf78576e9a1d0c7be9fb8fa527f519292919fcd4491351d4bda7f962,3,1,s,part_6/S_video_3_s_aug_14.mp4|part_6/S_video_3_s_aug_26.mp4|part_6/S_video_3_s_aug_27.mp4
285a7cdd6376833dbb92d27f25b77c84650e67284c04b6b880683d0b654c9367,3,1,b,part_6/b_4_b_aug_0.mp4|part_6/b_4_b_aug_20.mp4|part_6/b_4_b_aug_30.mp4
2c403727faca87233d46f99aa38716b03a62497a3d2bd2c2679a971a73977e03,3,1,s,part_6/S_video_3_s_aug_11.mp4|part_6/S_video_3_s_aug_28.mp4|part_6/S_video_3_s_aug_29.mp4
2d480cd0729cfe7d1424ee99f2041e5f508563e9082c9162d1a69af2d204f040,3,1,o,part_6/O_video_0_o_aug_17.mp4|part_6/O_video_0_o_aug_21.mp4|part_9/o_1_o_aug_4.mp4
2dd739d5e13379a51bd738184400528e0ea56e4e130148ff2c6562804995a88f,3,1,x,part_6/X_video_1_x_aug_0.mp4|part_6/X_video_1_x_aug_23.mp4|part_6/X_video_1_x_aug_34.mp4
30c519ddcd1b16a049e3b003cd6e2ff7ad33bb259eb990a44c6da4cc75b82b7e,3,1,k,part_9/k_7_k_aug_14.mp4|part_9/k_7_k_aug_29.mp4|part_9/k_7_k_aug_3.mp4
39f2613f3ab2dec702ac917f197c2ac5bff2513a774c7bd727e063945328e101,3,1,r,part_10/r_video_1_r_aug_2.mp4|part_10/r_video_1_r_aug_31.mp4|part_10/r_video_1_r_aug_4.mp4
407f79ee0bc8740c4122071bceac645eb6e82ef25dd21bdcd492b4718fe48f5f,3,1,g,part_8/g_6_g_aug_15.mp4|part_8/g_6_g_aug_28.mp4|part_8/g_6_g_aug_5.mp4
428712d987db449603db18df32528887cea681ef595788c5160753648d2e1505,3,1,sandwich,part_10/sandwich_20241119_172652_14.mp4|part_10/sandwich_20241119_172652_5.mp4|part_10/sandwich_20241119_172652_6.mp4
4844a9052150a500829d2327b5a33389708176d7e7bd824b9f6bc4d34b793fe4,3,1,f,part_8/f_1_f_aug_14.mp4|part_8/f_1_f_aug_19.mp4|part_8/f_1_f_aug_36.mp4
52777a0a1977722b9eb9b1721165d41b9504b4aa9ee5f4046e0d40c9353c6f5c,3,1,i,part_9/i_5_i_aug_27.mp4|part_9/i_5_i_aug_36.mp4|part_9/i_5_i_aug_7.mp4
58e4607e3b41247c0afb4009e50040c658f4155e4cad23ecc1736ec18a0c48f8,3,1,j,part_6/J • ASL Dictionary_j_aug_12.mp4|part_6/J • ASL Dictionary_j_aug_14.mp4|part_6/J • ASL Dictionary_j_aug_2.mp4
599cfb5ef0bb4e631a0dd0fc22caa981d07323a5853154622c01869b925c58e7,3,1,f,part_8/f_2_f_aug_33.mp4|part_8/f_2_f_aug_6.mp4|part_8/f_2_f_aug_9.mp4
5f206cd931768a1042c617c485aaa3cea8274c3e841cdbf1ce49d83ace1dfcb5,3,1,e,part_8/e_2_e_aug_1.mp4|part_8/e_2_e_aug_27.mp4|part_8/e_2_e_aug_6.mp4
62f64a63a84f03b4e2e99f78efa0f66740753e8c761225a38303b578f79387a9,3,1,x,part_6/X_video_1_x_aug_28.mp4|part_6/X_video_1_x_aug_29.mp4|part_6/X_video_1_x_aug_32.mp4
6771367579a3357b5bc1b9567aaf8799b3f9ee2edb58651f1a10d138b1be486a,3,1,k,part_6/K_video_0_k_aug_15.mp4|part_9/k_1_k_aug_31.mp4|part_9/k_1_k_aug_6.mp4
6aa91b9a48a402824c0cb617b6757d26f3b3a1c3f41d5e5e6abe855d39dd875a,3,1,e,part_6/E_video_2_e_aug_30.mp4|part_6/E_video_2_e_aug_31.mp4|part_6/E_video_2_e_aug_33.mp4
6c4820fc9492ede65e03cee7712a655881f0c6ef2a158aacc3d23b16bf103df8,3,1,g,part_8/g_6_g_aug_25.mp4|part_8/g_6_g_aug_30.mp4|part_8/g_6_g_aug_31.mp4
70c8e3bfdc2d8be2d90ac39e0fe34d9145d3ec6f143fc7a5a02c4141e26041c0,3,1,z,part_6/Z_z_aug_37.mp4|part_6/Z_z_aug_6.mp4|part_6/Z_z_aug_8.mp4
71b29fb689fec56dc61016252c68ebd6d45ce4ebf9865eb6900ed3f714896ae2,3,1,m,part_9/m_2_m_aug_18.mp4|part_9/m_2_m_aug_19.mp4|part_9/m_2_m_aug_33.mp4
7b4fb03a044122bd77af909a8304718cc3e1744dd9c5850d3ee0505a26ed1df2,3,1,q,part_10/q_1_q_aug_33.mp4|part_6/Q_video_0_q_aug_13.mp4|part_6/Q_video_0_q_aug_5.mp4
807bf05890ad2e227e94e32b061c2c98cd83a7247afaa572beb8eb0fa2b78e2c,3,1,z,part_6/Z_video_3_z_aug_0.mp4|part_6/Z_video_3_z_aug_32.mp4|part_6/Z_video_3_z_aug_34.mp4
8362a54a535a673dd42c39e5dd57b09170fd9af4fcb65a189c305f0e278f6b55,3,1,t,part_11/t_1_t_aug_32.mp4|part_11/t_1_t_aug_36.mp4|part_6/T_video_2_t_aug_2.mp4
8b340114f095241111b7fd5412defa90afeebefb2a5168780c075dab3917d72c,3,1,c,part_6/C_video_0_c_aug_10.mp4|part_7/c_6_c_aug_22.mp4|part_7/c_6_c_aug_36.mp4
8c1b7c5dd0be85e72ea812706582a512130718884e23e67380a690e61a61c4af,3,1,t,part_6/T_video_2_t_aug_17.mp4|part_6/T_video_2_t_aug_25.mp4|part_6/T_video_2_t_aug_38.mp4
917bdc50422c5d40cb4102f33cb255cfdf5e7ccb3cc25a7ea3b83f1c5062580b,3,1,z,part_6/Z_z_aug_11.mp4|part_6/Z_z_aug_40.mp4|part_6/Z_z_aug_42.mp4
92f53236a4f8e7ae989708c7da5d6664f43c4041bd97c39a5197166780c07519,3,1,s,part_6/S • ASL Dictionary_s_aug_35.mp4|part_6/S • ASL Dictionary_s_aug_7.mp4|part_6/S • ASL Dictionary_s_aug_8.mp4
958729b8982ca9f3aa436242a859b15e48ee25b5eb5c606862ea45519d452c1a,3,1,m,part_6/M_video_0_m_aug_25.mp4|part_6/M_video_0_m_aug_4.mp4|part_9/m_1_m_aug_34.mp4
a01cd032135efa9658f484ce855d92a518a450d98bf47b96899399aa8be4e242,3,1,talk,part_11/talk_20241119_172656_1.mp4|part_11/talk_20241119_172656_12.mp4|part_11/talk_20241119_172656_13.mp4
c57437de3c4d4ae25d1db12e906a67e8a05070ed9ba2e3c07798eb6307a36d3c,3,1,i,part_9/i_8_i_aug_26.mp4|part_9/i_8_i_aug_28.mp4|part_9/i_8_i_aug_4.mp4
c58e89de95756eb404a2359717a2e736311cbbefdb4d6f73f5929e563e5afa68,3,1,y,part_6/Y_video_2_y_aug_10.mp4|part_6/Y_video_2_y_aug_33.mp4|part_6/Y_video_2_y_aug_5.mp4
c93f40931ba7419f1e8b83c8db580af9b346aba7038aeb22a6133618e8562163,3,1,b,part_6/b_4_b_aug_16.mp4|part_6/b_4_b_aug_22.mp4|part_6/b_4_b_aug_6.mp4
cfcd911c8aa978b236cf2e0bfbed20cb8e9ef09c49b89be830d00b4beb87e97d,3,1,z,part_6/Z_video_2_z_aug_10.mp4|part_6/Z_video_2_z_aug_13.mp4|part_6/Z_video_2_z_aug_3.mp4
dd65f5c9a185d3afe4acd31c884213303453b63e2e8faac0d0b1147136233f53,3,1,z,part_6/Z_z_aug_27.mp4|part_6/Z_z_aug_30.mp4|part_6/Z_z_aug_35.mp4
de6db9ee52819a6a050671b52dbb01683b2e514059fe15fc28af2943b2e49e9c,3,1,f,part_8/f_4_f_aug_12.mp4|part_8/f_4_f_aug_26.mp4|part_8/f_4_f_aug_31.mp4
df8aaf3c7f885fcee2e284ff39ac92cda8bd596e62b0afe116a05543891e006b,3,1,l,part_9/l_4_l_aug_17.mp4|part_9/l_4_l_aug_22.mp4|part_9/l_4_l_aug_25.mp4
e0ed994407122594d41bd9915ce2397908844d3d47971c27041ff3b945ad46b0,3,1,q,part_10/q_6_q_aug_19.mp4|part_10/q_6_q_aug_31.mp4|part_10/q_6_q_aug_32.mp4
e15547c146ffec66ff5322d53c9c1e506374806c83ebfcde5b3c87e1cd25ef0f,3,1,x,part_6/X_video_0_x_aug_15.mp4|part_6/X_video_0_x_aug_21.mp4|part_6/X_video_0_x_aug_44.mp4
e43c161981319b829e6a14f2f09bd1454a9b0c2d1a212a463099b0227882a60f,3,1,l,part_9/l_6_l_aug_20.mp4|part_9/l_6_l_aug_24.mp4|part_9/l_6_l_aug_35.mp4
f4668da8d7762a88f8f593da24c6d49fbeb2117a7dd0aa0349a88151d2e4e29e,3,1,w,part_11/w_1_w_aug_34.mp4|part_6/W_video_0_w_aug_14.mp4|part_6/W_video_0_w_aug_33.mp4
f4a23b8da6a568ca63be8a401f7bdc3a8b607672b6ba089d909981304b06a45b,3,1,y,part_6/Y • ASL Dictionary_y_aug_1.mp4|part_6/Y • ASL Dictionary_y_aug_13.mp4|part_6/Y • ASL Dictionary_y_aug_23.mp4
f831bed89c3f39185db7e12ac36ab306f8cdb2017222f314ec0829b135e615c5,3,1,p,part_9/p_7_p_aug_10.mp4|part_9/p_7_p_aug_30.mp4|part_9/p_7_p_aug_7.mp4
009c3f444a3ddf93163945655d04625102253720408e3b8b663e47e0f245fc4a,2,1,p,part_9/p_7_p_aug_11.mp4|part_9/p_7_p_aug_39.mp4
01043c516dcbc8ed5de2b6269a0548799560c5722af2e317951eaf7a42d7e32c,2,1,bless,part_7/bless_1.mp4|part_7/bless_video_0.mp4
013bbcd1ff0f38043f3764f6a0cc9ac3dead47835bec18ba1c2fb3ddda46309e,2,1,from,part_8/from_4.mp4|part_8/from_video_0.mp4
0146360dae2ee95c3dc264c41b54fbdc50edb1310820f1df19ca89e44e105138,2,1,squirrel,part_11/squirrel_3.mp4|part_11/squirrel_video_0.mp4
016478115ec1ab5b429ecf711802791701af380f497be4cc89bf4eb6de11b08e,2,1,hair,part_8/hair_20241119_172644_15.mp4|part_8/hair_20241119_172644_5.mp4
01baec2aa63d85c300103f7ddd145a34db7bd02c86f3002a818e21dfe280957f,2,1,strict,part_11/strict_3.mp4|part_11/strict_video_1.mp4
01cec8005e9aaf720d0b9b736266e04be38f140c71a822e644be64abc4b5290b,2,1,person,part_10/person_11.mp4|part_10/person_video_0.mp4
0265ee7644dba2f010225ad3f340924952f09a154445a8991bfd763896153736,2,1,group,part_8/group_6.mp4|part_8/group_video_0.mp4
029ff8b76f7b052e651c14a671958a066d809e15227201abb8a2b92a4dc5584f,2,1,t,part_11/t_6_t_aug_15.mp4|part_11/t_6_t_aug_41.mp4
02f3ff93f58b839e6d641b18c916f4a26dff628fe807a9e1dfbb0cf1329604d1,2,1,dress,part_8/dress_0.mp4|part_8/dress_video_33.mp4
03540698e402ae62271692dd995b0e93de25c5d1236b40e4344ce738c3d0b840,2,1,e,part_8/e_2_e_aug_12.mp4|part_8/e_2_e_aug_36.mp4
037459219cc48a768946389a331643a8b5f19819df5dcbba8639d537c72ee8e3,2,1,black,part_7/black_13.mp4|part_7/black_video_1.mp4
03c2aa5ee18e81ffd1ae44666d11e227b0bde41baa7b268fedb0fb15d84eefe9,2,1,improve,part_9/improve_5.mp4|part_9/improve_video_1.mp4
04027c16c5d562b1b9bebd8e9e6546b136cfbbdc5a462f55b53cb583d59aa13d,2,1,f,part_8/f_4_f_aug_16.mp4|part_8/f_4_f_aug_28.mp4
041b3afbb4530f717afe2f8b5262465f3103fa3c66b4fc7cec94c586e6d95d14,2,1,w,part_11/w_1.mp4|part_6/W_video_0.mp4
0452cd5b6cc92e4a1e42b6c1c30e450f0ac458e13af585382e08ab2e35b90eff,2,1,x,part_6/X_video_2_x_aug_10.mp4|part_6/X_video_2_x_aug_38.mp4
045b1d1915cc686006c3ff5fd622144ad976c309cf749a643c59773846b0ddf8,2,1,o,part_6/O_video_0_o_aug_1.mp4|part_9/o_1_o_aug_9.mp4
04718a910414aeda0850b6d44ee9439c8eff18f59ef395c72d2bea9aba0cca20,2,1,g,part_8/g_4_g_aug_2.mp4|part_8/g_4_g_aug_32.mp4
0616e7c743b9ef3485d0eb23f69cc753081db56cad1586339c58b6429c4c52fa,2,1,quiet,part_10/quiet_video_1.mp4|part_10/quiet_video_8.mp4
065d662378f6ac3c9a96564e64a9e5718f75148c0756f799f667d19d3f293674,2,1,slow,part_10/slow_4.mp4|part_10/slow_video_1.mp4
07185cf15c564508498c98696c258ba5c5b76dbaa076cb7dee5e507bbf2f156d,2,1,who,part_11/who_video_2.mp4|part_11/who_video_3.mp4
071de9ed3c01bec9d602207477dc2575389299d58f07361cc94a35ac00ca00bf,2,1,n,part_6/N_video_5_n_aug_4.mp4|part_9/n_1_n_aug_17.mp4
088129d551ddc0d227f0bee83503336012c9bd4b7810f5d9050fe7b31badd22b,2,1,m,part_6/M_video_0.mp4|part_9/m_1.mp4
0923e431395a94858726b24b219f70e01014c0a0fdb4533ae8af0414ba8c802b,2,1,kick,part_9/kick_20241119_172646_1.mp4|part_9/kick_20241119_172646_7.mp4
0936104a1663c2d99d1080dff88a57d87f01ad5ff27eb86ccf6ad5dff2f36d99,2,1,v,part_6/V • ASL Dictionary_v_aug_23.mp4|part_6/V • ASL Dictionary_v_aug_5.mp4
09a898a503ee5eb1a62d1033af90ded141e83df2715a5815c27a989c5f2816a0,2,1,apple,part_6/apple_11.mp4|part_6/apple_video_2.mp4
09c75996169288557ee97865ab0cb02b2a87f371350bf64c4c19763b312af4de,2,1,o,part_6/O_o_aug_10.mp4|part_6/O_o_aug_25.mp4
0a504559419827937ebd39f82d977f834b526f8b1baaf22570587131da1b99e8,2,1,jewelry,part_9/jewelry_1.mp4|part_9/jewelry_video_0.mp4
0af5758ea730f8d0ed2240b28aab4f3f6b585e333dc46e33ffb136f020cc79d3,2,1,lend,part_9/lend_1.mp4|part_9/lend_video_23.mp4
0c9f2b3e2b2e9b09b0ea5012b8942cfd5d91b86bebef8e3220933bcac96f0150,2,1,s,part_10/s_2_s_aug_3.mp4|part_10/s_2_s_aug_34.mp4
0cd707ba1746293546b2bedd67f3e38661da595f39c3a9a6be52c9b7e700d240,2,1,u,part_6/U_u_aug_27.mp4|part_6/U_u_aug_33.mp4
0d5ac938342b5823ff6e0bd20adb7d71d60e6fa9161c16f340c8982e7ac77efb,2,1,cross,part_7/cross_20241119_172638_28.mp4|part_7/cross_20241119_172638_8.mp4
0dc09afce14aedfe1f01daef2fd95d9623ed01f5735192e25787de40b99bbf9b,2,1,shop,part_10/shop_20241119_172653_10.mp4|part_10/shop_20241119_172653_18.mp4
0dff6fc5e8ad5f4fb6e187c48abca6977453fc21db8e9634bd7ba3361c272900,2,1,s,part_10/s_4_s_aug_10.mp4|part_10/s_4_s_aug_21.mp4
0e32727322bd416654bbb1676704cead9269105b673ad27bcabf1f52ce729191,2,1,family,part_8/family_11.mp4|part_8/family_video_1.mp4
0e8795c1e35d0c2c9c7464ca878754fa10042db8a29c0e2adf053a6668f7a940,2,1,walk,part_11/walk_20241119_172657_10.mp4|part_11/walk_20241119_172657_16.mp4
0eaaccc30e9a955b4d02e6e5753ca81250786d4f09b0216be0ee9cb46dd30fa9,2,1,n,part_6/N_video_5.mp4|part_9/n_1.mp4
0edf46f35b37a54789f9d45e19cb9e7b44541e16172501eb4b72a795efae2e5f,2,1,vegetable,part_11/vegetable_8.mp4|part_11/vegetable_9.mp4
0f9d5aa9f6ded4fe9b8e287d8a779b79b4060b10d83d5c6630b58e623086be69,2,1,late,part_9/late_12.mp4|part_9/late_13.mp4
10f49e7ab16a61cc4649f98f1605b4640af00857de43d0f7adb5bee8235342ec,2,1,drink,part_8/drink_20241119_172640_1.mp4|part_8/drink_20241119_172640_20.mp4
1221b045ea51a57938df15c143fcb51bfccd0e93cd4142baccc6567974ede694,2,1,v,part_6/V_video_3_v_aug_14.mp4|part_6/V_video_3_v_aug_15.mp4
1394aeea1b3c1fbe71ebd4354ad23d913d5dcea9f0e53da0c75de5ab77c9f904,2,1,lift,part_9/lift_20241119_172646_18.mp4|part_9/lift_20241119_172646_39.mp4
1468264036d596b6a6f2ca818c313971063fdc4468944751c4b131df36c46c29,2,1,v,part_11/v_2_v_aug_16.mp4|part_11/v_2_v_aug_2.mp4
14e4d940869f860202c2b83a3210dd0dcce433dda870225479e16de428c806b9,2,1,music,part_9/music_6.mp4|part_9/music_video_1.mp4
1504bc842b53b62910248d624e64b033a340858d9363a28eda8f499061fbd546,2,1,president,part_10/president_6.mp4|part_10/president_video_1.mp4
1598b4a8ca0a4ad012ebc29e5310ba05c6d6c07ba5491f0e038a049ea62d10bb,2,1,y,part_6/Y_video_0_y_aug_20.mp4|part_6/Y_video_0_y_aug_7.mp4
15bb842934ba7e1432146fc6a5af0cc9e059a6c0f879610a73a9a9db17140bd7,2,1,arm,part_6/arm_20241119_172633_23.mp4|part_6/arm_20241119_172633_4.mp4
168f13126b971cd867a938aee1126eff21ea8d7e87ae42aafa662489b7acb5b3,2,1,afternoon,part_6/afternoon_5.mp4|part_6/afternoon_video_8.mp4
16a69e7f67def94d260d62d2182af6a3e9e795c5800ebfdbb6842717513acc24,2,1,man,part_9/man_15.mp4|part_9/man_video_2.mp4
1719015a357c64bbf32b862919ab2c1092b4623a8cd4debca484ec2d1b0074ac,2,1,language,part_9/language_13.mp4|part_9/language_video_1.mp4
1793308719a55879f077c21e264b604dc589b59e9371c4d785a7754e1ee9e9c2,2,1,sign,part_10/sign_2.mp4|part_10/sign_28.mp4
1921951ddf9c1869f23da13ca59eb8ba8d813e650c1746877f9ac08a5d3315af,2,1,france,part_6/France_video_1.mp4|part_8/france_4.mp4
1924b8a4d1e5ccacf36e755094ed9a47f2cc577f52ea5afbdafb0d0d95db06d0,2,1,advantage,part_6/advantage_3.mp4|part_6/advantage_video_0.mp4
19485b9db7ee370beb025866dc255e637aca6683376e58156350c82c635fcf0d,2,1,e,part_6/E • ASL Dictionary_e_aug_10.mp4|part_6/E • ASL Dictionary_e_aug_23.mp4
1949543f302c05722da93cd61b189e0f3c2d74173e05b40d691496ad8aab5085,2,1,candle,part_7/candle_2.mp4|part_7/candle_video_1.mp4
1988cb800d4fbb0b7c9c7a0f76c3c7c600a0aa47954a05c7a6e6f05d22fe826d,2,1,mean,part_9/mean_20241119_172647_16.mp4|part_9/mean_20241119_172647_3.mp4
1a0893612f2307ec48e936e31a384e80b2f14a1a094172121838b7e56fef0afe,2,1,electrician,part_8/electrician_1.mp4|part_8/electrician_video_0.mp4
1a398dcabf879a50b84cb18625d27435266207203a646f0a019cc9d42c9469a3,2,1,network,part_9/network_1.mp4|part_9/network_video_0.mp4
1a4f4c3a724605126395380793363f024aa16edc17c0f6dfc9f5985a7e963322,2,1,california,part_6/California_video_0.mp4|part_7/california_4.mp4
1ac66a56236e449133409b35350a7b6f8e39ab6c42d1a05b53613a3b5c69ccfb,2,1,corn,part_7/corn_20241119_172638_2.mp4|part_7/corn_20241119_172638_26.mp4
1bfdd3b440ed9b13ebb8235bf2cba466f38c7bcbc6e623321821a328db95dd14,2,1,coconut,part_7/coconut_0.mp4|part_7/coconut_video_0.mp4
1c8def225a5ae640d481eadbba950adcbc0e53ae81e6696d9ef4a4fd13bb9844,2,1,dizzy,part_8/dizzy_2.mp4|part_8/dizzy_video_1.mp4
1ca8c9008f6072b4400ce406679d6b5ca5d990a2df1c0de1943f5079b340dbc3,2,1,opinion,part_9/opinion_20241119_172649_10.mp4|part_9/opinion_20241119_172649_2.mp4
1cc3d889d32058de78d381d9f75992b7739e40b3da97f37571927d0a52ed6e79,2,1,minute,part_9/minute_0.mp4|part_9/minute_video_1.mp4
1d6b0543a3c531f006bcdf50a71425e2492dbae458f7c704920fd9eadc5ae5ae,2,1,free,part_8/free_4.mp4|part_8/free_video_0.mp4
1dd13a2d50e732690221f4a427af9b905a727daef0e319c70ce12381ab3ef4ae,2,1,silly,part_10/silly_7.mp4|part_10/silly_8.mp4
1e4cfc33f5d96ed9132076fd7c5ab4afae75d1e4e81fccaef06124849eb12823,2,1,equal,part_8/equal_2.mp4|part_8/equal_video_6.mp4
1f9fc880439a7a8b3f2f20b799bb94d86521cbd8d345f16e17c8a58ac8b86a97,2,1,u,part_11/u_4_u_aug_2.mp4|part_11/u_4_u_aug_9.mp4
1fdb1ffa89b226a636c10ed427afc8d25c0f503002d7fbcee9a3fb2795a66fe1,2,1,banana,part_6/banana_20241119_172634_5.mp4|part_6/banana_20241119_172634_9.mp4
2144bc5d0159e2259f1af47e959f388da099c950c564597ac282d538a75ed8af,2,1,b,part_6/b_3_b_aug_4.mp4|part_6/b_3_b_aug_7.mp4
21c441eca380ab8b634105edd43617df644114f0dcdaa2f8be7592c0f569046c,2,1,apple,part_6/apple_12.mp4|part_6/apple_video_4.mp4
22d298961555a8399b9a85c7d5948b19361f4d5a7078cd7fb6a4f1ee8235ba41,2,1,boat,part_7/boat_3.mp4|part_7/boat_video_1.mp4
2395de569169e805de14cfdfd54c2a3c6691e6bf83d720d2ff99714cc7e2d410,2,1,knock,part_9/knock_2.mp4|part_9/knock_video_2.mp4
248bfd105797bce2075ee9b64df9308f983ec5208e5a3dde41284ed36be98961,2,1,policy,part_10/policy_2.mp4|part_10/policy_video_0.mp4
24accfb4554fe3e735336d3959f2bf3b0894b615a4562e187664b49bac6a56a8,2,1,apart,part_6/apart_1.mp4|part_6/apart_video_0.mp4
255cc07b3ec92cdbe1d0872277d3e5056f0536a49e7059ceba0dc2e06eff4b40,2,1,r,part_6/R • ASL Dictionary_r_aug_35.mp4|part_6/R • ASL Dictionary_r_aug_36.mp4
2568e21debb0ca614e939a62056b3f3175f03b282ab446c85dc11ed07e1403a3,2,1,i,part_9/i_2_i_aug_23.mp4|part_9/i_2_i_aug_39.mp4
25e8a7123d66d49ccb5e288ad4fca89903aa07176edb5a0b4cd820203442dd17,2,1,g,part_8/g_1_g_aug_22.mp4|part_8/g_1_g_aug_40.mp4
26443c2c7829108356119ee68fb85916b65e55e23af6ca50bbad78164f3a6d23,2,1,candy,part_7/candy_20241119_172636_11.mp4|part_7/candy_20241119_172636_17.mp4
27a18117e846dc0c3303f9d0b8ca84ad14f8dfa2c95706a7390d9a70eb09a2c5,2,1,fruit,part_8/fruit_3.mp4|part_8/fruit_video_1.mp4
288deb676fb8765ae447fa1ae9022cade36625a3f26d5949ddd2ad19d4a4c979,2,1,drum,part_8/drum_video_2.mp4|part_8/drum_video_3.mp4
291ec1e373433afcd26f5c6d2e30621e32b5d171861c124bf26fb077dfbfb4f7,2,1,f,part_8/f_2_f_aug_20.mp4|part_8/f_2_f_aug_24.mp4
292df11a7b63ada2e654f6372676ba90f9c23b93a3ad5ed21b23ccf8ba426119,2,1,r,part_10/r_2_r_aug_10.mp4|part_10/r_2_r_aug_16.mp4
2963ea6676f097a70c0bc0b00e8d9d442dc72da352ff3394fb02d9861c848673,2,1,struggle,part_11/struggle_4.mp4|part_11/struggle_video_0.mp4
2978989a9776881ff7ae2e5bc5f836778eab921e73bf25eee2df956517b4550d,2,1,r,part_10/r_video_4_r_aug_21.mp4|part_10/r_video_4_r_aug_33.mp4
29a360e7b71ff9081f75348bdc92180d1e116d56127cdbf0c75b8141af579627,2,1,bad,part_6/bad_11.mp4|part_6/bad_video_2.mp4
29cdf91a36a186b3edfaeb10a62cf11a7d0e8aee003f45d3c30d10fb5c5a1bf7,2,1,share,part_10/share_7.mp4|part_10/share_video_0.mp4
2a0da56866eba49bdecf903cc11514983279b6ebdfc23fe4098fe2054acea58d,2,1,a,part_6/A_a_aug_27.mp4|part_6/A_a_aug_33.mp4
2a34a8893ee7df5e554d1df42c2d40ed262f91e50ff9a4b5f85973785812c48e,2,1,either,part_8/either_2.mp4|part_8/either_video_0.mp4
2a6c743d4c3a17c17af8af4d86a61f00e08029894d342a605ef237cb0de81f31,2,1,butter,part_7/butter_2.mp4|part_7/butter_video_1.mp4
2b0808517b71cafa5cdae206685296366f103e4647222d58417289410b415bd3,2,1,example,part_8/example_9.mp4|part_8/example_video_0.mp4
2b89483f5c049210b7006f037036639050af7e7dca2f1a94ff4c7e26998fe215,2,1,p,part_9/p_2_p_aug_18.mp4|part_9/p_2_p_aug_4.mp4
2bf111e6ff8e3a571b8e054cb2b7eb0ddd9d45d83255fafe78fa16cf999c40a7,2,1,k,part_6/K_video_1_k_aug_20.mp4|part_6/K_video_1_k_aug_36.mp4
2bf3b5f430d847180b702e573ad38b06b173f5a6a0b22f714c9d319fc3b9458b,2,1,hockey,part_8/hockey_0.mp4|part_8/hockey_video_1.mp4
2c8629e4724d877753687e7fd9b9705bcff099be8394a9e7fb58d8cbb42cc91a,2,1,chair,part_7/chair_15.mp4|part_7/chair_video_1.mp4
2cf5c10096953e43f267533c6cc3481019083dc0a7ad6415ada82b9c422c1cd7,2,1,j,part_9/j_4_j_aug_27.mp4|part_9/j_4_j_aug_32.mp4
2e102ad5c6e0cf1345d80d5f549ef501f521e19196f988a8dbea4e7c49acfee6,2,1,q,part_10/q_6_q_aug_16.mp4|part_10/q_6_q_aug_4.mp4
2e263befc7962e24d7c0185c50ba18cb22168353321dd0ed96eb125d3fc1ece6,2,1,pick,part_10/pick_6.mp4|part_10/pick_video_14.mp4
2e7490f219eb5fd9f78c586cc1b8ab27b95638b752540e8ce297ec1a79885c21,2,1,sing,part_10/sing_video_1.mp4|part_10/sing_video_2.mp4
2ef493e8e9668b5fa24be5e6f72d8af96ebaee010bcde621af2e3bf4e3345908,2,1,delicious,part_7/delicious_8.mp4|part_7/delicious_video_1.mp4
3041c405b4d0edfae96f583a3bcfb6c7c11a1366b27f34af557343389030ea8d,2,1,space,part_10/space_video_0.mp4|part_10/space_video_1.mp4
30573e2405ca62bca75cf967b2059e963ad6914f45e017e06a0ba1916ccc45c5,2,1,x,part_6/X • ASL Dictionary_x_aug_35.mp4|part_6/X • ASL Dictionary_x_aug_40.mp4
30ac17d9eb93a64bf61056ff5f108ebd1f16dccc51f6ae04ebfb3a8de9acb367,2,1,y,part_6/Y • ASL Dictionary_y_aug_25.mp4|part_6/Y • ASL Dictionary_y_aug_34.mp4
3109c2fff83750de1b9d0e13fa365913e4740b10c0eedc6c51b083a12e797af6,2,1,m,part_6/M • ASL Dictionary_m_aug_10.mp4|part_6/M • ASL Dictionary_m_aug_29.mp4
313f49e88d34ec8ac83ddb968aefd192077e5029dcfe4e24131943810122a9c1,2,1,barely,part_6/barely_0.mp4|part_6/barely_video_0.mp4
32c5f2c26f35497c1607217b93c726771f6811b89b9723297588880633268c5d,2,1,coach,part_7/coach_video_4.mp4|part_7/coach_video_5.mp4
32d95c7b38d091338ad17c72dca14086e8f08d0ecd636b01709c8415963b7483,2,1,pay,part_9/pay_12.mp4|part_9/pay_video_2.mp4
33195dd75d346f27f5aa274710db88aa566f083815280107c889bc912cd47076,2,1,blue,part_7/blue_11.mp4|part_7/blue_video_1.mp4
331fc7ebce9f8b8ebad4763307f0256c3314847fb6ac8137729d307b0e1b6410,2,1,bake,part_6/bake_20241119_172633_11.mp4|part_6/bake_20241119_172633_4.mp4
336b12fd500252b7faf39a0ca6b8ba37f72e793928dbb27da4fda36b5c4e29ea,2,1,chocolate,part_7/chocolate_3.mp4|part_7/chocolate_video_0.mp4
34a9c9ad8185710712964284f4c61e1a46cecc09e491615f64d014a2960ebf9e,2,1,department,part_8/department_5.mp4|part_8/department_video_0.mp4
3522070300d05941338603848d0e61e2d9da1b0f72225be33b0b15acd3cb5471,2,1,admire,part_6/admire_1.mp4|part_6/admire_video_0.mp4
3524b8424f0876ef54211700515888c84c8b2c9d03522b9817ea530582db8008,2,1,p,part_6/P_video_2_p_aug_33.mp4|part_6/P_video_2_p_aug_40.mp4
357d58fad090f6733624a2a6da68d552a150b2201557fc34a498985635f211e4,2,1,develop,part_8/develop_20241119_172639_4.mp4|part_8/develop_20241119_172639_7.mp4
37b658942d3105df7a8f3607416153e30ed0d3fb90d49bbe1d7aa226ef13fafc,2,1,alphabet,part_6/alphabet_2.mp4|part_6/alphabet_video_0.mp4
37c88c1afae4da9c70bf52b64edadf6024505904982b94631e065224cae0f91a,2,1,grandmother,part_8/grandmother_3.mp4|part_8/grandmother_video_1.mp4
3802a4424f36368c14b3a6d3bcce33b66a374fd62becfa85a87674546905d70e,2,1,lemon,part_9/lemon_20241119_172646_1.mp4|part_9/lemon_20241119_172646_3.mp4
387b0c868dfe22c7fe8586dcff28385f7f5acbfd87f54827ce1968a6317a1931,2,1,answer,part_6/answer_3.mp4|part_6/answer_video_0.mp4
388baff8e57ac4b207ffeae43cb63fc8225ba1c69a4cd92f00b10e77c69d8bc8,2,1,binoculars,part_7/binoculars_1.mp4|part_7/binoculars_video_0.mp4
3a0ed8a491b2c77600afa0541dea34b9035bb57f260c482f6b20d4767fa302d6,2,1,z,part_6/Z_video_1_z_aug_14.mp4|part_6/Z_video_1_z_aug_21.mp4
3a2c9f3a1691359d4905ab7d12d7e41ff63fda2c6a72696f199cb3d83ebc478c,2,1,brush,part_7/brush_0.mp4|part_7/brush_video_2.mp4
3a47a78ca1d66ef65da3ffffb709a4a77ae906b8f190e5e18295ec4f27def6f2,2,1,fork,part_8/fork_20241119_172643_13.mp4|part_8/fork_20241119_172643_7.mp4
3a4daa5ac9dbf778f69bc2a236db00ce2e9ee6f6f50e911ec7c49d38064c9027,2,1,zero,part_11/zero_4.mp4|part_11/zero_video_10.mp4
3a84ba173d25d6f22c879f917e53010f2df653a336cd4aefa73c50252eca8730,2,1,then,part_11/then_2.mp4|part_11/then_video_1.mp4
3d4092962b962463f80445c0ebeba332277102fc3d0c938696bc0ba9d97bfbff,2,1,berry,part_7/berry_1.mp4|part_7/berry_video_0.mp4
3de84fac1b429497651c505bc22ee3f6d20cc8a23a768c97e97f5c9848a2483b,2,1,d,part_6/D • ASL Dictionary_d_aug_2.mp4|part_6/D • ASL Dictionary_d_aug_28.mp4
3dfbc589393ccf20441a896ba0cc2b8d85e3184730aceafb65cc7b36cf513ecb,2,1,corn,part_7/corn_20241119_172638_24.mp4|part_7/corn_20241119_172638_5.mp4
3e35987a9c08f183e74065277d06eb77a31f52258a52cd11cfa07dfa6ae53adb,2,1,s,part_6/S • ASL Dictionary_s_aug_22.mp4|part_6/S • ASL Dictionary_s_aug_24.mp4
3e4b495c873d2d3484dc1660b57913ec07c4e15e0b14733e3e1c87b068309e7d,2,1,v,part_11/v_2_v_aug_11.mp4|part_11/v_2_v_aug_38.mp4
3eb3a70bfdd6639374187573a03199ed2e09f437074e06e0af368fa68611685f,2,1,egypt,part_6/Egypt_video_1.mp4|part_8/egypt_5.mp4
3fac620b748da89963e6d4b9657b8dd7c524028a1745a5ec06def169f648e777,2,1,z,part_6/Z_video_2_z_aug_24.mp4|part_6/Z_video_2_z_aug_7.mp4
3ff1d41e0a966c6c85c2cf715abd4b8b9d3ba92b04d69d481247f84223b7eb2d,2,1,z,part_6/Z_video_0_z_aug_29.mp4|part_6/Z_video_0_z_aug_36.mp4
40634a2c9b62d847e02da5c0b7e80ac5f55b7d8c3818e8ed0b911661cb2c4917,2,1,snowman,part_10/snowman_0.mp4|part_10/snowman_video_1.mp4
40b4c4b5988be200508158074e6c0d38ad661a626731c78da636d8ee4d32983b,2,1,thin,part_11/thin_1.mp4|part_11/thin_2.mp4
40b9bd05fe87c50be1c460ac924d414550d118dc71fe151a422eded99a82d238,2,1,demand,part_7/demand_20241119_172639_13.mp4|part_7/demand_20241119_172639_3.mp4
40fcf69bc3c163d7572b01d4ff68e11cc6cb1c5041cfae2229b34eaba8ef70c7,2,1,philadelphia,part_10/philadelphia_2.mp4|part_6/Philadelphia_video_0.mp4
4177b8eea6072dcae49a293d1de20231ed0b1abeb2bca611b034eb3005cf12ce,2,1,apple,part_6/apple_10.mp4|part_6/apple_video_3.mp4
419623b693569639f8bb9e13cb2686d41dd32601d87043b87e59d7ff5bee8710,2,1,juice,part_9/juice_20241119_172645_2.mp4|part_9/juice_20241119_172645_3.mp4
41d58928d8f9243886737493ec8ecc43ad022203ce02368466e2a6292a97a57e,2,1,cherry,part_7/cherry_20241119_172637_4.mp4|part_7/cherry_20241119_172637_5.mp4
42467e4518ea99c5ed3322cfcfe166d095b0e7e0e5ddf17141762460417a867f,2,1,f,part_8/f_2_f_aug_35.mp4|part_8/f_2_f_aug_38.mp4
42eeb9c1d1c679904ed5ea64b8c6ed2bf0cc80226b1e22b72755279d9289970e,2,1,again,part_6/again_7.mp4|part_6/again_video_1.mp4
431c6e2cdb1e0b16e7f6fa6ca9541cfb28ca0c3e6f6246d347097ae90a7b9d5d,2,1,adopt,part_6/adopt_2.mp4|part_6/adopt_video_0.mp4
43299ec1e1dd80d81676f8f13e34b5004aab23e9a7733eb36ffbd963a82224ff,2,1,snake,part_10/snake_4.mp4|part_10/snake_video_1.mp4
44102c6eee70aa5025a813e2ca085670973c29ffd83b6850715927815ad59d72,2,1,australia,part_6/Australia_video_1.mp4|part_6/australia_8.mp4
44c56c9bc5196b12633f465d7ac3d174efa725e0c8b5967b06c88f3440cbac0b,2,1,minute,part_9/minute_5.mp4|part_9/minute_video_2.mp4
44e2ed56c4c5b1ac9f5f6dbbdbe194819afe12a582a30072fbf92fcd1f88b3e1,2,1,fast,part_8/fast_16.mp4|part_8/fast_video_2.mp4
4545a2dc47cdda575fa611b2940bcb621e397be4b711bc066c1bda5e16523a10,2,1,africa,part_6/Africa_video_1.mp4|part_6/africa_9.mp4
4584e1e25f4d2966a6ccb7b1ef2034921a19ff1179b9f0a96f40e6a285f983d6,2,1,clip,part_7/clip_video_30.mp4|part_7/clip_video_31.mp4
458d400ed24d32d14fa0c0ecfb6028eb8bbc5fc25a55594421c8f657b55258c9,2,1,tie,part_11/tie_20241119_172656_14.mp4|part_11/tie_20241119_172656_20.mp4
45a4d953d6062cde171bef7640bfbc127b2af1795500057d88e222faae86775c,2,1,four,part_8/four_1.mp4|part_8/four_video_0.mp4
460378d8d669ac7c4e25d4a7d2d963bdfe6f04bd133e9028fa88ffb2f4856e98,2,1,s,part_6/S_video_0_s_aug_12.mp4|part_6/S_video_0_s_aug_36.mp4
46376d0cc418db589e40c82009adb559bb49e29fcae1a643221d218482134649,2,1,x,part_6/X_x_aug_2.mp4|part_6/X_x_aug_31.mp4
46fef13f91983b872350db7a834d5d98f8d0f92f719b960da9bbf4d17c877100,2,1,belt,part_7/belt_20241119_172634_12.mp4|part_7/belt_20241119_172634_17.mp4
475d9eb6c4c7ed4d289c3a0fb29d8a459bf439c19141be594ad14a4412e21a58,2,1,hunt,part_9/hunt_4.mp4|part_9/hunt_video_1.mp4
485532225b9c8ed95c7c352fb35a3da48821e6fb04acdc16efc952d66eeb214a,2,1,basketball,part_7/basketball_20241119_172634_17.mp4|part_7/basketball_20241119_172634_2.mp4
48f2ef9d7559fb929fbfb3526b43ecf5b900cca464ab6eb1d298e2df53b45718,2,1,help,part_8/help_12.mp4|part_8/help_video_3.mp4
49237b72cfb9baacd6fca926ce0e1909c24801e323a49c3e97736ef8491aaf0b,2,1,bottom,part_7/bottom_video_15.mp4|part_7/bottom_video_18.mp4
492694f5832e5ae1ad2e61a027c583ccb89362bf9ee45fba254c30622040762c,2,1,h,part_6/H_video_0_h_aug_5.mp4|part_8/h_2_h_aug_0.mp4
4944f9897e9242fc18f40a1f554865bb54ebdbd1d6e2a2fdb74cb6c69da2638d,2,1,pizza,part_10/pizza_20241119_172650_14.mp4|part_10/pizza_20241119_172650_18.mp4
49e23af34ec10c1a83f32ba9879185ab347bbfae5b4f9072aab380cbd11bff8a,2,1,ice,part_9/ice_video_0.mp4|part_9/ice_video_1.mp4
4b32742410eb2eb00e4689f9ef2142f5dbfdd6ebe2e89d801707405c237d5007,2,1,t,part_11/t_4_t_aug_13.mp4|part_11/t_4_t_aug_4.mp4
4b58869bce1b1661cc372b4a0190ed9748b73ea508de4532bdaea67c72c6656f,2,1,magic,part_9/magic_1.mp4|part_9/magic_video_0.mp4
4b9d82bd387756b784bf6979323341b62e46cf8bd582477c55b251bc48fe291c,2,1,key,part_9/key_0.mp4|part_9/key_video_1.mp4
4ba003f91c5a5774b0b2de201d7451dc039d54378bc5a5efc75398972896b9fe,2,1,committee,part_7/committee_1.mp4|part_7/committee_video_0.mp4
4c12558dd6af2dacbbfc20c907da33855f12261f07cabf286a8561ffcee2cc0d,2,1,body,part_7/body_2.mp4|part_7/body_video_0.mp4
4c1c8c86a530ec39d5ec6cd7bef0bab48a07fd8d212e89ef4d4422e7b941f16a,2,1,fish,part_8/fish_14.mp4|part_8/fish_video_1.mp4
4c2afc2ada656633c8df93ea384dbc473456497f0937c19322b2163e47b31226,2,1,k,part_6/K_video_0_k_aug_9.mp4|part_9/k_1_k_aug_4.mp4
4c8d3ed4e9e37461bba3c1ca8da8e0856d7539a1e957082929b991aee1c23c6d,2,1,n,part_6/N_video_0_n_aug_12.mp4|part_6/N_video_0_n_aug_15.mp4
4d71d93662a5ec417ca7b0d03fc20609ccd25567378553c9fb6e053a4a045f75,2,1,w,part_6/W • ASL Dictionary_w_aug_0.mp4|part_6/W • ASL Dictionary_w_aug_27.mp4
4e01d9033522efd9c68d1a97097c477fd10625d2e62de3c2d7109457ea48363d,2,1,friend,part_8/friend_7.mp4|part_8/friend_video_1.mp4
4eaabbcdb3fd34640ce77913d556c9352d060cd90f3501880f3a9c96c30975a7,2,1,decorate,part_7/decorate_20241119_172639_2.mp4|part_7/decorate_20241119_172639_20.mp4
4ece0ba8946bdbe90881efe67bd39d2eaa78696c3537c709bf06fe1326abb77c,2,1,design,part_8/design_1.mp4|part_8/design_video_11.mp4
4eefac21383b95d9d4d25a60561c974f4f7dcc8dd90e37108f00c4c59ebb62c5,2,1,o,part_6/O_video_0.mp4|part_9/o_1.mp4
4f931b7add7024cc992ab6a4ac85f72773d74ae7251f1a5d90950383f9310860,2,1,smell,part_10/smell_1.mp4|part_10/smell_video_0.mp4
4f9940d86e5e573a9348134fa9d481eaecfea20253fcb83486dd42f5b93f4876,2,1,v,part_11/v_4_v_aug_0.mp4|part_11/v_4_v_aug_35.mp4
50079fa373457b1a966b7954270a7b7711169a476219b757722aa6637e8290b2,2,1,bag,part_6/bag_20241119_172633_2.mp4|part_6/bag_20241119_172633_3.mp4
500a892fa9414155cb7e027df78217274c5bf5f78221f785181ed395cebfeaf0,2,1,dirty,part_8/dirty_2.mp4|part_8/dirty_3.mp4
500d122e08e1e05c24979cc6d798b7151b1d5a4e74dd5cf7a479e8559d5c0766,2,1,basement,part_6/basement_6.mp4|part_6/basement_video_1.mp4
521c5227b5778a35a91e3a74bc6a02e58d73e5c3bbab299d11db4dc48d3654ee,2,1,yesterday,part_11/yesterday_8.mp4|part_11/yesterday_video_2.mp4
5230da8886c845dc3a7ff1ab41441a37a932b77eedad632de6321d2059ef2c55,2,1,basketball,part_7/basketball_20241119_172634_20.mp4|part_7/basketball_20241119_172634_24.mp4
525ecabcf7de2ccd55e5bfddcea1439a9b99c3126a92d6546d1abc2dd682fed0,2,1,x,part_6/X_x_aug_16.mp4|part_6/X_x_aug_41.mp4
53f3d831c1b986a39a6c7ba40b1d03759a21dca3b8ca3b7454b53a127bbb7b19,2,1,visit,part_11/visit_9.mp4|part_11/visit_video_1.mp4
5418a42373328e1cc4bc95ee9cb2f06996d4b6eabcdb77a4d4581d6023e626e0,2,1,before,part_7/before_13.mp4|part_7/before_video_1.mp4
54207c56116dd413a1f16c0cccfad9a7d678c97add761c8607100cafe27ce018,2,1,subtract,part_11/subtract_0.mp4|part_11/subtract_video_1.mp4
5492a8a2a6c365764b45d27338fc52eb8e83c33269a87b820f7bba38dba736b3,2,1,k,part_9/k_5_k_aug_11.mp4|part_9/k_5_k_aug_21.mp4
54a4c05414bd36ab6d1103149bcff7238b92006669b2196a8aa090b70dac46c6,2,1,bowling,part_7/bowling_20241119_172635_3.mp4|part_7/bowling_20241119_172635_6.mp4
54dddd99e2b584e5330e52c195c56b13fd18ec61b64114995f25e30990063f91,2,1,welcome,part_11/welcome_20241119_172657_10.mp4|part_11/welcome_20241119_172657_8.mp4
54fa641b83defbee64f20f194d6b16e70c106690df794280da16a1de3011f17d,2,1,god,part_6/God_video_1.mp4|part_8/god_3.mp4
557ca57a244e1097b183dbefec74ab9ea82640f21e7562ab89c78ae0109057fb,2,1,t,part_11/t_1.mp4|part_6/T_video_2.mp4
55f87c79d296e518738fa926c3cb4a81717ddc8f470e8904d68c920d4967ebf3,2,1,e,part_6/E_video_0.mp4|part_8/e_1.mp4
567c8807e910dcfb43d163c4884a23f5915910df73ebc28bd09fbe0f24e4e961,2,1,boss,part_7/boss_5.mp4|part_7/boss_video_1.mp4
56bcb4a703a140c6d65ba384ba365bf1b3787733f8fefcc6342ada06fff9712b,2,1,drum,part_8/drum_2.mp4|part_8/drum_video_1.mp4
56ff6abbcf7742bac3d1f00c2a1c7ba688656f34197441702b2ccaff39b0f309,2,1,coach,part_7/coach_video_1.mp4|part_7/coach_video_2.mp4
5751bcd263ba83ea1eea9f014706e2f7af8dd2b5303e8012c348fd9f985cce64,2,1,p,part_6/P_p_aug_12.mp4|part_6/P_p_aug_26.mp4
5876d01e40ab9c78aeedcb66bee495f82281289d1ef9436515a7736539a5b706,2,1,sensitive,part_10/sensitive_1.mp4|part_10/sensitive_video_3.mp4
588791304ed01d284c5f125ab35bbd6c50a1e83c7911fff0ab6b1f0166cefa6a,2,1,candy,part_7/candy_20241119_172636_24.mp4|part_7/candy_20241119_172636_26.mp4
588e407621705b42386be1cb4b33884de992a8a976464ad367e12bc6c3e6fb99,2,1,add,part_6/add_video_28.mp4|part_6/add_video_29.mp4
58a6c8e10020ae34c24e858aa0a6c44b4e4b8df5e5db2ba25fab39188734a5e0,2,1,tomato,part_11/tomato_6.mp4|part_11/tomato_video_1.mp4
58c1dc494e86d4fa8a05f08062cb9fe598a54b5fa5c0bb28c621bdbebcac0041,2,1,i,part_9/i_4_i_aug_10.mp4|part_9/i_4_i_aug_9.mp4
5972fc9b6fd914ed19168233e785c465965ef0b9ae3fb2d1d68a2ec8a79eb4b6,2,1,window,part_11/window_video_4.mp4|part_11/window_video_5.mp4
59bcd861af44e09fe79cac2d70d8604ba66f72f92ddce96619a7629e2f15c7e3,2,1,sew,part_10/sew_3.mp4|part_10/sew_video_0.mp4
5aa5bfadc5c18a429c4a5442e4f4bf02a4876633c18eb5bdf463f84d986cda64,2,1,none,part_9/none_8.mp4|part_9/none_video_2.mp4
5b6dc91ba2bb4977a84e97a2abda34b6fd58fd01bb3a81331ef5d34e23c3fe04,2,1,pants,part_9/pants_20241119_172649_4.mp4|part_9/pants_20241119_172649_6.mp4
5bcbf0bd72166eb0d2b8161ff62d0ff872e80ad7c8c08e809ff7833b6796a3d0,2,1,x,part_6/X_video_1_x_aug_1.mp4|part_6/X_video_1_x_aug_3.mp4
5c2521d8535c5b2cd366be9632ca47ab1420eadbc52606491dda3c04bcfcc6df,2,1,v,part_11/v_4_v_aug_20.mp4|part_11/v_4_v_aug_22.mp4
5ca794496bbf152696a11c2d07a32fb6b879c98a37c6be7e44490d81cb36658d,2,1,diamond,part_8/diamond_10.mp4|part_8/diamond_video_1.mp4
5d4ec1a99a63a1a3c30ea779d10a5affab11f43eb7a893b5f5af78d0d02fd7eb,2,1,alarm,part_6/alarm_2.mp4|part_6/alarm_video_0.mp4
5d7959c4f30bdb0d08f70232f0f5d3cdf59632b1f4c13cbe456c13e7e7df819b,2,1,i,part_9/i_4_i_aug_21.mp4|part_9/i_4_i_aug_37.mp4
5d9b386ea95fc956d559309c3c7b53c1cb8b4787cc177a57a0fc6ed9a6f91e1b,2,1,sign,part_10/sign_1.mp4|part_10/sign_video_1.mp4
5d9b60973d9c5033cfe68b1290ea1ff0ac08fb386e499cdac8b5e88cafd6d2e3,2,1,avoid,part_6/avoid_4.mp4|part_6/avoid_video_0.mp4
5e27c2f2dbdce749f85659d1ccb9f44415da0be5ac1c03188a984f202eb5f7ef,2,1,n,part_9/n_6_n_aug_23.mp4|part_9/n_6_n_aug_36.mp4
5ed4b7c45e454d488d4e6b198bcb6b739f4161a1bbc8bb1c7059c2f68d9acc69,2,1,h,part_8/h_1_h_aug_2.mp4|part_8/h_1_h_aug_3.mp4
5f7b777d5e09705fac404513677b8435ef47718cf1f5f4034554872019ae8cf8,2,1,t,part_6/T_video_1_t_aug_1.mp4|part_6/T_video_1_t_aug_7.mp4
5f98fe651be3df1ef9aacf186a61573f92a0dcf314a02e9376db995d382887a8,2,1,j,part_6/J_video_0.mp4|part_9/j_1.mp4
5fda0862db068df149711f1e33257189c403944b8190fd932aa010bae44ff8dc,2,1,mosquito,part_9/mosquito_video_0.mp4|part_9/mosquito_video_1.mp4
616a7b624813df6246061d32803f61c4e4f30e9da63820c20b48a423a5918899,2,1,earring,part_8/earring_4.mp4|part_8/earring_video_0.mp4
6192f8565dd391a043e4dd04c5107d819f3f4cd43a66b290153e73bf9d94c34f,2,1,o,part_9/o_4_o_aug_0.mp4|part_9/o_4_o_aug_35.mp4
6196c2b53549fb09d0160b82931e349252c801460c502a0eb2324656470b3825,2,1,mechanic,part_9/mechanic_20241119_172647_10.mp4|part_9/mechanic_20241119_172647_8.mp4
61c580fa3ddad3639cc55bd50e7b2ec715d9f0567dae9fdf449a84d5aace7234,2,1,l,part_9/l_3_l_aug_6.mp4|part_9/l_3_l_aug_9.mp4
626852a21c8e9d9a91c5b53a3958ca37713b296cf2662febaa68bf7607c4dbb6,2,1,agreement,part_6/agreement_0.mp4|part_6/agreement_video_0.mp4
63735511038d39fa7bf23753e8344ce5dcd533fbcd314987b7316138b6eb2407,2,1,gone,part_8/gone_8.mp4|part_8/gone_video_4.mp4
639e323985511c2e65f5c697d92b6f2b14e5ad07256fc034f87bbaa3128f734e,2,1,m,part_9/m_4_m_aug_13.mp4|part_9/m_4_m_aug_36.mp4
63a6875e5e8ffc10355c3744f03912f473aed1892a5fdfb448c89f97434db0fb,2,1,caption,part_7/caption_7.mp4|part_7/caption_8.mp4
63f30913f576b112656ccd530f5babea807d18f2c14dd44ef2e98467135671de,2,1,w,part_6/W_video_3_w_aug_12.mp4|part_6/W_video_3_w_aug_32.mp4
642a90d580dd911669411b2662ad4004861eb47b6a4e1cfcbe81ea454ea5a3f4,2,1,accident,part_6/accident_video_3.mp4|part_6/accident_video_4.mp4
643121cced9d6b711cc2dba5935ce9e94ee1eeb8f4846942c64bcef91295a62f,2,1,buy,part_7/buy_7.mp4|part_7/buy_video_1.mp4
64e9953204d6073169017c4b66a28238c46a0c8cd2d470a5dd0674e055a71b69,2,1,eat,part_8/eat_20241119_172641_16.mp4|part_8/eat_20241119_172641_5.mp4
64fcdb9c06664bf60c12739a134494be803b150188ae62ef5db5affc9f3c812e,2,1,lemon,part_9/lemon_20241119_172646_8.mp4|part_9/lemon_20241119_172646_9.mp4
6561f8de60a10de0ce477393e49c0f98c3d8519132e4efeffb612a1cc7624bf2,2,1,dirty,part_8/dirty_video_1.mp4|part_8/dirty_video_2.mp4
65eff6cbffefb6dafbb06937a326f074339f2b5a9578b7a77babcc76a0f795fb,2,1,e,part_8/e_3_e_aug_29.mp4|part_8/e_3_e_aug_5.mp4
660288522fd47882f325d8b1159b308bf12b51dad342160b8896c2e39538f0e9,2,1,t,part_11/t_4_t_aug_12.mp4|part_11/t_4_t_aug_16.mp4
66512fa02db401acb22b51368950268e16995b3edebf7f61ea96f3f31802054d,2,1,a,part_6/A_video_0_a_aug_36.mp4|part_6/a_1_a_aug_14.mp4
68eafe2d59ec69efcfd4275dd3bd4fdd2b083fdb1f488930ac1533566099f48b,2,1,smile,part_10/smile_20241119_172654_5.mp4|part_10/smile_20241119_172654_8.mp4
6952f199f83a3b7130f5bfbd0f4f927d7cf467c4d3605a5b75144ae92fa62b69,2,1,brother,part_7/brother_video_2.mp4|part_7/brother_video_3.mp4
699b1696d481084024dd0f618fc8df071a9b566aee6871d8c6eca6b83d84ce42,2,1,ugly,part_11/ugly_3.mp4|part_11/ugly_4.mp4
69abd8814bc7db3fab32bfaa2add1decc6d6eb38ef3e19d158a6609ce7ca1a43,2,1,p,part_9/p_2_p_aug_22.mp4|part_9/p_2_p_aug_35.mp4
69c1fc78ee69cb95d1cc9f2124cdc48e160e6d988283d54aa49469233a7ada53,2,1,x,part_6/X • ASL Dictionary_x_aug_37.mp4|part_6/X • ASL Dictionary_x_aug_9.mp4
6ac6cf8a3be6b30a7cd8d34c0f5b4eca6af6c0fddfb0d1751a7e73bff6277367,2,1,bake,part_6/bake_20241119_172633_12.mp4|part_6/bake_20241119_172633_13.mp4
6c7765fd68a7aea417915234d4805afa9d7229fd7424b467a59ccc9af52bf554,2,1,bath,part_7/bath_5.mp4|part_7/bath_video_1.mp4
6c7cb38022cfaf4c181787bf5af1ed416e3382e3093beb075f59504c75f572d2,2,1,o,part_6/O_video_2_o_aug_12.mp4|part_6/O_video_2_o_aug_33.mp4
6d01a06bb0d874b7d902452abd6eee3d4eb438c35d1ef464e0336d17cc83fdeb,2,1,q,part_6/Q_q_aug_23.mp4|part_6/Q_q_aug_3.mp4
6d73097fc5799a8ccdfa627a232f6dc1374be7438acb9cfe912a2ba6b06b9445,2,1,deodorant,part_8/deodorant_2.mp4|part_8/deodourant_video_1.mp4
6db7c96e4243bbbd26d6aa10fb328cc79552c0e3d50d6917a9d0fd43e0fb95e6,2,1,king,part_9/king_5.mp4|part_9/king_video_6.mp4
6e4725a53447a195adb2f8aa2b285ed66873b535d4e08fa8bf08d1875895ee63,2,1,smile,part_10/smile_20241119_172654_4.mp4|part_10/smile_20241119_172654_6.mp4
6ec45dbe80fb1cbf05a9f819f3042dd7c2cfb06c78c4fb1fa6d25fba00a49ec7,2,1,back,part_6/back_1.mp4|part_6/back_video_0.mp4
6f258a3ae9a6b62eb0ecca31cc29e3cfb0ce030bc5ff27f0f2b09d4f23894c9e,2,1,soon,part_10/soon_20241119_172654_10.mp4|part_10/soon_20241119_172654_16.mp4
6fc38973008d5b2cdae1efd3ef641c535bbbab2c2251c7fa85f10092df4ce14d,2,1,bald,part_6/bald_6.mp4|part_6/bald_video_1.mp4
6fce8020874a7208b82c6f459098e8ae42b4f3294ce6492a1e3937008c7ee794,2,1,cheat,part_7/cheat_20241119_172637_2.mp4|part_7/cheat_20241119_172637_20.mp4
7055d4dfa2f972163a94ac7f18896d2b3d1b73361c0a02a5f8ee49f5e9844e38,2,1,asia,part_6/Asia_video_1.mp4|part_6/asia_0.mp4
705bbe6f0e8aef61eee4b0aeae11f5f83d14d299f6af68de4c1ea36ce2bf3b66,2,1,g,part_8/g_5_g_aug_29.mp4|part_8/g_5_g_aug_8.mp4
70c2a55d001f2ff90c363aa1e7c57b1a5bbc53b96b1008cf4d9d7d20b2409c55,2,1,devil,part_8/devil_1.mp4|part_8/devil_video_28.mp4
7134a89156cda0bff6d94d9fb8885c485ed8d6ca642ad98e3492f5efb76202c3,2,1,q,part_6/Q_video_1_q_aug_22.mp4|part_6/Q_video_1_q_aug_27.mp4
733533e7922ebb5f8b3acef93b7078bff599dba1ea1f0f41178a4a8cf4e2b2f8,2,1,c,part_6/C_c_aug_25.mp4|part_6/C_c_aug_4.mp4
73556c2c9aff1f0a8ee6ffb0d29def323752b8537ea140fb8c2dbc0fd8379ab0,2,1,r,part_10/r_1_r_aug_15.mp4|part_10/r_video_0_r_aug_32.mp4
739c52b9929654a399a820e275d8e90a9ea2cf3cc720cb408a12d7348af461b2,2,1,cry,part_7/cry_20241119_172639_10.mp4|part_7/cry_20241119_172639_27.mp4
73a5da6a7caa9c7ab01e4a2ccb8599db9c4a8f2513742b407c66966dff6ce12c,2,1,l,part_9/l_7_l_aug_11.mp4|part_9/l_7_l_aug_15.mp4
73a66f00cf90fd76be00df72369049750473f8075d4fdb82b28f0a639bba7755,2,1,wednesday,part_11/wednesday_5.mp4|part_6/Wednesday_video_1.mp4
7442dc51ebf6a8911a8cc1b3cd6cad8f80d4d5de1ce4b92ce64e54aa6383c5d1,2,1,u,part_11/u_2_u_aug_0.mp4|part_11/u_2_u_aug_35.mp4
75672705d9c690dcfcb8d98a79ed2dc9faa41d1720bc63d16912758843481343,2,1,disconnect,part_8/disconnect_0.mp4|part_8/disconnect_video_0.mp4
7575fc9a3cceaef27794eea55bbe00653628cc0a6d86ff409777aa8d10c257d4,2,1,challenge,part_7/challenge_3.mp4|part_7/challenge_video_0.mp4
766a9ef96990783a53be0bb45f97bf734f912a91e58369981d21e953106e43e7,2,1,win,part_11/win_0.mp4|part_11/win_video_1.mp4
7810c21443638e19f75eb42c39b08afade03b28286e2484096d74eab2cea24fa,2,1,bottle,part_7/bottle_2.mp4|part_7/bottle_video_0.mp4
784971fb6f87da58d44b9287b2c7d85baca486ceef9eb639eda582b60815879c,2,1,fake,part_8/fake_3.mp4|part_8/fake_4.mp4
7854acc660851417709a2670a50d16e4010baa7fc0f47dce9e2a3b5d36dca7f2,2,1,drink,part_8/drink_20241119_172640_17.mp4|part_8/drink_20241119_172640_4.mp4
78be9868a846c05026ae50db8f18027d35bfc7bec9923a876724caa73515438d,2,1,come,part_7/come_video_1.mp4|part_7/come_video_2.mp4
78fdb387efc16352989001ce8519dfdf4913810661d86eec32ff8c5488fa909b,2,1,grammar,part_8/grammar_3.mp4|part_8/grammar_video_0.mp4
7975b7c1fef2a1b2a921aa73ab3479ccc4ff3f26d1828dc1ccd4b1723f047ba8,2,1,z,part_6/Z_video_0_z_aug_23.mp4|part_6/Z_video_0_z_aug_43.mp4
79763034effd7bde133cf795271d8ec6f76b11b604edb800c2e1c4d400dc720f,2,1,chance,part_7/chance_4.mp4|part_7/chance_video_0.mp4
7995ed3c47633a24f32211587bb2a8461837f83cde091d4ea1fe46f6f8be70a5,2,1,try,part_11/try_2.mp4|part_11/try_video_3.mp4
7afc251b0ac4e0e9bdd21d81eb78c7b3af33ad89427d7f1ace304950b13c0db6,2,1,gossip,part_8/gossip_video_20.mp4|part_8/gossip_video_21.mp4
7b08107ad53f58562e73bffc6ce76edebdcedb8248627b602736a2db1b73cf10,2,1,v,part_11/v_1.mp4|part_6/V_video_0.mp4
7bcba8529f8881ee9f983ad2c6e1049015a65bd9c4705f08c2d558119b5e40c9,2,1,fast,part_8/fast_11.mp4|part_8/fast_video_1.mp4
7d60cb40d9cc2035f4d55f78a13e3b2839919dfca33eaa8eaba922794c3f4b26,2,1,revenge,part_10/revenge_2.mp4|part_10/revenge_video_0.mp4
7ee3bd15eae2e52d7842bd34af386a5f7d02d33e5139e6df24eef74ff03c1512,2,1,follow,part_8/follow_20241119_172643_13.mp4|part_8/follow_20241119_172643_23.mp4
7fbc695891fb2e6cb98fc7e78b19cb399e8a8a20c387b5d5b2bed0d3524c7391,2,1,s,part_10/s_1.mp4|part_6/S_video_5.mp4
7fd67b75935768b6f74fe6047fcd61591eb820e271f52e3a38d73ca4354b419b,2,1,attitude,part_6/attitude_2.mp4|part_6/attitude_video_0.mp4
7fe504a6217827649b45a6c706a519ffc5f23e5dde2e6fb3b582f04398031530,2,1,traffic,part_11/traffic_video_2.mp4|part_11/traffic_video_3.mp4
81518d420b7b47485b700159d42f58dd86975296f0008cceadbded918d648ac4,2,1,drawer,part_8/drawer_3.mp4|part_8/drawer_video_1.mp4
81f8bf17640be43eae5f8fdceb0111a3bf1fd1b1d11867b582a4278bc095a446,2,1,box,part_7/box_4.mp4|part_7/box_video_0.mp4
82118fab40cd6f998a3129337009e0be060ae46933dc6b9a57ca5ec469b703ce,2,1,knife,part_9/knife_20241119_172646_2.mp4|part_9/knife_20241119_172646_4.mp4
821e489e3e914abf2d78be54468d8cbeaf1a482197d2387b837a2bf75cdda83b,2,1,admit,part_6/admit_0.mp4|part_6/admit_video_0.mp4
8230f3baea57c935966b1934349dbdbf65a21f3938bef6a65e047a7601035554,2,1,interview,part_9/interview_6.mp4|part_9/interview_video_0.mp4
824af3a14ec62595236e4d8abf533cacbf3dd40108681b1a46aa11d27079483d,2,1,director,part_8/director_1.mp4|part_8/director_video_1.mp4
824cca5d5f76ffc1a2b232d717095c94165a40c39d381849ac64a73389bc5682,2,1,cause,part_7/cause_3.mp4|part_7/cause_video_0.mp4
82d8f7abffe5e7d6364838dffc14d385dc3c01b926ab0b2ca4ba4dc8bcab121d,2,1,interpreter,part_9/interpreter_1.mp4|part_9/interpreter_video_0.mp4
82f7635a0e56df8d831b822d9b1295ea6927e24abd440a88fc07a5acfa470d5e,2,1,character,part_7/character_5.mp4|part_7/character_video_0.mp4
8368bf14238c66e9da31d90632f970adf64b2bcb744c3a93df62c2bc4b18af16,2,1,kitchen,part_9/kitchen_9.mp4|part_9/kitchen_video_1.mp4
8375eeb5986108dbb1c4d52d3eeda3033c49ed2338517854a9aadfb37467a61c,2,1,x,part_6/X_video_1_x_aug_17.mp4|part_6/X_video_1_x_aug_4.mp4
83fa35273cca47549bf2043439836193b6655d8168d7f9e39e1ce6ce96f4f3ea,2,1,o,part_9/o_4_o_aug_16.mp4|part_9/o_4_o_aug_19.mp4
84f460eef542bb1b825e3aaa1161754116e1ea85a49c20fb18205af0158da02e,2,1,order,part_9/order_20241119_172649_15.mp4|part_9/order_20241119_172649_17.mp4
85ebed67a31fc01ccf7b7a774344df376bdb3fd05c1455e631896ab59fb1365b,2,1,canada,part_6/Canada_video_1.mp4|part_7/canada_3.mp4
862538c32203062e2aacebd838ceaaf9d95376ac02b1dfe290f3808dee87b755,2,1,a,part_6/A_video_0.mp4|part_6/a_1.mp4
8704da464de8332e60ba8fe7b4cfc7910c5e856b7d16e64b18a8e52a2ad4d34a,2,1,honey,part_9/honey_20241119_172645_2.mp4|part_9/honey_20241119_172645_5.mp4
87a99f629f3de3919019a062aa351fd75092bd5eb10f1c42d9b0908b41e11c1b,2,1,list,part_9/list_8.mp4|part_9/list_video_0.mp4
884af910ad6268eb9c628cddbc42947e150731972e73bc4570b8085fca0e16f1,2,1,lazy,part_9/lazy_3.mp4|part_9/lazy_video_1.mp4
88f37679ceee8261d652917f31a83053d5905edb86fc4db25a00b6fd3dbabf3c,2,1,u,part_11/u_6_u_aug_15.mp4|part_11/u_6_u_aug_37.mp4
893c4e73eeba7c2bd843c18133e574893644dcbc1233e8034c65922e99162f85,2,1,f,part_8/f_4_f_aug_30.mp4|part_8/f_4_f_aug_7.mp4
89f5b7fdecfa56f86a56385952bcf5e82b12014fbd0c99bef4bc2c2115076100,2,1,dormitory,part_8/dormitory_1.mp4|part_8/dormitory_video_1.mp4
8a1ec7f418be7d9cfc2079e4622a72d3d78b4aee210db345ef1f49f06cc66fe6,2,1,x,part_6/X_video_0_x_aug_39.mp4|part_6/X_video_0_x_aug_5.mp4
8a2e9a13ae076b26309744ed20ca40e27da4fdc6244fc93f21468b327036a18a,2,1,wait,part_11/wait_video_11.mp4|part_11/wait_video_2.mp4
8a6905e12e2dcd00f733b3a583693af432ca4802d0fcfe25a9ed73d5577b1341,2,1,d,part_6/D_video_0.mp4|part_7/d_1.mp4
8bf05fcd542aabef699b528a623e4cf0217da656f9599cc9c9364a775e1b4d99,2,1,earthquake,part_8/earthquake_2.mp4|part_8/earthquake_video_1.mp4
8c5bce323cbb3e8fa1b1d3c8435fdf932c3811ddd104c7fc8ef2a55c708fcb5b,2,1,office,part_9/office_8.mp4|part_9/office_video_6.mp4
8cab05b4cb2b387c9cdd68b10765c216122bad43cf71bafb7b47cfbb3c107379,2,1,society,part_10/society_3.mp4|part_10/society_video_0.mp4
8cb8338812fdc0daefc5818d6623ce9a403fe80ab3fd34f89565faa29c9f5bf3,2,1,b,part_6/B_video_0_b_aug_17.mp4|part_6/B_video_0_b_aug_34.mp4
8d2e41e726057da1445b1c656ffdcc6637d000be5909cd1f5aeec330701b6dd4,2,1,y,part_6/Y_video_0_y_aug_17.mp4|part_6/Y_video_0_y_aug_19.mp4
8e601d1890eedab0717015a17893b97d4c94ddbe0594f3b2d2b87c241c6943b2,2,1,y,part_6/Y_video_2_y_aug_14.mp4|part_6/Y_video_2_y_aug_21.mp4
8ed7e4e317ed210f681863ec311ddcafc211fdba7e65decb2f9999c6a5010fa8,2,1,beg,part_7/beg_2.mp4|part_7/beg_video_0.mp4
8f16c5e708083d1031fe3fe144e9859a0cce97504439c3113b0d98bf41a744ad,2,1,a,part_6/a_6_a_aug_0.mp4|part_6/a_6_a_aug_7.mp4
8fb2a8d728ad242fbc6c6e67831f63578f8a3ca78be1548c39517dcdc0f901d6,2,1,loud,part_9/loud_3.mp4|part_9/loud_video_1.mp4
8ff527ac4557bdc1892fe048430f67186e76f8defa0005dc5d6c196b4bb2ac19,2,1,with,part_11/with_8.mp4|part_11/with_video_1.mp4
906e547b5ec08828df5616bc1cca786d30052d6dd4bc2f7a2a578c8e8a65167a,2,1,q,part_6/Q_video_2_q_aug_21.mp4|part_6/Q_video_2_q_aug_34.mp4
913501f8cedafaa0d52b4a66e4c0531d1563cc78f4785d2c21b56b0f6163a9ae,2,1,mirror,part_9/mirror_4.mp4|part_9/mirror_video_1.mp4
91c55b5a57c8521d6eff91c9ba86384c323f4de911dbb2d24643b7f327e81c6c,2,1,hammer,part_8/hammer_8.mp4|part_8/hammer_video_4.mp4
925d17c99775254a495dc4707432e5a54fd219b2f51ab470849dade9d534b343,2,1,all,part_6/all_14.mp4|part_6/all_video_1.mp4
92a95674af1e30e2887264cb8802f7ae4ca7c778b764a69a4e1043b753075be8,2,1,pear,part_10/pear_video_1.mp4|part_9/pear_1.mp4
9357cf218e33ca2ab0627e1003c2c23d01f8b3f6157b2c64ed0011d2632ff8ba,2,1,pass,part_9/pass_0.mp4|part_9/pass_video_18.mp4
935958766494c4b4dc47c59576cb2905d6608ceeac734a50d9cc61699d00548b,2,1,b,part_6/B_video_0.mp4|part_6/b_1.mp4
9391c1716374d52144a677e3f9e94fcde167c8ae554d8607eb89c2afe6016170,2,1,decide,part_7/decide_20241119_172639_14.mp4|part_7/decide_20241119_172639_6.mp4
9408c607d908a1a25aa41fd66abc914e0812eea63ced8dbc46ab3513915d475d,2,1,l,part_9/l_7_l_aug_0.mp4|part_9/l_7_l_aug_34.mp4
941aa0121342f62d1810da87a7900c915dac420ba42199537916cddbd32f9389,2,1,art,part_6/art_4.mp4|part_6/art_video_1.mp4
94a3de9534d2df27a52869bcb126a49ba3877a74aa51bfa3b78499c44e0fbe08,2,1,sunrise,part_11/sunrise_5.mp4|part_11/sunrise_video_0.mp4
95389f9cd1a1c806984cb495ec41803f14ddc650cc5c179568fd88228f03598a,2,1,dinner,part_8/dinner_20241119_172640_1.mp4|part_8/dinner_20241119_172640_7.mp4
95719f98ff4fa4d3f74790f99a97d0cf19df901e3c0da3c45a191b0cb3bc237c,2,1,side,part_10/side_2.mp4|part_10/side_video_0.mp4
965fb955749b9b873ba9292e76af27024294398898b6638825d22dabd6aa36f2,2,1,breakfast,part_7/breakfast_20241119_172635_15.mp4|part_7/breakfast_20241119_172635_2.mp4
96f7eb5e08ca6e0eba7225b8ca94600bef85acd8c7f3fc10177b57c280bc84e0,2,1,k,part_6/K_video_0.mp4|part_9/k_1.mp4
971be14326c3844b1db4d706a3b70b9d353ac600112bc6c6fbd7d28b670767d3,2,1,p,part_6/P_video_2_p_aug_13.mp4|part_6/P_video_2_p_aug_38.mp4
977186755a8f2daf74fc939f7cfc0b4b04ffab5fbd7c721e35c1f53f589a7366,2,1,bridge,part_7/bridge_20241119_172635_2.mp4|part_7/bridge_20241119_172635_3.mp4
97ed777b8abe4335f37c8509ee4cdb8384d3a25c05a5180966ffca4215de6842,2,1,act,part_6/act_0.mp4|part_6/act_video_0.mp4
982bc704b56ad8a74f4c69fe418d247cbaa884702a263bb3235c0bb2133b01f1,2,1,easter,part_6/Easter_video_1.mp4|part_8/easter_8.mp4
98ae8810929b8bb21ffe1dc38bc0bc99065abbf29577156736552bc4c60ee50a,2,1,p,part_6/P_video_0_p_aug_0.mp4|part_9/p_1_p_aug_32.mp4
99086eaa6496471d2f6fc19d9e0c623bcdbea3ed50f978a5b842873a750aaab5,2,1,guitar,part_8/guitar_3.mp4|part_8/guitar_video_1.mp4
994b83f4956245827b2488dc7a6d07f954501992c72404e6684959d5c4440866,2,1,friday,part_6/Friday_video_1.mp4|part_8/friday_7.mp4
9988df3016ee20eb6ce23687a29b7ad1945061abc350c9f64d80838012cc4fe1,2,1,religion,part_10/religion_3.mp4|part_10/religion_video_1.mp4
9995bba0e0b4e25d68611abf1c8a5bd30466d1fb262df96f935369cff48c5692,2,1,v,part_11/v_1_v_aug_34.mp4|part_6/V_video_0_v_aug_12.mp4
99ca7a920deca05b5703fb8bebe402fbd20da01a7f88af970cde5259c65e2090,2,1,a,part_6/a_4_a_aug_10.mp4|part_6/a_4_a_aug_21.mp4
9a391a791525d90221ddbfd2ff89b49ff2a1d8c914d25de0727be0a00983994d,2,1,l,part_9/l_5_l_aug_36.mp4|part_9/l_5_l_aug_8.mp4
9a434e27a634539630ecba6ab21a67a1c6ba9de6d6f56dc4cc6e44c37e994f05,2,1,thirsty,part_11/thirsty_3.mp4|part_11/thirsty_video_1.mp4
9ab298a69093b8317fd17020d83be55d037eaf98767f41dd123c77442f1c8e27,2,1,borrow,part_7/borrow_3.mp4|part_7/borrow_video_0.mp4
9af8b05b9ced5cc5132edb05cb941d122309325316618959bf9a78cc16041f41,2,1,fast,part_8/fast_0.mp4|part_8/fast_video_3.mp4
9afab6a0109c3b5efa72847012aacbda990b9099d33955ba110ade1449344dfa,2,1,coffee,part_7/coffee_7.mp4|part_7/coffee_video_1.mp4
9b6c5d08fad3cc6ebb72822a896caa3b8e08f2d65baf505787b9fde49bbceecc,2,1,b,part_6/b_8_b_aug_13.mp4|part_6/b_8_b_aug_19.mp4
9bc90d46ba50c31e1fe764a6daf45659c2fdd2989443aaf958c0f4132e5f1aeb,2,1,age,part_6/age_5.mp4|part_6/age_video_0.mp4
9bcd2b0829cdc7a02696deb512192fc28fcf859f12196404deec8fbae56b1c3c,2,1,lesbian,part_9/lesbian_2.mp4|part_9/lesbian_video_0.mp4
9bd7962feacd869b8a01c44e44be7f814d75fdb567c19807100340f0f5101183,2,1,secretary,part_10/secretary_10.mp4|part_10/secretary_video_0.mp4
9c1d9efecd703e89fdbd0d83c38e85d6155e8861f846430b90cc662b0c0b0e80,2,1,v,part_6/V_video_2_v_aug_30.mp4|part_6/V_video_2_v_aug_32.mp4
9c4ecb6cde8b66761d92856f6f91b89b1a64db1b96d886a066d55f9df2a76ab5,2,1,basketball,part_7/basketball_20241119_172634_14.mp4|part_7/basketball_20241119_172634_21.mp4
9c793b8d0fe66362fb6f56ae60a83919c2365393763b6e86434663ee78ff5d3f,2,1,u,part_6/U_video_0_u_aug_12.mp4|part_6/U_video_0_u_aug_22.mp4
9d22c750c33aabdb81888929a5a9f7e1519705615c8df19d1f8107d8f80b63ac,2,1,fail,part_8/fail_3.mp4|part_8/fail_video_11.mp4
9dcea01aa8d498ccce10548a577dac993f22187a390cdf34e450a638065e575a,2,1,c,part_6/C_video_0.mp4|part_7/c_6.mp4
9e11e34fb5f8dd458111fb1cf1f90a2c6c5c6260ffc7c24b22e6b5c9eafdeb42,2,1,linguistics,part_9/linguistics_1.mp4|part_9/linguistics_video_0.mp4
9ea9af86abb54b87bcad622e572285635d088fbff7179608042da077408c19c2,2,1,n,part_6/N_video_0_n_aug_16.mp4|part_6/N_video_0_n_aug_35.mp4
9ebcbc906af32e31f863879a6968c8d683768e8151dfffd44c9ebdc4a8b673f5,2,1,check,part_7/check_0.mp4|part_7/check_video_10.mp4
9ef4e85f2c1b8df4aea11a37f704051cfb53eb1304df9661780ef10d4ac32eca,2,1,label,part_9/label_2.mp4|part_9/label_video_0.mp4
9f4f45db61f98f13429a505d0d4505df18377f257b21aa827965694f4243b219,2,1,cards,part_7/cards_8.mp4|part_7/cards_video_1.mp4
9f8e00e8379ef78d9d34b52bc265a757b8fa47398591c95e60096feb2c818184,2,1,research,part_10/research_20241119_172651_6.mp4|part_10/research_20241119_172651_8.mp4
9fa7f90e580e112d574902852a3e6c2f4fcf23492750f34dc84512ae85e1afe4,2,1,caption,part_7/caption_0.mp4|part_7/caption_video_0.mp4
9fbc9f3c3828da51c119acc954bb011576be987298f3e1d9f083a9cf9a07bb16,2,1,candy,part_7/candy_20241119_172636_6.mp4|part_7/candy_20241119_172636_7.mp4
9fd3f85441adf97ce62af53e504261ef66763ced1c5d7896dfe20d3e85cd5dce,2,1,bug,part_7/bug_0.mp4|part_7/bug_video_0.mp4
9fe9d6be178a662b2adc87a5acc5be28a254599315d812edb264ff16aae311a9,2,1,kill,part_9/kill_6.mp4|part_9/kill_video_0.mp4
a068fb8220e479515d4218162d4f3ea2ad02aeec22f517bc45da231a393c0237,2,1,college,part_7/college_7.mp4|part_7/college_video_1.mp4
a0a4696d4fb45745f9abad3ba7411c92ffe1d0c019daa1b6c049eb8d260012d9,2,1,ghost,part_8/ghost_1.mp4|part_8/ghost_video_8.mp4
a0f64a9e37c2c5ce5fa2df8f42f220cb5699f922c4fe2d12663bcf793d227a2d,2,1,s,part_6/S_video_4_s_aug_30.mp4|part_6/S_video_4_s_aug_32.mp4
a12231a364ceb442dfbb5956fdf0b47bbde01558644377fa751f4befefece81c,2,1,bark,part_6/bark_20241119_172634_16.mp4|part_6/bark_20241119_172634_7.mp4
a1d3b593ea4a0cdbd609ab017e0a48d1d1bd51f47d6f8ed480b9f6e5a51ee54f,2,1,tie,part_11/tie_20241119_172656_10.mp4|part_11/tie_20241119_172656_7.mp4
a1e9aa02f3ba69c4530a9c44ecbbce02b72a4f67d4dd2576ebe4890bf7d76dac,2,1,q,part_10/q_2_q_aug_12.mp4|part_10/q_2_q_aug_2.mp4
a36b079f494ac69617df733922218571f2ce126a35f3858742598b6c7db7223b,2,1,h,part_6/H_video_1_h_aug_15.mp4|part_6/H_video_1_h_aug_23.mp4
a3861241c8ccdc12b035f12b2dd51f97fde67498d524737da5daae6c7fd682fc,2,1,group,part_8/group_7.mp4|part_8/group_video_1.mp4
a5f059e0b119c9a7f45c0a7446e385c296dea705354bf068c564a7384d2be5e9,2,1,welcome,part_11/welcome_20241119_172657_4.mp4|part_11/welcome_20241119_172657_9.mp4
a66b87efbbdae390af60a7fed5bceb845950cf21d8cad4017737918ed6832dbc,2,1,snow,part_10/snow_20241119_172654_16.mp4|part_10/snow_20241119_172654_8.mp4
a6883e012d4311a80469f087ae7fcb57529270b3c61b3d5c130a9f33d6e9f818,2,1,mix,part_9/mix_20241119_172648_28.mp4|part_9/mix_20241119_172648_7.mp4
a747ea8939d4741b0494f6838ab45b9e3dc3cc93948a6361d8cf0f059bbeeaf3,2,1,doctor,part_8/doctor_20241119_172640_15.mp4|part_8/doctor_20241119_172640_7.mp4
a7bbc27a062bd920058105668627a7aa75073062200209d975fff1f0c8d6172a,2,1,doctor,part_8/doctor_20241119_172640_18.mp4|part_8/doctor_20241119_172640_3.mp4
a7c5bef5bd57454839a2573f0e0231a4c1c2abdd23d36d5dbf200f8f9680aa08,2,1,unaware,part_11/unaware_video_0.mp4|part_11/unaware_video_1.mp4
a7d8fd80110c941815aa26c7b2cb33d9cecf27573befb93daeb2a958ca3ada42,2,1,late,part_9/late_video_2.mp4|part_9/late_video_3.mp4
a8a670857403fd53ddee8ee77b1f7ae8211cc478a371ad35b38a028ee36b6364,2,1,clean,part_7/clean_3.mp4|part_7/clean_video_9.mp4
a9010b740704fb404c90b0bbbda199c097666fffab60e99f4692fd0b9a900b05,2,1,orange,part_9/orange_22.mp4|part_9/orange_23.mp4
a990335cf58050d379328aeb5780303eaa439e1280379e2dde7a1eaa7ac96d40,2,1,cheap,part_7/cheap_3.mp4|part_7/cheap_video_1.mp4
aa46425a2c2769ec7e45849538ca3bd4789944d50ca310058ac1591cd67d5ab8,2,1,helicopter,part_8/helicopter_20241119_172644_1.mp4|part_8/helicopter_20241119_172644_4.mp4
aa8340a7574e0674e9b83570255788dad5b05f9d16fc7352f86e9438c6bc4c5d,2,1,child,part_7/child_5.mp4|part_7/child_video_1.mp4
abbd00adebc128065751bdff3173a9f2bca71927c5ab0a49b1a42ca1a16d288c,2,1,g,part_8/g_2_g_aug_21.mp4|part_8/g_2_g_aug_7.mp4
abc2ca2aeafc09a928cd8ca8f8e48006696ff2a0ea7258ca353816d21f3ac6d2,2,1,p,part_6/P_video_0.mp4|part_9/p_1.mp4
ad11ea9cfd4109697750c6075eabff2986f0c374b039a700c7fce3a1be51632e,2,1,wet,part_11/wet_5.mp4|part_11/wet_video_0.mp4
ae8f70caf53eb7ee753b8b1c7ba041ba901294202728968d902e3a534bfe2c4c,2,1,add,part_6/add_1.mp4|part_6/add_video_23.mp4
aec8eb6cc3105643c8c6576cb4d6dcb4671f4eec329c6f82ec2a75e949b1106e,2,1,baby,part_6/baby_20241119_172633_11.mp4|part_6/baby_20241119_172633_13.mp4
b16bbb259c18fb23e4d60e86f1d99e1fb3d2385e3f32d563248c1de3242fd374,2,1,g,part_8/g_4_g_aug_16.mp4|part_8/g_4_g_aug_34.mp4
b1d85f7aa1de5ef459e3ffc464354697ef2a6cd733e7a2d53d85e6455ba5276b,2,1,brown,part_7/brown_12.mp4|part_7/brown_video_1.mp4
b1fc66e12372ca5701e28e5b64fbeba9700b571c92f765c3f992398c2df03811,2,1,workshop,part_11/workshop_1.mp4|part_11/workshop_video_1.mp4
b22e349fa6301314eb7992e8be051abb0112981edd8bf0fd0053796397ace4f0,2,1,champion,part_7/champion_5.mp4|part_7/champion_video_0.mp4
b2464758cd6cf04e47aa385366de4400ac51aba77a925e9b8909823f6dbb4d41,2,1,dream,part_8/dream_5.mp4|part_8/dream_video_5.mp4
b39d39aed3a1fa7e74fc489360eafafde86457c0cd6c89e47f58d2bebf4953ff,2,1,america,part_6/America_video_1.mp4|part_6/america_3.mp4
b46a49ee889fc8959261a47019f371c56af8ab66b724367d26f726f2daf49d2b,2,1,person,part_10/person_7.mp4|part_10/person_8.mp4
b47ce8d217b35b2148b3d96c3022f89118640d4369c844a99e33f7234526060b,2,1,g,part_8/g_6_g_aug_0.mp4|part_8/g_6_g_aug_13.mp4
b4dea6aac6ffd88230aa1538e6fbe850f4bfc675a74dd851ffbfac661ec48c3a,2,1,y,part_6/Y_video_0_y_aug_35.mp4|part_6/Y_video_0_y_aug_37.mp4
b50f0c6b2b170b8c1d813f5cce2b4bdb24c3d730e22b3f17bfbdd75126c49b37,2,1,d,part_7/d_3_d_aug_29.mp4|part_7/d_3_d_aug_9.mp4
b542208ebf54ea10fa81316a6ad8ada05926d10cc16095464f1921ecb1c71431,2,1,flower,part_8/flower_6.mp4|part_8/flower_video_1.mp4
b577c1e37a3600e7d47a6371029aeac39c6b662695d030cdc32aaa66513dc1c9,2,1,brother,part_7/brother_8.mp4|part_7/brother_video_1.mp4
b58288dab2b30f5ff2bb2c80942f84d87bbdd7c14753ebe81db185d81573f2e4,2,1,boy,part_7/boy_6.mp4|part_7/boy_video_12.mp4
b68e8baa7d860c93c8ab143374f93e1b14e9065b3442eaadcdd0c7ccd617d77f,2,1,conflict,part_7/conflict_0.mp4|part_7/conflict_video_0.mp4
b6f62734e1e7bb3a52bb90bcb84242577e0f238c85017bb854088f41db2d1e14,2,1,h,part_8/h_2_h_aug_33.mp4|part_8/h_2_h_aug_35.mp4
b7dc4c08d94f0a835b52e6b66e15a7fb0dcb8f6b404ac77e8d57b19265123cc3,2,1,strawberry,part_11/strawberry_20241119_172655_15.mp4|part_11/strawberry_20241119_172655_4.mp4
b7f0f195054329b99ab9a5f50c07129b3a98cc1bed92aabcddfc116645cb8aea,2,1,bad,part_6/bad_video_4.mp4|part_6/bad_video_5.mp4
b86d38aac249cbb1e071292edbc157d4c22cdde34d2499deb4352a4e0e72b5a1,2,1,alone,part_6/alone_4.mp4|part_6/alone_video_6.mp4
ba15f17b02bf32876b4770209a73647b7d6d917417c2adbdb2254afb1447b4cb,2,1,w,part_6/W • ASL Dictionary_w_aug_22.mp4|part_6/W • ASL Dictionary_w_aug_25.mp4
ba6cb519c25e59b4632e51e1650673e63683c521f6819f72a4444c6e88b8d96e,2,1,cake,part_7/cake_6.mp4|part_7/cake_video_0.mp4
bab7a2ff30e9d16b485b4c48da5869952b1b822b63b17ecc5894d9ba915f2537,2,1,beard,part_7/beard_9.mp4|part_7/beard_video_1.mp4
bba20586f53a8b71ade99643f46b9f918c191a86b612ddbed12c5132936c10ce,2,1,u,part_11/u_1.mp4|part_6/U_video_0.mp4
bc0160fe794a72a9f8f70de8904c8e5fdd70228cd567854a4698147fbc1605d3,2,1,slip,part_10/slip_20241119_172654_16.mp4|part_10/slip_20241119_172654_8.mp4
bc188542af10d57537515f286fffd7936619ba5a033908ef4c36ab37bdf3fcd2,2,1,moon,part_9/moon_7.mp4|part_9/moon_video_1.mp4
bc26750ea1d917db0c4f5c412e3177853ea0690b0c78823a824bf1d48edf3614,2,1,above,part_6/above_2.mp4|part_6/above_video_0.mp4
bd2ace451158c2cca1d9bbc7f7f497cdb3ec3ecaf142efde0e823bc89d8cdb65,2,1,yesterday,part_11/yesterday_9.mp4|part_11/yesterday_video_3.mp4
bd52fbe282e35fc94078468042eece36284103d034823683616221af5b1b15fe,2,1,t,part_6/T_video_2_t_aug_18.mp4|part_6/T_video_2_t_aug_40.mp4
bd5feee0faa24af83d0cb94db167e8b23e399675d48ed5aff036f53a53465302,2,1,go,part_8/go_10.mp4|part_8/go_9.mp4
bdef68e98e73ac258af85fdea79f2b1bc5fb6215ad4e501f7e68c6d96567dafa,2,1,dance,part_7/dance_10.mp4|part_7/dance_video_1.mp4
be5af40e8b9c4a9603e327500b1d30dbac6231d8aa6b31808447985badc4f972,2,1,brush,part_7/brush_8.mp4|part_7/brush_video_1.mp4
bf5edc67e7d96ad6d2445f4d492ebb65cd786624d39b72d8428dcc9cbe1646b7,2,1,beaver,part_7/beaver_video_0.mp4|part_7/beaver_video_1.mp4
c028276a5d708c7a61570b26369ccb3e58a19fe23753513ae05520add3d3f7ef,2,1,i,part_9/i_6_i_aug_0.mp4|part_9/i_6_i_aug_18.mp4
c29dba201bcc5ce0005c3d6240abbbb347f116eb47793079c6332ba079520be3,2,1,honey,part_9/honey_20241119_172645_10.mp4|part_9/honey_20241119_172645_12.mp4
c2d6fb7156c961680edaa9d368825146f62c1d5bace5f30569d69377f46fccd6,2,1,afternoon,part_6/afternoon_video_0.mp4|part_6/afternoon_video_1.mp4
c2e1b259565cc47c8207f8c948ea8257275aeb726da1665da484159fe1ad61a4,2,1,football,part_8/football_video_3.mp4|part_8/football_video_4.mp4
c34af9857f99e09ca21266c3e3e75c5e44e3073a668ed8b6a31726b1912f4063,2,1,room,part_10/room_10.mp4|part_10/room_video_1.mp4
c34d3eb282d5b2aebf98092ee930eea071e42a67b4c8eebc73eda0be78bc8a65,2,1,email,part_8/e-mail_video_0.mp4|part_8/email_4.mp4
c38359668afb2d7350dc5f092e79e1e32c92e841083a617f95fcb436a41108c9,2,1,decide,part_7/decide_20241119_172639_13.mp4|part_7/decide_20241119_172639_4.mp4
c3a4e1da57cf263e4b2f9e708b3c432b8e55c81b1e1e73eae62a0716db932ea9,2,1,f,part_8/f_5_f_aug_37.mp4|part_8/f_5_f_aug_40.mp4
c6b8e6ba5bd471dc1c34cf1d5abc1d3f24709fe310f80fd41c8529d40ea3161a,2,1,once,part_9/once_1.mp4|part_9/once_video_7.mp4
c71fa0206a73f7c1427c17bacc7d97e52df535ab56f9ac31a2121deaf6e0aec5,2,1,g,part_8/g_7_g_aug_20.mp4|part_8/g_7_g_aug_4.mp4
c865ccac684f8750dc3e4310c0e06b982ada54a14c92711eec811de33b240638,2,1,environment,part_8/environment_7.mp4|part_8/environment_video_1.mp4
c8c60ba0bae12cd69c868250adb0c06f8992a4756e376cd53799d2b5e0beba12,2,1,ball,part_6/ball_video_10.mp4|part_6/ball_video_8.mp4
c90b97c300585cd7557579626eff6a232e4a690a09142e5019b414b38d516ae4,2,1,l,part_6/L_video_1_l_aug_1.mp4|part_6/L_video_1_l_aug_37.mp4
c989cbbc80e33350d16e482d6e1701760a5e82386347bba6c90b4d03f5425d99,2,1,p,part_6/P_video_0_p_aug_6.mp4|part_9/p_1_p_aug_9.mp4
c99b16852077d86b08815a9b2368de377a8d56d83d7a4a9d4ae21b0f68cb2b3c,2,1,gray,part_8/gray_video_5.mp4|part_8/gray_video_6.mp4
c9e0e9731ba965307b85c75ed4adc509edf19ae678d5776f7cb71562a40a3f1b,2,1,b,part_6/b_4_b_aug_2.mp4|part_6/b_4_b_aug_5.mp4
ca03360ffc9d6ff3e1e299a94f2a4eae7752120720b633fb2789400aa3927e8a,2,1,deaf,part_7/deaf_20241119_172639_25.mp4|part_7/deaf_20241119_172639_32.mp4
ca9cd71f4a0fe2ca0af0f78eb5f206752b906dfb0e76b220fd6fd54e0da08055,2,1,quiet,part_10/quiet_6.mp4|part_10/quiet_video_7.mp4
caef1979e90830c1abf12794a7025aaeae3176d4488b2a0e10c298992dda7813,2,1,up,part_11/up_3.mp4|part_11/up_video_0.mp4
cb02f8e419d294ecfeca7ba0b8309e352c06fc228a00822797692788e60049b9,2,1,carrot,part_7/carrot_20241119_172636_1.mp4|part_7/carrot_20241119_172636_21.mp4
cb3dbfff81bcedfcbe1ae4ea3830c98bc1c5fb2c7ed4cf5a22be9dddd2ed5fc8,2,1,retire,part_10/retire_2.mp4|part_10/retire_video_1.mp4
cb46010b7b947774d2a4007b9db1c61fd5ed498751c6f04e89715f0aa7a0978f,2,1,m,part_6/M_video_1_m_aug_1.mp4|part_6/M_video_1_m_aug_35.mp4
cc47b39b398180bc8ef7691087d7d8b3763098f224bd54c47b44d54fbd09114e,2,1,ask,part_6/ask_11.mp4|part_6/ask_video_8.mp4
cd84c75288a97c0dbc06b06c52e1c3f5a333c921308538b49e5397997ea3b9dd,2,1,example,part_8/example_10.mp4|part_8/example_video_1.mp4
cd8610164aacbcbddc70dcad42155a23f2f1ad932aa23b2ea7e2507c06eb7b94,2,1,balloon,part_6/balloon_4.mp4|part_6/balloon_video_0.mp4
ce239ad87a7b6e97294aaebb267ef451d05dcd85cdbc5f449f9f3f929b687bff,2,1,niece,part_9/niece_5.mp4|part_9/niece_video_1.mp4
cfabd2f64a54993d1a5a4bc986f423370fbdc6e4b7c88437f3e463ed2803f656,2,1,ok,part_9/ok_11.mp4|part_9/ok_13.mp4
d02d5d9fbcdbc76b84e87d582c27dcd2fac01bf41325156ccca023fbc67a266e,2,1,greece,part_6/Greece_video_1.mp4|part_8/greece_4.mp4
d02d7df5f8b0bef238a3aaeeaf48c8725c6c6c76e89529a7d54d5626a20cc3c6,2,1,single,part_10/single_4.mp4|part_10/single_video_9.mp4
d1001ced8524c333c1742cf94e8edf8bc124b3b407963e2120e32183ba6fe048,2,1,public,part_10/public_8.mp4|part_10/public_9.mp4
d10895733da7b963ca71de9f539e970e105cf73024b27c20d476e914a67ad5e8,2,1,deep,part_7/deep_4.mp4|part_7/deep_video_0.mp4
d2386193ff1f4cf6f73fcce39dd6b7de323e41335ebbadb407acec4d53abf04c,2,1,bee,part_7/bee_20241119_172634_10.mp4|part_7/bee_20241119_172634_11.mp4
d23f134be106c562c497d90e51b92bd39907c0d8c1c3f8a79e1748fd6425a28d,2,1,student,part_11/student_video_5.mp4|part_11/student_video_6.mp4
d2fb2f8506c1a2614a491a42181a19fca76a71927489f0c9e2d80643b9a37111,2,1,swim,part_11/swim_20241119_172655_10.mp4|part_11/swim_20241119_172656_2.mp4
d44f8dd5cbc97dfcc2cdfc97a002ae4f7a7d786f41d4906de4b74fe2b342d0e9,2,1,opinion,part_9/opinion_20241119_172649_3.mp4|part_9/opinion_20241119_172649_5.mp4
d6a48a68155b972f80571139508d1a7cc754e2fc0a7f7c5eaf732be768f8537a,2,1,gay,part_8/gay_0.mp4|part_8/gay_video_0.mp4
d74d17bcfde7daf6e31e25f88a28f27b898d03eb6b3af2f8f1868001c342d6d7,2,1,bear,part_7/bear_video_1.mp4|part_7/bear_video_2.mp4
d7cf386df8ded79d626b8fbf28c5989626b6ed3d5f83667e554f941de5fa8321,2,1,a,part_6/A_video_0_a_aug_31.mp4|part_6/a_1_a_aug_28.mp4
d848f6ef4e4d3c46980216ea2b655f39b1ddac74dcf619976ae64117d87137b5,2,1,feedback,part_8/feedback_4.mp4|part_8/feedback_video_0.mp4
d86272e0c86205062456db29b6a889a43045a4f817d8b52f849bc2becf1099d8,2,1,certificate,part_7/certificate_1.mp4|part_7/certificate_video_0.mp4
d8ef82019c6fd8eea693bd864a8a49751e2944fe7eb7bd52cf92621b412cff29,2,1,soon,part_10/soon_20241119_172654_13.mp4|part_10/soon_20241119_172654_4.mp4
d98dcae21384df1c280ee2e0b0d227f9f8a436ed755fcfc6c07918cd317b5c45,2,1,city,part_7/city_20241119_172637_15.mp4|part_7/city_20241119_172637_9.mp4
d9d3775b72bfa2c1670ea1941fd18bf424242dbcdda1ab7fb004128483df51e5,2,1,b,part_6/B_video_1_b_aug_12.mp4|part_6/B_video_1_b_aug_31.mp4
db0b16e1334f936aba94a4dc3474b79226dff96a7122bac9382658044a861954,2,1,ignore,part_9/ignore_3.mp4|part_9/ignore_video_1.mp4
dd09b86bb6c7b525ef8162274207f323d38b8b1e5e1b30712482bfd0d67cb009,2,1,y,part_6/Y_video_1_y_aug_11.mp4|part_6/Y_video_1_y_aug_22.mp4
dd40fddac10e671bc83bc523e8ff411c3921c19058f83d990924a70ecadf11b0,2,1,f,part_6/F • ASL Dictionary_f_aug_21.mp4|part_6/F • ASL Dictionary_f_aug_29.mp4
de2b843e6aa411457e2f228857af38b21cf74a76535e68f38ed90fe5bc0e7710,2,1,k,part_6/K_video_0_k_aug_26.mp4|part_9/k_1_k_aug_0.mp4
deac15012ec8cbedcb343fb72916427c69be8e994d363152f521404e67b9a75f,2,1,r,part_10/r_1.mp4|part_10/r_video_0.mp4
deaee11ed64fa1bbb8a21102719d536c92bf184288c6da94070ea611f2022398,2,1,embarrass,part_8/embarrass_2.mp4|part_8/embarrass_video_0.mp4
ded31a8ad2c3868e936729485c9c82ad4779c1e50c36b1d8af887b0ef5ba102d,2,1,f,part_8/f_3_f_aug_3.mp4|part_8/f_3_f_aug_32.mp4
dedc3b9961730c52c1908bf6e189bdc4a73eff8233488f59f0d3ce127293c6ed,2,1,convince,part_7/convince_20241119_172638_13.mp4|part_7/convince_20241119_172638_2.mp4
def09610fd749cae564a3df91f9ca583b1fd56b7110d24eb681292075ed09e22,2,1,z,part_6/Z • ASL Dictionary_z_aug_20.mp4|part_6/Z • ASL Dictionary_z_aug_33.mp4
def9139ffbeb3141101e207204654efcb7d51b69fb110700e124f84ad14c1a84,2,1,seven,part_10/seven_1.mp4|part_10/seven_video_0.mp4
e045fa4b1749e4b54fcc94da968b414ce69471b99c2817e6d3f753c0b85b3bc8,2,1,camera,part_7/camera_3.mp4|part_7/camera_video_1.mp4
e04f3618ea9eca3a8f88bf6e092bde6626be7a37d8792c397db106224c8748eb,2,1,go,part_8/go_3.mp4|part_8/go_39.mp4
e085cd6b55ae7b275a599e93bd3ed46c9e7dead50cda97a5b9352bec50de4a7b,2,1,balance,part_6/balance_6.mp4|part_6/balance_video_0.mp4
e0b9cbf9bbc1fb00cadcee98ac1c595d23d437a5807739148ce44f8867a09823,2,1,while,part_11/while_1.mp4|part_11/while_video_0.mp4
e2161e442aeab9dbe6adaf6e8c06b9189fe831b5fcd71ddd4cdb0d9534e4c773,2,1,q,part_10/q_1.mp4|part_6/Q_video_0.mp4
e27178b90008c87dd62bd8c908c75b15ed496796b210ea815a041757466a72ef,2,1,a,part_6/a_3_a_aug_12.mp4|part_6/a_3_a_aug_23.mp4
e2789ec754df5118257c868975d9840b748dc52674e7cf8523ca3be3a39c7d04,2,1,appear,part_6/appear_5.mp4|part_6/appear_video_3.mp4
e2cda1c6fb46f424c55c74a0f63ded996c73cfe6a839f183b41b29c58f41ea4a,2,1,d,part_7/d_6_d_aug_20.mp4|part_7/d_6_d_aug_4.mp4
e2d7a7719a24e340d4d4503ec119ce0b5504d97a599b3267d5873f6ebe639b23,2,1,t,part_11/t_1_t_aug_28.mp4|part_6/T_video_2_t_aug_33.mp4
e3526d0581c30c6eb2ef617162d56e4547447580013ee578fea5ad0e21623e96,2,1,complex,part_7/complex_4.mp4|part_7/complex_video_0.mp4
e36b5ea88098ee96823dbc6886694346fc3cd394467754ff268707746ecb6c99,2,1,pop,part_10/pop_20241119_172650_17.mp4|part_10/pop_20241119_172650_18.mp4
e3b2bd553f9c50e649aa9bfa1e6e305aea6a8ecca6380dce33785e368688712d,2,1,keep,part_9/keep_5.mp4|part_9/keep_video_5.mp4
e4b1b8844f3b977eb18c0dcaa35182b86b8e209ad8c5a7fd3fa7e970473a638b,2,1,football,part_8/football_13.mp4|part_8/football_video_1.mp4
e509eba51dfdfb315e5f34a4a68ef91f4fd65e0cb0bc81a5e65482abc31c46ab,2,1,g,part_8/g_6_g_aug_1.mp4|part_8/g_6_g_aug_26.mp4
e56588db78e94d945c173f344b170ea2a3aed2fb67f316f445039c0d028872e1,2,1,student,part_11/student_video_1.mp4|part_11/student_video_2.mp4
e5693ee776b0d1e4462f9cf2fa6e0984672f46cd4f2ad5f426ceaaec42429c3e,2,1,h,part_6/H_video_0.mp4|part_8/h_2.mp4
e657f7adce19882399eb05982a65e9dfd6878d02df9040e99def302ce92a1163,2,1,cake,part_7/cake_5.mp4|part_7/cake_video_1.mp4
e6683987ef5108a82498eb261b95069d47cd29999be16862b955d2d0046aa562,2,1,v,part_11/v_2_v_aug_10.mp4|part_11/v_2_v_aug_13.mp4
e780c15cb00f23cdc8248b4b8e565ffe798f55b6cf1fc61d2e28438bb0cc094f,2,1,lemon,part_9/lemon_20241119_172646_5.mp4|part_9/lemon_20241119_172646_6.mp4
e790d36b494cff400c5726fda8eca6ad68d4f4410082efca6139a8d75ef119c8,2,1,m,part_9/m_1_m_aug_26.mp4|part_9/m_1_m_aug_31.mp4
e7d17a8fdb58fd27e282c87e75b4bc6008359e3fb99f592bde08ad0c7f06576e,2,1,f,part_8/f_3_f_aug_18.mp4|part_8/f_3_f_aug_5.mp4
e87411d78e43f2e79689d079420a1707e09dd81448ec790ba4bbbb4cb8509d63,2,1,wet,part_11/wet_6.mp4|part_11/wet_video_1.mp4
eaa2d6e0261d87caffcc2d6b295315f9b41853fee643572532f27c511b586bab,2,1,double,part_8/double_1.mp4|part_8/double_video_0.mp4
ec1bd1e61dba7c5e3004fddfc6361145028eda0022f85e20aeec72cdb7acf22c,2,1,i,part_9/i_7_i_aug_29.mp4|part_9/i_7_i_aug_32.mp4
ec5bd4eca7fe58101f1c18f1c9dd4277be57fdd62ab509a9f86c62d15a64c3ef,2,1,mother,part_9/mother_13.mp4|part_9/mother_video_2.mp4
ec70b8a61e372fde84232bc9e5d7d13efb2cb544e849b4a18d9774a6bab570b4,2,1,try,part_11/try_3.mp4|part_11/try_video_1.mp4
ed6a9cd09fb32d2409350aad07e6b3a8e91ec665b0d9ecfe45a669a047c15b5e,2,1,winter,part_11/winter_video_1.mp4|part_11/winter_video_2.mp4
ee24cdf55a5372220faa04caa5289f4e28574ab35742f3b5bcf9535bbe189c56,2,1,cook,part_7/cook_video_1.mp4|part_7/cook_video_6.mp4
ee3762fd50ecada41793ff866cab973121ec6eceed561b5cfa3e330d50bf291b,2,1,down,part_8/down_4.mp4|part_8/down_video_1.mp4
ee8f4a2d5978509b3221876072ed1c23cc2721742fcf8375f91eb1f19e18b090,2,1,u,part_6/U_video_1_u_aug_30.mp4|part_6/U_video_1_u_aug_32.mp4
eef3ce3f593e4e79e55b184c5f058d4a86f3c88cf281e94e4c9e4db7c7719cf7,2,1,v,part_6/V_video_3_v_aug_4.mp4|part_6/V_video_3_v_aug_8.mp4
ef4549d4fea5f18b8b1ac45f0a316f35ca3db274edee992554a65926a06beed9,2,1,wife,part_11/wife_9.mp4|part_11/wife_video_2.mp4
efb32df3cead94121809cdeabdecd76640aece96e78f768ad6df6d1957b5d90a,2,1,p,part_6/P_video_1_p_aug_16.mp4|part_6/P_video_1_p_aug_20.mp4
f06c18c3d810b9ae5ceebed2c8585857c33c2d8e1aea535a04de9b8b0527c8f2,2,1,aunt,part_6/aunt_3.mp4|part_6/aunt_video_1.mp4
f0bc7f853201c154a2e6fcad877d8d912bad6597c385ca37b74c6090168be428,2,1,throw,part_11/throw_20241119_172656_15.mp4|part_11/throw_20241119_172656_17.mp4
f1311bee4d188de2bf40e7ea4f1af799ba96b0ef8615465c52c678595da92bce,2,1,confused,part_7/confused_20241119_172638_10.mp4|part_7/confused_20241119_172638_4.mp4
f136fc02bc0769f4bf2ebe471db08ded68b43c821f4df22afc87937005840787,2,1,backpack,part_6/backpack_20241119_172633_11.mp4|part_6/backpack_20241119_172633_8.mp4
f15242a276d7ecf07c71e217b2d4692a50db40cf46e6d84845da3a25106fc303,2,1,t,part_6/T_video_1_t_aug_0.mp4|part_6/T_video_1_t_aug_31.mp4
f23545388745300a0f5296c981d9f4ce3dae8606f80e50211d1e2b0f201c4788,2,1,program,part_10/program_2.mp4|part_10/program_video_1.mp4
f3d3b9f02b6c6d2969a13b06db4377333536b8876fe02ab3478bbc746daf3227,2,1,never,part_9/never_4.mp4|part_9/never_video_1.mp4
f421426cc0370db727600c4c064d988f73153090386080dc2ddb65a35615ea8a,2,1,vacation,part_11/vacation_4.mp4|part_11/vacation_video_1.mp4
f42318c985222553c162269cae6b2adab14a24bf91be02919733cbf926ea3fad,2,1,roommate,part_10/roommate_0.mp4|part_10/roommate_video_1.mp4
f46a42d5c87d5d3d9ab56098fcf37c9db4f52e87c11f61d6a1c8a72ea1a5d120,2,1,christmas,part_7/christmas_20241119_172637_11.mp4|part_7/christmas_20241119_172637_17.mp4
f4c5e9e3816407b124f925655d9c5e7155999ef877f52455a9244f61c574f4d2,2,1,p,part_6/P_video_0_p_aug_23.mp4|part_9/p_1_p_aug_34.mp4
f4f2392a4496619f00a75b3909cceab1c7b6950f27bfa66fdc1c32004236a2bf,2,1,develop,part_8/develop_20241119_172639_10.mp4|part_8/develop_20241119_172639_13.mp4
f5bb40e6c35b773705f9b7fc934db018377ac086938ac1b0f371b7aff44f0d4c,2,1,r,part_10/r_video_5_r_aug_24.mp4|part_10/r_video_5_r_aug_25.mp4
f5d87f4d27db8f540949657a9e5fa026e0f8faa372bdcc4b507557722465759d,2,1,salt,part_10/salt_7.mp4|part_10/salt_video_1.mp4
f5fc4ba665c8887e5b1c4a93f90deec4badebab19241c60f91b3a9efbde162e8,2,1,wife,part_11/wife_10.mp4|part_11/wife_video_1.mp4
f610d440913a9632200f9f850c967682e79689ca4acea720a3f040adaa219974,2,1,angel,part_6/angel_3.mp4|part_6/angel_video_0.mp4
f655248eb62d24f95328a17b1343250d7d65e93e7a28c103ae51323f20eb620c,2,1,accountant,part_6/accountant_0.mp4|part_6/accountant_video_1.mp4
f68a5064eec47a475c33734e82894c506418ba3443e1978ed365c7a399c6401c,2,1,frog,part_8/frog_2.mp4|part_8/frog_video_0.mp4
f77432a1ab29a73faf3ee7ba1d5ec800f8ddd12e8f87123e83139b9a44613d06,2,1,peach,part_9/peach_20241119_172650_29.mp4|part_9/peach_20241119_172650_6.mp4
f7c5266ed55bf07bce9c4126ae85b67f68966a51f5b2dbc819b45945f5dc10f5,2,1,bright,part_7/bright_video_3.mp4|part_7/bright_video_4.mp4
f84c1308489d887dc48254f2548728da303ec6a0738feca4106a234fb6978d6f,2,1,saturday,part_10/saturday_5.mp4|part_6/Saturday_video_1.mp4
f8ab0ee105474f3ea693d0be0e1d88a914785a6b842dedcca5c4fd065eef567c,2,1,late,part_9/late_8.mp4|part_9/late_video_1.mp4
f91dd87b1bea57f4b582a9272ef794b2114c772ad347056b945032e307a54a49,2,1,accept,part_6/accept_2.mp4|part_6/accept_video_0.mp4
fa10abd9260e94d484395587204847c4209b33528b6ddc65ad6f7095a107c5c0,2,1,s,part_10/s_1_s_aug_15.mp4|part_6/S_video_5_s_aug_2.mp4
fa80002fe2c2f68ee7d9620b6d51b5a01e0ea2198366b7a3982afcb4a6b1808e,2,1,bark,part_6/bark_20241119_172634_10.mp4|part_6/bark_20241119_172634_18.mp4
faf468655115e3e47206c8d19ffb0f4e4339328e5599706bf1e65d960087d5bf,2,1,animal,part_6/animal_5.mp4|part_6/animal_video_1.mp4
fb0076251fe156be3adcaa852ff89cbcfd7ee06406c2df904488becc693c9a87,2,1,snow,part_10/snow_20241119_172654_22.mp4|part_10/snow_20241119_172654_4.mp4
fc0b675c8e8bd2d2e4db9826f9f152680a7a1f828df87bdce02b2d311c0c6d5c,2,1,bowling,part_7/bowling_20241119_172635_14.mp4|part_7/bowling_20241119_172635_2.mp4
fc57184821d0dbeed32d42b13c5db7d516b8a2b58fe88dc0b761211dbf5beeb1,2,1,convince,part_7/convince_20241119_172638_1.mp4|part_7/convince_20241119_172638_7.mp4
fc7aebff8b51af6200e236cd3a3478fc6e6cca2a4f0ea33bc01d3c944a5d5c8a,2,1,stomach,part_11/stomach_3.mp4|part_11/stomach_video_0.mp4
fc9c092093a986b8cab760895fcbe668482930da7295f0913ab022a53ab1db50,2,1,cheese,part_7/cheese_5.mp4|part_7/cheese_video_1.mp4
fcb5707253b46b10097320866022d60f74d731ec63594bf478255766af0aa182,2,1,stand,part_11/stand_20241119_172655_17.mp4|part_11/stand_20241119_172655_2.mp4
fed306d522b2092be513108055086f1c4aeaab8f6cfafce001b3a38e43822cd8,2,1,later,part_9/later_3.mp4|part_9/later_4.mp4
feec430e87976d664a21ca30e1b5860eebb2e3644a783e4d1967e99e04768a5f,2,1,what,part_11/what_20241119_172657_1.mp4|part_11/what_20241119_172657_11.mp4
ff164917f05c812c9ee3bd35847044de132775044ee1f8cd95ee3079ee5123b7,2,1,ceiling,part_7/ceiling_1.mp4|part_7/ceiling_video_1.mp4
