sample_id,repo_path,word,sha256,size_bytes,source_proxy,dup_group_size,dup_cross_label
part_1/0004970838496565211-GUIDE.mp4,part_1/0004970838496565211-GUIDE.mp4,guide,62f85fa5b89e627cf54849c08a2fc18ac1df252bf775cd982d7662b8b36b038f,973483,numericid-WORD,1,False
part_1/000769735334819055-HARP.mp4,part_1/000769735334819055-HARP.mp4,harp,4725fff9708d69fd1db0d8ea46112d3398ad2a8eff5f7cb9dd0d64064ad39cef,575317,numericid-WORD,1,False
part_1/0009570133052014818-GO BACK_AND_FORTH.mp4,part_1/0009570133052014818-GO BACK_AND_FORTH.mp4,gobackandforth,23228fb47735bbc5fb9d9c3b483a7a73a94dd94d5e64d9c497fbb3b964b489a5,1045630,numericid-WORD,1,False
part_1/0011283188676773914-DRIP.mp4,part_1/0011283188676773914-DRIP.mp4,drip,683b791d0477b97b163829b5169fe4a81cc7e65dfe6d4bba5dca829a9ea9e0a2,463564,numericid-WORD,1,False
part_1/001282240052558281-DIE.mp4,part_1/001282240052558281-DIE.mp4,die,4b80fbb02fa855a203f268b3962dc85ebb18b0ef82cfdb8a19a43cee9549e7f9,554832,numericid-WORD,1,False
part_1/0015457596610248814-SPECIALIST.mp4,part_1/0015457596610248814-SPECIALIST.mp4,specialist,41414eb3a78d48290f2b494120731b317b4a923fb4f7bc664356446d331aaaa2,455464,numericid-WORD,1,False
part_1/001562079489014323-REPLACE.mp4,part_1/001562079489014323-REPLACE.mp4,replace,305bcc2bb45efebe3dd03a20e574617e94f716ea2a2084415e92496b8de62529,247648,numericid-WORD,1,False
part_1/001814379538470856-COMPLEX.mp4,part_1/001814379538470856-COMPLEX.mp4,complex,f63ec147469d97bd1dff4bfbd4d1680601d3ddce9611d5d34272b839c3fd486d,352424,numericid-WORD,1,False
part_1/002117980728863156-CALM.mp4,part_1/002117980728863156-CALM.mp4,calm,23aae99e0ec73489d43688c704e9de43b1aea1a5da010273ab233b03a07939f1,524296,numericid-WORD,1,False
part_1/003010373720196746-DONT WANT.mp4,part_1/003010373720196746-DONT WANT.mp4,dontwant,873b28f802a507fe529218839b7e764ccc8aba18156af9a19a4d25ce3ee99378,566892,numericid-WORD,1,False
part_1/003572310576983817-AFRICA.mp4,part_1/003572310576983817-AFRICA.mp4,africa,87c9b555ce066fad6a92de0f511237201f4b99117b7331f79ebe6ad346ee4c14,596314,numericid-WORD,1,False
part_1/004376429976792773-DROP.mp4,part_1/004376429976792773-DROP.mp4,drop,d36ffe644beb0cf765d0d415fbdc0f7bb27341a8fad65ed502d8528882c1555f,551084,numericid-WORD,1,False
part_1/004531118475225915-CLICK.mp4,part_1/004531118475225915-CLICK.mp4,click,fbf7bcb9053f9715adcc33f4d90d5aa2e190a58755da7d2f2033c16374257eea,408825,numericid-WORD,1,False
part_1/0047013579836130415-ENGINE START.mp4,part_1/0047013579836130415-ENGINE START.mp4,enginestart,6140123b3cd06bfdf485a8c31a02917c0f3825bc2f7f1752b8ec52882faf2920,494576,numericid-WORD,1,False
part_1/004798560790486794-KEYBOARD.mp4,part_1/004798560790486794-KEYBOARD.mp4,keyboard,e8a4469a811bb2fc4d6e1dc0e47abac391a4ad8767756b1de7cd74e7e5004f0f,492568,numericid-WORD,1,False
part_1/004809945592816334-BASEBALL CAP.mp4,part_1/004809945592816334-BASEBALL CAP.mp4,baseballcap,b62cbba52f93f5bb32cc6ced22838e05bb5a71a765c541294392e9b8204f923c,458820,numericid-WORD,1,False
part_1/005317918514047726-FAUCET.mp4,part_1/005317918514047726-FAUCET.mp4,faucet,dc7729b0131eb375edbb256cfee0e59953b26c8b2a0e12c9413eef3e006dd525,375307,numericid-WORD,1,False
part_1/0056041416092114105-INFECTION.mp4,part_1/0056041416092114105-INFECTION.mp4,infection,64856ccbc7449a0e3275d645c1b69a91ff4bbc17a27286c5200dcf80124ab84f,895844,numericid-WORD,1,False
part_1/005939232047473597-SUSPEND.mp4,part_1/005939232047473597-SUSPEND.mp4,suspend,0a864b0efb89086694625c983090f653bb56db217c564dff91d9ffb0a154e13a,700321,numericid-WORD,1,False
part_1/0059711020824766425-DEGREE.mp4,part_1/0059711020824766425-DEGREE.mp4,degree,ab41843fd2655c1bc224b394a81fb9f146fd3bd6c2003a2fda4183ca7ce61fac,578857,numericid-WORD,1,False
part_1/006112291010692106-ASSIGN.mp4,part_1/006112291010692106-ASSIGN.mp4,assign,06b945625b1e9af9e1c971fd0bb1d1a4b71f12b7f8fa12219bfeb4dc6dede62a,788391,numericid-WORD,1,False
part_1/00641734972788055-NOT.mp4,part_1/00641734972788055-NOT.mp4,not,9656b8cd714d047160474bc3947ddaa7d726e6a375d618ddba501e6beee6f834,380060,numericid-WORD,1,False
part_1/006466386479419883-ACCENT.mp4,part_1/006466386479419883-ACCENT.mp4,accent,78474baf1ebf572f132059bf13a9aed98f4b7abcbcf45ad7c835a6da3c290bb1,282879,numericid-WORD,1,False
part_1/0070019227198838685-MOSQUITO.mp4,part_1/0070019227198838685-MOSQUITO.mp4,mosquito,af60ac0c9ee3406f76999d5e242b81dd0177356884913a5afeb9bccc72b69539,389435,numericid-WORD,1,False
part_1/007192681349306174-LOUD.mp4,part_1/007192681349306174-LOUD.mp4,loud,b275c963ef4a83cdb73ca22dceee2a057de3b3f969de680385f63c42d1aa7fef,875381,numericid-WORD,1,False
part_1/008544076705374382-INSPIRING.mp4,part_1/008544076705374382-INSPIRING.mp4,inspiring,dbe7f01652a54f7c62e6c03eda9f1b5975d830576d213f672e4f0d539d5c7d69,409886,numericid-WORD,1,False
part_1/008737400694678765-STUMBLE.mp4,part_1/008737400694678765-STUMBLE.mp4,stumble,56ba223afd9f15b3cb3c04fcdec8a5b8c1add4c8bc48f5058e8adf2fa37bfb78,418342,numericid-WORD,1,False
part_1/009173376387241472-PRISON.mp4,part_1/009173376387241472-PRISON.mp4,prison,5c40ea19d201fd434b4a1ce36bea718d2241d39bfe9d34d70d924d369dd465c2,749272,numericid-WORD,1,False
part_1/011134288994817165-FAN.mp4,part_1/011134288994817165-FAN.mp4,fan,69c362133028f7534bb3775461827b1642419f5647886f7c7bfbc923555365c6,471767,numericid-WORD,1,False
part_1/011154764724784938-MAJOR.mp4,part_1/011154764724784938-MAJOR.mp4,major,1057177d3ceee2acada896b59c45588fe6785d43e3e74b7037c1eb77eae1f9b7,470472,numericid-WORD,1,False
part_1/011161871973210946-SKUNK.mp4,part_1/011161871973210946-SKUNK.mp4,skunk,a40136bd4fd24e927e4d46367d832abadca6b4d00ced8c208c3d2ee169ea221e,582300,numericid-WORD,1,False
part_1/01135136119206459-INTERESTED.mp4,part_1/01135136119206459-INTERESTED.mp4,interested,eef89f66a8dd99cb8b5687b62ad0b5ef17dcd9dc454fd84c49ea125309653c12,441325,numericid-WORD,1,False
part_1/011696803212028817-BEANIE.mp4,part_1/011696803212028817-BEANIE.mp4,beanie,6a47169e87bf44e10e2ce33d0b397c51472542cde078b0a01bc51d2af1d50bbc,734620,numericid-WORD,1,False
part_1/013083874100110249-WALK-TIGHTROPE-CL.mp4,part_1/013083874100110249-WALK-TIGHTROPE-CL.mp4,walk-tightrope-cl,877ea410da0f0d447f37c758f5973c6e782f61707604ab2642015d853d601e19,686191,numericid-WORD,1,False
part_1/013172617492703598-ANSWER.mp4,part_1/013172617492703598-ANSWER.mp4,answer,632d38619c982685925d9baf4550a5a485294be52dc0ff199d61dbd2df01900e,429040,numericid-WORD,1,False
part_1/013792777252140676-FAT.mp4,part_1/013792777252140676-FAT.mp4,fat,9824e852e498a856aebc1e7b0ba6366becc455f04b982da9614e207f6c21e57d,956053,numericid-WORD,1,False
part_1/014118723195684968-LEND.mp4,part_1/014118723195684968-LEND.mp4,lend,73b2d61e5aea15e5d2944eb2d42fc4292386d8a8cd35e359bdf99e82d900c192,356582,numericid-WORD,1,False
part_1/01512832712266543-OWN.mp4,part_1/01512832712266543-OWN.mp4,own,9b40fa1e58a0890b28b32f0306e781525f7fc8c84ab4d931929dada7178f6e8f,356191,numericid-WORD,1,False
part_1/015143605161060059-EAR.mp4,part_1/015143605161060059-EAR.mp4,ear,d667ba31970047fe511eb94e601e0974947021f537a6bedac5c3d91a4a070d54,370758,numericid-WORD,1,False
part_1/01537752498883549-REQUEST.mp4,part_1/01537752498883549-REQUEST.mp4,request,2058c0d1449eb0ab3da12f25c9fa44eacf7f9a700a8769d692005617571189ca,400750,numericid-WORD,1,False
part_1/016059994303593284-WEDDING.mp4,part_1/016059994303593284-WEDDING.mp4,wedding,4b8fb0314344f120baf48de0eafb2a6f6f780f03ffb8711781d42b7e9696f993,350013,numericid-WORD,1,False
part_1/016072107974967276-ART.mp4,part_1/016072107974967276-ART.mp4,art,623188978c7e90658ec15f467376d51eff906f7eca196908b068c572dc3b8844,429278,numericid-WORD,1,False
part_1/01618476176159689-STATE.mp4,part_1/01618476176159689-STATE.mp4,state,be131579c03b882ca50f9e2a3118bb992502fbb944d4055ef8a9015429962a0f,462848,numericid-WORD,1,False
part_1/016320392648127235-AIRPLANE.mp4,part_1/016320392648127235-AIRPLANE.mp4,airplane,8bcf405f66a193e220f175695c0f174a29e0478441b2348a02ed252b2bf45846,529326,numericid-WORD,1,False
part_1/016328952640028316-PRODUCE SIGN.mp4,part_1/016328952640028316-PRODUCE SIGN.mp4,producesign,431b1b53bc739f5ead6cc400e04f5c5ef0e030378c56b775571832c46f839734,590547,numericid-WORD,1,False
part_1/016542732632021773-PRINCIPAL.mp4,part_1/016542732632021773-PRINCIPAL.mp4,principal,be2443a580f2588fc3d4636ba9971467e15af0232dd1e71d0a84da1d3e2b3447,778940,numericid-WORD,1,False
part_1/016763892277617876-ESCALATOR.mp4,part_1/016763892277617876-ESCALATOR.mp4,escalator,65899577db72ac34cf8a8eaf05872e1c8093e1d6b1f924e5c6472be47473f62b,569519,numericid-WORD,1,False
part_1/016900665910519752-TRANSLATE.mp4,part_1/016900665910519752-TRANSLATE.mp4,translate,b57c501691e02f1f6aef06fbd7058b49a9273ee69da965004483261b9ca7e985,727352,numericid-WORD,1,False
part_1/017148221620277182-CHASE.mp4,part_1/017148221620277182-CHASE.mp4,chase,b5b79040fc42d065026b2ab56c9cf4cb827f9bc06753695992470ec3149673ef,655215,numericid-WORD,1,False
part_1/01728719261828071-CLAW.mp4,part_1/01728719261828071-CLAW.mp4,claw,712a9bbea71dfe07eee40b92aae5ae882d9196113d0db73db424d0a304d655af,626590,numericid-WORD,1,False
part_1/01736975825947895-DRIP.mp4,part_1/01736975825947895-DRIP.mp4,drip,50f3d1ddc08dcc0cb0cde4e195b1d62bd3cd73a1c676650812f7e82ea35a5360,605736,numericid-WORD,1,False
part_1/017706592967316137-ANY.mp4,part_1/017706592967316137-ANY.mp4,any,bbaf00a1aaa5dfdd0decf7310eabb66e4415de95c361e6213b853f8c1812e4eb,403361,numericid-WORD,1,False
part_1/01839471631115286-FORGETFUL.mp4,part_1/01839471631115286-FORGETFUL.mp4,forgetful,83db79d749c72fa0fca6e271ca3582d7f807a04883e26e0453e1da9941168e62,374044,numericid-WORD,1,False
part_1/018608011345459197-RAINBOW.mp4,part_1/018608011345459197-RAINBOW.mp4,rainbow,3288104ec08a8862ada65f9049831cf5d8b091c9fa1ddadc9346737219fa62ff,454531,numericid-WORD,1,False
part_1/01917031008539216-ISLAND.mp4,part_1/01917031008539216-ISLAND.mp4,island,c5ebadb26d97d0d4bb393e39e8cc8cfe1cb31321cd9ee637439bca67b3debb03,518979,numericid-WORD,1,False
part_1/019488418879447966-PLATE.mp4,part_1/019488418879447966-PLATE.mp4,plate,02bac0d03365a7bebb698f6fe97f97e33f7d7d45f4aa1fc399ab8d978dd3b04a,598842,numericid-WORD,1,False
part_1/01950806825844098-PRIEST.mp4,part_1/01950806825844098-PRIEST.mp4,priest,4d3a932682a83359863046e6f358bb1ddcc1a6c7267976e0c47244e1e3b1c15b,284061,numericid-WORD,1,False
part_1/02005984677857131-YAY.mp4,part_1/02005984677857131-YAY.mp4,yay,8a8c4ff3220b7d2c514732d28c6ed6643ebc8e2b9bdf69df399cb0c52e3851ce,379391,numericid-WORD,1,False
part_1/020385103296934215-STOMACH.mp4,part_1/020385103296934215-STOMACH.mp4,stomach,1d215dbff2656b5b5bb65527b3eafd76d20bfd15167d0e498e629fb820360347,491240,numericid-WORD,1,False
part_1/020802790650389813-MOVE DOWN.mp4,part_1/020802790650389813-MOVE DOWN.mp4,movedown,e77fe71f0667ec3aac3903c743310e054c50856890de8ffe81551f01ffc98dea,478070,numericid-WORD,1,False
part_1/02094806399088678-LAY DOWN.mp4,part_1/02094806399088678-LAY DOWN.mp4,laydown,6c7d838a08125a7ce5473281b87be039a6116c29bf21969afa3ace51be8745e8,582533,numericid-WORD,1,False
part_1/02108819311047294-STAND-UP.mp4,part_1/02108819311047294-STAND-UP.mp4,stand-up,bdc3d1026bc211f43c4d722490a5aeeaad2ed69c1f963ea8485ecf3a0b6ba58c,420130,numericid-WORD,1,False
part_1/02182224776558872-REMOVE.mp4,part_1/02182224776558872-REMOVE.mp4,remove,01b71bd04da11db1833067e83c6a74b9a43eda821775e8769d69d2b16b8070a9,464662,numericid-WORD,1,False
part_1/02185976473813267-SCHOOL.mp4,part_1/02185976473813267-SCHOOL.mp4,school,bb6b31a497e838f0dc26faf2b0e0e2a3585ce24a27fdad8336a5458fa515f27a,525717,numericid-WORD,1,False
part_1/022354983429386133-CHAMP.mp4,part_1/022354983429386133-CHAMP.mp4,champ,277a8a747d8b995b73deb9c4a49d742f775313b0642ce60d764537bb5794d61b,587462,numericid-WORD,1,False
part_1/022444346296865758-HABIT.mp4,part_1/022444346296865758-HABIT.mp4,habit,0271de46fc9b9289905f6ec7a6898d28ea3b08a25e94a7cdf7bc4f9ce965ab06,323193,numericid-WORD,1,False
part_1/02296398426660473-ALIGN.mp4,part_1/02296398426660473-ALIGN.mp4,align,3fbbdeae2f557b898789e74200bfb312c24c44f1720a996c3c7323910050f8af,631773,numericid-WORD,1,False
part_1/023626760901068522-DISSECT.mp4,part_1/023626760901068522-DISSECT.mp4,dissect,5cffbc628132cebe659d992065dd7fec3867057b746db105506da6370d5d767c,345494,numericid-WORD,1,False
part_1/02371450783034268-HAIRDRESSER.mp4,part_1/02371450783034268-HAIRDRESSER.mp4,hairdresser,c6b44903be7c98a498df8b411fc903c6c7523fd0b9f13e6e5cd53232cb61a8e7,574905,numericid-WORD,1,False
part_1/023985019515009975-THANKSGIVING.mp4,part_1/023985019515009975-THANKSGIVING.mp4,thanksgiving,95e3230aa82efce6a8851e01cbac842ab2b95c88e8cd6b73154b455c615d7716,670959,numericid-WORD,1,False
part_1/024024020303069715-ORGANIZATION.mp4,part_1/024024020303069715-ORGANIZATION.mp4,organization,6ca53015757b60623a0d0b3f5f81286fd6b67703151c59bf3c4176e0fcbbb461,433670,numericid-WORD,1,False
part_1/024041678740859274-ZIPPER.mp4,part_1/024041678740859274-ZIPPER.mp4,zipper,4da35279ee1427a622854a5ba478c0fa4204f0089ae0caa64570c0b67c0fb94b,516488,numericid-WORD,1,False
part_1/02448110989633312-WOW.mp4,part_1/02448110989633312-WOW.mp4,wow,8e4ce958f2cd69fa6ec60215d204aa7782f54e667107f668b11245442bbfa9e8,418181,numericid-WORD,1,False
part_1/024560003590674118-EAST.mp4,part_1/024560003590674118-EAST.mp4,east,d2ad4f642f89ee881a8f8dffd92641828d1fe8543e8ff7083dfd634e03849ace,624319,numericid-WORD,1,False
part_1/024765216926865063-WEST.mp4,part_1/024765216926865063-WEST.mp4,west,58512a082d42992dbbd51345f0ba249925d734ec6624f6f0f8298c90f3541c05,1020537,numericid-WORD,1,False
part_1/02518376260162536-GOOSEBUMPS.mp4,part_1/02518376260162536-GOOSEBUMPS.mp4,goosebumps,65af0dd4c09c3d917e6676d5a33feddece95d5977661d925322538024801c4e7,172332,numericid-WORD,1,False
part_1/02520335683762953-SERIOUS.mp4,part_1/02520335683762953-SERIOUS.mp4,serious,3ff73996e9016f474ca84d6e03e58eb5e869bc9808db302487581e5b56a25720,619621,numericid-WORD,1,False
part_1/025416276958850625-NORMAL.mp4,part_1/025416276958850625-NORMAL.mp4,normal,c5060f655992fe144b5647050ae73e10c1bf28894614d41a74bb1f95e46ef67e,632938,numericid-WORD,1,False
part_1/02601884651136177-LEATHER.mp4,part_1/02601884651136177-LEATHER.mp4,leather,4f2bc2b9079e2353710ba84e7f707060f8530c0efcce24d3f85f3859c7c904ef,989531,numericid-WORD,1,False
part_1/026396248381266085-BLANKET.mp4,part_1/026396248381266085-BLANKET.mp4,blanket,936a9d0033388f6b951a1a5decaeaa1f4bdcf211dcc386d0c9d62f2ad4189e08,482477,numericid-WORD,1,False
part_1/026478949400837504-STING.mp4,part_1/026478949400837504-STING.mp4,sting,10ff031cb6a4d5808a130fe72bf2661c89c1d89786659c6334ca1a818a7b1dbe,322053,numericid-WORD,1,False
part_1/026603013015551014-CAFETERIA.mp4,part_1/026603013015551014-CAFETERIA.mp4,cafeteria,e2e4db6b7b8ea4196ca40782fcaaa2c11b00786b6ebdd35ef9fec5fc5fae258b,419431,numericid-WORD,1,False
part_1/026630953056852924-HISTORY.mp4,part_1/026630953056852924-HISTORY.mp4,history,a17bd8442ee3fca0020aad7d64256ed95981c984a12fb93bea554100725d65ba,329908,numericid-WORD,1,False
part_1/02711411387156848-ALL WAY.mp4,part_1/02711411387156848-ALL WAY.mp4,allway,f0826cdea02df9ab485873dc1822123dd8aab0d94a64d76da6850837d2bf750b,444772,numericid-WORD,1,False
part_1/027213876772011814-MUMMY.mp4,part_1/027213876772011814-MUMMY.mp4,mummy,4f06d8b4d40c2081ad2b3216cfd074b9a8e7010add87892af0f0da6b98ba6a74,568235,numericid-WORD,1,False
part_1/027451512270941114-WORK OUT.mp4,part_1/027451512270941114-WORK OUT.mp4,workout,3f4903665df1564e24ecc1de937c8d15cac079aa43cb425438bae47fd71c3cd1,488977,numericid-WORD,1,False
part_1/027554911211600697-PLAIN.mp4,part_1/027554911211600697-PLAIN.mp4,plain,14e0d6caef37c08673bf480db7b2d37c46f7c3142131c4184838f771a6ca23a0,592509,numericid-WORD,1,False
part_1/028125374801275527-ZERO.mp4,part_1/028125374801275527-ZERO.mp4,zero,a5b86fd88efc033e6964c849bf3bb78df5f0caba25a17889b237a21a1a88bb84,465293,numericid-WORD,1,False
part_1/028495375833406555-CHEEK.mp4,part_1/028495375833406555-CHEEK.mp4,cheek,8f93d42ec4afb97b9067a7bd6ea7fbe136636876197acbe718ac0f4f3b723fba,985165,numericid-WORD,1,False
part_1/02849647094172214-MELT.mp4,part_1/02849647094172214-MELT.mp4,melt,a30152af4a2b87a83349865975bd3e1d6b70e99c2333b8eb7bfeb80e89e7a21a,1013329,numericid-WORD,1,False
part_1/02887777999652741-SNOWBOARD.mp4,part_1/02887777999652741-SNOWBOARD.mp4,snowboard,4b63d1c487f093eeb8923746e7693837ebfdadc361db02100b2ccc05ffd4cd8c,1117049,numericid-WORD,1,False
part_1/029190112469061447-seedCOFFEE.mp4,part_1/029190112469061447-seedCOFFEE.mp4,coffee,3aed09ab439044f16a6a5d3891879275bccfd1979b052b7aa02a51591994169d,1127427,numericid-WORD,1,False
part_1/029357656388827813-EVENT.mp4,part_1/029357656388827813-EVENT.mp4,event,20aabd8c6bc7fdb886e0ee5b2a2997e75868c0f5f239030bfb384b89faa65ec0,398204,numericid-WORD,1,False
part_1/029797188792581197-CLAP.mp4,part_1/029797188792581197-CLAP.mp4,clap,dd72a678f402cd8a224484ae2031bb0fa7528e735f729832c7a626d3e320d163,350644,numericid-WORD,1,False
part_1/03011304649279367-ESCALATE.mp4,part_1/03011304649279367-ESCALATE.mp4,escalate,302ae1bf24f25a5648ab220b5767b4400f8c5be270fa453e9decc8823ae853f1,496507,numericid-WORD,1,False
part_1/03024145767370201-DONT LIKE.mp4,part_1/03024145767370201-DONT LIKE.mp4,dontlike,787ba77e026463b9192e32d6f0f8fdc1b761b089c99503f42e748bf0683d71f1,871094,numericid-WORD,1,False
part_1/030688045834717848-GIVE UP.mp4,part_1/030688045834717848-GIVE UP.mp4,giveup,378cdb5825a3bb4556375b3b8f420e5d59c607f3b8c2295723b000a3375120be,315034,numericid-WORD,1,False
part_1/03088268698265395-SHIELD.mp4,part_1/03088268698265395-SHIELD.mp4,shield,a4f4f031eb49f19c96b4904f7ea8e7701d07ba500cf1af758b2d196d937686c4,366847,numericid-WORD,1,False
part_1/031021396234431675-ANGRY.mp4,part_1/031021396234431675-ANGRY.mp4,angry,bb6087b5c857932de2b94ee1a4bdf921113fa8b3191560988474941578b8839a,310103,numericid-WORD,1,False
part_1/03150905619350208-SELECT.mp4,part_1/03150905619350208-SELECT.mp4,select,19cd9d906dc60c6d6fc80b0983cdbab49af18fda4f2ae9942a411cb3180e8d71,418955,numericid-WORD,1,False
part_1/03162833308491719-seedSTRANGLE.mp4,part_1/03162833308491719-seedSTRANGLE.mp4,strangle,5865af21673154cc64de37427d3665f6752395270b0e4fc48d64a8720cffde6a,674150,numericid-WORD,1,False
part_1/03187648265200993-WEIRD.mp4,part_1/03187648265200993-WEIRD.mp4,weird,3c730de9b5608f8f68fdc9106fdb80f26196c61a328dce5b5de90c19b71db723,362791,numericid-WORD,1,False
part_1/03191004193493363-OVERLOOK.mp4,part_1/03191004193493363-OVERLOOK.mp4,overlook,31f0239fbd9f55be858f5a7867ff9e6b3aff3ef24dbb8a986c2d6e6cf042df65,356308,numericid-WORD,1,False
part_1/031973506034731924-SODA.mp4,part_1/031973506034731924-SODA.mp4,soda,abb77191ff707c8f0a4c00c6de79289394c109cd1d094c4a1691088b74374136,469953,numericid-WORD,1,False
part_1/03324413261492598-ENGLISH.mp4,part_1/03324413261492598-ENGLISH.mp4,english,ec7021cdcb12fd83d0663b1da3118907f87f9d1d387b08c9fe18eff3a34570d0,376080,numericid-WORD,1,False
part_1/033295161052134814-GORILLA.mp4,part_1/033295161052134814-GORILLA.mp4,gorilla,696375e4244fb22a2e78a317d1457edc8611d92cf3f5fe0e52fc444a292c8e01,786218,numericid-WORD,1,False
part_1/03405279560244989-CUT REMOVE VID.mp4,part_1/03405279560244989-CUT REMOVE VID.mp4,cutremovevid,12bfa744a5badfff60219544e2635520216fd8f2a365d3cda1967eb11fd59eac,739360,numericid-WORD,1,False
part_1/03433722050776988-TIRED OF.mp4,part_1/03433722050776988-TIRED OF.mp4,tiredof,d35421253d13d38d912ec85622d61c07920ed7695bd8121f5540cbebdb4f64bc,166910,numericid-WORD,1,False
part_1/03445133771226505-TAKE CARE.mp4,part_1/03445133771226505-TAKE CARE.mp4,takecare,c6c3ae57451a058718d59ab625baaa3be05836156145e029de58912f952ace52,611491,numericid-WORD,1,False
part_1/03485280022932424-HOLD TOGETHER.mp4,part_1/03485280022932424-HOLD TOGETHER.mp4,holdtogether,ea02962aace28a0657f509e37be280f93ce5765c5b1ec612bc261c330ea71928,1140702,numericid-WORD,1,False
part_1/034877795680329005-BLAME.mp4,part_1/034877795680329005-BLAME.mp4,blame,966997859831469be9edb222f67fdc4d214f19c6e59166f18c472dcab3a229e4,1187464,numericid-WORD,1,False
part_1/03506137990077707-SINCE.mp4,part_1/03506137990077707-SINCE.mp4,since,5191e542876399a7c0b8f32ca5bbc32e46b7714d40b9e883895d6a716e121820,452078,numericid-WORD,1,False
part_1/03513192758742467-SOPHISTICATED.mp4,part_1/03513192758742467-SOPHISTICATED.mp4,sophisticated,2d764a74251fa4d6af3c16faf55dbe80f2b4b990b3c9e8ebaa6be61943f2b845,805383,numericid-WORD,1,False
part_1/03582115602621383-SIDE.mp4,part_1/03582115602621383-SIDE.mp4,side,a5f75cfc50a2f3afe1263dc9994a69c7b061f4d68e8a428ca5a96fb9ee56f1ca,543832,numericid-WORD,1,False
part_1/03585824164426854-CHINA.mp4,part_1/03585824164426854-CHINA.mp4,china,df6519d04e8320a76278e136391715f891b985c62af396200570588511c5e8a7,1295042,numericid-WORD,1,False
part_1/037495253259864025-COMMITTEE.mp4,part_1/037495253259864025-COMMITTEE.mp4,committee,2191605534403229845c1699bd8f0699b18898b578808de464cafd246056701d,501822,numericid-WORD,1,False
part_1/037939429219899345-SPOT SOMETHING.mp4,part_1/037939429219899345-SPOT SOMETHING.mp4,spotsomething,2d08e5142d7ba4e658da50abf8e54d7babf208d455889b30db94dddb59756485,569050,numericid-WORD,1,False
part_1/0383508135640489-WILL.mp4,part_1/0383508135640489-WILL.mp4,will,4292c40d3bb3952e8b243ba3c8e46696442721bbe10b87aeef70e8d30228f569,322654,numericid-WORD,1,False
part_1/038824905554629474-DOWNHILL.mp4,part_1/038824905554629474-DOWNHILL.mp4,downhill,575fb1d2825f982ecbc87ce397a3fa7679d35715b7c55fc83458cba893f18ea4,632031,numericid-WORD,1,False
part_1/03895174328953499-CALCULATOR.mp4,part_1/03895174328953499-CALCULATOR.mp4,calculator,36009fd54a99f55de8eeb33fa330978456cb42a52bfbacc0c2d3b9654f93fb43,852763,numericid-WORD,1,False
part_1/039298153256774215-CANCELLATION.mp4,part_1/039298153256774215-CANCELLATION.mp4,cancellation,f32252323aaf28488b7ed76835af633a6054247ab71f4850744a6cf83f8eb1b2,386841,numericid-WORD,1,False
part_1/039311828107857494-FEEL.mp4,part_1/039311828107857494-FEEL.mp4,feel,47805c9091ac7f28e8b81c50042c6ef1ce0a40cf79ee3c8080273fc6938a257f,662188,numericid-WORD,1,False
part_1/03937988112658353-LONG WORD.mp4,part_1/03937988112658353-LONG WORD.mp4,longword,9226f9e769811dde966d3a28223146782b53e2b81bbf6f6eb364e50f0c52454a,378507,numericid-WORD,1,False
part_1/03939301224865832-ARMY.mp4,part_1/03939301224865832-ARMY.mp4,army,51c08efe5055cafa81fbcfd1deadaa830da133f081cfbf94d43512b75e6538b4,761638,numericid-WORD,1,False
part_1/03986864186458483-SKI-CA.mp4,part_1/03986864186458483-SKI-CA.mp4,ski-ca,d59e54080762f7e7829aef4ee8c466aa6bdc04b15b9bd6db2eaf3b1431501a7a,432495,numericid-WORD,1,False
part_1/0400531275575029-HIGH SCHOOL.mp4,part_1/0400531275575029-HIGH SCHOOL.mp4,highschool,9651eb4cf50c29e9388d6c2819c3f701fa1af7ec399db0d7e2294d729edf6ae9,272826,numericid-WORD,1,False
part_1/040062474583947294-EFFECT.mp4,part_1/040062474583947294-EFFECT.mp4,effect,46b104bd11d8b6297b3465445eefa19aecdd93b82e75c14abc986c68c9f8ad25,500815,numericid-WORD,1,False
part_1/04009125576648165-METAL.mp4,part_1/04009125576648165-METAL.mp4,metal,dcc7f939a8eed01a81dfc1e4ddf7323e49c55efdf8317c1d99ef4ec5812a606e,348569,numericid-WORD,1,False
part_1/040206894467550436-PLUNGER.mp4,part_1/040206894467550436-PLUNGER.mp4,plunger,78ca784e1dd9c696c0373c3ed075b7fe0e64ec91634045bca4d11ceef6c2154e,770798,numericid-WORD,1,False
part_1/04062123298701947-NAIL.mp4,part_1/04062123298701947-NAIL.mp4,nail,ee599e87d43562a02ae905f1f768c95d3e2abc2fedc4a1f9884e77a080858297,478955,numericid-WORD,1,False
part_1/040801452480617284-ASSISTANT.mp4,part_1/040801452480617284-ASSISTANT.mp4,assistant,05c8e84528335abf8fb7bd1077f6471eb0b37dcffd88e8deae94d833a9816a78,578954,numericid-WORD,1,False
part_1/04086427732072373-MEGAPHONE.mp4,part_1/04086427732072373-MEGAPHONE.mp4,megaphone,f0d7381c5a3c5865caba75c431192d78371c9144c62618e0216b35eb82f2bccc,1187092,numericid-WORD,1,False
part_1/0425054791021211-DOMINANT.mp4,part_1/0425054791021211-DOMINANT.mp4,dominant,2c2f5f728c0ddef3b938af35bf7792b22158d5b3755e51288ac451d8de2e4377,483160,numericid-WORD,1,False
part_1/0432114553792855-EXPERIENCE.mp4,part_1/0432114553792855-EXPERIENCE.mp4,experience,78df7b92165a2c7a1c500019d4e9647a38480f6a045c832943b96f99720f0cc4,464954,numericid-WORD,1,False
part_1/04404179948867548-AUDITORIUM.mp4,part_1/04404179948867548-AUDITORIUM.mp4,auditorium,bef3bcb7af45a7a8abafcc8783b24ab1806a8a1541d67576509a7ae3ce798b32,1082953,numericid-WORD,1,False
part_1/044074874833830435-LIST.mp4,part_1/044074874833830435-LIST.mp4,list,3469327edca93f4e7cf65c508aad9d9a9e2b1b6a29bb028084fbafafe5f54abf,490361,numericid-WORD,1,False
part_1/04496164390182322-MIME.mp4,part_1/04496164390182322-MIME.mp4,mime,da413adab142f9a6d6e6f9abe448b411a454b8622f383c3da77323e34ffbad6e,731507,numericid-WORD,1,False
part_1/04600046798432267-THAT.mp4,part_1/04600046798432267-THAT.mp4,that,146fcc2234010d84c1dbba8c7393c3e23717f9fec602b9066f2a49480f1f69b1,448401,numericid-WORD,1,False
part_1/046644995711657256-CHAT.mp4,part_1/046644995711657256-CHAT.mp4,chat,cb896cb3a6ddcf7e2cd66b5f7f4462a3cb43f00a3c6949379f18781f1b7b5f7f,444093,numericid-WORD,1,False
part_1/04690553070267223-DRIBBLE.mp4,part_1/04690553070267223-DRIBBLE.mp4,dribble,414b66dc23a854ceeea04939c97c749510ad63aaa4b8e64b35b2024eda7010e0,481040,numericid-WORD,1,False
part_1/04712680635590161-seedPLUS.mp4,part_1/04712680635590161-seedPLUS.mp4,plus,7d58f3b5804a9f014ac41091888fb442e3e2eef3d1e3b0c4ccc263102ce36487,1035649,numericid-WORD,1,False
part_1/04719718112425375-VIBRATE.mp4,part_1/04719718112425375-VIBRATE.mp4,vibrate,d20c9e7438e9a15bd24d74b7d226a7a72b25866ab3dd4fa2f072ed52e08fc70b,682020,numericid-WORD,1,False
part_1/04736596229082357-SHINY.mp4,part_1/04736596229082357-SHINY.mp4,shiny,195b0d6c54bc8a3c039ba84e31d3282d768a7ff5b92b940623b7a04d3ea805e3,647006,numericid-WORD,1,False
part_1/048776623388550044-BYE.mp4,part_1/048776623388550044-BYE.mp4,bye,2682060a0e77880259085867f09ce8bedb8e87c9d0d229ee0f38a798a660510c,368308,numericid-WORD,1,False
part_1/04928839548074326-DIG.mp4,part_1/04928839548074326-DIG.mp4,dig,2bec90e5bb4eb3faad514a5e432faeace43cae60bdfd787cd42beeb4ef5a9cac,878597,numericid-WORD,1,False
part_1/05007426062589193-PLAYERS.mp4,part_1/05007426062589193-PLAYERS.mp4,players,5846ec2a581d9282a6058c0ea7a9717ea66ab5ba91020626e5037d3b3af32d6e,521371,numericid-WORD,1,False
part_1/05027944513859417-SPIDER.mp4,part_1/05027944513859417-SPIDER.mp4,spider,3157e672d1ed5f09c8e2900b6c04bf1b73954b72e8e2fcdbd76b5cdcd38141cd,508522,numericid-WORD,1,False
part_1/050352422459215784-OPEN.mp4,part_1/050352422459215784-OPEN.mp4,open,648155f1fafce742dc5beff823f8f5865bab556fed25fad8b6f0ebf9755dd673,436008,numericid-WORD,1,False
part_1/05048802594495316-ORANGE EYES.mp4,part_1/05048802594495316-ORANGE EYES.mp4,orangeeyes,ae635baeb54f17f0b31f9a73ee8f04d4150fc0bd73f4f5c50b00964fb11ca5d2,720961,numericid-WORD,1,False
part_1/05154230822785655-STEP.mp4,part_1/05154230822785655-STEP.mp4,step,f155a37936834c493f8f36fb2b292a3effa6cf07836df918d158febc1d8b571e,541307,numericid-WORD,1,False
part_1/051581123390527006-MUSTACHE.mp4,part_1/051581123390527006-MUSTACHE.mp4,mustache,dbd0e5ce19d07aac14b65da8ad208416cfe1ff8be19820b30093e9dd23f45003,579636,numericid-WORD,1,False
part_1/05173427503594241-HATE.mp4,part_1/05173427503594241-HATE.mp4,hate,62036a97d72546a440c8be61f735ef1865fcffbe2d1d735b403e28a3ce75fbe3,462108,numericid-WORD,1,False
part_1/05207207976510686-ROB.mp4,part_1/05207207976510686-ROB.mp4,rob,939f0b4f3deccd868e71e840361e583295b05ec3ab8d95b4350473bdaf22f022,573259,numericid-WORD,1,False
part_1/05219141482368883-VEST.mp4,part_1/05219141482368883-VEST.mp4,vest,c7d5d44d5e3a69779dd082fa0a11b9407d2e09d7335d2c9a8fe58145e38bfa99,490895,numericid-WORD,1,False
part_1/05269396381933089-seedUNICORN.mp4,part_1/05269396381933089-seedUNICORN.mp4,unicorn,17d8ab46f0a2a91a0d9fc06a867cbda0a1feebe072eb12a7c4f6492d075550d1,779689,numericid-WORD,1,False
part_1/052906472872056964-FRIDAY.mp4,part_1/052906472872056964-FRIDAY.mp4,friday,09d1237c048dc391bd877f2d2be26524a3854012618b9abed7a2e8979d4279c3,403649,numericid-WORD,1,False
part_1/05293400612328547-FULL.mp4,part_1/05293400612328547-FULL.mp4,full,a6028e6347d28b9806790a09410a0e9ee6edb79f24ed0cb01607116886999e35,517838,numericid-WORD,1,False
part_1/052982290989393555-BIB.mp4,part_1/052982290989393555-BIB.mp4,bib,6785b8739783de13e365ad340494a5848dd7a389c7fc26a1df7dcd16fbecc958,738242,numericid-WORD,1,False
part_1/05300176493024167-HAPPY.mp4,part_1/05300176493024167-HAPPY.mp4,happy,12df71328c0863f1af5c3edbe5715b133714f3a6fc7ceb9e1b15cb4e30af8b07,340554,numericid-WORD,1,False
part_1/053736961760217916-CANDLE.mp4,part_1/053736961760217916-CANDLE.mp4,candle,000481294bedf48756bd7d42415ef025c4476e1c976accda6a7337f9f4e67771,476836,numericid-WORD,1,False
part_1/05427524094274294-MEETING.mp4,part_1/05427524094274294-MEETING.mp4,meeting,6d0c5e49b11efd75b3c8ced1f024560bba41ea6dd2bc22efeff3a5848c19341b,568112,numericid-WORD,1,False
part_1/05450889049483698-EASY TO_DO.mp4,part_1/05450889049483698-EASY TO_DO.mp4,easytodo,c8e0821bad2728bcb81bda8b14169689fa0c2e0fc5335316f44172b53902c22f,658824,numericid-WORD,1,False
part_1/054640822045803006-THAT.mp4,part_1/054640822045803006-THAT.mp4,that,1436f00433b74a99d0a2466f733efaff7be232b5b19c5b2b53c6c5f15840b3b6,620292,numericid-WORD,1,False
part_1/05495200688424107-AVOID.mp4,part_1/05495200688424107-AVOID.mp4,avoid,c5ca8856c151a02a48ff6e5c928b4532ee24d46955ffe08eae291cee0b9ec513,865809,numericid-WORD,1,False
part_1/05519054146014368-FISH.mp4,part_1/05519054146014368-FISH.mp4,fish,6e056534231f541b45d364f154f2d9c55c64a0238f5a4200179149b0e2a1c972,588071,numericid-WORD,1,False
part_1/05529229163365468-LEATHER.mp4,part_1/05529229163365468-LEATHER.mp4,leather,03e4863529bba063024de7180b91ffda376427506f8572f7f9b47966c6e55617,470303,numericid-WORD,1,False
part_1/05530025137611427-NOSE.mp4,part_1/05530025137611427-NOSE.mp4,nose,f8fcc7c94f3b5156482b5f56d1e6f2f5dbd102c9826503d17faf572432d99c4d,391169,numericid-WORD,1,False
part_1/055352722748511995-VOLLEYBALL.mp4,part_1/055352722748511995-VOLLEYBALL.mp4,volleyball,1a7c06d066389b540e738f49516373111e36d6bcd4dd44a76a16c44c78ccf24a,565432,numericid-WORD,1,False
part_1/05540223095463581-STARBUCKS.mp4,part_1/05540223095463581-STARBUCKS.mp4,starbucks,913b28cc4c0d0932ec7c76dbbb0a5c77ee5f3e41834f1e040040a3688e6ee21b,541930,numericid-WORD,1,False
part_1/05565288508425659-BITE ON_ARM.mp4,part_1/05565288508425659-BITE ON_ARM.mp4,biteonarm,cc85c4bf32c5ef174dbd43d1bfd0cecbe29608481ba4a1c53b776b2d0866fff2,486469,numericid-WORD,1,False
part_1/056094110311323275-BLOUSE.mp4,part_1/056094110311323275-BLOUSE.mp4,blouse,e6475dd2672b0d9ec4d870b0d09623c58faae8168cdfa1a68a19f29b9f176040,458210,numericid-WORD,1,False
part_1/05634892214045806-FOCUS.mp4,part_1/05634892214045806-FOCUS.mp4,focus,a40fd30c388ffd205e91139ed54392773969390b5a2d5c597e2e2f6cd7486678,476159,numericid-WORD,1,False
part_1/056742150623056764-HATE.mp4,part_1/056742150623056764-HATE.mp4,hate,603472b3c12be839232cc4500d26c4065e17729c9eac9953bc6877f5884279ae,399657,numericid-WORD,1,False
part_1/05697183864816657-OCTOPUS.mp4,part_1/05697183864816657-OCTOPUS.mp4,octopus,1730c7003a59bc0dcc39e2c324fcbab9b3d6d22881f8c7e37065f8646afb002a,656804,numericid-WORD,1,False
part_1/05711711994795321-STRING.mp4,part_1/05711711994795321-STRING.mp4,string,78c53de654ce4104d7753f4d8d6ae57bbadd031e2c1258a4ed7f0b37299643d6,752662,numericid-WORD,1,False
part_1/05720203209234542-SUCK THUMB.mp4,part_1/05720203209234542-SUCK THUMB.mp4,suckthumb,7e0611ded1e6755cb4ea2ee6a4cec64dc5aa85e2fc54cdc9e4e01d1a9c6bc1f1,360619,numericid-WORD,1,False
part_1/05753904415272859-seedFARM.mp4,part_1/05753904415272859-seedFARM.mp4,farm,1afe612a63346f8d6ef4480076e43347acf5faedd8ff566ea26c16f85725c224,1378764,numericid-WORD,1,False
part_1/057556263572714705-STAPLER.mp4,part_1/057556263572714705-STAPLER.mp4,stapler,f724d71a1ec6fa24c1d4d4765068bb76ac8067f2cc9d00d1ad93a949ee3c16bf,341861,numericid-WORD,1,False
part_1/057661881937279835-PASS OUT.mp4,part_1/057661881937279835-PASS OUT.mp4,passout,7c864c4ef132131aef1c68b3443b8102fb835575eba132eb0b8f9c2cdcefd1ea,369857,numericid-WORD,1,False
part_1/057961626489608786-DISNEY.mp4,part_1/057961626489608786-DISNEY.mp4,disney,288a291288674c0f6a4cc9644b8e01720082d1cd9a28316eef247bc772bcee82,211453,numericid-WORD,1,False
part_1/05851410984809369-TOUGH.mp4,part_1/05851410984809369-TOUGH.mp4,tough,7707ff3e485dd60f1efe32d1503c3c93f6f109ed061e18d819f9af59161d7d97,365267,numericid-WORD,1,False
part_1/05852341398557592-GENERATION.mp4,part_1/05852341398557592-GENERATION.mp4,generation,5716d82fa52e71207df620562bdd10a6ee04de8b10c208d8f0eba2b8f772118e,419731,numericid-WORD,1,False
part_1/05872954283088094-STOPWATCH.mp4,part_1/05872954283088094-STOPWATCH.mp4,stopwatch,afda128a2e52910b56804a7d6f250cd9becbb55156f00d03959764506ee16919,412993,numericid-WORD,1,False
part_1/05895826119127845-WORM.mp4,part_1/05895826119127845-WORM.mp4,worm,25b8d5b0b7bc5c8c739e11a75dc91e9c80cb9a6308d50eed49715595cd1f1a51,409966,numericid-WORD,1,False
part_1/05896609052960833-IDEA.mp4,part_1/05896609052960833-IDEA.mp4,idea,0a4557e312608ec90d2b9e16b7f426da1a52af50d89ffe36f75130d89f38640d,353156,numericid-WORD,1,False
part_1/05901498725772769-PERFECT.mp4,part_1/05901498725772769-PERFECT.mp4,perfect,2ad8e44d09f5d49313d2d3ef99b354fcb4b0991a589de99291ee0d28eedcbea6,409083,numericid-WORD,1,False
part_1/05960401252194858-BRAINSTORM.mp4,part_1/05960401252194858-BRAINSTORM.mp4,brainstorm,759238ef0cf594a98376154a79a0067a974ead7207b572bddf66d2a3481d4a77,386277,numericid-WORD,1,False
part_1/06049408391461086-THRILLED.mp4,part_1/06049408391461086-THRILLED.mp4,thrilled,e7a7e31a714e3346ae9509e851ada55520a41b0bb86c798732ad3e6ff2ab034e,474497,numericid-WORD,1,False
part_1/06061645143738659-PERCENT.mp4,part_1/06061645143738659-PERCENT.mp4,percent,cc0fe63f34a0f8dbc916de1f4f3ee82cc5c81cc07cb3414ca7a8fcd306d38c01,363106,numericid-WORD,1,False
part_1/06067548899251718-CHAMPION.mp4,part_1/06067548899251718-CHAMPION.mp4,champion,6bf9a98d34fd2c7754b6cf79bb2062d04e26187912f4553f449dabd9b9a2f381,817481,numericid-WORD,1,False
part_1/060999688755789094-PLIERS.mp4,part_1/060999688755789094-PLIERS.mp4,pliers,70f9b9261d71e6bd3e2cec08a20d0b89d71d4d95577092889fa4228ef6cb7edf,1166181,numericid-WORD,1,False
part_1/061121861139364464-ALL WAY.mp4,part_1/061121861139364464-ALL WAY.mp4,allway,f38339de34abb098ebb50e22ef19cb15feb2eb6fe8efc1c41e66a5718bf9c5c6,459237,numericid-WORD,1,False
part_1/06117592760150714-FACE.mp4,part_1/06117592760150714-FACE.mp4,face,249798cee0a17a2fb9b1aeacad2fb68aeab8cfb0545df66a475e7a04d004ad5e,337005,numericid-WORD,1,False
part_1/061175937439474026-NOSE BLEED.mp4,part_1/061175937439474026-NOSE BLEED.mp4,nosebleed,fab1dce6d8bb1dfd2d01966b4074a8f4ee64a692d7338e8087dbfc6221a3d2fc,474820,numericid-WORD,1,False
part_1/06216853085016161-TAN.mp4,part_1/06216853085016161-TAN.mp4,tan,2718170a527661a7bbdf7a7b6626cc78da1faeaf4ac281b11be383cfd6c6e5a0,521874,numericid-WORD,1,False
part_1/062188296039833-LET ME_SEE.mp4,part_1/062188296039833-LET ME_SEE.mp4,letmesee,98f9730cf7e3eb0a8946980dd6fc6ceac509edc1627fddba1cbbd72c6b56a03c,222447,numericid-WORD,1,False
part_1/0623205087261407-TWIRL.mp4,part_1/0623205087261407-TWIRL.mp4,twirl,0ace6b80cff6dfe3eb60a56535d8cbbecf3292338ea908bab0da16b1f598cfda,655861,numericid-WORD,1,False
part_1/062364463803266545-EARTH.mp4,part_1/062364463803266545-EARTH.mp4,earth,a2ced2a14736859fbc11d029e25509c5ab798afdf0336e99747589122391ca52,549154,numericid-WORD,1,False
part_1/06250661500867993-AIRPLANE.mp4,part_1/06250661500867993-AIRPLANE.mp4,airplane,cdb4c5078fbccf9b42da6bdb1fb2350b9b8ec6e818c88b33a33dca0a2282f0c7,437402,numericid-WORD,1,False
part_1/06254613801507869-PRACTICE.mp4,part_1/06254613801507869-PRACTICE.mp4,practice,69c07ab93f8817023605238be1b3e6e7aa57c3891610fba3d953a253159e4c00,690683,numericid-WORD,1,False
part_1/06383166189041911-ISRAEL.mp4,part_1/06383166189041911-ISRAEL.mp4,israel,02d2b92c0931ff45e51433df23ea1ac63d4d1200651a0fd6c27afd4c14e7fb77,576672,numericid-WORD,1,False
part_1/06386109001311979-SLINGSHOT.mp4,part_1/06386109001311979-SLINGSHOT.mp4,slingshot,e19c36872fe33dc3c2f5941496ffc81ec45ce1a282d08b5129ae5c7b043cdb84,438248,numericid-WORD,1,False
part_1/0643558457378981-COUNSELOR.mp4,part_1/0643558457378981-COUNSELOR.mp4,counselor,ab10ab8aa86511243cedf49cdbf31536692ac5e0901ddb522977a0a342cbc52d,421625,numericid-WORD,1,False
part_1/06445021573092546-INTELLIGENT.mp4,part_1/06445021573092546-INTELLIGENT.mp4,intelligent,13ed025afddcc1a94c26de1c83b35e0adc510f59686017fe70f19117a344cd58,555618,numericid-WORD,1,False
part_1/06449354422980114-FILTER.mp4,part_1/06449354422980114-FILTER.mp4,filter,61242bc440b5a8a9d6f1cbeb28aedecd42a39f727371b4edb67dcd4634a6a54b,324691,numericid-WORD,1,False
part_1/06596525552681887-WATERDROP.mp4,part_1/06596525552681887-WATERDROP.mp4,waterdrop,20a9b2a96a25ac02c8558baf52fde35f8d2ef7c89a612ed4171699c501b672d1,404782,numericid-WORD,1,False
part_1/06596652190118824-ROSE.mp4,part_1/06596652190118824-ROSE.mp4,rose,2b80ad18ce1a8fcb9415cf485db2a1b4c5fdef7bb263969522a1ef72a3754120,549973,numericid-WORD,1,False
part_1/0659852923794384-SHOCKED.mp4,part_1/0659852923794384-SHOCKED.mp4,shocked,69e3934fdf4a2dbfaf8a4b40bc868b91743bd77dcac98f70b1d7cbebb85b9b43,442619,numericid-WORD,1,False
part_1/06621721837888139-BLUR.mp4,part_1/06621721837888139-BLUR.mp4,blur,f15cb3830a36fe653caea9e2e8799ab194af6494c5ceb3e249f9bd5dedb30b1e,447355,numericid-WORD,1,False
part_1/06648735301550812-ORANGE THROAT.mp4,part_1/06648735301550812-ORANGE THROAT.mp4,orangethroat,6ccece453b40128df77d81b687ab2f8f72293228621d0e4d84c965e46c3743fd,1081853,numericid-WORD,1,False
part_1/06667344658822971-DEODORANT.mp4,part_1/06667344658822971-DEODORANT.mp4,deodorant,c9013b32ae262fc8cfb4e0b750a4e3e52987080a71343f3a0a820384c3d9655b,484019,numericid-WORD,1,False
part_1/06684888263881805-TEASE.mp4,part_1/06684888263881805-TEASE.mp4,tease,5eb25d8d310270812a4e14bd87ec9dea30493ecf84aeab6834f387633ea2c379,1260842,numericid-WORD,1,False
part_1/06697558113247015-HEADPHONES.mp4,part_1/06697558113247015-HEADPHONES.mp4,headphones,00aebabc03997422f11b2d8680adc76634e437b363d858d6da272845493cbb91,355186,numericid-WORD,1,False
part_1/06719565918762238-BEAVER.mp4,part_1/06719565918762238-BEAVER.mp4,beaver,e56925bd4334265618a0735fba855a44fd53a34d93007a40af3a6b7dd0ed51a3,565070,numericid-WORD,1,False
part_1/06863106115468454-YOYO.mp4,part_1/06863106115468454-YOYO.mp4,yoyo,f5e873ed4fb203baaec34cfc9efca27315d750329b558b682fb7ca87f7aea8fc,472344,numericid-WORD,1,False
part_1/06916785652169821-SWEAT.mp4,part_1/06916785652169821-SWEAT.mp4,sweat,6dfaaa97f329abfcc18ec79764f959c6bf5d24211297cb01a421ab265125207e,380266,numericid-WORD,1,False
part_1/0692281470636793-SHOES.mp4,part_1/0692281470636793-SHOES.mp4,shoes,999ce1d66a0cb11648928784ae14c6bce7c72160b3fc9818e97b988dee08544c,679760,numericid-WORD,1,False
part_1/06947160197631552-MAID.mp4,part_1/06947160197631552-MAID.mp4,maid,fe3643bce645e26cbeb3f975f9b76b3eb8562f259871ded15d65280a478e6ec5,485933,numericid-WORD,1,False
part_1/06982327750615669-BOARD.mp4,part_1/06982327750615669-BOARD.mp4,board,61a455f294eac6d4a7f21b2ad56784a1888c0cffd9be607c7d311b7b8ca1b086,287087,numericid-WORD,1,False
part_1/0699258230683304-BLUSH.mp4,part_1/0699258230683304-BLUSH.mp4,blush,fbbd8401d5ee896ada2280c11e15fbb6b49a8ce980380b0d71240ef0e9151d9a,568150,numericid-WORD,1,False
part_1/070238749478994-ECLIPSE.mp4,part_1/070238749478994-ECLIPSE.mp4,eclipse,4a23a746369755d3552aa188125278abac5285c7564ff72ec55ad92b77e6760b,643613,numericid-WORD,1,False
part_1/07035596702273028-JAPAN.mp4,part_1/07035596702273028-JAPAN.mp4,japan,aaf743548d96a3fd96ab106e45867a1f7890a932d0ecc772c1fcf63a0ad619e0,554549,numericid-WORD,1,False
part_1/0704393991202783-FORMER.mp4,part_1/0704393991202783-FORMER.mp4,former,650b72cbd12977af9e42feba7b7b02b751d3ec71ede747b15fa110fca1b28447,943292,numericid-WORD,1,False
part_1/07049522163394939-SELF.mp4,part_1/07049522163394939-SELF.mp4,self,a7d0ed3be02d2c43f206454251c27bf06bbbae3f745f62acbb10baa40542fdf4,640956,numericid-WORD,1,False
part_1/07055642168322596-SOCIALIZE.mp4,part_1/07055642168322596-SOCIALIZE.mp4,socialize,673a476fb1de7128cebe4c2a86643f745c608257156c32ed474d5c7136a3afb6,710314,numericid-WORD,1,False
part_1/0713726744968779-PIG.mp4,part_1/0713726744968779-PIG.mp4,pig,cdcfee1446f5321187ee8e58516ecd2516817df159d83d25d42c0ca49d4f2369,331437,numericid-WORD,1,False
part_1/07142439585538662-HUNT.mp4,part_1/07142439585538662-HUNT.mp4,hunt,958b92655bf586d781fa030b87fb6a5cb03325fcadadc69ec75990388d09205d,445832,numericid-WORD,1,False
part_1/07154468559685045-THINK PONDER.mp4,part_1/07154468559685045-THINK PONDER.mp4,thinkponder,d54fe9f41ddbcf8e270739577d0dcb047f844d8d230b761e9cc04f225d8e5099,1079627,numericid-WORD,1,False
part_1/07221071917738486-ALL GONE.mp4,part_1/07221071917738486-ALL GONE.mp4,allgone,b012597d0216836c9bd2c6b89a2ce21a2cc48879741d1168be37c5d28a6d8119,312553,numericid-WORD,1,False
part_1/07263724798158067-OK.mp4,part_1/07263724798158067-OK.mp4,ok,a07019ffb603bc56224830e74a2a01d58f65e4c3b12cc57359d4ad7704fab3b6,564187,numericid-WORD,1,False
part_1/07393747212687773-CAR BATTERY.mp4,part_1/07393747212687773-CAR BATTERY.mp4,carbattery,7c6b4eb645924b8e0406d59b1510c4ceb59aad1230d358048a03bf2a9d720b7c,274342,numericid-WORD,1,False
part_1/07431273052799936-CAPTURE.mp4,part_1/07431273052799936-CAPTURE.mp4,capture,063b9b0a78aeae3fc0ea03001525d47f9effc9a1340f1606aa678dfe08930d37,424334,numericid-WORD,1,False
part_1/07523605105346198-HINGE.mp4,part_1/07523605105346198-HINGE.mp4,hinge,95450664c7d829ed4e933f6333d760d7c9fbddbefd80bec7fb76c8c1b9333b32,365421,numericid-WORD,1,False
part_1/07582590427612179-BRIGHT.mp4,part_1/07582590427612179-BRIGHT.mp4,bright,066e453bf5c7ca5e7d581dc2d87e895edabbc79972fb5b7dece117965f32064b,470408,numericid-WORD,1,False
part_1/07605823285762692-VALIDATE.mp4,part_1/07605823285762692-VALIDATE.mp4,validate,c997e59299f73009ebb79b781f3b21e01cb0289a69153ad27bbda1feb2adb155,736374,numericid-WORD,1,False
part_1/07652904644501302-PONDER.mp4,part_1/07652904644501302-PONDER.mp4,ponder,df876b9c38c4603726cbd661086ce8e5e33024411b7a9e862ce06e3fdc0965a3,581888,numericid-WORD,1,False
part_1/07732970042675213-HAPPY.mp4,part_1/07732970042675213-HAPPY.mp4,happy,3f072ef4f920c69a511621b04ffa5013905474f6b979cb57ae2f460f1e1da6d7,328764,numericid-WORD,1,False
part_1/07785675032422357-BASIC.mp4,part_1/07785675032422357-BASIC.mp4,basic,5aee789ed1eac3a0894ef2c53940e82d4548613f3c8f872be7e4ba53db02e2ae,644061,numericid-WORD,1,False
part_1/07789363838152141-TISSUE.mp4,part_1/07789363838152141-TISSUE.mp4,tissue,2756fe46af9ceb934510cd41b93b31b9b56be7857e591812ff1a10da3387b991,768512,numericid-WORD,1,False
part_1/07830767068151334-HAMSTER.mp4,part_1/07830767068151334-HAMSTER.mp4,hamster,897d00abd98e1e3ccef1bf53c22bdd652811e3a2f81f7d09376c60887c70c7e7,285520,numericid-WORD,1,False
part_1/07890113988148229-INTERPRETER.mp4,part_1/07890113988148229-INTERPRETER.mp4,interpreter,fba1540f716f42f5537c4a01f9fdc6162dd14aca9acee7929178eff666e18259,390156,numericid-WORD,1,False
part_1/07954921226317979-WITHOUT.mp4,part_1/07954921226317979-WITHOUT.mp4,without,fdd64cf457eb75ea9d87944df93eb249467123a53c361eb0936d3f09fd345a8b,444884,numericid-WORD,1,False
part_1/07964079458380247-DIRECTOR.mp4,part_1/07964079458380247-DIRECTOR.mp4,director,ccd35452aca8bfd183affd4180040c11a8cba9730eaa28ea90fcaaf72c212564,732040,numericid-WORD,1,False
part_1/07964199817590534-SECRETARY.mp4,part_1/07964199817590534-SECRETARY.mp4,secretary,e2ba7edf4117e35625fcad65f9958fc3760dabbb7b55b1723f808a07af570fa9,546500,numericid-WORD,1,False
part_1/07994933847535401-CHARACTER.mp4,part_1/07994933847535401-CHARACTER.mp4,character,8dab89e32ce6a3481e67bc64569fbe200bec649e6b449cb063788bd3c57c4df7,392373,numericid-WORD,1,False
part_1/08049155832863364-GO TO_JAIL.mp4,part_1/08049155832863364-GO TO_JAIL.mp4,gotojail,3bf10afcd1891537fc943aab9f279780497462479d9637d83c13eafb404eb6a5,691955,numericid-WORD,1,False
part_1/08125888997634467-DYE.mp4,part_1/08125888997634467-DYE.mp4,dye,3a24517af4375810d6d1c563d22c44e137d250a29a6aac42ca936f6fa43ea829,422783,numericid-WORD,1,False
part_1/08167080058381582-DEVOUR.mp4,part_1/08167080058381582-DEVOUR.mp4,devour,eb0d535688bb8c8759723247302fd9ed42da9f3f4ba1e83f1e36bc71de877f81,483827,numericid-WORD,1,False
part_1/08195340608830803-SNOWMAN.mp4,part_1/08195340608830803-SNOWMAN.mp4,snowman,253025f5ade7de2eac129869f0c53868b754dcdf11000306a79bdee96cb9fbfb,863376,numericid-WORD,1,False
part_1/08217123642140955-RISK.mp4,part_1/08217123642140955-RISK.mp4,risk,fca5e081ee455a79691f4b0656eb02f49191bb8f9235d4c791d3f7b7736fa11d,1221713,numericid-WORD,1,False
part_1/08229559234139794-SYMPATHY.mp4,part_1/08229559234139794-SYMPATHY.mp4,sympathy,11b7f72c08f35fb095f635eebc5a3e486058c5d9a25d456fd6e498c5142506c7,348635,numericid-WORD,1,False
part_1/08313098541095232-KID.mp4,part_1/08313098541095232-KID.mp4,kid,481c1c62b1d67dabec4668390ee54384b7410f6da93df7c2ae22a59420685962,438519,numericid-WORD,1,False
part_1/08357389333931375-IMMERSE.mp4,part_1/08357389333931375-IMMERSE.mp4,immerse,141b291df56052ff8e373baef8769cd5c02272b63fcb27781b4cf1b772cf9a98,380884,numericid-WORD,1,False
part_1/083600151422911-HORSE.mp4,part_1/083600151422911-HORSE.mp4,horse,e2b8bf7acc11118136dabccefc13312d8cb6ce4d769ed209903b104b890b17e2,1090676,numericid-WORD,1,False
part_1/08384216500026387-TOOTHBRUSH.mp4,part_1/08384216500026387-TOOTHBRUSH.mp4,toothbrush,edf662754efa4c5553b95c123a3f4744d4194e25879b8b1bdefa825ea3b94373,256021,numericid-WORD,1,False
part_1/08394666724822031-TEETH.mp4,part_1/08394666724822031-TEETH.mp4,teeth,f9f2e2d1536f03ef04855bf176a4289f39e63cb61f4b0aa6760ccc916a1a0b52,702183,numericid-WORD,1,False
part_1/08408587706637416-HEADCOLD.mp4,part_1/08408587706637416-HEADCOLD.mp4,headcold,2aac4d50d8d5ef1f7073d3cedff1f730dbc1e738b18a37729486baa400fe3ac8,384083,numericid-WORD,1,False
part_1/08446490738724077-WAVE.mp4,part_1/08446490738724077-WAVE.mp4,wave,c78de30ab980019fb93dd8b27e4f0fa672c65880822b00d08d9d8a771c87d7b6,568742,numericid-WORD,1,False
part_1/08449266343815642-HELL.mp4,part_1/08449266343815642-HELL.mp4,hell,48b29a9d99447a06667fdbe3043822ac3b40073788aa7f2a5a86356aa975c408,877071,numericid-WORD,1,False
part_1/0846339115625272-GARLIC.mp4,part_1/0846339115625272-GARLIC.mp4,garlic,1bc33cb275e3bc4fd0e1988f7409b31378f0049176af499b863823df77c184bc,564816,numericid-WORD,1,False
part_1/08492990144159429-PRACTICE.mp4,part_1/08492990144159429-PRACTICE.mp4,practice,f9d8e56b5971ace7be1cedf87ae70edcf65ac3ab993da2894b1e007939d5a809,473100,numericid-WORD,1,False
part_1/08497040540501066-SHORT DISTANCE.mp4,part_1/08497040540501066-SHORT DISTANCE.mp4,shortdistance,5a5469e07bc46a0c2b6207af460532a7631c0bbdf70e4b7ae5dbb9ec525480d4,405075,numericid-WORD,1,False
part_1/08564507593530912-COST.mp4,part_1/08564507593530912-COST.mp4,cost,d87aefb7d9a2e3e83ce4f310c5577f84769972d9647a3a80d7cee6b5af2761ef,578017,numericid-WORD,1,False
part_1/08576941246615899-SCISSORS.mp4,part_1/08576941246615899-SCISSORS.mp4,scissors,89e45d4f630eb9bc17204ace8953ce5aafff0e25673509d46d455bd7fd991298,565278,numericid-WORD,1,False
part_1/0860528389518167-PAY.mp4,part_1/0860528389518167-PAY.mp4,pay,6e995e84efe2867649871e9cfdba1aa21505b326020c5b116815597eb9d82e4a,609427,numericid-WORD,1,False
part_1/08614435600681825-POSITIVE.mp4,part_1/08614435600681825-POSITIVE.mp4,positive,06ffa7c8d28391bf3b37fe1760fcff9c4b54800b4b8bd3f86a0090bbefbef39c,493883,numericid-WORD,1,False
part_1/086306935430017-SHORT DISTANCE.mp4,part_1/086306935430017-SHORT DISTANCE.mp4,shortdistance,69bf18c1a0c482e9eab185e3193099474b501b7d20c6d403ded37f3857683c30,404758,numericid-WORD,1,False
part_1/08673843529675529-WOLF.mp4,part_1/08673843529675529-WOLF.mp4,wolf,630a96f99b505a67a7f526921d250f5ec6c74407017a662b259373f2d4b9c692,428645,numericid-WORD,1,False
part_1/08694207205390092-seedSINCE.mp4,part_1/08694207205390092-seedSINCE.mp4,since,6188822216720c714d23d9db958e2b4b073624cf1a02f6403f41bba69152cc63,690047,numericid-WORD,1,False
part_1/08829543950081087-ELECTRICIAN.mp4,part_1/08829543950081087-ELECTRICIAN.mp4,electrician,8c9d6651ea20bb1f6c48ce8bad6262dfdf8ef0c1f3a88f31e5d70c8bea921349,843807,numericid-WORD,1,False
part_1/08849217442526847-TROUBLE.mp4,part_1/08849217442526847-TROUBLE.mp4,trouble,6cab194dcf43aec1acdeaae4632cc89d76857487b8caa4f0af6df3369bc4296f,546272,numericid-WORD,1,False
part_1/08855914465072456-STOPWATCH.mp4,part_1/08855914465072456-STOPWATCH.mp4,stopwatch,88515d8f71f2d00690b9ee394e7cce06e37934b2016ebd4cc12955f984df5700,339700,numericid-WORD,1,False
part_1/08934694981095093-DISSECT.mp4,part_1/08934694981095093-DISSECT.mp4,dissect,e603c79263f66fa6bea4a552b36ac0abbc0c02bf32ed949f751fff1739122b98,702364,numericid-WORD,1,False
part_1/08985732608051511-YUCKY.mp4,part_1/08985732608051511-YUCKY.mp4,yucky,97d136e7f02a40cf5866abcb226e9ded7cfdd9b3eb0168c705417d02433652b3,411981,numericid-WORD,1,False
part_1/08990722330487633-SNOB.mp4,part_1/08990722330487633-SNOB.mp4,snob,113a849ca4efe147e3b513b3c6529ee696b3d93adeec788b6edbd79e50330e05,309625,numericid-WORD,1,False
part_1/09000560993682649-GLOW.mp4,part_1/09000560993682649-GLOW.mp4,glow,e0ff7592008b8a2926623bfb50dde0653126c0ea7cdbea6c60d4ab4241ed5339,426026,numericid-WORD,1,False
part_1/09002793221077976-GO BACK_AND_FORTH.mp4,part_1/09002793221077976-GO BACK_AND_FORTH.mp4,gobackandforth,9c81fa23cf8ed399abeee27ebee2540bd057ac855a4c72a793914926c066f613,1003101,numericid-WORD,1,False
part_1/09043790147657482-SOCIAL.mp4,part_1/09043790147657482-SOCIAL.mp4,social,61ee895d1461db945ed989644f09f5d577397c1e40ffc087af57562d96458d66,705943,numericid-WORD,1,False
part_1/09067750964230625-HUMOR.mp4,part_1/09067750964230625-HUMOR.mp4,humor,206041b7e07e240b017d5f7c8b17007f224f3273558f888cc4bc5f86e065001b,357642,numericid-WORD,1,False
part_1/09070448909781481-LIE.mp4,part_1/09070448909781481-LIE.mp4,lie,f7de23c84d5e7ea8338780ff1fa803b8cccc842ff907dd5c224bead936b6cdf9,290168,numericid-WORD,1,False
part_1/09089634984701211-MESS.mp4,part_1/09089634984701211-MESS.mp4,mess,b5549dc5fb3e54047b7a61ed1de71fd32ae7546f10efd34b6567257dff7ff8d1,470105,numericid-WORD,1,False
part_1/09104036679832817-FLY.mp4,part_1/09104036679832817-FLY.mp4,fly,ae5b5e68c460f1a9c6abff74a816f3f70118cd2cebd865383425a189d777c513,633169,numericid-WORD,1,False
part_1/09112985542377094-NEWSPAPER.mp4,part_1/09112985542377094-NEWSPAPER.mp4,newspaper,92528293fe4611b6d97ac30cbe0a8cbd760571c16d6722910627e9ed42578ca2,315570,numericid-WORD,1,False
part_1/09169771893591694-SWALLOW.mp4,part_1/09169771893591694-SWALLOW.mp4,swallow,380123c251b9ac7fb07313303d8d620a6691c7eeaadabe1f591e03b8048021aa,458565,numericid-WORD,1,False
part_1/09199887724499445-BALLOON.mp4,part_1/09199887724499445-BALLOON.mp4,balloon,d3a1336500826c5ea9bfa5fb714753599d72f005a4a4d9392752c09ef9471eb6,534932,numericid-WORD,1,False
part_1/09218836326656632-ACCIDENT.mp4,part_1/09218836326656632-ACCIDENT.mp4,accident,704eb6cfdf852d5fd9885cfa7c32395866732b1b5ad68301761d277bff54308d,390468,numericid-WORD,1,False
part_1/09279523960833669-COVER UP.mp4,part_1/09279523960833669-COVER UP.mp4,coverup,39853f63f3ccc70ce6378f4e1bcdd35c27e7b83b9ae5cec6fab5d5e74f23b471,556182,numericid-WORD,1,False
part_1/09304771637603304-BADGE.mp4,part_1/09304771637603304-BADGE.mp4,badge,058481cacc8916eb719c7e021d4e98ad37efa82b0dd773a34ccfc4cbb3a6130f,453767,numericid-WORD,1,False
part_1/0932147242090886-NICE.mp4,part_1/0932147242090886-NICE.mp4,nice,dc9d85c95b729a4a815f4c6c14f73c7132fe850b2ad840231d0411be00db23e9,446172,numericid-WORD,1,False
part_1/09362242423036249-STEAL.mp4,part_1/09362242423036249-STEAL.mp4,steal,b6b7630c829b7787934ad81d1bc6eb6eea527f45d1918159f576c192a1f8a8d2,588567,numericid-WORD,1,False
part_1/09372531487486135-ORAL.mp4,part_1/09372531487486135-ORAL.mp4,oral,01358fdf9a066dc84f5b887eb0980b603712bd732baa7189139528938cd01c21,666440,numericid-WORD,1,False
part_1/09384880650768346-MARIONETTE.mp4,part_1/09384880650768346-MARIONETTE.mp4,marionette,2088d5d98f385e4636d2cca78249cc43f8661beb6ef095408e11d2357c82bda6,363243,numericid-WORD,1,False
part_1/09431891435327278-GO TO_JAIL.mp4,part_1/09431891435327278-GO TO_JAIL.mp4,gotojail,e19204e961f37521636bc9e237d9d07235922f8b88ff4b9958c67f344485534e,328267,numericid-WORD,1,False
part_1/09460688008864038-DUTY.mp4,part_1/09460688008864038-DUTY.mp4,duty,ebaa1fe75bf0481ebaea3b51dbb9e61d3618610f1c95704d02b45863a8dc896b,478304,numericid-WORD,1,False
part_1/09465968724119245-seedBARELY.mp4,part_1/09465968724119245-seedBARELY.mp4,barely,1d8c5f77a3cc11f2d598747c400e3a38f9e059f41059b0c171244186301e002d,1028454,numericid-WORD,1,False
part_1/09602770669006189-SIGNATURE.mp4,part_1/09602770669006189-SIGNATURE.mp4,signature,6241a633240edd9e2ca59de32f13a6c1143dff8be841be6761451445efc89349,199009,numericid-WORD,1,False
part_1/09625041995941519-RAKE.mp4,part_1/09625041995941519-RAKE.mp4,rake,dd3464fc817636ce81dc2f09b1be6bded612eafe5bf0c874a2803f8e8c6f8466,984465,numericid-WORD,1,False
part_1/09677562612554724-DIG UP.mp4,part_1/09677562612554724-DIG UP.mp4,digup,37e735bed17ce2dd74ee7e9f27e5409ae6fea85fbf0f4ffa28647f042972f9b9,1039322,numericid-WORD,1,False
part_1/09702131904887823-AWARD.mp4,part_1/09702131904887823-AWARD.mp4,award,f17f74156a206d0f1563497c628f5d46e9729671d98a3725983b06c0e0f145dd,673934,numericid-WORD,1,False
part_1/09711982083090631-BASEBALL CAP.mp4,part_1/09711982083090631-BASEBALL CAP.mp4,baseballcap,d1e7e105d3438f7961ec81b15ee2869f2122349df77910aac49568018560d65f,368455,numericid-WORD,1,False
part_1/09750446486305164-FREAK OUT.mp4,part_1/09750446486305164-FREAK OUT.mp4,freakout,b7e0451bff0d9820ef35294b9ac85ad3f6476ddf3444ccd926a0d468bebd26cc,399255,numericid-WORD,1,False
part_1/09777527912192041-PROOF.mp4,part_1/09777527912192041-PROOF.mp4,proof,5e1379ffbfbd142806cc1ec87963159d7f73b06db08a115d94cdfb368b2192f0,423705,numericid-WORD,1,False
part_1/0983141844046882-INFLUENCE.mp4,part_1/0983141844046882-INFLUENCE.mp4,influence,caee905c851951286e25f7318d027960ffcd2c7cc5b6a7c25ac1aaf1d02977fd,708671,numericid-WORD,1,False
part_1/09910191825374937-LAZY.mp4,part_1/09910191825374937-LAZY.mp4,lazy,7540bd7207e3ff3ac82b57a22a6bd70f4bc5bb13f755a91eb41f90389cf5e160,287825,numericid-WORD,1,False
part_1/09959176420970262-SNORKEL.mp4,part_1/09959176420970262-SNORKEL.mp4,snorkel,4cf2484083777080c6801dc21c6101d2f681c2857411d80b375b3b23f961a920,332092,numericid-WORD,1,False
part_1/0999375781773455-SEW.mp4,part_1/0999375781773455-SEW.mp4,sew,03a473b600e1bac7d092db1c4ee36676c9afa472e4783566fce695e9f53b9e8a,761686,numericid-WORD,1,False
part_1/10006032755375949-GERMANY.mp4,part_1/10006032755375949-GERMANY.mp4,germany,104693f91f7ebd78bba5aa83797ceddc74b91d8a33932ddd8ee31daadd7ec915,523266,numericid-WORD,1,False
part_1/10029608268007606-LAZY.mp4,part_1/10029608268007606-LAZY.mp4,lazy,827eadfc7a8a262eee1b81e0d2b1970b7d9a495753302074d7837c543bd467ac,331282,numericid-WORD,1,False
part_1/10080564714374285-SIDEBURNS.mp4,part_1/10080564714374285-SIDEBURNS.mp4,sideburns,a10d14f4e6e8b5c7d77a5d3691a5ca1f9eab2c95116b85dd054bfc8ca041ed57,507908,numericid-WORD,1,False
part_1/10084900699196098-PROPELLER 1.mp4,part_1/10084900699196098-PROPELLER 1.mp4,propeller,b51c33aefc642043736c0af8623dc61a1020baf8f763a264779892d67806d006,656548,numericid-WORD,1,False
part_1/10098852020824478-SKIRT.mp4,part_1/10098852020824478-SKIRT.mp4,skirt,22b4d565d9379a892e36c4200526ee5bd7462f1e6aeb40659ed512e20624eac7,1050236,numericid-WORD,1,False
part_1/1010858099901013-TISSUE.mp4,part_1/1010858099901013-TISSUE.mp4,tissue,9c5c30e7ecd5a0b9bbcedbf7a4e38f2ded686258bcdf7cb1b0e889a606ee21e9,259425,numericid-WORD,1,False
part_1/10139297254732105-MISUNDERSTAND.mp4,part_1/10139297254732105-MISUNDERSTAND.mp4,misunderstand,e90d99756fd553c31fe042d21b0297af010aa37d22c2b40c1a2a105272658ed7,795581,numericid-WORD,1,False
part_1/10148498762876601-OFF THE_POINT.mp4,part_1/10148498762876601-OFF THE_POINT.mp4,offthepoint,4726b833a700ca1e15b05f2b81fc2a1e389e90574e2d5395ae673de00d8a6af5,488453,numericid-WORD,1,False
part_1/10158622166225939-SITUATION.mp4,part_1/10158622166225939-SITUATION.mp4,situation,60abda589401aa4d9097ff07d65ad358ae9888f906db2ba60d6cf3f2200e7086,401676,numericid-WORD,1,False
part_1/10227148303927724-CLIMB LADDER.mp4,part_1/10227148303927724-CLIMB LADDER.mp4,climbladder,9b05f5494e66bb0514f2fea28ce14fb31270fbfcc1fc9b220a817e600eb4335b,445546,numericid-WORD,1,False
part_1/10318499069402809-seedWITH.mp4,part_1/10318499069402809-seedWITH.mp4,with,b758446cf5d061f8d472b97ced8ceec2dd11122c881c883c7ae3d7d974dbd565,709938,numericid-WORD,1,False
part_1/10329683041939997-YEAH.mp4,part_1/10329683041939997-YEAH.mp4,yeah,4cbb811ca56eb5ad3f35c2d682f12988dd45c5792916ce7fe99dd53b512bccf1,378781,numericid-WORD,1,False
part_1/1036929145081551-GARLIC.mp4,part_1/1036929145081551-GARLIC.mp4,garlic,9bbc4d58f41f49395a1271efc5f1b1d22c67c960258ec46c1afe4cab9c717ac3,448420,numericid-WORD,1,False
part_1/10370186096320033-CONTACT LENS.mp4,part_1/10370186096320033-CONTACT LENS.mp4,contactlens,5a90343a6f78253bb82ce778b9df68d971ba7efde3e7e87fb6fd55556b8bd397,378292,numericid-WORD,1,False
part_1/10442884413640163-BIRTHDAY.mp4,part_1/10442884413640163-BIRTHDAY.mp4,birthday,63167cc5fca1a056829daa5a06b23e2a18ae45787dbdbe675651060f82a329d4,441826,numericid-WORD,1,False
part_1/10466039918694214-PAINT.mp4,part_1/10466039918694214-PAINT.mp4,paint,9cee1db86f9a14fa5c588dac7269acf9c75467a68d9d123c28804084e7b33920,492597,numericid-WORD,1,False
part_1/10500783843935202-ADULT.mp4,part_1/10500783843935202-ADULT.mp4,adult,feac8723f30d56b4fba01f73c48ca4cbfaba9363e9b7ee551381ee8ee0a0b503,435933,numericid-WORD,1,False
part_1/1063327971969128-CLAW.mp4,part_1/1063327971969128-CLAW.mp4,claw,67c8f479ba86be041fa17be6ce4a77e1131979dfe888c4e2ef8bcbadcd0f2d4e,477854,numericid-WORD,1,False
part_1/10650428965233605-SQUARE.mp4,part_1/10650428965233605-SQUARE.mp4,square,a8f6f46efb98c8d5fdecad26d521a7c7d6789e33f331ae8a5d18f1181e292ee4,539971,numericid-WORD,1,False
part_1/10673600991450427-GET IN_BED.mp4,part_1/10673600991450427-GET IN_BED.mp4,getinbed,89ac7a12d3849479f58ddeb8b8b225b135ad9cc65801ec9afb7512bb6044fa41,471480,numericid-WORD,1,False
part_1/1068161656277502-HOLY.mp4,part_1/1068161656277502-HOLY.mp4,holy,d7027d43627026a447c8273f74809a2e05789236f408162030899b14098aeee7,1048163,numericid-WORD,1,False
part_1/10703906146469544-TINY.mp4,part_1/10703906146469544-TINY.mp4,tiny,7a91f57aabc77f1943601cd7f925d013b1956ff1faddd30e348bcc9a294e1d77,215622,numericid-WORD,1,False
part_1/10717091851240812-STAPLER.mp4,part_1/10717091851240812-STAPLER.mp4,stapler,ec8563e97655e82128f9584e221ee7810892007c4e6765076a2cdd2fc9bddcdb,610891,numericid-WORD,1,False
part_1/10751424634632123-NEUTRAL.mp4,part_1/10751424634632123-NEUTRAL.mp4,neutral,0e41c844ac8d170af83c41c7583e13405231c155bef0160e482e21a6629207b9,402363,numericid-WORD,1,False
part_1/10761069132949075-AFRICA.mp4,part_1/10761069132949075-AFRICA.mp4,africa,331d1eea272c5954788ae96e4a955494c14bd0989e34d1c60b7d692607ff2a86,272449,numericid-WORD,1,False
part_1/1076383990208638-DONKEY.mp4,part_1/1076383990208638-DONKEY.mp4,donkey,7616cd62be4052895d5643def8b0264e886f40d584f5bb035efd1166ad6f4afe,752250,numericid-WORD,1,False
part_1/10772183334276608-STAND-UP.mp4,part_1/10772183334276608-STAND-UP.mp4,stand-up,7b93a6f948f4887360d98da0ef2b66e402d06cda898f2490e83a5161012be8b6,648638,numericid-WORD,1,False
part_1/10807511408082915-ADMIT.mp4,part_1/10807511408082915-ADMIT.mp4,admit,c6b7463dcca32d14db3334f9c3f847024f01546da2e04b0dc3d5fcaa5e28420f,367134,numericid-WORD,1,False
part_1/1083098587224911-EACH.mp4,part_1/1083098587224911-EACH.mp4,each,1a74dee3b793d604fb30550a5fa736872064d31de4a72a9630579ecf127355c1,470762,numericid-WORD,1,False
part_1/10898894897979505-ACCEPT.mp4,part_1/10898894897979505-ACCEPT.mp4,accept,77c735cd901a3b020be48a5366b9c22aa1bf00fc9fc9319a2b0459630910caf5,419549,numericid-WORD,1,False
part_1/10899776819659879-BUFFALO.mp4,part_1/10899776819659879-BUFFALO.mp4,buffalo,9f6bff0bd649640d962cadec3d2c3a949e6bffb858bd3af0dcb8421ba5757109,579422,numericid-WORD,1,False
part_1/10930595489719597-CURTAIN.mp4,part_1/10930595489719597-CURTAIN.mp4,curtain,5dc38c62f65b20b61490d0854cd91fc29402a668da15ce05f4f5bd39b0a90001,366734,numericid-WORD,1,False
part_1/10957052829783787-CLIMB LADDER.mp4,part_1/10957052829783787-CLIMB LADDER.mp4,climbladder,62ed62ae0783af161e7500e09ef091ddc4ecf5655fd40962de2059339b6643a5,451181,numericid-WORD,1,False
part_1/11052983155454288-PERCEIVE.mp4,part_1/11052983155454288-PERCEIVE.mp4,perceive,44dde30a5bfe1dc2baec120430b76efe034179d04090ad0a5d735b787d5ac395,914511,numericid-WORD,1,False
part_1/11091344459201657-ME.mp4,part_1/11091344459201657-ME.mp4,me,496627f1f3810d19d81b419133557023ca04844cf4f0258c28da985bea64c24f,682552,numericid-WORD,1,False
part_1/11097828162150503-LIVING ROOM.mp4,part_1/11097828162150503-LIVING ROOM.mp4,livingroom,2e5f7b64d88a863ba952fa2d9078959b5492f0cfc1cd363dc49db8221c256db6,559773,numericid-WORD,1,False
part_1/11137281856386338-MENTION.mp4,part_1/11137281856386338-MENTION.mp4,mention,98e51210a04cc80a48f20326abf3c101c094aded207a1da98f6ead1e48b04656,293073,numericid-WORD,1,False
part_1/11208065598620798-ROCK.mp4,part_1/11208065598620798-ROCK.mp4,rock,a46bdc4f11bb84ee65571fd3aa378ec87dd0fc16dbbcd04495cecd7ac927f89a,454667,numericid-WORD,1,False
part_1/11212498639216961-SKILL.mp4,part_1/11212498639216961-SKILL.mp4,skill,9399d25a4be291f20c340775f41bcc43bf6540424b4a0aca29814e33caa62db1,423896,numericid-WORD,1,False
part_1/11275273156810672-BOOK.mp4,part_1/11275273156810672-BOOK.mp4,book,f85eb4a7ceac1202b12c441a9b0aba56ba81b98b10e6de134fc6903485b717f8,1022055,numericid-WORD,1,False
part_1/11281293290494587-ACQUIRE.mp4,part_1/11281293290494587-ACQUIRE.mp4,acquire,143630acc85ffe2b2667a480fabc4fc07007156c09ed32bee69108c3c0572cb2,428565,numericid-WORD,1,False
part_1/11298429838781332-REFUSE.mp4,part_1/11298429838781332-REFUSE.mp4,refuse,992267b9e4da38b6475e208dc9224a27312643c2e4d602f0f8fb5a8c424b4f0e,316211,numericid-WORD,1,False
part_1/11313864643649452-STING.mp4,part_1/11313864643649452-STING.mp4,sting,90e66814be498ab107b234ba3a330705a32d2615d97c10e5f31242f0c8b1d76c,486591,numericid-WORD,1,False
part_1/11364269181236719-HAIRCUT.mp4,part_1/11364269181236719-HAIRCUT.mp4,haircut,5ebb23589498ad6133cd072bc249f5fee1eb00515a0460563fd115f1cab26776,484843,numericid-WORD,1,False
part_1/11414891381852654-BALD.mp4,part_1/11414891381852654-BALD.mp4,bald,7ad4b16f5e5a4dea18c2097981d06d050718ff5dd84f6104507e716763266292,356565,numericid-WORD,1,False
part_1/11445657472348914-TOSS.mp4,part_1/11445657472348914-TOSS.mp4,toss,4ffec3925aac4e0919285fa1fea492f9bc4eddfed061caabf8bdc358f6cb167e,743805,numericid-WORD,1,False
part_1/11468085655082505-MONSTER.mp4,part_1/11468085655082505-MONSTER.mp4,monster,b5f7e2e09ce488a68b1646ac9823a7decfdb522b59ea6f8058bf89cc85508cf8,1099200,numericid-WORD,1,False
part_1/11515947422052664-UDDER.mp4,part_1/11515947422052664-UDDER.mp4,udder,7801a203cfd1345ba8c0b85137034c9a09b93861cf45463b7c6aaab30191b083,462958,numericid-WORD,1,False
part_1/1156479737706344-SKIN.mp4,part_1/1156479737706344-SKIN.mp4,skin,b972d73389a9f19f03a5b396edd9595a8bdd9fab529c94e439128ec8cdd961d5,397323,numericid-WORD,1,False
part_1/1165353984530082-SIDEBURNS.mp4,part_1/1165353984530082-SIDEBURNS.mp4,sideburns,1dcc8044ca7449a4ed45e1ad42aced4b9b071ad55f79940598d170044c8d3b28,377881,numericid-WORD,1,False
part_1/1168259717284319-ALL GONE.mp4,part_1/1168259717284319-ALL GONE.mp4,allgone,122d3bb583d5f4a89688ba3d63acb7e31b3d2b52bab7fd86be8a5767f395d7c6,582327,numericid-WORD,1,False
part_1/11699917353944511-WINDY.mp4,part_1/11699917353944511-WINDY.mp4,windy,ad676b98aa154f9b0d647ccad46d5dc90e78309bf4bbbdfd069975152dd4f3c3,1545452,numericid-WORD,1,False
part_1/11720780578202317-DIFFERENT SITUATION.mp4,part_1/11720780578202317-DIFFERENT SITUATION.mp4,differentsituation,fb30e5a01b0450cb46ecf79b971c785a089ac7362e6897579151e86f4a5e9768,410052,numericid-WORD,1,False
part_1/11783459552698217-EGG BEATER.mp4,part_1/11783459552698217-EGG BEATER.mp4,eggbeater,c6713e957f8a968a8323b48788b02ced75e109d9f0fbda66fb6d1f265bfe1d92,947835,numericid-WORD,1,False
part_1/11791015759327195-CHAOS.mp4,part_1/11791015759327195-CHAOS.mp4,chaos,34dcb2ba0c97630ef0b3f19df7d5dfd56648529aa5e7cd3224ea5f3e34ed1bd2,407358,numericid-WORD,1,False
part_1/11794226320729084-AGAIN.mp4,part_1/11794226320729084-AGAIN.mp4,again,6bb410d1e958538352c812ac138b86241b4d3d998a6b0864e9d0428422130373,381077,numericid-WORD,1,False
part_1/11800833556484802-LAWNMOWER.mp4,part_1/11800833556484802-LAWNMOWER.mp4,lawnmower,a3a126cc3391e7f48945fcacff30f97842271dc101d41251546918cd3f1db874,505929,numericid-WORD,1,False
part_1/11842735888140044-ANY.mp4,part_1/11842735888140044-ANY.mp4,any,d89792997a87be81cc1d3e8461efcc85a2ccb81a41ec260046df278b800f1dfc,175392,numericid-WORD,1,False
part_1/1186350330164565-DIAPER.mp4,part_1/1186350330164565-DIAPER.mp4,diaper,8245d68d5042947810d85ffc1eef58685227ff26736296cdca4d65d67784e23a,1282742,numericid-WORD,1,False
part_1/11910909143311876-DROP.mp4,part_1/11910909143311876-DROP.mp4,drop,0ca7189b6392a9c24b4f1565a331a4d1dcf79f129e5153e6ed84c907e70028e9,524758,numericid-WORD,1,False
part_1/11925256130917061-CAR BATTERY.mp4,part_1/11925256130917061-CAR BATTERY.mp4,carbattery,c4b70f8ca4f903a22a6d11f7b40e729fc2b9800e26d6b6510d5df85a1e225ced,253759,numericid-WORD,1,False
part_1/11932520912401978-CAR.mp4,part_1/11932520912401978-CAR.mp4,car,3edb2a716853177f6a183d3761db549b7c1d1faca9189398701c1108806c9f45,1086265,numericid-WORD,1,False
part_1/11962113875865654-TENNIS.mp4,part_1/11962113875865654-TENNIS.mp4,tennis,ec2a1e2802b1dcbeb5e6fdd1004e082045a8af57b107979a2c3f0e14ef3b727f,719721,numericid-WORD,1,False
part_1/11965070615236195-LIGHTNING.mp4,part_1/11965070615236195-LIGHTNING.mp4,lightning,320328d21f32876bcdfab77a5e5b063999401338e4cc80a814d199df54d1dd14,583208,numericid-WORD,1,False
part_1/11980633268653706-SOUP.mp4,part_1/11980633268653706-SOUP.mp4,soup,b788462c83be1da74cf61411195357ce914e9d5f52b8279274fd13462bc683e4,511530,numericid-WORD,1,False
part_1/11993477987050905-STADIUM.mp4,part_1/11993477987050905-STADIUM.mp4,stadium,7acdb2d8b28a22ea34a1a2f8dad0a19958023f07857bf3d5a59aca6f67ace578,657712,numericid-WORD,1,False
part_1/11996422127581696-BATHTUB.mp4,part_1/11996422127581696-BATHTUB.mp4,bathtub,5c83dae1efb5861fbd2fc2dc818be3c7b28fda0c655afabb7c33ff5f6b142e53,512603,numericid-WORD,1,False
part_1/1200837256889542-HIGHLIGHTER.mp4,part_1/1200837256889542-HIGHLIGHTER.mp4,highlighter,5991b82b892ac99ce4af4a837c1702690f9d35d4903d9fdedd785522b10998bd,528882,numericid-WORD,1,False
part_1/12026210743939236-AFTER.mp4,part_1/12026210743939236-AFTER.mp4,after,b1e696c0b774b3ef60e848402f16a01b56943a4fb53e10328873464730d01f2b,861021,numericid-WORD,1,False
part_1/12042383903457221-WIDE.mp4,part_1/12042383903457221-WIDE.mp4,wide,2edbb407a3d4515a24a0b5730ff53c910a4dc90ebf25fd5d2d8146b8299b68a2,482648,numericid-WORD,1,False
part_1/12057413994150168-seedDOCUMENT.mp4,part_1/12057413994150168-seedDOCUMENT.mp4,document,d5a0c7270e3dbb4416876bc87f918dada5cdd9630026743ee67b8c6015aaf36a,724370,numericid-WORD,1,False
part_1/12059502197035998-YELLOW.mp4,part_1/12059502197035998-YELLOW.mp4,yellow,30c45f267b52f79c0e0ca3b7452cec7bd8d414abf3333b82cb529805ce836347,765216,numericid-WORD,1,False
part_1/12085595332329824-HANG.mp4,part_1/12085595332329824-HANG.mp4,hang,a63f6acd12d75e3884505142333552c473f50ce76e8fe4a6273ea63266235eac,410856,numericid-WORD,1,False
part_1/12124668274226069-PROJECT.mp4,part_1/12124668274226069-PROJECT.mp4,project,b4282645eb0123a9fae103e1b6b5cb260d68ee158bde8f0270945363bee3a573,593761,numericid-WORD,1,False
part_1/12190435905064412-CURLY HAIR.mp4,part_1/12190435905064412-CURLY HAIR.mp4,curlyhair,35fc0929824cdbaedbf5407e08a103c0248ed16ec8ecf194c982e7d042f01f99,574655,numericid-WORD,1,False
part_1/12221538032492663-GALLAUDET.mp4,part_1/12221538032492663-GALLAUDET.mp4,gallaudet,97e1bc3ef449f5c6b10f8336afe54c290b4ee6b086ad21da10e79b50aa1adb4e,382162,numericid-WORD,1,False
part_1/12315234223651039-COPY.mp4,part_1/12315234223651039-COPY.mp4,copy,8184f0e68bd55ddf8821d4f3a781a3374bf2189e328747e6ac14d80f1cf919b3,478975,numericid-WORD,1,False
part_1/12365251870620542-BUMPY.mp4,part_1/12365251870620542-BUMPY.mp4,bumpy,8759b15be86fbf6b0ee139ea2ce0807e5f3d39671a3aceddd3d7642f46016702,1216485,numericid-WORD,1,False
part_1/1242678197081728-ECLIPSE.mp4,part_1/1242678197081728-ECLIPSE.mp4,eclipse,25156fbf4416b90151eb963d6d8dd5071c2deaf6e04b8efed09dbd6ad8164f9b,591258,numericid-WORD,1,False
part_1/12437164154444846-SCIENTIST.mp4,part_1/12437164154444846-SCIENTIST.mp4,scientist,eb16f6d9218df8836afc46ce16e22d2ca1b70d9701831a10840b0933b0984367,625566,numericid-WORD,1,False
part_1/12462305481732772-DISCUSS.mp4,part_1/12462305481732772-DISCUSS.mp4,discuss,fcf16077adcc9a4653aed6865bf5f72b2f22da35acbfd5952b937be44beb4924,576977,numericid-WORD,1,False
part_1/12467291315780615-COMMENT.mp4,part_1/12467291315780615-COMMENT.mp4,comment,9f84d84c5a4f0afeda564b0280328852369afeab98bbf810e35f8d746cf43bb9,1095283,numericid-WORD,1,False
part_1/12476928883473892-WRESTLE.mp4,part_1/12476928883473892-WRESTLE.mp4,wrestle,cd90cedab27b2753031c9437fa85dd71acc104761a13d6414178237822eb5f75,727660,numericid-WORD,1,False
part_1/12497065151974662-IF.mp4,part_1/12497065151974662-IF.mp4,if,7c5b96dd60390ea32de704c7d6aecb57b137c9473c161092fb74263e9fe5c3f7,280741,numericid-WORD,1,False
part_1/12506198316829487-TEAM.mp4,part_1/12506198316829487-TEAM.mp4,team,a52dcac0210fca1826ed2f41f939b536e3da55ff57f0d3c9d576d41a3e162a9c,913501,numericid-WORD,1,False
part_1/12537760846669932-COLLEGE.mp4,part_1/12537760846669932-COLLEGE.mp4,college,cd685ed6e22c9524c45a817d7002141280e49136fa6fa14d79c9f98278300e3e,485897,numericid-WORD,1,False
part_1/12642977335113303-SPICY.mp4,part_1/12642977335113303-SPICY.mp4,spicy,91f94bb29dd9bdd7d7e11026bc4a63cbda9c33f9adb46fa17ad74b8fa2dae761,464089,numericid-WORD,1,False
part_1/12668711408656264-LAPTOP.mp4,part_1/12668711408656264-LAPTOP.mp4,laptop,834033d3c4becbecd5c5d92f28adf9c409287b6addd514f23244e747e99603cb,27851,numericid-WORD,1,False
part_1/12672689578677043-VIOLIN.mp4,part_1/12672689578677043-VIOLIN.mp4,violin,f5a6bf370ef144ff082cd854d4b2ad8b97f853f4bed421c23ef795fa37fbb0f9,517861,numericid-WORD,1,False
part_1/12712616260351028-DANCER.mp4,part_1/12712616260351028-DANCER.mp4,dancer,7b3d179fa08b4ed6644b6df13228b1b07578b08c59c2617890037fffd1fd567c,632879,numericid-WORD,1,False
part_1/12721803263377063-FASCINATED.mp4,part_1/12721803263377063-FASCINATED.mp4,fascinated,715dc9700137b86de1bcd85172f80e006053ac81a25a5caabe89748d660732d7,535853,numericid-WORD,1,False
part_1/12779265852014388-SOCIAL.mp4,part_1/12779265852014388-SOCIAL.mp4,social,15747dbb36124fda7203d8558fbca9824df6bde26c198394f224d35965d66f52,683469,numericid-WORD,1,False
part_1/12845941567802943-PARAGRAPH.mp4,part_1/12845941567802943-PARAGRAPH.mp4,paragraph,134bd64e9a6e98b9b45915b87728021059d01c2979684a12faf2ebd8a9478b3f,371620,numericid-WORD,1,False
part_1/12882494919982324-ANGEL.mp4,part_1/12882494919982324-ANGEL.mp4,angel,f4cf60cdef301f7e9b2e7db39171ea2822888c4fb47ddfeffe5ccd48aa1d7dab,643864,numericid-WORD,1,False
part_1/1289596772932744-YESTERDAY.mp4,part_1/1289596772932744-YESTERDAY.mp4,yesterday,578a691e26ab11c852f708b7bfffa3fdc57a4193f3074e71722f580cbafe6876,491212,numericid-WORD,1,False
part_1/12926298027950378-9 OCLOCK.mp4,part_1/12926298027950378-9 OCLOCK.mp4,9oclock,1a082e49c8fff5073187c63e18b827763bf64ecd25561123d1056731964745a0,462895,numericid-WORD,1,False
part_1/1293300004047313-BECAUSE.mp4,part_1/1293300004047313-BECAUSE.mp4,because,affa1103a0d1deb042b68fcf5426bc6badd8b7156e2b89553aec688ff63303da,615035,numericid-WORD,1,False
part_1/1293521331037466-OVERWHELMED.mp4,part_1/1293521331037466-OVERWHELMED.mp4,overwhelmed,eb42ce99f97f79dc4c02df38e82229dcf1999715dde91e5605bf356306094c38,619766,numericid-WORD,1,False
part_1/12945935740557268-TAKE NOTES.mp4,part_1/12945935740557268-TAKE NOTES.mp4,takenotes,3a794f5f4c54eb267998fb3ccf92adf4e22dc261381ec7eb56f034ba6b6f5851,392966,numericid-WORD,1,False
part_1/12967813466333067-DEPRESS.mp4,part_1/12967813466333067-DEPRESS.mp4,depress,4cd93fd56eb1b00595805f6a956b4ad34dc7e1beb199fbf1fd5cc6362125ec51,1109255,numericid-WORD,1,False
part_1/130187777265373-HARD OF_HEARING.mp4,part_1/130187777265373-HARD OF_HEARING.mp4,hardofhearing,b375d86b99de0e3bc57252b8d9f79c98af05f857dcf0d02130f1290776706185,179037,numericid-WORD,1,False
part_1/13035667651437777-THAN.mp4,part_1/13035667651437777-THAN.mp4,than,89d70ebf9bee614610ecd7ed1af0cd57f8227270c5be366b5b4bde27839cc9a6,307803,numericid-WORD,1,False
part_1/13099227098135868-MARIONETTE.mp4,part_1/13099227098135868-MARIONETTE.mp4,marionette,6c621151d1233a1d21233453f8c5920e2eb0926bed7b618c0fe194226b4fe2ca,396789,numericid-WORD,1,False
part_1/1313443207240761-CATEPILLAR.mp4,part_1/1313443207240761-CATEPILLAR.mp4,catepillar,6f391216de5f59390eefc6d9bbf5569aa7641d61f5cbaf423f035cbe368821be,747510,numericid-WORD,1,False
part_1/13158546514402825-IN.mp4,part_1/13158546514402825-IN.mp4,in,a0f882a4eef33a963cbc7dda1da1cf289b48a0e5df459429172bcd2d47cb31d1,315399,numericid-WORD,1,False
part_1/13170672962843244-BLOW MIND.mp4,part_1/13170672962843244-BLOW MIND.mp4,blowmind,39ff9027257e601ff868ca5b74fa27b3cff064ca3b2774ddda29760b899d7ff4,454581,numericid-WORD,1,False
part_1/1318480696997235-CHARACTER.mp4,part_1/1318480696997235-CHARACTER.mp4,character,6fcdd21abdc9d931391a93fba01bdede511f28bcd0f1caca672a0eaade1fc1af,349497,numericid-WORD,1,False
part_1/13218611842797512-INHALE.mp4,part_1/13218611842797512-INHALE.mp4,inhale,922b283177bad47230e286346e64faac6bb86ea03752aeca6431d22ace27708b,793938,numericid-WORD,1,False
part_1/13385857039301885-SHAME.mp4,part_1/13385857039301885-SHAME.mp4,shame,9988dfdd1be579374ba95e00681b90a3c4e68470b96469e7db69ce1e7e99ca38,481502,numericid-WORD,1,False
part_1/13405524573349736-TOMATO.mp4,part_1/13405524573349736-TOMATO.mp4,tomato,7e8c9186aaebec2c764798ebc919ab56d6a78a302d645c8cd8599e9fc576fac8,706363,numericid-WORD,1,False
part_1/13406592096695746-FREE.mp4,part_1/13406592096695746-FREE.mp4,free,0220e85164a492de54c18e74314e884c654b3130f7cfa7027b2e611e1c05437e,450087,numericid-WORD,1,False
part_1/13423241010240927-FRIENDLY.mp4,part_1/13423241010240927-FRIENDLY.mp4,friendly,503884b054aabd2956c07980a6549b0b4ac82dbc6276ae06313deef333388f1f,402367,numericid-WORD,1,False
part_1/1349677090547572-WITHOUT.mp4,part_1/1349677090547572-WITHOUT.mp4,without,46d1cb38399e138dfa2063c8f35b8899868d2aed39466abe7866b20dc8a4d7cb,511440,numericid-WORD,1,False
part_1/13510627428604893-OVERWHELMED.mp4,part_1/13510627428604893-OVERWHELMED.mp4,overwhelmed,691789b0f77881ef4b1fc261e112041e8dac2a62c8736ba002bee1d693e02db1,294994,numericid-WORD,1,False
part_1/13522996281771027-SPORTS.mp4,part_1/13522996281771027-SPORTS.mp4,sports,c5e2d8149e3f254cea2c722d063e5bfe0f2af0397dfbb8d56eed1ec862c33778,575845,numericid-WORD,1,False
part_1/135488560046084-ITCH.mp4,part_1/135488560046084-ITCH.mp4,itch,edf31acfdb2d12327da70fe95ee4c13689f6c6633555a227f2a5073c22524bc9,511776,numericid-WORD,1,False
part_1/13600055763706353-APRIL.mp4,part_1/13600055763706353-APRIL.mp4,april,0b97d932d687883dfb5f7938a8a1b0939881767ea0704467a5cc6d27754390a6,508045,numericid-WORD,1,False
part_1/1360555261821259-MARCH.mp4,part_1/1360555261821259-MARCH.mp4,march,45b9e848859a2eeba400e2a8afd149df358f075093e3aa0a3c0518105391e5cc,1038039,numericid-WORD,1,False
part_1/13614976745707308-YAY.mp4,part_1/13614976745707308-YAY.mp4,yay,f16b8045c7ef8f31bb5f273d55d5893e18e017e3655209905664c46c3fab9841,287654,numericid-WORD,1,False
part_1/1364708212901251-OWL.mp4,part_1/1364708212901251-OWL.mp4,owl,50590296060c5343331d263c8475e3de1d77a37075f95666b3577b028ef3b257,655951,numericid-WORD,1,False
part_1/13683219097979515-EAST.mp4,part_1/13683219097979515-EAST.mp4,east,14df9d3a3c45426f3f22099532eba5b88fdee4c193bcfc6646a0a8db87d24e18,314120,numericid-WORD,1,False
part_1/1368347920989088-BACK OUT.mp4,part_1/1368347920989088-BACK OUT.mp4,backout,d18f16dbbdbde9283603bea3f86b32a219d75251ddd9be50af414e8bb4277cb9,469025,numericid-WORD,1,False
part_1/13686349274119602-PRODUCE SIGN.mp4,part_1/13686349274119602-PRODUCE SIGN.mp4,producesign,55286adb059e681300a38f035420f2b4a9912f7d5f528a30c2a2473a2f5e430f,871172,numericid-WORD,1,False
part_1/13697993160966937-LIPSTICK.mp4,part_1/13697993160966937-LIPSTICK.mp4,lipstick,db3a0db6c5787b7afcd4683f55c8e6b511fe7fc135edf0afb81273841d02c3dd,613863,numericid-WORD,1,False
part_1/13730175629662345-BALLOON.mp4,part_1/13730175629662345-BALLOON.mp4,balloon,b5040365eb437a0f66252ed4d4b343a9436a2c5a05bd1097f0d34d5327ee0d76,500325,numericid-WORD,1,False
part_1/13739657899319724-CLIMB LADDER.mp4,part_1/13739657899319724-CLIMB LADDER.mp4,climbladder,c735081ae0f27c38b1571456b7799ff651d0b41497028d8607df0e578b79b9ed,2024455,numericid-WORD,1,False
part_1/13749300979129053-JOIN.mp4,part_1/13749300979129053-JOIN.mp4,join,5d5d95dc0abba86aaf7187dc3b23aea1fc931bd79ba6d38475471afa9b9f5325,1055246,numericid-WORD,1,False
part_1/13752916440820018-SPIT OUT.mp4,part_1/13752916440820018-SPIT OUT.mp4,spitout,4fc3f6ac8f2858843064c0eb3fcfa5f8e5aac0469cc423ed0a643ef35a3dec0d,378377,numericid-WORD,1,False
part_1/13831972157907857-NAME.mp4,part_1/13831972157907857-NAME.mp4,name,860af3ba4a400efea0938bef6545014b1ded9b3d0ceee3b32d1f3ae223e4a8dc,505466,numericid-WORD,1,False
part_1/13862091664987353-WHICH.mp4,part_1/13862091664987353-WHICH.mp4,which,247c83727d14ab05506312f0464e8abd77530b48481b3383fa19556e0634a333,333341,numericid-WORD,1,False
part_1/13939574330656868-THRILLED.mp4,part_1/13939574330656868-THRILLED.mp4,thrilled,c8dafb5a47d0274ac663ad4e9b019ca8f946ae264f0886799b0a2d092a925620,401199,numericid-WORD,1,False
part_1/1395951937634763-AWAY.mp4,part_1/1395951937634763-AWAY.mp4,away,99a5d0c74ca924da93b2af29eeeaa3e69e818a6f75b4c32c0350a9d2c2c854ae,390887,numericid-WORD,1,False
part_1/1417633613233007-BASEBALL CAP.mp4,part_1/1417633613233007-BASEBALL CAP.mp4,baseballcap,456cbb35d73e2c8f46738efe1e6ed80a4f3f99b947f1904585050bd59e66b4fd,1109048,numericid-WORD,1,False
part_1/14183690564944396-QUIET.mp4,part_1/14183690564944396-QUIET.mp4,quiet,88810a78e95a1d0ce0c7ba56414420dde94aa40b26b637eaf9cf33344b7ff576,603121,numericid-WORD,1,False
part_1/14198612699161606-5 DOLLARS.mp4,part_1/14198612699161606-5 DOLLARS.mp4,5dollars,5b67207ede956c333c6c0d60e077ae52a5e55540bc053d32b2a92a933bfa5ae8,321064,numericid-WORD,1,False
part_1/14231552284463955-RACE.mp4,part_1/14231552284463955-RACE.mp4,race,15ecdd8a78235c53125eaef8ecd09f4293380a848df5e58ccc2addb2f2d110a4,403307,numericid-WORD,1,False
part_1/14271576596096258-ALL.mp4,part_1/14271576596096258-ALL.mp4,all,c7d235fc60254e3f9298935182144f73bbf85cee68495b8f9a00fe1f43085e9f,709355,numericid-WORD,1,False
part_1/14278756187909525-HEALTH.mp4,part_1/14278756187909525-HEALTH.mp4,health,a56bef97c06c7720f559365e7c1f0c63b6115ea58a53648b08fd084be86a9276,388450,numericid-WORD,1,False
part_1/14341995590392775-NOISE.mp4,part_1/14341995590392775-NOISE.mp4,noise,57166ae116d1ee3a07fe88533c2d5d89aadddba6c13d36a73deaf78281afee45,418376,numericid-WORD,1,False
part_1/14486442921118314-WELL.mp4,part_1/14486442921118314-WELL.mp4,well,ccfbd0e2278f47610bfe87e3861496d8d077c00bbcb36bfa079a6bbe459f7c66,560177,numericid-WORD,1,False
part_1/14498874082427138-DISTRACTED.mp4,part_1/14498874082427138-DISTRACTED.mp4,distracted,d6bb0288503c8a3a6b83db7cf5e012f57a9517bd11dcd63256a568fce81c02f2,1089882,numericid-WORD,1,False
part_1/1452299099300849-PILL.mp4,part_1/1452299099300849-PILL.mp4,pill,bf9bbdb01645054909a8617f1959f72a307d534a790db5a8f2257551f1f2c301,526075,numericid-WORD,1,False
part_1/14532328874612488-BEHAVIOR.mp4,part_1/14532328874612488-BEHAVIOR.mp4,behavior,7ca3f315a82e97063c725dff916e5e561ec84dd2b95fc4cceac0fb5d78369b34,355483,numericid-WORD,1,False
part_1/1461467422069449-STOP.mp4,part_1/1461467422069449-STOP.mp4,stop,5ea75aedf1d9d6d71c89561e9788298373e5d60781f6b67818f72fd63106c558,603896,numericid-WORD,1,False
part_1/14615094008591-SUN.mp4,part_1/14615094008591-SUN.mp4,sun,2b9d78b1e527d0c9d6301e36c0181b20aa4987e469a0575ffcbf737a8983bc90,588278,numericid-WORD,1,False
part_1/14637905185166056-YOU.mp4,part_1/14637905185166056-YOU.mp4,you,8f05751d2cf0ab9cb1e3f24e934357467802d7f983edf3fab5fa66374636d056,603033,numericid-WORD,1,False
part_1/14658700756318543-CALL TTY.mp4,part_1/14658700756318543-CALL TTY.mp4,calltty,0c3be39971b742fd1aa2f90949b074d03b1702e7a036d5edb917adfb02cbcbb7,748452,numericid-WORD,1,False
part_1/14770856655445397-INSPIRING.mp4,part_1/14770856655445397-INSPIRING.mp4,inspiring,382877c607702ae2de9dc7ff8d09d6695ce5f4ded4a007927b6c90d3edf770e4,713417,numericid-WORD,1,False
part_1/14792536131472378-OSTRICH.mp4,part_1/14792536131472378-OSTRICH.mp4,ostrich,dcffe0f2c8218ee175d8b5021f2622b86aca6697d1b06065396f988d912e2b3b,2485298,numericid-WORD,1,False
part_1/14853913650607975-WATERDROP.mp4,part_1/14853913650607975-WATERDROP.mp4,waterdrop,46e34bf30b6af447bf35a09b6f6db579a69c442185c666d5a3a05bcd6265578c,521550,numericid-WORD,1,False
part_1/14911274002800323-VOCABULARY.mp4,part_1/14911274002800323-VOCABULARY.mp4,vocabulary,3b0e364e91e3b2b3d08bb9835997964300a680b6ce3e24d97f493207d30ec07d,654288,numericid-WORD,1,False
part_1/14951362833349968-EXPECT.mp4,part_1/14951362833349968-EXPECT.mp4,expect,fe4a417a84d8d0ccf26301f1999e24d345fe8e43d5f8c8c6321340defc9a2848,1035552,numericid-WORD,1,False
part_1/15033058083907358-ALL GONE.mp4,part_1/15033058083907358-ALL GONE.mp4,allgone,686cdde3d8369029ae84864c0973d2c3f6526e3e9ba833864307468bc284bea6,436491,numericid-WORD,1,False
part_1/1512241224851143-HELP.mp4,part_1/1512241224851143-HELP.mp4,help,6aa335d2e5f52973171a108f0eced42f4ffa0f749b0491d12eea236cc3255065,632540,numericid-WORD,1,False
part_1/1514457535111562-CIGARETTE.mp4,part_1/1514457535111562-CIGARETTE.mp4,cigarette,5a907cae5ab1cc3892beb49019a7f7f198f87bcc1803deed1e1d6be039312fb3,507843,numericid-WORD,1,False
part_1/15158433513577485-BEST.mp4,part_1/15158433513577485-BEST.mp4,best,a7adc9473e7949bdf18e0afc4465a7cf845e395fcf78d51b1aaa40e98aae87e0,418597,numericid-WORD,1,False
part_1/15162960602736475-TRAVEL.mp4,part_1/15162960602736475-TRAVEL.mp4,travel,d5436e592ff6fdf8026fee74161cd2114334aeb33a43150893fd6d8bfeb80948,485419,numericid-WORD,1,False
part_1/15164167836180176-REST ALL_DAY.mp4,part_1/15164167836180176-REST ALL_DAY.mp4,restallday,561c1d779e97d0fde5e907415a6ac7fa4fdd603a89a616a2c6a61e6a57b56791,224818,numericid-WORD,1,False
part_1/15168840137365303-CONCERNED.mp4,part_1/15168840137365303-CONCERNED.mp4,concerned,db74d8ddfc1444a188f8ad1c1fab0b139b88f112b5e4c0c1486078b8fb7f9918,417663,numericid-WORD,1,False
part_1/15189700160154396-PORCUPINE.mp4,part_1/15189700160154396-PORCUPINE.mp4,porcupine,041b066c54237a3f801db85d0ab6d280482a05d87f6ea594b342cfa078e1145d,352185,numericid-WORD,1,False
part_1/1522165717878956-OPTION.mp4,part_1/1522165717878956-OPTION.mp4,option,33ffafcf23286e4b892bd21645e53b1191409b39977b6c4f314e083af22321c4,315394,numericid-WORD,1,False
part_1/1522839054008891-CAPE.mp4,part_1/1522839054008891-CAPE.mp4,cape,409a5e26e2bb732ba07ae7b7767002bf6d0042da849c1fb0ce679647a5a68676,348172,numericid-WORD,1,False
part_1/1525292765911226-GO TO_JAIL.mp4,part_1/1525292765911226-GO TO_JAIL.mp4,gotojail,5d2de325a9ef461711c44ddbfacd9a0d5293cba4052105317ab2158477eee550,699304,numericid-WORD,1,False
part_1/15253285894430646-HANDCUFFS.mp4,part_1/15253285894430646-HANDCUFFS.mp4,handcuffs,2902e1e14d5138b52ce698857e75f517488b3bbd274adeab9bfc86ef6980917d,1312712,numericid-WORD,1,False
part_1/15422946220110756-NONSENSE.mp4,part_1/15422946220110756-NONSENSE.mp4,nonsense,0ba322f29573fdefa9ed3881d3c5531c8f7adcccf329c39e060a3d8009b792ee,369328,numericid-WORD,1,False
part_1/15482497857476263-CLAUSE.mp4,part_1/15482497857476263-CLAUSE.mp4,clause,9a0160f3fd666ebc6fffeff8a64d084c989c15bef6265296a4e6fb7b2592c965,504829,numericid-WORD,1,False
part_1/1550374651873463-DRAWER.mp4,part_1/1550374651873463-DRAWER.mp4,drawer,c051cea66114a734b06f5fab5d59e9ce558b2ca75929f4c6d96946ae9ccb5e66,625784,numericid-WORD,1,False
part_1/15517176121164677-PRETEND.mp4,part_1/15517176121164677-PRETEND.mp4,pretend,3aa4a4e2195f2f7c8f992490da1810f0ecf3011794c7104b1db848fc83a3012d,355039,numericid-WORD,1,False
part_1/15566142124088422-DONUT.mp4,part_1/15566142124088422-DONUT.mp4,donut,470dd164b009aea074afcb5e0efa7944030296a3fa7421590595f443897d1e81,319955,numericid-WORD,1,False
part_1/15631750362649433-AT.mp4,part_1/15631750362649433-AT.mp4,at,3313e6911e6e55c9cb52036cad1f5515bcc9bfb4b7783103f8cd9a80e6c8d2e1,636748,numericid-WORD,1,False
part_1/15653902435798894-FASCINATED.mp4,part_1/15653902435798894-FASCINATED.mp4,fascinated,271de00c160db2b6f3a8764ce186dffb0c72eca2c5786cd1a0cc8c0cc38f1f31,187464,numericid-WORD,1,False
part_1/15661956106712926-GAS.mp4,part_1/15661956106712926-GAS.mp4,gas,e79e1f0dcc46a6f384dce48924a169f21b6991e364732cac84c0e32d72a5115b,330694,numericid-WORD,1,False
part_1/15672281354752404-SEEM.mp4,part_1/15672281354752404-SEEM.mp4,seem,461cd28a6f004e0f0d7b35366f28410012375ed253f470b27f4142a9a6cc7f7e,340732,numericid-WORD,1,False
part_1/15672572094594428-STREET.mp4,part_1/15672572094594428-STREET.mp4,street,9e0129ee3620f8557817fba9afd455a64dc495612722090089cd8bbb218636ce,540603,numericid-WORD,1,False
part_1/1583359273533682-HOOD.mp4,part_1/1583359273533682-HOOD.mp4,hood,e88aee7d773651ccc65e49f0c0a177327ac135a97ee79a544d240b41266bae99,511361,numericid-WORD,1,False
part_1/1588613660670608-CATAPULT.mp4,part_1/1588613660670608-CATAPULT.mp4,catapult,8f5e6c0a0eb049313b69e6e6c63de548a4a7e004fac4a7c4c84d7574c500fed0,498911,numericid-WORD,1,False
part_1/1590837677039214-BIRTH.mp4,part_1/1590837677039214-BIRTH.mp4,birth,a567a901f1d543a6df76cea97bd7f6d481cfd04940b73828c77f9cc80e0547ac,614493,numericid-WORD,1,False
part_1/1591001151701419-ALL OVER.mp4,part_1/1591001151701419-ALL OVER.mp4,allover,13b74ad29e6e1a1302f2d5ba97758cf749b8b344c9c209c90feadde8c3f7eb62,608231,numericid-WORD,1,False
part_1/15915438540449278-SAVE.mp4,part_1/15915438540449278-SAVE.mp4,save,234b22f078f3cfa7ee91af642422614c7a2aa08111fff13dab947353563e264d,428532,numericid-WORD,1,False
part_1/15950448381963422-FILL OUT.mp4,part_1/15950448381963422-FILL OUT.mp4,fillout,281eb394a659f8a7be7406a3b5d682c9e4231fac10c133847ada7027dd0944ce,724475,numericid-WORD,1,False
part_1/1597311997598556-IMPRESS.mp4,part_1/1597311997598556-IMPRESS.mp4,impress,6e122af9f00b175fc9f1a14368fb5a4adb6d50c7b48779d1f16abd98e70cfe55,633167,numericid-WORD,1,False
part_1/16043272602789105-SCULPTURE.mp4,part_1/16043272602789105-SCULPTURE.mp4,sculpture,bae193f563b8f5c959f778760bee8ff6dfa1ea52261d0e4783dc4b25578c7771,656502,numericid-WORD,1,False
part_1/16071486723940542-seedCONCEPT.mp4,part_1/16071486723940542-seedCONCEPT.mp4,concept,2e36ad052695ac1dcd43c569707616a0635a0eb4f6ee24e967c3e77fa85a2f46,1061583,numericid-WORD,1,False
part_1/16083830822863376-MELT.mp4,part_1/16083830822863376-MELT.mp4,melt,fe52aac7918a06b22b21334794c086a2836932f8feaf617f78c067b0c1ad8067,474067,numericid-WORD,1,False
part_1/16122276575126704-COMMUNITY.mp4,part_1/16122276575126704-COMMUNITY.mp4,community,e086712dbe4b4b799072e8b70db1a20e0658793d9bbe06cd50c5d1ccd66d85c3,340334,numericid-WORD,1,False
part_1/16201647939654906-BEDROOM.mp4,part_1/16201647939654906-BEDROOM.mp4,bedroom,4e022a55afffeaf286007b5e938df0032eca6b5bf954f0979bdb11447c18f8b9,566663,numericid-WORD,1,False
part_1/1623722749948504-seedNEEDLE.mp4,part_1/1623722749948504-seedNEEDLE.mp4,needle,300f16179baa1ca0791afffc97bb430d9e4bf373aa3d54ffafb744f25594240b,718488,numericid-WORD,1,False
part_1/16270426237316316-THANK YOU.mp4,part_1/16270426237316316-THANK YOU.mp4,thankyou,b06c08abbae7eaf15daad2de2bab3fc15a22b4361d73e05de78b947700cb3a66,224123,numericid-WORD,1,False
part_1/16308956744008385-CALL ATTENTION.mp4,part_1/16308956744008385-CALL ATTENTION.mp4,callattention,1d13f6bcac7ae01cd9777195a51b67c64143b202a42ddd315203328986007fec,332658,numericid-WORD,1,False
part_1/1633964553032412-seedWHEN.mp4,part_1/1633964553032412-seedWHEN.mp4,when,720f05dedcefc3be6e61eef3d0377fde12e4c9f2a40e1ead7e8afb31fdf09443,1189457,numericid-WORD,1,False
part_1/16366112564102542-TOBACCO.mp4,part_1/16366112564102542-TOBACCO.mp4,tobacco,b8b7541c5d548317986114c30666b94bdfffc6913a087891346088c8dd8c198b,437106,numericid-WORD,1,False
part_1/16396128621236428-PEPSI.mp4,part_1/16396128621236428-PEPSI.mp4,pepsi,47751cf64b8177d8a298bc795c0412dd4fa707e2b79d281634c15923180ebcb7,557707,numericid-WORD,1,False
part_1/16405239193196186-STARE.mp4,part_1/16405239193196186-STARE.mp4,stare,5facb297e6a998e8687d6541080e22b68a9595e73b9b781475f85cd88bc4c380,806758,numericid-WORD,1,False
part_1/16407922585338386-THESE.mp4,part_1/16407922585338386-THESE.mp4,these,e6e1ea52a7b85829700a02abf626ce84c09d83a1bb210f97a99de7c0ef0d20b8,505576,numericid-WORD,1,False
part_1/16408506140188406-FOREST.mp4,part_1/16408506140188406-FOREST.mp4,forest,12be54923245736aed03eb5dd449cd4b79ee9e6369d0d20c9793e951bcc9518c,512099,numericid-WORD,1,False
part_1/16484485840929475-WEDNESDAY.mp4,part_1/16484485840929475-WEDNESDAY.mp4,wednesday,cc1e662c789c6c6445494086659e70e126ac1ffeab0712bf7e80a80be91e9a63,535886,numericid-WORD,1,False
part_1/1649337242624458-CAPE.mp4,part_1/1649337242624458-CAPE.mp4,cape,6aaa726e56148d2d19f6c21289151429b3e5e9b4e8e2be3e5874f5a91a2ede93,312366,numericid-WORD,1,False
part_1/1654484908904772-FAMILY.mp4,part_1/1654484908904772-FAMILY.mp4,family,c3b6bfbfa3b46adfd3426f4f120bb748065fdaacb9e705393b5b9ca99f1921a7,393175,numericid-WORD,1,False
part_1/16545894863628696-ANYONE.mp4,part_1/16545894863628696-ANYONE.mp4,anyone,59e2acdfbdd260dc425af7ef6e8e98287d7b42dfca4154056851b577fb64a34e,469001,numericid-WORD,1,False
part_1/16580926551019415-ALIGN.mp4,part_1/16580926551019415-ALIGN.mp4,align,0ab11ec9d554527b2b52df1c5a94008180abcdfd041ebdaf5f341baf972d5ae0,824378,numericid-WORD,1,False
part_1/16604517021539156-NOT USED_TO.mp4,part_1/16604517021539156-NOT USED_TO.mp4,notusedto,45b49dbf2eceea271a3fe153cfa8de32c5742ac4fa9f9bd6f884e48e21c50050,797544,numericid-WORD,1,False
part_1/16645281669979295-PLATFORM.mp4,part_1/16645281669979295-PLATFORM.mp4,platform,e25de00f36b06812741dcb02c9270a3bc4307c5674accc4b7af524675f144476,563959,numericid-WORD,1,False
part_1/1670760746032347-POPCORN.mp4,part_1/1670760746032347-POPCORN.mp4,popcorn,873c74bd1cab328f34640bd91e0144b95f87ee790cceee9c105f015eb1adc8ed,917623,numericid-WORD,1,False
part_1/1677354883522144-EAR.mp4,part_1/1677354883522144-EAR.mp4,ear,de44bb621e36269e6b00feda3f29712c908b37dee2bcf022fe6865539a340c82,624766,numericid-WORD,1,False
part_1/1684656342501436-PITY.mp4,part_1/1684656342501436-PITY.mp4,pity,ef123f0ffebfe2c1655369ac28af3f89f903875888b48df562096ab4ad797663,636215,numericid-WORD,1,False
part_1/16847593949155049-LOOK APPEARANCE.mp4,part_1/16847593949155049-LOOK APPEARANCE.mp4,lookappearance,d7e24d7bb9c058b966e12d790eba8e5adec133165aa578884de53a8297d5c5a9,459517,numericid-WORD,1,False
part_1/1696797435362305-CATHOLIC.mp4,part_1/1696797435362305-CATHOLIC.mp4,catholic,ff3a31ae378e9c59cbdebc39c7250a62deaf50a1f79662cf348a82a4210257ef,638025,numericid-WORD,1,False
part_1/17019317086729968-DRILL.mp4,part_1/17019317086729968-DRILL.mp4,drill,b661f1453dde08d8bd759bfe0c73fdc83fea6b9b28faf0b70689af7a7cf6d2d0,562843,numericid-WORD,1,False
part_1/17023133428195614-ANGRY.mp4,part_1/17023133428195614-ANGRY.mp4,angry,4be9a7b9eb27eb63bc4c0c42164e8dc3fcc3c7c280c7824f0dbeb2fb7e37bdca,647161,numericid-WORD,1,False
part_1/1703241192438152-WHALE.mp4,part_1/1703241192438152-WHALE.mp4,whale,abf31b4475ac8809b0ab787022e555f53d3a84922dfbe0c83e6eca08c3d47121,502592,numericid-WORD,1,False
part_1/1707427031266413-CLOSE EYES.mp4,part_1/1707427031266413-CLOSE EYES.mp4,closeeyes,1cd82a2d900b4ca4e9412c0aa0618ae3f62a45d95e6d755be789cf9d4bebbac1,1119332,numericid-WORD,1,False
part_1/17119644140270474-WASH MACHINE.mp4,part_1/17119644140270474-WASH MACHINE.mp4,washmachine,8c876a72d4cae097afd039e9150b31bdb3caa162904e42d4bace4e823c6f100d,621532,numericid-WORD,1,False
part_1/17146033226982338-CARVE.mp4,part_1/17146033226982338-CARVE.mp4,carve,38af0dda18d86af2ede1e1ec856dd7e1de88bf6f848560fac32ec0aceb43bd93,481361,numericid-WORD,1,False
part_1/17146468242733048-SWEET.mp4,part_1/17146468242733048-SWEET.mp4,sweet,cd5ff6958a85494e358c71f5e7d0da5a05e6481b650f31b11a71fe33439f7663,465914,numericid-WORD,1,False
part_1/17168186292515686-NEVER.mp4,part_1/17168186292515686-NEVER.mp4,never,b6a89f342fa5e2d7f213620155dac4d056f02d954fa7adecf57ee842ba74a192,387282,numericid-WORD,1,False
part_1/17267589398895922-CRANKY.mp4,part_1/17267589398895922-CRANKY.mp4,cranky,0196fef3c0c0da1ec2aa06e9072d7596975dcbc64aa82c92ee0114bfddf42d8e,504029,numericid-WORD,1,False
part_1/1728288380590255-ZOO.mp4,part_1/1728288380590255-ZOO.mp4,zoo,e90dfe72f0a69169b0bdb05e3f54b64e07ff358c6d8f080b58d1a33fca96ac53,1138805,numericid-WORD,1,False
part_1/1731074372958592-TONGUE.mp4,part_1/1731074372958592-TONGUE.mp4,tongue,721ad1909d2cea67cb2ff39638df5147928a1703c6a31340a6234216fa0ed023,480148,numericid-WORD,1,False
part_1/17466826956034764-SPONTANEOUS.mp4,part_1/17466826956034764-SPONTANEOUS.mp4,spontaneous,a5fa3b6eb9b80604f7958bcbd09c8f693c7a5da7d8f06af384a5884c6acf7f9d,632311,numericid-WORD,1,False
part_1/17469645932372257-BUMPY.mp4,part_1/17469645932372257-BUMPY.mp4,bumpy,08b500d628c4eb1cc79529cbfc682d47bd7e82d73840a06d233fe68eb3aaec1f,474207,numericid-WORD,1,False
part_1/17508160450121624-seedSENATE.mp4,part_1/17508160450121624-seedSENATE.mp4,senate,d0ce532e696cd0d2e9cf3d8ffa31f7d3328084255ca2dfb7ae416f90bb0f42ce,1201049,numericid-WORD,1,False
part_1/17525947256945384-BLOW MIND.mp4,part_1/17525947256945384-BLOW MIND.mp4,blowmind,f41f74423f454a6b558683b71bade028c6d66b5f6d3a81938636779bc80a0eb4,439546,numericid-WORD,1,False
part_1/17527540534077146-REMIND.mp4,part_1/17527540534077146-REMIND.mp4,remind,49ac919c00f4093394201a5d4b042db28fa140908132218abcf3437a0c64c372,1242974,numericid-WORD,1,False
part_1/17613049154675942-seedWALL.mp4,part_1/17613049154675942-seedWALL.mp4,wall,5a5f3d3aaa59f46ccf375e99595deeaca832ea46956dd13d0128f9c4a5fb4771,1052103,numericid-WORD,1,False
part_1/17653195884018258-SIDEBURNS.mp4,part_1/17653195884018258-SIDEBURNS.mp4,sideburns,887df00557047341151e21ce095bff4c772fbf62ee8eb670764c05143c4f0b88,397868,numericid-WORD,1,False
part_1/176551176702612-SPORTS.mp4,part_1/176551176702612-SPORTS.mp4,sports,7de84ea907e0acd76d3aadfb73754bbe0a06c967b725be0fa15fb2f7dfb4e77e,502790,numericid-WORD,1,False
part_1/1765996905933065-INSPIRING.mp4,part_1/1765996905933065-INSPIRING.mp4,inspiring,ed35a23f86a14c1e720585b6b47bcd4658e6000f517bf106ba14b62b87f30fe7,1071453,numericid-WORD,1,False
part_1/17693227186646054-SUCK THUMB.mp4,part_1/17693227186646054-SUCK THUMB.mp4,suckthumb,38e2e53843339dfce9f60eadb107b78b80961ddd81012aa346e6adc32378f74e,458368,numericid-WORD,1,False
part_1/17742163042096148-SPORTS.mp4,part_1/17742163042096148-SPORTS.mp4,sports,c1f46cf06ad0e49734a0cd4702e7f3ceb71519901883494585f339496e6a2a98,610264,numericid-WORD,1,False
part_1/17745541678783927-RUSSIA.mp4,part_1/17745541678783927-RUSSIA.mp4,russia,57098472bc0a2eb02473e8be493eb471d43458e569dc6e9ca61fdf894226dd29,479938,numericid-WORD,1,False
part_1/17810030879122074-EACH.mp4,part_1/17810030879122074-EACH.mp4,each,1b89657204006a9f48ca0d01f9f1e3a04a06273f337648fa3d6f1d4382e7c517,646066,numericid-WORD,1,False
part_1/17840666826596197-SCRUB.mp4,part_1/17840666826596197-SCRUB.mp4,scrub,197c72a4ff8de39375bdba692ae5ca008598933c9f9cf4e0a3e62c631a77da6f,467394,numericid-WORD,1,False
part_1/17863384977805907-INTENTIONAL.mp4,part_1/17863384977805907-INTENTIONAL.mp4,intentional,187556baa4674b1498ccc0aadd9543869b4eaeafc27a7af8f368e05ead9a55fe,512807,numericid-WORD,1,False
part_1/17919103557424498-LAWNMOWER.mp4,part_1/17919103557424498-LAWNMOWER.mp4,lawnmower,b8d601e87cc3f926c450592e31834436cfe6efa56b90bbe48a57e0daf62d67b2,991963,numericid-WORD,1,False
part_1/17984011488050022-MORE.mp4,part_1/17984011488050022-MORE.mp4,more,4aef4924e15ba8c54d4d51762e6fbef442d9465f66ce61722de7c3396f3fa497,421072,numericid-WORD,1,False
part_1/17996767705308603-LIPSTICK.mp4,part_1/17996767705308603-LIPSTICK.mp4,lipstick,b73a1a9d728c440d7750fa6df66098d32a14990172bce53d44c13ad06f07cbf7,496912,numericid-WORD,1,False
part_1/18059362471821427-DISSECT.mp4,part_1/18059362471821427-DISSECT.mp4,dissect,0033285f0d4ea43d2a2fd94c733a66661603faf98d5ab244ca23ac0aed70f44f,443379,numericid-WORD,1,False
part_1/1807239514324559-GET THROUGH.mp4,part_1/1807239514324559-GET THROUGH.mp4,getthrough,eb300c865395a072c745a2f50978456d94f7280c6efcfe15373bf3affabb1a60,690752,numericid-WORD,1,False
part_1/18103667827392633-GET IN_BED.mp4,part_1/18103667827392633-GET IN_BED.mp4,getinbed,d759e47388c1290a64e1148c6dee6024863fb68423285bb4aa66fcb37d2b467b,556033,numericid-WORD,1,False
part_1/18107435097750058-TRADITION.mp4,part_1/18107435097750058-TRADITION.mp4,tradition,45c342b0512074cf0bba5f6e05131289873c57e8ff5f71b8cb65bf696fdd2892,475098,numericid-WORD,1,False
part_1/1810858997468241-TRACTOR.mp4,part_1/1810858997468241-TRACTOR.mp4,tractor,4775017c0c416b4bb5c638d1c6379abe304b5d5665a31c821cad1b42bd474357,744444,numericid-WORD,1,False
part_1/18118514503621896-GOODY GOODY.mp4,part_1/18118514503621896-GOODY GOODY.mp4,goodygoody,66329817d9695c19e2a4993c341c5ea0bbc1ff6441325c0e75b40079b1e659a8,505197,numericid-WORD,1,False
part_10/peas_20241119_195754_15.mp4,part_10/peas_20241119_195754_15.mp4,peas,a9e0bac9983ceeefae3a425f7d6f13be983c6c5f7f77e7700f3c4b080ff7c472,599724,word_timestamp_n,1,False
part_10/peas_20241119_195754_32.mp4,part_10/peas_20241119_195754_32.mp4,peas,b615483701d28c04281676739cfecc006dfd66a00ec40be539550370014f5bf9,310077,word_timestamp_n,1,False
part_10/peck_video_14.mp4,part_10/peck_video_14.mp4,peck,f846f3ee74db6593b3e5052a0e9e93d151ac03eb1b6538aa7fb56845d1dd5589,427839,word_video_n,19,True
part_10/peck_video_38.mp4,part_10/peck_video_38.mp4,peck,9dddb4cb013956cabf187e393e48bc5910118e250e6a399625b86f77e77fe8df,665834,word_video_n,20,True
part_10/peck_video_7.mp4,part_10/peck_video_7.mp4,peck,34b5c79fea1fe00dbd836ba80061c2b68188d516ebedd25d7dd3aa62022ccd00,174069,word_video_n,20,True
part_10/peel_20241119_172650_16.mp4,part_10/peel_20241119_172650_16.mp4,peel,b542e8cab744ab52dc72924488d882bf56cc62e8f4e5a364aad9f41d942102b1,541090,word_timestamp_n,1,False
part_10/peel_20241119_172650_60.mp4,part_10/peel_20241119_172650_60.mp4,peel,9fd2315afbd73ce7a3bd09a165040e9aa5b57c9afcf1b70cc0356efe08b77049,548077,word_timestamp_n,1,False
part_10/peel_20241119_172650_99.mp4,part_10/peel_20241119_172650_99.mp4,peel,d3be5b53c78382475172f4e142df64fbbf93b7b782079c41171d5400289f6edc,697270,word_timestamp_n,1,False
part_10/peg_20241119_172658_32.mp4,part_10/peg_20241119_172658_32.mp4,peg,ed48f7b4b61518e479f1c85a12f3fc4a42cf94e0fcee5bccdf50729f537f787e,1166503,word_timestamp_n,1,False
part_10/peg_20241119_172658_65.mp4,part_10/peg_20241119_172658_65.mp4,peg,836ea73b2c54da701a0a8ae1d788c24330fb77e67125f75171963687160fc5bd,541322,word_timestamp_n,1,False
part_10/peg_20241119_172658_77.mp4,part_10/peg_20241119_172658_77.mp4,peg,0d8515b77abedbcaca2f50c30deb1296520aefa8852ea70d523dc12df02f5d8f,469251,word_timestamp_n,1,False
part_10/pen_video_13.mp4,part_10/pen_video_13.mp4,pen,f818dc9144b83aa946cdf390aff39fa3525b0c04bd0ae6d25cf23ab3f07b3484,221223,word_video_n,2,True
part_10/pen_video_9.mp4,part_10/pen_video_9.mp4,pen,46bb37b24b7c30c55e6b249673b83b18aa2caf1f18f5feb1c59a8fccc9ba46ff,420115,word_video_n,2,True
part_10/people_1.mp4,part_10/people_1.mp4,people,8745f653c6fc54788c97bd710e67456b500091e805478470f93a33473f2ee64a,232431,word_n,1,False
part_10/pepper_video_11.mp4,part_10/pepper_video_11.mp4,pepper,202f9fe86c57d4226d7310a8947838ae18603452b24438ce7322a6ca8f1152c4,547512,word_video_n,1,False
part_10/percent_video_1.mp4,part_10/percent_video_1.mp4,percent,26d9e48ee9d757f1e67500e7c8421eda3e1653a11a4ca1f5cf094d0a309b2988,463609,word_video_n,1,False
part_10/perfume_20241119_172650_55.mp4,part_10/perfume_20241119_172650_55.mp4,perfume,a6d168b372a83d2b99fc7fb7fe63895a687781cda6b73a26263c50dffb1f5290,591100,word_timestamp_n,1,False
part_10/perfume_20241119_172650_70.mp4,part_10/perfume_20241119_172650_70.mp4,perfume,18b23dd478b49e3f2a0321fac978f0546b2e536871595f8104851e91d28822ee,436340,word_timestamp_n,1,False
part_10/perfume_20241119_172650_71.mp4,part_10/perfume_20241119_172650_71.mp4,perfume,3802adcb6f91cda0486d061fa231d988d1bdadfeb4732a8c9b369eeb3bbe887f,462114,word_timestamp_n,1,False
part_10/period_video_4.mp4,part_10/period_video_4.mp4,period,e87dfdae3f885491458633c80aa50bb99517606fcb96c15a2fdd753660dce288,1385373,word_video_n,1,False
part_10/persistent_video_2.mp4,part_10/persistent_video_2.mp4,persistent,d91e2fa1716303c352f3dfb89d193d96bdb1da7a1f377cba9939bd96ea290b2c,441805,word_video_n,1,False
part_10/pet_20241119_172650_35.mp4,part_10/pet_20241119_172650_35.mp4,pet,bb0f15d39c654becb67552082df7a7cc23ca019550d554d1a574d666ba330110,512458,word_timestamp_n,1,False
part_10/pet_20241119_172650_37.mp4,part_10/pet_20241119_172650_37.mp4,pet,908385fa4c1e1c5fbbef2128956050bd02e4e2b32276d4f70a78a430219aadf2,424273,word_timestamp_n,1,False
part_10/pet_20241119_172650_64.mp4,part_10/pet_20241119_172650_64.mp4,pet,7f5b180a5bd2774fbfeab2f9f8cc2f1be257ec7449d3deec6314cea0984083ec,485893,word_timestamp_n,1,False
part_10/philadelphia_2.mp4,part_10/philadelphia_2.mp4,philadelphia,40fcf69bc3c163d7572b01d4ff68e11cc6cb1c5041cfae2229b34eaba8ef70c7,183784,word_n,2,False
part_10/physics_1.mp4,part_10/physics_1.mp4,physics,53ed2e2fd4cce64548156adf691a83cdb1dba210f4c0b64c2109a1ff3ef9ccca,274144,word_n,1,False
part_10/physics_9.mp4,part_10/physics_9.mp4,physics,9236a2e59745c8cb09af8e3b1c66c3c2b00f30ee70ed517f82ab35cfb5e62637,183759,word_n,1,False
part_10/piano_video_3.mp4,part_10/piano_video_3.mp4,piano,ed62a5aef2f36070b7c9569bd57810709a22d5839a66d10aca80612a38a4a771,796022,word_video_n,1,False
part_10/pick_13.mp4,part_10/pick_13.mp4,pick,133cb8c080d59de7bedf244e48c93daa9a540717f343c3ba7ebf8a7f9281f260,53197,word_n,1,False
part_10/pick_video_5.mp4,part_10/pick_video_5.mp4,pick,362c688c4c585cc64768f11fdb26a05da529f906cabe81221c228d29326c03b1,929403,word_video_n,2,True
part_10/pickle_8.mp4,part_10/pickle_8.mp4,pickle,537b3f5d90e70e3435364735aa0f571004f5465a2f79b9a8daac4dd6dcca906b,38103,word_n,1,False
part_10/picture_video_15.mp4,part_10/picture_video_15.mp4,picture,30f8d3ce1cb37194bcdd75afa8b2edeb6d4b78d32c1d25ee90951135ea2268af,228124,word_video_n,1,False
part_10/pig_6.mp4,part_10/pig_6.mp4,pig,b42b87e891c93aa0d9b8b8ffd0c00c13743ddcf0ededd6932c45311da71be860,151290,word_n,1,False
part_10/pill_video_4.mp4,part_10/pill_video_4.mp4,pill,7a818f977632daddc1f6fab0c27eba470c499965f60c6fb118d258f4e75dc0bb,658431,word_video_n,2,True
part_10/pillow_20241119_172650_25.mp4,part_10/pillow_20241119_172650_25.mp4,pillow,f92ad3dd55e655229bf6774805f665210cd092cb8f6fb6c047ffebc695f71bbc,629065,word_timestamp_n,1,False
part_10/pillow_20241119_172650_49.mp4,part_10/pillow_20241119_172650_49.mp4,pillow,318d029542fc61d90279d9edaab3889b2992051534d432bc148afe2e23ea3a58,887445,word_timestamp_n,1,False
part_10/pillow_20241119_172650_58.mp4,part_10/pillow_20241119_172650_58.mp4,pillow,6d0c9ef6333ad8b4d332799615cff75d2742453bde50684d03b17e5c06a50e83,625177,word_timestamp_n,1,False
part_10/pinch_20241119_172650_46.mp4,part_10/pinch_20241119_172650_46.mp4,pinch,e898a1578b35e2a00ca8a4180b16f2de923b9ee3afbf3d79ba617bfc730583c1,373928,word_timestamp_n,1,False
part_10/pinch_20241119_172650_7.mp4,part_10/pinch_20241119_172650_7.mp4,pinch,83c3deb48e46c6bf0556fff2c5aa8b7c9938f7f5026f47eb070c6becd865cb88,439210,word_timestamp_n,1,False
part_10/pineapple_20241119_172633_107.mp4,part_10/pineapple_20241119_172633_107.mp4,pineapple,2910671f7ad5d5d53059f8b2a81995da775c9b905c4b4a848e71f6dedfba79ec,475967,word_timestamp_n,1,False
part_10/pineapple_20241119_172633_142.mp4,part_10/pineapple_20241119_172633_142.mp4,pineapple,5566c28fe1d210124197997015966ec52056009edbf6e89056771ef511d0bc8a,555356,word_timestamp_n,1,False
part_10/pineapple_20241119_172633_69.mp4,part_10/pineapple_20241119_172633_69.mp4,pineapple,adf815566c364b0f616a8e2753ec0f6603184763dbe0c1435d385b94d7ec1d1b,372419,word_timestamp_n,1,False
part_10/pink_5.mp4,part_10/pink_5.mp4,pink,4f8e8428698f266a7e5e902982f3ac65fe638ca1786f0a73e5c7c0736efeb41b,207275,word_n,1,False
part_10/pipe_20241119_172650_32.mp4,part_10/pipe_20241119_172650_32.mp4,pipe,35b2f1040cb6334d474ec8c809e90e54b2c9425204c14311972075ad84530b9c,917824,word_timestamp_n,1,False
part_10/pipe_20241119_172650_54.mp4,part_10/pipe_20241119_172650_54.mp4,pipe,6c01ba393d2e2553e1737d41f428dda015758adbb88c580fd73414f80212f1ae,755208,word_timestamp_n,1,False
part_10/pipe_20241119_172650_73.mp4,part_10/pipe_20241119_172650_73.mp4,pipe,ba59cfa0eff1734ef37311e964a7197e0a62b4019777a063056d076a5749bda6,275960,word_timestamp_n,1,False
part_10/pitcher_video_6.mp4,part_10/pitcher_video_6.mp4,pitcher,0faec9b9838d7d8e1abfa8dd08389fce084b528c0a04a6b518cf993240794bd8,303351,word_video_n,1,False
part_10/pizza_20241119_172650_19.mp4,part_10/pizza_20241119_172650_19.mp4,pizza,ed082269144d6c9abe28b9f4bdcd5d922d90d99d38bff8d6d0ed29a583f0b985,174773,word_timestamp_n,1,False
part_10/pizza_20241119_172650_31.mp4,part_10/pizza_20241119_172650_31.mp4,pizza,9d81990a8b797bfea78fe743d61d4b701daa180a1804c386a50330e7ac243d26,874081,word_timestamp_n,1,False
part_10/pizza_20241119_172650_35.mp4,part_10/pizza_20241119_172650_35.mp4,pizza,d4eba81b3e74abc137b061dbc81adc1afbe3775e5457a3aa1f1f81cf35daaeb6,455888,word_timestamp_n,1,False
part_10/place_video_18.mp4,part_10/place_video_18.mp4,place,12d1e0935fb6fa379744b5b90a5be7aac93a2a4500f6f583bf98adddd9ba9fa0,177864,word_video_n,2,True
part_10/place_video_23.mp4,part_10/place_video_23.mp4,place,c8abfcbb53f7ed820cf78fa39126ee7a2f6c5374cfbaa87cccffc6d49f0a10f7,103280,word_video_n,2,True
part_10/place_video_38.mp4,part_10/place_video_38.mp4,place,12eea3d9c85cddb470824b17da302035b3e3209faa2afebcd84390dc951082ff,411659,word_video_n,1,False
part_10/plant_video_0.mp4,part_10/plant_video_0.mp4,plant,97072f0d952dc5d6da3eadd4ab0946060f6a9a91be07a226ea968ac9b6ac875b,158946,word_video_n,1,False
part_10/play_video_25.mp4,part_10/play_video_25.mp4,play,553a8dbe71f368662e80695249e76b6aa30df0cc4fa786bd92a4508bf6da72bc,124858,word_video_n,2,True
part_10/play_video_3.mp4,part_10/play_video_3.mp4,play,086a3a5373ffbd542f708fbcd8ff7ae705e8b6e16549dd238cd55b7bf7fc8134,175421,word_video_n,1,False
part_10/play_video_33.mp4,part_10/play_video_33.mp4,play,fe584a7f2991085419bbd3ab43d9374c69898a7ff253b3d8c8a283822c5ed163,431467,word_video_n,2,True
part_10/plenty_video_1.mp4,part_10/plenty_video_1.mp4,plenty,1f3ca0f3a6e8dda4b6232650e427f46b1a4b93416940cd9c4f478674e6269a35,305861,word_video_n,2,True
part_10/plenty_video_32.mp4,part_10/plenty_video_32.mp4,plenty,028f7655138a195c5f1d1d11642a865bd5920b217392afbde7330870c1099c7a,299563,word_video_n,20,True
part_10/plenty_video_37.mp4,part_10/plenty_video_37.mp4,plenty,1c523cdf1fc8e72d456ab769903636a7fb7112590f62790214fbb9de028af08b,320371,word_video_n,20,True
part_10/plow_20241119_172650_21.mp4,part_10/plow_20241119_172650_21.mp4,plow,01f9530e3166b895584478bfc3d64ea023c5b22073d71eb8a740bd4995751f28,460484,word_timestamp_n,1,False
part_10/plow_20241119_172650_42.mp4,part_10/plow_20241119_172650_42.mp4,plow,4cb1c4a0d69db6ff408e45cd1adaf8112f2ee482afb2df8f3e26bc05b5f8c744,507790,word_timestamp_n,1,False
part_10/plow_20241119_172650_53.mp4,part_10/plow_20241119_172650_53.mp4,plow,0bcb3af13f86a3b2f8df1dfc10725834c32ea2e7a6e134cda2e158ab6bdad7d1,544587,word_timestamp_n,1,False
part_10/plug_20241119_172650_23.mp4,part_10/plug_20241119_172650_23.mp4,plug,f2a4fa8a39fb9722788a62d2b6b2d37fa633d58d2946f00f2eca65ea08f4ea09,390386,word_timestamp_n,1,False
part_10/plug_20241119_172650_31.mp4,part_10/plug_20241119_172650_31.mp4,plug,15dacf0e97c47b06c6abf98b7c19733c636af756412b10e58a9b30b65be300f0,586857,word_timestamp_n,1,False
part_10/plummet.mp4,part_10/plummet.mp4,plummet,9ce7ba0a1f1552cd9cdd4f41ad8c8abef159b90ffb39e18f61a43f6c401cdbe8,361701,word_only,1,False
part_10/point_1.mp4,part_10/point_1.mp4,point,d0b6871f9851f85bbf4a5b16068e9471a993b6a4dd2426d478f90b276edc6aaf,283982,word_n,1,False
part_10/point_video_28.mp4,part_10/point_video_28.mp4,point,b5888faecc741c75cce3bf1eb4e9ca86cebc9492b10fb6b1f86fc79a273ced9e,366582,word_video_n,1,False
part_10/policeman_20241119_172650_33.mp4,part_10/policeman_20241119_172650_33.mp4,policeman,0682c8f210556c2699011d904cc548f9bcd289176f7c20f1b749ef7a23a2a487,796821,word_timestamp_n,1,False
part_10/policeman_20241119_172650_44.mp4,part_10/policeman_20241119_172650_44.mp4,policeman,d86515dfd1bcb98d12d331820f440557163fe0bcd6ca32f0888c227080df8004,273353,word_timestamp_n,1,False
part_10/policeman_20241119_172650_8.mp4,part_10/policeman_20241119_172650_8.mp4,policeman,9badd987324a97b5db67da79eeb55c8f91ec89d9ae5f19d5453cecd2bb376f2f,708258,word_timestamp_n,1,False
part_10/policy_4.mp4,part_10/policy_4.mp4,policy,ae9db63e6277790d300142d519992afad200d39fe963aa4287ccad8dd2b0fbc2,71420,word_n,1,False
part_10/policy_video_4.mp4,part_10/policy_video_4.mp4,policy,1f091e4a40c64af95361f23f22b22c278f9adc941d9ecaead10b52e0168883bf,547982,word_video_n,1,False
part_10/polish_video_2.mp4,part_10/polish_video_2.mp4,polish,2b65cb7f3c327fed984fc499f9bae0308ca2db7c4ce42f760cac0c9ed3c40521,165464,word_video_n,2,True
part_10/poor_video_10.mp4,part_10/poor_video_10.mp4,poor,9e536c7ca4f72ab872f3eda743d28249fedc7b3457d751b26e6a6069945b9ab0,524274,word_video_n,1,False
part_10/pop_20241119_172650_49.mp4,part_10/pop_20241119_172650_49.mp4,pop,eed1f5ace3db77c894141f42942d38b6adaa7223ff4898d96cf2b7585ba620ad,517724,word_timestamp_n,1,False
part_10/pop_20241119_172650_72.mp4,part_10/pop_20241119_172650_72.mp4,pop,002563164aa4251d38fe99ef2f16a80b288396288f3643a0d4f61fa15a776dc7,514871,word_timestamp_n,1,False
part_10/pop_20241119_172651_63.mp4,part_10/pop_20241119_172651_63.mp4,pop,6b6d13bc1d8b84338ccd8b5fde3f0bac150508c119207bcc2d9c987eddc336bd,334186,word_timestamp_n,1,False
part_10/possible_video_1.mp4,part_10/possible_video_1.mp4,possible,644dd75242ce1b42aa6de2399d09fc78955a7c095826ae3ddd6718e0221cc29e,395105,word_video_n,1,False
part_10/possible_video_2.mp4,part_10/possible_video_2.mp4,possible,29319bc451a0589c1ecb6c5822b906a4f942d7320a0de4866756a95d58284e0d,233621,word_video_n,1,False
part_10/postpone_video_3.mp4,part_10/postpone_video_3.mp4,postpone,2f64f06a19432a4ebb0391644f952be90d387ccdb8a444cf2137005ef0f6a52f,93544,word_video_n,1,False
part_10/pour_20241119_172651_20.mp4,part_10/pour_20241119_172651_20.mp4,pour,4b1a17ce134c1d1c92c03f5db5ef7973ed8be5cb0cdd31ffab006b4e150e2694,674754,word_timestamp_n,1,False
part_10/pour_20241119_172651_44.mp4,part_10/pour_20241119_172651_44.mp4,pour,bd774c6e9c6bc07cfe22f6561f467fb7a70b330b781af44894597aa656db89cf,351859,word_timestamp_n,1,False
part_10/pour_20241119_172651_47.mp4,part_10/pour_20241119_172651_47.mp4,pour,47d9bb5f1bcf779af74f658f1ec8efe8eb023e1abec824207d991049a0d5da75,391656,word_timestamp_n,1,False
part_10/pregnant_7.mp4,part_10/pregnant_7.mp4,pregnant,b636a1c012c0326003939cfa880305c24d05bc5afd98abf7a8db8e5df6ff6be8,201521,word_n,1,False
part_10/present_20.mp4,part_10/present_20.mp4,present,365049b144943876b2133962816c32f49f658d5134fd8651eb4d16ca886fd35e,174041,word_n,3,True
part_10/present_video_8.mp4,part_10/present_video_8.mp4,present,c200053e99c3f3a63caacbfc70cb99c68bc64bb0a19819f46039006ddf38e2d5,126770,word_video_n,2,True
part_10/press_video_12.mp4,part_10/press_video_12.mp4,press,38981df250fcfec3c50a635e16d0f55446d14085e74a1101834ce10d9a2ce8ea,310297,word_video_n,2,True
part_10/price_6.mp4,part_10/price_6.mp4,price,7477895963a080797060df451193bc7fa3d314225ec00161c4b4363d1ada4413,594954,word_n,1,False
part_10/price_video_3.mp4,part_10/price_video_3.mp4,price,6c09c758f1bdbcf85bc496cc7766f787710fa2857ff48b94a09ce985f60c6b8f,155969,word_video_n,1,False
part_10/priest_video_4.mp4,part_10/priest_video_4.mp4,priest,965575cccbe7c1990986e52f9435d42d530becfd2ccee7a647bf57b7aa84638c,328374,word_video_n,1,False
part_10/prince_1.mp4,part_10/prince_1.mp4,prince,83010ccf2a91eabf6d5242665535f8229913d9f47769b4e874f8945e29ef87fa,843655,word_n,1,False
part_10/print_video_8.mp4,part_10/print_video_8.mp4,print,18ed22b1034b73232ae54fd271208c7b39024cfffc0dfb64dd6d1a6b617cf29a,158922,word_video_n,1,False
part_10/priority_video_6.mp4,part_10/priority_video_6.mp4,priority,225ef321e171f3cb42fb2b4bb4610bcfa4eca5e0ecfcd9818b2c4b8543fe0fa9,646152,word_video_n,1,False
part_10/problem_20241119_172651_17.mp4,part_10/problem_20241119_172651_17.mp4,problem,f7933d89d20298e3ff5d2fac1763eeef0deada108971bc895e3785fbc2e3042d,690218,word_timestamp_n,1,False
part_10/problem_20241119_172651_18.mp4,part_10/problem_20241119_172651_18.mp4,problem,0af355efe7edb5e46f43121d2e29ca48673ab91ece8ccc7b6d86569ffeb71ad5,129262,word_timestamp_n,1,False
part_10/problem_20241119_172651_5.mp4,part_10/problem_20241119_172651_5.mp4,problem,13deff9c290d2ba9cf700e4945fae2839407da5dda47a0e893fce255750e0922,315331,word_timestamp_n,1,False
part_10/process_2.mp4,part_10/process_2.mp4,process,2d71ba44d491080797a50828d54210f4f60ed46cf79fe230c327432247700c2c,306850,word_n,1,False
part_10/program_video_14.mp4,part_10/program_video_14.mp4,program,2ad9ea2e0661b29e67d18139e3b688dc06573969181a9fe051158aefde805773,239778,word_video_n,1,False
part_10/promise_video_8.mp4,part_10/promise_video_8.mp4,promise,92221ce5f5008e1b3eaef4b2e74c9abbdf2471396eac75ca45456c091d473050,148209,word_video_n,1,False
part_10/propose_video_3.mp4,part_10/propose_video_3.mp4,propose,bc5bd5cfb6899877c59783738ec50d80ba025a35856f3d52f9f8982ab4033541,145213,word_video_n,1,False
part_10/provide_3.mp4,part_10/provide_3.mp4,provide,86f40e75d18b00b15780fe01316b224f775cc24140c01089baaeff2cb174507f,711071,word_n,1,False
part_10/provide_video_7.mp4,part_10/provide_video_7.mp4,provide,d47dfc00adeaffd6e4449f4a784b02af8ff63ac1e13a9cdfe303c635c765f8a2,478837,word_video_n,1,False
part_10/psychologist_video_1.mp4,part_10/psychologist_video_1.mp4,psychologist,1221775680204be9734884ca3509105c7ea40ce71063c0cae5f9035b0d080fc0,177836,word_video_n,1,False
part_10/psychology_video_0.mp4,part_10/psychology_video_0.mp4,psychology,ebf705a65744616840dd50b10dcaa553b5c97843538201e3f23cdda9cfee0d9a,254111,word_video_n,1,False
part_10/public_9.mp4,part_10/public_9.mp4,public,d1001ced8524c333c1742cf94e8edf8bc124b3b407963e2120e32183ba6fe048,180438,word_n,2,False
part_10/pull_video_26.mp4,part_10/pull_video_26.mp4,pull,f2e1c61d2c48bf9c325ffcac9ecbaa4479c252b147bc8b53cb17b06f7216f4ae,1043171,word_video_n,1,False
part_10/pumpkin_video_1.mp4,part_10/pumpkin_video_1.mp4,pumpkin,1d03b575f8d8d68fc9e8bf5ebfcdcf22017028b43407d094b62140f9958ec02e,541619,word_video_n,1,False
part_10/punish_7.mp4,part_10/punish_7.mp4,punish,bd143f06f2e37330b94e96692103a9d5b80f161047d160b13c92332060001454,37268,word_n,1,False
part_10/push_video_3.mp4,part_10/push_video_3.mp4,push,44a05597063572286fa32f1001fd79b401ae48cbd3dbe04db4faa6b33b4f2e5e,504375,word_video_n,1,False
part_10/q_2_q_aug_12.mp4,part_10/q_2_q_aug_12.mp4,q,a1e9aa02f3ba69c4530a9c44ecbbce02b72a4f67d4dd2576ebe4890bf7d76dac,285657,word_n,2,False
part_10/quality_5.mp4,part_10/quality_5.mp4,quality,306392fbd1bd34cfaea5e1da6b4efa139e48b0d63f9c981b65c510af4246c5c8,651635,word_n,1,False
part_10/quarter_video_20.mp4,part_10/quarter_video_20.mp4,quarter,95dca6cd9dcadd7a3390f0a9b3772357f559f1dd76f4388cb8cd9a7e063a0fed,278191,word_video_n,1,False
part_10/quarter_video_5.mp4,part_10/quarter_video_5.mp4,quarter,5ad1a26768a7cc32e08644f8a926997d87804719d4f63658e39ee8eeb1bb288d,631176,word_video_n,2,True
part_10/quite_a_little_video_41.mp4,part_10/quite_a_little_video_41.mp4,quite a little,1c85f7fe0920debfe6c0954d3c72a0b965dad8526278f18be8cb562ee2619d18,587960,word_video_n,20,True
part_10/quite_a_little_video_49.mp4,part_10/quite_a_little_video_49.mp4,quite a little,60690ce11683a55875bd74799a83456c87aaef33b8595a0892eca6433f352493,262937,word_video_n,20,True
part_10/r_video_2.mp4,part_10/r_video_2.mp4,r,ab1e3a451002d8e170546e65579c5af50219148d8ecf4c12c8a038e829589806,488018,word_video_n,1,False
part_10/r_video_4.mp4,part_10/r_video_4.mp4,r,5c6faa55836cb748574205fa10f893f7153db00f5895ca1ea413cca84d2e2d17,1267995,word_video_n,1,False
part_10/rabbit_20241119_172651_20.mp4,part_10/rabbit_20241119_172651_20.mp4,rabbit,b4d725c48024dc3ccaf89d57d24155c51001edc3a24964a5ff348f4da951aec5,726495,word_timestamp_n,1,False
part_10/rabbit_20241119_172651_27.mp4,part_10/rabbit_20241119_172651_27.mp4,rabbit,0d6bd8b0f53c97da44a64f2a04d47afc1c4c9cc573ff5eae20a29cf6e79f08a0,462358,word_timestamp_n,1,False
part_10/rabbit_20241119_172651_68.mp4,part_10/rabbit_20241119_172651_68.mp4,rabbit,5522b9dfb623adc802bf175185de32e957bd1faf427d7d9bd3aefa791d73ebaa,542719,word_timestamp_n,1,False
part_10/radio_video_3.mp4,part_10/radio_video_3.mp4,radio,fb67933a179fe39c7324e9da4d0d27925c71ec971e472b55a79b8abab59302f6,170304,word_video_n,1,False
part_10/raft_video_13.mp4,part_10/raft_video_13.mp4,raft,1624f4e72af173a9d28df5c0f57f076de5d632f67b1dc99dc37d5053e0fbd191,175432,word_video_n,20,True
part_10/raft_video_31.mp4,part_10/raft_video_31.mp4,raft,c92902e90d985ab51e53f035b2fb39938f40d002deb33f1d49ce1e210d57238b,183055,word_video_n,20,True
part_10/rag_video_23.mp4,part_10/rag_video_23.mp4,rag,efc3fa7729b3d20ee7685e1cd720e1df22c9cb17eaeb1f725fd723eb33823147,396240,word_video_n,3,True
part_10/rag_video_30.mp4,part_10/rag_video_30.mp4,rag,7b28ea9ee9a0f128edbf5b9cac678e59e031466845ef63d9b6c39a33e5cfdd78,557948,word_video_n,3,True
part_10/rain_11.mp4,part_10/rain_11.mp4,rain,d4bc89ea80761fcf0532dd20a4565dcf2e6a1b70aeba790355c67443e270ebc0,39377,word_n,1,False
part_10/rake_video_1.mp4,part_10/rake_video_1.mp4,rake,a7c0d80e14c3fd8947fa44b2273acb10e7a7c07d0e9f69a35d57ad75be4197c6,197947,word_video_n,1,False
part_10/razor_20241119_172651_14.mp4,part_10/razor_20241119_172651_14.mp4,razor,e5815863339891325643944f35bef8fe22a7c4c8f3e50a52ed791fe8927a1d18,290368,word_timestamp_n,1,False
part_10/razor_20241119_172651_31.mp4,part_10/razor_20241119_172651_31.mp4,razor,199962f2e2496a40cfd0bf5d3871baa876fd3d968fd7d380703638d3882d4a07,907499,word_timestamp_n,1,False
part_10/reach_video_6.mp4,part_10/reach_video_6.mp4,reach,647f818e339e5ee9c4129dcb85133d74cfc819ccbeeaf82515eb515eee4c27b2,241749,word_video_n,2,True
part_10/react_video_2.mp4,part_10/react_video_2.mp4,react,7748b602c01148b1fdb251d7cf86727402e174246dad5f5834fb4a5b9ab284a7,152417,word_video_n,1,False
part_10/ready_15.mp4,part_10/ready_15.mp4,ready,a6f7b3add96cb72636ea8e122de8cb392bd34dcb01c8b6c1394596a217d21653,42862,word_n,1,False
part_10/ready_video_2.mp4,part_10/ready_video_2.mp4,ready,6a2bb9e20c9a8401447d91914e36412506cf6fb21c0aa3ff8fa7262a34fbf517,52375,word_video_n,1,False
part_10/really_1.mp4,part_10/really_1.mp4,really,581d743c4682a28f57d91d05bc0dc60220c3aaf8d80a25705ba059f06a6cf1df,174875,word_n,1,False
part_10/reason_video_0.mp4,part_10/reason_video_0.mp4,reason,a4691ad600f61f883c7e81562a3fee5799e7a11ef3d7d310fbc143757457743d,229340,word_video_n,1,False
part_10/recent_20241119_172658_26.mp4,part_10/recent_20241119_172658_26.mp4,recent,e70a7f97f7c509cf3d19671b63b4b7d71fe2e67bee50f25c12dd917000acc1d4,1111288,word_timestamp_n,1,False
part_10/recent_20241119_172658_40.mp4,part_10/recent_20241119_172658_40.mp4,recent,1e2a0443327a9df8ba282c32fa8a0c31c4bd32951a25c99458bf922963e9ba35,360061,word_timestamp_n,1,False
part_10/recent_20241119_172658_56.mp4,part_10/recent_20241119_172658_56.mp4,recent,39cc9ab2330bf5003afe8387987ee1d281fbf85d3d044bcae0d10a7e089ccbd9,505971,word_timestamp_n,1,False
part_10/reduce_video_25.mp4,part_10/reduce_video_25.mp4,reduce,36621ad61e960b037a31a20a7cec1a20d1b43e6e83a04ab8507f909cf6d3902e,283543,word_video_n,8,True
part_10/register_video_6.mp4,part_10/register_video_6.mp4,register,06435931381fd0b45c23661dd5d9e6de42174504dec05cc50bca242e61ee8269,111262,word_video_n,1,False
part_10/relationship.mp4,part_10/relationship.mp4,relationship,fa0640efc55c21ed0b349f5287389bc61d187ae5c8c5900469e8f11600dd203e,292478,word_only,1,False
part_10/relax_20241119_172651_24.mp4,part_10/relax_20241119_172651_24.mp4,relax,7968bda2554d7cbb74f52c89d807f5adaa3adc13e52ce1823c5fa07d3c575e3d,658452,word_timestamp_n,1,False
part_10/relax_20241119_172651_48.mp4,part_10/relax_20241119_172651_48.mp4,relax,2dd71366161802eba0a207f9af0b10634f439c184197b02f5bab4142fff86431,391670,word_timestamp_n,1,False
part_10/relax_20241119_172651_55.mp4,part_10/relax_20241119_172651_55.mp4,relax,6bba12aff092534b700bae9fee525fa2c12b390babfc50415efe9605b6e438d2,669488,word_timestamp_n,1,False
part_10/release_video_0.mp4,part_10/release_video_0.mp4,release,1ad4a05d9d15b1a115a41465107120750da32461528bf96fe92da15fd0e1f104,294521,word_video_n,2,True
part_10/relief_video_10.mp4,part_10/relief_video_10.mp4,relief,6fdbe1ba839b3cdf49560b9e588f999c303fb7047f51c3c05dc938ed38681abd,361729,word_video_n,2,True
part_10/relief_video_21.mp4,part_10/relief_video_21.mp4,relief,ed424136e1a040b44cbc0ee895eb0cada10594380c8675633b380aec14a8eade,293164,word_video_n,1,False
part_10/religion_video_0.mp4,part_10/religion_video_0.mp4,religion,293378623d606e5e4019fa8c3c5958178d6555859cc2808f703888900aeb3718,130683,word_video_n,1,False
part_10/religion_video_6.mp4,part_10/religion_video_6.mp4,religion,348dd4cf4df204391fafc7bd65ab7401c065cb8fc85d975b8596881a7d2ea969,249398,word_video_n,1,False
part_10/remember_20241119_172651_33.mp4,part_10/remember_20241119_172651_33.mp4,remember,4ccfc9a1b6b7ac02cd7f21c61ea4ade21f55e6779a078de47a8e113bdd381d43,473214,word_timestamp_n,1,False
part_10/remember_20241119_172651_55.mp4,part_10/remember_20241119_172651_55.mp4,remember,7a306cb823ea4534d439ae06b4bce57641bb1d362269d8082cc8da65c5e6ab90,445087,word_timestamp_n,1,False
part_10/remember_20241119_172651_59.mp4,part_10/remember_20241119_172651_59.mp4,remember,8d298544dea3d3bf6624d070c69aa7deeefda66fff9cd2b1376ae7ce638baf42,363269,word_timestamp_n,1,False
part_10/remove_5.mp4,part_10/remove_5.mp4,remove,8aed93c914c113d0c4696d62e1d33b1db8ae9ad1f39c107398f8154fd933bd3a,660314,word_n,1,False
part_10/replace_video_1.mp4,part_10/replace_video_1.mp4,replace,6ba673d28709ced0e194281280fb4fae56061fd98e73270a79f675a9891688a2,593223,word_video_n,1,False
part_10/research_20241119_172651_13.mp4,part_10/research_20241119_172651_13.mp4,research,9c4fb0148ba1a9a08263f8d506254214b123ae40ac7bb951a5c1aaa42372ff2c,175016,word_timestamp_n,1,False
part_10/research_20241119_172651_20.mp4,part_10/research_20241119_172651_20.mp4,research,0303c62c29f8edd31d3a0f613b4076e2faa9ad20f3f6021108ad941c2eddeb4f,244802,word_timestamp_n,1,False
part_10/research_20241119_172651_66.mp4,part_10/research_20241119_172651_66.mp4,research,7fcac0deadbee90c6e5b18dd9b46d2ae0636ec5af8f3bb54d9d1c1b67008dbb0,359450,word_timestamp_n,1,False
part_10/resist_video_0.mp4,part_10/resist_video_0.mp4,resist,e1c4f7882b60ad7d54d8239a6cc3171cfea3bb142bd4aa3637c0edcf05e1570f,134266,word_video_n,2,True
part_10/resist_video_3.mp4,part_10/resist_video_3.mp4,resist,23c3f6bbc45018cec7a41849f3488ed5cc7d9bb6d4bfa94792bb35bb2213a891,206831,word_video_n,2,True
part_10/responsibility_4.mp4,part_10/responsibility_4.mp4,responsibility,48fac716c6b51b91a4b51530dc3dca1cbb112d4edf6e7a2cb57498454640e846,181070,word_n,1,False
part_10/rest_video_1.mp4,part_10/rest_video_1.mp4,rest,7f51778b5c2dd497f9dcf39e984d2177fe58a4d0dce702615f192634e023d224,201665,word_video_n,2,True
part_10/restaurant.mp4,part_10/restaurant.mp4,restaurant,28209535e6235039400ab033b9bd8428e9172590f424f948b08f5c52748a07af,280266,word_only,1,False
part_10/restaurant_7.mp4,part_10/restaurant_7.mp4,restaurant,9bbf7d08af7e644bbd519dd88810a649f68bcc4dc68696fcedf8124ed0acc204,235347,word_n,1,False
part_10/result_5.mp4,part_10/result_5.mp4,result,ca07ab131ef779d6198c3bf8407d650f3a2ad5d5b3e2e34dd5909f6c35be9465,222350,word_n,1,False
part_10/retire_1.mp4,part_10/retire_1.mp4,retire,597fa29e0ed1a9b3592c9768d8fbd70595005abd4970d653089b45ae5a8e5d4e,176934,word_n,1,False
part_10/retire_video_8.mp4,part_10/retire_video_8.mp4,retire,bcd749ce32d672713d1f2a8df018128ff5415185d5478967e411c216df21bf44,230343,word_video_n,1,False
part_10/retrieve_video_2.mp4,part_10/retrieve_video_2.mp4,retrieve,8acf29625cb48300d54715ccc41ab580830596e811e9e4dace4e645a10bb9a3c,284996,word_video_n,3,True
part_10/rhino_20241119_172651_35.mp4,part_10/rhino_20241119_172651_35.mp4,rhino,7ab6d457df1c477acea777fadf65ca3fe8928694dbd14684f085bd35242391b8,467124,word_timestamp_n,1,False
part_10/rhino_20241119_172651_58.mp4,part_10/rhino_20241119_172651_58.mp4,rhino,055a28483c27db6eabc9bb373635d6c234c3a7f403645054de644c698a46d312,524965,word_timestamp_n,1,False
part_10/rhino_20241119_172651_62.mp4,part_10/rhino_20241119_172651_62.mp4,rhino,0a751aa57a319235fd459643dc38966bbdb90d3ba3c910d04234229c536a2595,369830,word_timestamp_n,1,False
part_10/rich.mp4,part_10/rich.mp4,rich,6c3193359dbf3dd2051ef3e36cb563aae65bb6f51358be2f092366d051b45c23,250478,word_only,1,False
part_10/ride_20241119_172651_31.mp4,part_10/ride_20241119_172651_31.mp4,ride,0760e708310768ea355814068174d22eb781b41a6af2b64dc5bb1cbe719679a2,429335,word_timestamp_n,1,False
part_10/ride_20241119_172651_46.mp4,part_10/ride_20241119_172651_46.mp4,ride,4a76ba4d5a0fcf9b9cd7d6d27944c1e3367e0d22135248fbbffb51aad132aee2,587918,word_timestamp_n,1,False
part_10/ride_20241119_172651_8.mp4,part_10/ride_20241119_172651_8.mp4,ride,6d0636ee4a45af5ecfd1f00d608719a4e66536e5a349ef443997867f4ac9690f,129436,word_timestamp_n,1,False
part_10/right_20241119_172651_19.mp4,part_10/right_20241119_172651_19.mp4,right,9f89556600946593381c6b6194008fe537cbab4c8877044da61ce7b1374eae75,271841,word_timestamp_n,1,False
part_10/right_20241119_172651_5.mp4,part_10/right_20241119_172651_5.mp4,right,6c28839c27a742fd9234d2d2b7e4110e45fdcd349a52466d9559a53b173b42fb,271614,word_timestamp_n,1,False
part_10/right_20241119_172651_65.mp4,part_10/right_20241119_172651_65.mp4,right,786077bf970c217ea8775daa1c738258c17b72a68924bfa96d0ffd4cf5be9534,798406,word_timestamp_n,1,False
part_10/ring_3.mp4,part_10/ring_3.mp4,ring,e9d2f605e9e2c97168c50e54a5a005a0a0cabbd2e4ccb292bed5510660ff9500,613460,word_n,1,False
part_10/river_20241119_172652_31.mp4,part_10/river_20241119_172652_31.mp4,river,402aa32c1104f954598f248a3eb30c705495c6de8d63903df598061e87964e86,364514,word_timestamp_n,1,False
part_10/river_20241119_172652_4.mp4,part_10/river_20241119_172652_4.mp4,river,12de2f7d5a282a7d8ce0d75d67bcc4d4b0b91c264e512701d6a42c898ae870fa,262071,word_timestamp_n,1,False
part_10/roar_20241119_172652_33.mp4,part_10/roar_20241119_172652_33.mp4,roar,7bbbbd7bc61321a3822c1281276be5ef8d2c66f5aaae89775ff65de81c394d1e,404836,word_timestamp_n,1,False
part_10/roar_20241119_172652_58.mp4,part_10/roar_20241119_172652_58.mp4,roar,61ecc490d0fb11c7369f02a814e275a6db3bd9414c19472ed656c5b56e684e99,560694,word_timestamp_n,1,False
part_10/roast_video_1.mp4,part_10/roast_video_1.mp4,roast,db16755ae5be39b6a8cd62276cd6f484289848e257829e966f256bfcac446884,57251,word_video_n,1,False
part_10/rob.mp4,part_10/rob.mp4,rob,c8fd23a9ec21e59350bfcc12f8b98213f32d2e1b42e42e55a9b428c95506fe92,277869,word_only,1,False
part_10/rock_video_1.mp4,part_10/rock_video_1.mp4,rock,1f1d4b685c2ced6ed21e346a7e20692e486c4b03957117e645c3c0ab0a4bc6ea,297203,word_video_n,1,False
part_10/rocket_20241119_172652_36.mp4,part_10/rocket_20241119_172652_36.mp4,rocket,0e28fe46f3963dfe493ea50fe93a4b57793d9f890a675d7586adde5cb0a2b987,672876,word_timestamp_n,1,False
part_10/rocket_20241119_172652_52.mp4,part_10/rocket_20241119_172652_52.mp4,rocket,743fb57a525c237d19365dde3d6582e74a6202bd41aea5da60bf76efe7b4fadb,560163,word_timestamp_n,1,False
part_10/rockingchair_20241119_195754_34.mp4,part_10/rockingchair_20241119_195754_34.mp4,rockingchair,0c1d427976607409c8eb7add5c8cc39d55322a7a4862ae830cc9ee0c4b09b7ec,473870,word_timestamp_n,1,False
part_10/rockingchair_20241119_195754_8.mp4,part_10/rockingchair_20241119_195754_8.mp4,rockingchair,5bbe55cab4c5443330f082906af11ba76dfdf7861afd17213f4d370df8d60aff,344628,word_timestamp_n,1,False
part_10/role_video_2.mp4,part_10/role_video_2.mp4,role,b668247853e1de123ed81ce1b156616f97c4156b3683bfb716f67bd7009bf0e0,225478,word_video_n,1,False
part_10/roll_video_8.mp4,part_10/roll_video_8.mp4,roll,fe11b5bc31f594f4b58b00aa7aab27fa26da6dfd2fcf3b08668217c41daf554a,618485,word_video_n,1,False
part_10/room_video_0.mp4,part_10/room_video_0.mp4,room,ab58c327bcf5b5ad509383d0a3422d82edbca817dd43831a27f0c85999091ab2,208788,word_video_n,1,False
part_10/rose_1.mp4,part_10/rose_1.mp4,rose,ef10b16c864d773fd242943e1b31718eb88682c6bd1316ad2ae2f390fe2edb88,527848,word_n,1,False
part_10/rough.mp4,part_10/rough.mp4,rough,ac4e67869445ab0cc3cf303063f26d77c2d949a80ca5e6836ec57013cdddb0c5,355182,word_only,1,False
part_10/rude_video_0.mp4,part_10/rude_video_0.mp4,rude,78c897ac42c847e9936420e654a006137de0c08123ea8b287c3949fdf86aa865,230563,word_video_n,1,False
part_10/ruin_video_2.mp4,part_10/ruin_video_2.mp4,ruin,a0c3e1e5592364865bab941a194df189ab98b57a0ad835ff418d20bd25072a9e,98756,word_video_n,1,False
part_10/rule_16.mp4,part_10/rule_16.mp4,rule,1d309aa22c567532d7a8fbc67ef3218b2c675dfb6096e452821d690e350da028,245382,word_n,1,False
part_10/rule_video_9.mp4,part_10/rule_video_9.mp4,rule,c20427828ab981918f8f5ee885b66aac50ad8228b24971f57c3de402325b275c,356312,word_video_n,1,False
part_10/run_20241119_172652_21.mp4,part_10/run_20241119_172652_21.mp4,run,9cf177e95541e6011155ebbccd871c7c58183bc6add22a000f1a9a9589525d96,464290,word_timestamp_n,1,False
part_10/run_20241119_172652_27.mp4,part_10/run_20241119_172652_27.mp4,run,fd924434c2c604acb5d17957db5aa92c03c38d3ef1b83871c5efdf86569b85a8,326592,word_timestamp_n,1,False
part_10/run_20241119_172652_29.mp4,part_10/run_20241119_172652_29.mp4,run,a85ac7ec2137137f50705286ecae6af0995016e594680ec09c2fc952eab494b5,51998,word_timestamp_n,1,False
part_10/rush_video_6.mp4,part_10/rush_video_6.mp4,rush,41909361f05eb63ff6a6bf57930a3383882d6870556a52429832a621cd26d355,302326,word_video_n,2,True
part_10/russia_3.mp4,part_10/russia_3.mp4,russia,1e77ef4cfcdbc3772720bd729a1cca7fd1a339508816d91057909a8452f812db,195076,word_n,1,False
part_10/s_4_s_aug_20.mp4,part_10/s_4_s_aug_20.mp4,s,cfb95266020360426f290e14b51ca262d4c45381446f1652b9b844c561c2743f,8118,word_n,1,False
part_10/sail_20241119_172652_21.mp4,part_10/sail_20241119_172652_21.mp4,sail,12d13605fb63b718e47c25bc1ff4451e96a6fcd3fd54d95571bbd96411b4202a,671760,word_timestamp_n,1,False
part_10/sail_20241119_172652_61.mp4,part_10/sail_20241119_172652_61.mp4,sail,b600ad382199a858b56b1fc2bcd36831504dcda08dce9c0a8568d3800d9a99eb,510076,word_timestamp_n,1,False
part_10/salad_2.mp4,part_10/salad_2.mp4,salad,3a51b9d18f55b8839ac8885773817b5fdce65d83e4625020c21e81b9c5d25d24,237312,word_n,1,False
part_10/salt_8.mp4,part_10/salt_8.mp4,salt,1984bc87cbf170db61c44bb16986e4b0e875bc0c12f78be0db21a37445809c2e,236338,word_n,1,False
part_10/same_20241119_172652_12.mp4,part_10/same_20241119_172652_12.mp4,same,fe2e493a63fc76c968f7385b14d47ae80fba38bc2427ebb7329fe0d83c121ad1,146511,word_timestamp_n,1,False
part_10/same_20241119_172652_45.mp4,part_10/same_20241119_172652_45.mp4,same,9b0fab541a478b95163015a513d5604a96e77c45031e1c7718870cf76222c3f7,428734,word_timestamp_n,1,False
part_10/same_20241119_172652_5.mp4,part_10/same_20241119_172652_5.mp4,same,a9f1b4147d3eeda57f0da12fd4574058ccf9f62c60b0beb7fadb41726ed52f16,632054,word_timestamp_n,1,False
part_10/sandwich_20241119_172652_102.mp4,part_10/sandwich_20241119_172652_102.mp4,sandwich,70b978d7fa98e146e3c5db58554debd36580af84d5e8e66664545c578b4e846d,511233,word_timestamp_n,1,False
part_10/sandwich_20241119_172652_20.mp4,part_10/sandwich_20241119_172652_20.mp4,sandwich,05656a9670a58d68b8caeaeb047ef67de9514ec272cdd950c5e42641c390552d,524712,word_timestamp_n,1,False
part_10/sandwich_20241119_172652_52.mp4,part_10/sandwich_20241119_172652_52.mp4,sandwich,694e27c21244cccf13d71d390ca8f8fac53b3b8a98f0cf1be8eb023d9b9fe4cb,581172,word_timestamp_n,1,False
part_10/save_10.mp4,part_10/save_10.mp4,save,6cd4a6e7fb57e9a0cdc9836d9e28d8bbab66fc24938c8d9d23566a8555f571b3,182343,word_n,1,False
part_10/saw_20241119_172652_53.mp4,part_10/saw_20241119_172652_53.mp4,saw,f217910ece68effd755e5b3ee85af14aa416a5288a8a96eccd1b1393c772436d,584408,word_timestamp_n,1,False
part_10/saw_20241119_172652_61.mp4,part_10/saw_20241119_172652_61.mp4,saw,8fe2db496c35761a43f4fe29f9396336d6678ab2fbaf1b2540565335e91a26c0,656486,word_timestamp_n,1,False
part_10/saw_20241119_172652_65.mp4,part_10/saw_20241119_172652_65.mp4,saw,95750d25de4ee94fc72201c12dfba26fca891c3c889979ff875482b4b0fc2449,547680,word_timestamp_n,1,False
part_10/scared_video_1.mp4,part_10/scared_video_1.mp4,scared,82dcfbf32119ef39520d3578df230c776b6d5270e0cd534b0bfaa7fa83316b4e,267636,word_video_n,1,False
part_10/scarf_20241119_172652_22.mp4,part_10/scarf_20241119_172652_22.mp4,scarf,71dcee8956b68b50904f1e0ae4d4c2963f82da937abe3cc4b78d75f85ca39676,612550,word_timestamp_n,1,False
part_10/scarf_20241119_172652_80.mp4,part_10/scarf_20241119_172652_80.mp4,scarf,e259abcdd80c2260a7dfceac520a2313123772735b80dc1deec2eeefe1f90ad0,372640,word_timestamp_n,1,False
part_10/scarf_20241119_172652_91.mp4,part_10/scarf_20241119_172652_91.mp4,scarf,9d67bcb66822bcc4cff58deda1b6acefbd77f405906684e293c1ccc21559281e,1023859,word_timestamp_n,1,False
part_10/science_6.mp4,part_10/science_6.mp4,science,e5d8daec826fb5622412d37e8c1ea2becc9124348122f5d58048d5f26e7d1f8c,399987,word_n,1,False
part_10/science_video_1.mp4,part_10/science_video_1.mp4,science,a377f7af7f4403d9024c0d87675ae0a26c02d9310353ccd25a9edeac21381e5c,367899,word_video_n,1,False
part_10/score_12.mp4,part_10/score_12.mp4,score,095d0730add20019fac9a86ade1e2b24f820cef5211ac2be3e543088b98f088f,37884,word_n,1,False
part_10/score_video_7.mp4,part_10/score_video_7.mp4,score,4f4615ec52e6557961c198f43987e5ffd3cc6336138727a7ec7b7496643010ba,292355,word_video_n,1,False
part_10/scout_video_3.mp4,part_10/scout_video_3.mp4,scout,40b8319859487eafede36f40dfc66c73aabbb756d0c356c2f30ce683b472f38e,377470,word_video_n,1,False
part_10/scream.mp4,part_10/scream.mp4,scream,c379b7d22859aa1d0cd002a622600d7532694347074894c403fe1ed0a1e64e28,292994,word_only,1,False
part_10/screwdriver_20241119_172652_23.mp4,part_10/screwdriver_20241119_172652_23.mp4,screwdriver,70637b0c946ebef3451b2d55a8b6e9517a85ebd283f411acc73f849bbff8b3ee,392153,word_timestamp_n,1,False
part_10/screwdriver_20241119_172653_48.mp4,part_10/screwdriver_20241119_172653_48.mp4,screwdriver,9fc0bfa8934a03114f3c84c7197cce97b0a7a692cf83027915d72a070cad1663,506835,word_timestamp_n,1,False
part_10/screwdriver_20241119_172653_5.mp4,part_10/screwdriver_20241119_172653_5.mp4,screwdriver,4404ab347472ed3b6cd040bfbaa50ae440336e7e977b91cb74dcc9760b2fd3c0,347939,word_timestamp_n,1,False
part_10/sculpture_1.mp4,part_10/sculpture_1.mp4,sculpture,96eff37152ac611a845ebdf1286a46638703da0350e185862e441331dc97e2d7,237007,word_n,1,False
part_10/seal_video_4.mp4,part_10/seal_video_4.mp4,seal,16a2a20bd8e3d9b1d9c6212d08de8d6db64ee90e427b4691e316e34b76a5fde9,528380,word_video_n,1,False
part_10/seem_video_10.mp4,part_10/seem_video_10.mp4,seem,3c41846f8ce5b05210fe263482da8eb6e9962f851e547ace33662ce824282d0a,51081,word_video_n,1,False
part_10/sell_11.mp4,part_10/sell_11.mp4,sell,5d90abd64ff5a9b3ae2cdd9922df0c5f7d7117f6f065762151a216b09ff1044f,178532,word_n,1,False
part_10/send_video_1.mp4,part_10/send_video_1.mp4,send,ee9cef017545f3a9829e1f540bf4b45ee00c062fc8a8cb6a77d80faebee22863,55441,word_video_n,1,False
part_10/sensitive_video_6.mp4,part_10/sensitive_video_6.mp4,sensitive,3071e50e1b969887485c088a4261ab9529d4d7e9a6386f920f42bb7b60525d12,143851,word_video_n,1,False
part_10/sentence_20241119_172653_12.mp4,part_10/sentence_20241119_172653_12.mp4,sentence,04bcc49ede00f02af557b74be6078f39e13f4c7da1c95df1927de9d86dd814a3,178314,word_timestamp_n,1,False
part_10/sentence_20241119_172653_40.mp4,part_10/sentence_20241119_172653_40.mp4,sentence,3d43a9061d0b7fcd3436ade701ac3d36c5cb3c4e3f160fd51a7d9667184771b4,373053,word_timestamp_n,1,False
part_10/sentence_20241119_172653_42.mp4,part_10/sentence_20241119_172653_42.mp4,sentence,dc2f18b463e9cc528aa5fee0484890f352378c257892328bfad75605b5f1fd8d,610695,word_timestamp_n,1,False
part_10/separate_video_10.mp4,part_10/separate_video_10.mp4,separate,2884f6fff73e4166b30f8784eb28a9b76135034b66db7e11922bb0fc4edb8ae4,435081,word_video_n,2,True
part_10/separate_video_3.mp4,part_10/separate_video_3.mp4,separate,df62df79312b25400c59caac6b56ba6d8c008ff7b60332d5430a0888a3431dd0,217000,word_video_n,1,False
part_10/serve_20241119_172653_30.mp4,part_10/serve_20241119_172653_30.mp4,serve,6f4a8cce1dc2d541737c1b23bf3d41ef30e303ec3fdcb8684940227e76c932d2,452442,word_timestamp_n,1,False
part_10/serve_20241119_172653_60.mp4,part_10/serve_20241119_172653_60.mp4,serve,bcc3fd17401a7b335e525637ed7fdf0a7086f85c38577e3f7b9ab5948c92816d,506702,word_timestamp_n,1,False
part_10/serve_20241119_172653_74.mp4,part_10/serve_20241119_172653_74.mp4,serve,972f44e3db04332c4a2ca1d6640409cf93006d882019cdbaa44088ca969254ef,306261,word_timestamp_n,1,False
part_10/set_up_video_37.mp4,part_10/set_up_video_37.mp4,set up,64140f22457c12c9792d961335998114cce9d5f3b8b067e91f76f6c4e27d4819,269658,word_video_n,2,True
part_10/set_up_video_4.mp4,part_10/set_up_video_4.mp4,set up,b028dab0debb0be65523b31208b5a0e5b536f8ce0032701eda027f71278c2662,197686,word_video_n,1,False
part_10/set_video_27.mp4,part_10/set_video_27.mp4,set,48071075415b1f8f5fc824a515139d42fcee47be9fcd5cb16b9d0e7776e1bcb8,163383,word_video_n,2,True
part_10/set_video_58.mp4,part_10/set_video_58.mp4,set,a9e3750e9ec73aef9da9d5fe94186022506b6947cc13c34871115904b45347f4,163683,word_video_n,4,True
part_10/seven_5.mp4,part_10/seven_5.mp4,seven,45c2e684de971dd86a2f35e6df0107e99f6f13c8ab04ad58cd9e213b83890930,13998,word_n,1,False
part_10/shake_20241119_172653_30.mp4,part_10/shake_20241119_172653_30.mp4,shake,e20ba16bf59363f04faf81655d022e20116e53a3ce184ba27fb996038530077d,582186,word_timestamp_n,1,False
part_10/shake_20241119_172653_37.mp4,part_10/shake_20241119_172653_37.mp4,shake,5c124de6cb7e5de5a59077ea54cdc67848fd61427b697af3a9c381549842dd10,741188,word_timestamp_n,1,False
part_10/shake_20241119_172653_45.mp4,part_10/shake_20241119_172653_45.mp4,shake,3e7a24ab0aef212a456e396e5213730fc3f75255e839ae1ab34d7c5402c128c7,715571,word_timestamp_n,1,False
part_10/shape_video_9.mp4,part_10/shape_video_9.mp4,shape,9be065b2772c55c742617787dd70698abf907798fdf7b17c9ba0e76b539e2e52,332632,word_video_n,4,True
part_10/share_video_5.mp4,part_10/share_video_5.mp4,share,3ecd6059c53217198f60951b960cb8c6c30178b1785b408e1765a6fa40c4213d,472710,word_video_n,1,False
part_10/shark_20241119_172653_27.mp4,part_10/shark_20241119_172653_27.mp4,shark,008b2315b2a90015c46f8ef3dd475908f16f8a502b726852f19b5dab49dbd3e8,563959,word_timestamp_n,1,False
part_10/shark_20241119_172653_46.mp4,part_10/shark_20241119_172653_46.mp4,shark,c1e50db28a6bc31c6acc1561cb2d563d3d14fb7104c76f77114f05007d318348,549889,word_timestamp_n,1,False
part_10/sharp_20241119_172653_3.mp4,part_10/sharp_20241119_172653_3.mp4,sharp,801be7fdb1fa5a0ff58e0c31557764de4bde63a252dbfee48d188c25648b0984,159409,word_timestamp_n,1,False
part_10/sharp_20241119_172653_38.mp4,part_10/sharp_20241119_172653_38.mp4,sharp,ba008aa652e8ed0953b8f0ce440093a0c8b6248f505590c5faa14841295bd864,377222,word_timestamp_n,1,False
part_10/sharpen_20241119_172658_19.mp4,part_10/sharpen_20241119_172658_19.mp4,sharpen,a080170119f03b4f78687202af08d67d07715e89110cde91636ee37e02c0d01b,371515,word_timestamp_n,1,False
part_10/sharpen_20241119_172658_29.mp4,part_10/sharpen_20241119_172658_29.mp4,sharpen,93b55faa243eb660408c2f7e510cfa59b6a2d7a23921bbf40667a2c0e11c88ed,481796,word_timestamp_n,1,False
part_10/sharpen_20241119_172658_69.mp4,part_10/sharpen_20241119_172658_69.mp4,sharpen,c2ba439fcf56bdf2879e92a9fea57d945a229ac31b3a9bb4cc3db1beeeaf28de,441950,word_timestamp_n,1,False
part_10/shave_20241119_172653_48.mp4,part_10/shave_20241119_172653_48.mp4,shave,a8eae94ef439187c5583565fb1813f66fa0950be10cf9de9a9f7b0cec3c3b492,398457,word_timestamp_n,1,False
part_10/shave_20241119_172653_59.mp4,part_10/shave_20241119_172653_59.mp4,shave,111f804182ac0c3b29e4e01956f72cad403714d3b27fa494a311b64715a22c1f,306723,word_timestamp_n,1,False
part_10/shave_20241119_172653_77.mp4,part_10/shave_20241119_172653_77.mp4,shave,2e2b7efc2f4c1a2bda742e6568dc0303190aedeb8aaec42212cd1bec738952be,320519,word_timestamp_n,1,False
part_10/shelf_6.mp4,part_10/shelf_6.mp4,shelf,824b48a166ecd0d70461b7aa043625fffa1d061281877adfd89d326af4ecc017,49908,word_n,1,False
part_10/shield_video_0.mp4,part_10/shield_video_0.mp4,shield,7957a55d9e16aa9189513b582a9a88a6e92c33959b8b6320e90ae82e9f04b586,68734,word_video_n,1,False
part_10/shirt_20241119_172653_41.mp4,part_10/shirt_20241119_172653_41.mp4,shirt,f69aa503d7d2a053aa4e265564738ab6688a6b178d65533ce3a5514b4cfd997d,455071,word_timestamp_n,1,False
part_10/shirt_20241119_172653_47.mp4,part_10/shirt_20241119_172653_47.mp4,shirt,7e1b59711d002dbbd7ec208afc82b4e7d9748fb71b10d0cbd3dabd2bb7cc73b3,646121,word_timestamp_n,1,False
part_10/shirt_20241119_172653_57.mp4,part_10/shirt_20241119_172653_57.mp4,shirt,e2da13e63cb2ea6a5c4d135c15b278f75365b752eae26a65657dbc0015a3155d,452110,word_timestamp_n,1,False
part_10/shoes_11.mp4,part_10/shoes_11.mp4,shoes,afde3c3f7f32559a7942f7fa6bd57cb0a166e5fce640c5477a2ea6d0dbbd5437,222831,word_n,1,False
part_10/shoot_20241119_172653_1.mp4,part_10/shoot_20241119_172653_1.mp4,shoot,0d6412538147f34be9d395ecc1e67477585d5ad8d4bb4ed2f39dfdd66053dac4,339710,word_timestamp_n,2,True
part_10/shoot_20241119_172653_33.mp4,part_10/shoot_20241119_172653_33.mp4,shoot,704425d940a52313afb167a0c6b28eebcf3dcd209fbc49e1bf3807060072662f,1134792,word_timestamp_n,1,False
part_10/shoot_20241119_172653_64.mp4,part_10/shoot_20241119_172653_64.mp4,shoot,21c7a9b79e0a349834ed8258ca75439dd2efa977760c9f0bd63d507d6e8f6995,517421,word_timestamp_n,1,False
part_10/shop_20241119_172653_24.mp4,part_10/shop_20241119_172653_24.mp4,shop,4f1cf06df144d08b0a1bb83a31dd6e4ec48f6e06f4f978a5c600b53262b378f7,481999,word_timestamp_n,1,False
part_10/shop_20241119_172653_53.mp4,part_10/shop_20241119_172653_53.mp4,shop,d4ae3f405488941fe4854b1313071c7fb70e270c4ca21d512b8cde62877108cc,688230,word_timestamp_n,1,False
part_10/shop_20241119_172653_63.mp4,part_10/shop_20241119_172653_63.mp4,shop,c81777c673f2e1b966360ae93fbd68894e7c5143d99366b9180784e49db344d7,920239,word_timestamp_n,1,False
part_10/shot_video_11.mp4,part_10/shot_video_11.mp4,shot,670c1c33cb0df2cff44f2d834d858af5e4e5d722f01ffdb4dacf74549a63ef69,308542,word_video_n,2,True
part_10/should_4.mp4,part_10/should_4.mp4,should,8f673971648406c14d7723f5d4e1c516866ba25e5c9e3d08122dc665726ceeb9,651865,word_n,1,False
part_10/shoulder_20241119_172653_23.mp4,part_10/shoulder_20241119_172653_23.mp4,shoulder,8302668fce4c8a68bb224c851796ee9c03a1d6e114d47627a859e12209ba44e7,419626,word_timestamp_n,1,False
part_10/shoulder_20241119_172653_35.mp4,part_10/shoulder_20241119_172653_35.mp4,shoulder,25602cb31944a97b8750a4107eaf0d54641cdd4cca24410ec5d66c70a79a1893,771201,word_timestamp_n,1,False
part_10/shoulder_20241119_172654_29.mp4,part_10/shoulder_20241119_172654_29.mp4,shoulder,66eacbeec0cda7ce92d37e782632709ccb4f34543fe4ade626a0e52cfdbb0d34,460153,word_timestamp_n,1,False
part_10/shout_20241119_172654_1.mp4,part_10/shout_20241119_172654_1.mp4,shout,756cafd8b148224e3498e2da3efcceef59d60c3a10d77786469df7265780f684,173865,word_timestamp_n,3,True
part_10/shout_20241119_172654_2.mp4,part_10/shout_20241119_172654_2.mp4,shout,5c5ef158bc4b890b194470d61f93aff57a8a33ce70b13cfdc8d68d625201acf5,361681,word_timestamp_n,2,True
part_10/shout_20241119_172654_50.mp4,part_10/shout_20241119_172654_50.mp4,shout,4f9a13fc88e1873ac6248dd75e1794e47ff71a7e5b09534bf2817ef1d9a0519e,570267,word_timestamp_n,1,False
part_10/shovel_20241119_172654_19.mp4,part_10/shovel_20241119_172654_19.mp4,shovel,76d5e40d0834bdd2cbc6c19a99afd174d4cef9dc6f7f4694e7a4d8a70300cf23,581962,word_timestamp_n,1,False
part_10/shovel_20241119_172654_3.mp4,part_10/shovel_20241119_172654_3.mp4,shovel,4204e0bcb22f4bd216619d58b39fabfd2296d0e4b40054a196e87ef666a9d66d,165231,word_timestamp_n,1,False
part_10/shovel_20241119_172654_69.mp4,part_10/shovel_20241119_172654_69.mp4,shovel,8b4467c8f13f052ad4f6b1649a728be2e0655c20ace1ba9157a86c7daf9777d9,880888,word_timestamp_n,1,False
part_10/show_0.mp4,part_10/show_0.mp4,show,2f643bbd78603ac4df13852fda7a8974c9eadfc542ca0925a77422e08f3da270,244733,word_n,3,True
part_10/shower_9.mp4,part_10/shower_9.mp4,shower,c1b33ad47719eccaeac6d10cb95ef78b32c7aab619b1ee99419cb09b2521b120,227836,word_n,1,False
part_10/shy_video_1.mp4,part_10/shy_video_1.mp4,shy,38c615ddc503fc8d1784ba3e2056483eab2bff7f074bb1556763afee3b229a1b,163824,word_video_n,1,False
part_10/sick_16.mp4,part_10/sick_16.mp4,sick,f1f4a082596b4c83ea5d27c3413e9818b29ad9c9bc715cae7ff5de50cd2ca558,261636,word_n,1,False
part_10/sign_video_12.mp4,part_10/sign_video_12.mp4,sign,89e26168a0abb012b518cfa259c5357cd850a4da8ffff8e069b9d63e47e635c4,573862,word_video_n,1,False
part_10/sign_video_9.mp4,part_10/sign_video_9.mp4,sign,d0460b0d8d1d6bf7609d5dac6cc1ca5de5485ae2d285a29d30a0c6810be1bf16,445802,word_video_n,1,False
part_10/silly_video_1.mp4,part_10/silly_video_1.mp4,silly,69de5e646484bfcea8061500a61b7837297f862026a0e3e4a26181c2a15c8d1e,311875,word_video_n,2,True
part_10/silly_video_4.mp4,part_10/silly_video_4.mp4,silly,29e04693c6e4b6c34a70a079ed4f4247213790e1963eeeaf8e2e9d65c2be27ef,119071,word_video_n,1,False
part_10/silver_video_5.mp4,part_10/silver_video_5.mp4,silver,79e96b472b6fe6078d03b0a7df69691ff224c96127cbc80eb59853836cdd8b51,333828,word_video_n,1,False
part_10/sing_4.mp4,part_10/sing_4.mp4,sing,991e891c050810dbe04214cd351b715a3b65e68be63094106ea88444e192262f,366158,word_n,2,True
part_10/sing_video_0.mp4,part_10/sing_video_0.mp4,sing,d76945228c9a01d6a803379b64f61c44dd8cc69a4a4a6ee88d5ee62560d2c1cd,259282,word_video_n,1,False
part_10/sink_video_15.mp4,part_10/sink_video_15.mp4,sink,3cf5cffcc8e7917044da317c7ac236be443423d159c56aefc42c3de5a2db8063,800609,word_video_n,2,True
part_10/siren_8.mp4,part_10/siren_8.mp4,siren,bc80e5e367e7f7141970fb8e40ed56021ce3cb959e1f65db3dff39f7b78d6201,88889,word_n,1,False
part_10/siren_video_2.mp4,part_10/siren_video_2.mp4,siren,60c56e097a780884d49da516d4389e8260fb377e81abe3d5474ca10044522e5b,2341029,word_video_n,1,False
part_10/sit_11.mp4,part_10/sit_11.mp4,sit,3cba8c9b16dfe887a4fa089b4b715c2d4eb29aaa9a73ce369ccfd7f0dec83da7,209361,word_n,1,False
part_10/skate_1.mp4,part_10/skate_1.mp4,skate,10bc1eecc52596a293b9f23bbda609b835ff6bbc056b2da252326169e9daa9c2,311612,word_n,1,False
part_10/skateboarding_20241119_195755_17.mp4,part_10/skateboarding_20241119_195755_17.mp4,skateboarding,0e6271a09298c6f790eded1fe494c1eb9c70452fa0a74f27f0a96f6ac851f05c,963917,word_timestamp_n,1,False
part_10/skateboarding_20241119_195755_32.mp4,part_10/skateboarding_20241119_195755_32.mp4,skateboarding,d8bb05023c2f49f71ba6e614ccfcaf92973ce30f4432a3e5c8e3c14d732224c6,194379,word_timestamp_n,1,False
part_10/skateboarding_20241119_195755_81.mp4,part_10/skateboarding_20241119_195755_81.mp4,skateboarding,bba7b116ca3d241df2ed87414c2bceaa4745ef3849be125ffd8d1c2ba3d9f8d5,436182,word_timestamp_n,1,False
part_10/skirt_video_18.mp4,part_10/skirt_video_18.mp4,skirt,c37d48debdaffdce86179257faf457eeec2db0c3f40b781e032bf501db1e7a94,147154,word_video_n,1,False
part_10/sled_20241119_172654_44.mp4,part_10/sled_20241119_172654_44.mp4,sled,67e7d35518e9ae61d931bd7352d25a5889ff3545496689affd33d5b34742c6d8,408457,word_timestamp_n,1,False
part_10/sled_20241119_172654_9.mp4,part_10/sled_20241119_172654_9.mp4,sled,5440688ecb97b14bd25335b34e60c8a16391f13e5e7dd606b2ef86f820281b47,667547,word_timestamp_n,1,False
part_10/sleep_video_7.mp4,part_10/sleep_video_7.mp4,sleep,191adca08cc496339e69383c52c51e841c042999dcc610014ac7ae2c5bc50cc6,330456,word_video_n,1,False
part_10/slew_video_18.mp4,part_10/slew_video_18.mp4,slew,e41d21851c81161d522eb337839b5d4c048ba55260a32c6fd963bce09b4129fa,394085,word_video_n,19,True
part_10/slew_video_33.mp4,part_10/slew_video_33.mp4,slew,ab88c1b0f15c186fb3cf61b5f2e951735252ff95334addd2c2e29f1f8b36874b,283910,word_video_n,20,True
part_10/slice_20241119_172659_27.mp4,part_10/slice_20241119_172659_27.mp4,slice,4d37687c4cd3ec0417a13950b0c5b4272c0af3c3d68741f13345bb1fe72cac49,460692,word_timestamp_n,1,False
part_10/slice_20241119_172659_55.mp4,part_10/slice_20241119_172659_55.mp4,slice,652e4bbe56c33bb9a9905ed8df8b585fe340a372afb3299df320b6db78edcb54,580143,word_timestamp_n,1,False
part_10/slice_20241119_172659_61.mp4,part_10/slice_20241119_172659_61.mp4,slice,f385727d085fd8de7e2e9f4bbc8607c26d70984864a960f833ada978a2680387,659270,word_timestamp_n,1,False
part_10/slide_20241119_172654_6.mp4,part_10/slide_20241119_172654_6.mp4,slide,64443bd5ec99c6029e50d0d50814aaf0071a868b770c5e588abae866197583a5,211657,word_timestamp_n,1,False
part_10/slide_20241119_172654_60.mp4,part_10/slide_20241119_172654_60.mp4,slide,aaf3f237a67714eb691c1f28d9bd210e19b5890cf88e8a5387183bc5cb213d6d,500824,word_timestamp_n,1,False
part_10/slide_20241119_172654_62.mp4,part_10/slide_20241119_172654_62.mp4,slide,d56c8f2c923f5c1fcd3280f16799e24fa8283f231303cea220883e7367133111,720188,word_timestamp_n,1,False
part_10/slip_20241119_172654_17.mp4,part_10/slip_20241119_172654_17.mp4,slip,5b279de47cdf6470b00624a22a15263d15cd9708cdaeb74e8eae24dadcee94b2,41153,word_timestamp_n,1,False
part_10/slip_20241119_172654_19.mp4,part_10/slip_20241119_172654_19.mp4,slip,b693d71d581aacc1f0d4edc92d30b89f06eca0b5b151551abe5274b164405601,452004,word_timestamp_n,1,False
part_10/slip_20241119_172654_74.mp4,part_10/slip_20241119_172654_74.mp4,slip,9db9fabf09bdb8d5d8a86dc24d2ae60f46e04e447956c24bd3fa32e17dbc8b60,477999,word_timestamp_n,1,False
part_10/small_video_19.mp4,part_10/small_video_19.mp4,small,dffec79f9e573f614bf2c3ffeac8b9d3db1907bee3df2e64acb3ffeadbfec930,297342,word_video_n,2,True
part_10/small_video_20.mp4,part_10/small_video_20.mp4,small,efd14f2f9fa8426239afd46ca93873dd7725668218a78c5e54c2a64d2faf0d66,143833,word_video_n,2,True
part_10/smile_20241119_172654_28.mp4,part_10/smile_20241119_172654_28.mp4,smile,751fa16890f9bf4cfbc04956253dcefb089694c1389774196d71050ce9544cad,415692,word_timestamp_n,1,False
part_10/smile_20241119_172654_70.mp4,part_10/smile_20241119_172654_70.mp4,smile,1045f24a40289b3556a7c834c361cbbf752e1b1bb8a44b7ad07c92ec4fb983ab,655246,word_timestamp_n,1,False
part_10/smile_20241119_173205.mp4,part_10/smile_20241119_173205.mp4,smile,258d852260a6b1f46d34f9e4a298bb0e0d6413390e84e696c14f4d7edc535d74,503977,word_n,1,False
part_10/smoke_video_13.mp4,part_10/smoke_video_13.mp4,smoke,6be27e11c5ea641d8666a38a6ac1a072ac11d54f3a18852781e2047dcd273bcf,184492,word_video_n,1,False
part_10/smoking_0.mp4,part_10/smoking_0.mp4,smoking,8a33a2744d601f93f833b4a5601424dce23f141435551cb1b73c4af4fa6a1fb1,161321,word_n,1,False
part_10/smoking_video_1.mp4,part_10/smoking_video_1.mp4,smoking,fc57b3b84aa0c5e4bc7f69ee9d5d2a6eca7f770eacb8fb0982f2fe8b3367f9bd,141187,word_video_n,2,True
part_10/smooth_video_9.mp4,part_10/smooth_video_9.mp4,smooth,61dce50176d489b8670c17974131bbd30152434013a7c3af59390ca799caf7c5,146252,word_video_n,2,True
part_10/snake_video_7.mp4,part_10/snake_video_7.mp4,snake,bd3d4f1ff5c7e6a19c80bcf9f895c2cb734b6807c39de0f4bbd223e2386dac16,246624,word_video_n,1,False
part_10/sneeze_20241119_172654_23.mp4,part_10/sneeze_20241119_172654_23.mp4,sneeze,92e296db07e1ee84075c390602eaa19b538c8f5d8b9da1bddf6d63f31f570f68,525405,word_timestamp_n,1,False
part_10/sneeze_20241119_172654_49.mp4,part_10/sneeze_20241119_172654_49.mp4,sneeze,baf8b32814dbfbcf3e8601d4845822537fdf4407301dc3dabf5e80ecf12066ea,358297,word_timestamp_n,1,False
part_10/sneeze_20241119_172654_8.mp4,part_10/sneeze_20241119_172654_8.mp4,sneeze,6449a2621b2bf8f57ddd9e90ce6cbd654373437cd77876815d2ed49f7ebdd8eb,131155,word_timestamp_n,1,False
part_10/snow_20241119_172654_48.mp4,part_10/snow_20241119_172654_48.mp4,snow,9778b281ecb4b357d849bbe51454066ee6ea574037cf84c525ed2a16ef229990,680678,word_timestamp_n,1,False
part_10/snow_20241119_172654_61.mp4,part_10/snow_20241119_172654_61.mp4,snow,fa314afa6d6e3780f524f74c245d038249a5556eea7035edf2224a15ca047ed2,607383,word_timestamp_n,1,False
part_10/snow_20241119_172654_63.mp4,part_10/snow_20241119_172654_63.mp4,snow,4901f3f1a35b9d86cb7c3dfc8104df39890b7db0af2696cae6ee7bb77ae6fd7b,380867,word_timestamp_n,1,False
part_10/so_video_8.mp4,part_10/so_video_8.mp4,so,a4fd20eb07db696c229a20097e02a5bd805bc0734d8645fd6e349c8a3f251b64,451389,word_video_n,1,False
part_10/soap_20241119_172654_25.mp4,part_10/soap_20241119_172654_25.mp4,soap,76b1940d979c2d440c8fc9cc479763e12d6646a7038dd3c3e92534621bb2169d,936618,word_timestamp_n,1,False
part_10/soap_20241119_172654_32.mp4,part_10/soap_20241119_172654_32.mp4,soap,d24882f7cbc63df2ae48db6261d1a4ccb50207a9a1b42deb1bbe4bb7c555a556,300871,word_timestamp_n,1,False
part_10/soap_20241119_172654_74.mp4,part_10/soap_20241119_172654_74.mp4,soap,a721ecb1e9de027e62d2c27565e406e8108b6d83feb11866181440b793edc975,385922,word_timestamp_n,1,False
part_10/soccer_20241119_172654_17.mp4,part_10/soccer_20241119_172654_17.mp4,soccer,6ba240baf32e3891d2f0100983348bd27aa75d0a8ae1ad7296afc14413b552a3,760009,word_timestamp_n,1,False
part_10/soccer_20241119_172654_30.mp4,part_10/soccer_20241119_172654_30.mp4,soccer,e735eb7d2da94332edea9278bce83a3d2d0ccf4932a12dd09fcbdcccfe6d6a57,451706,word_timestamp_n,1,False
part_10/soccer_20241119_172654_51.mp4,part_10/soccer_20241119_172654_51.mp4,soccer,ae72aa9589910c64c7d68ce58402b4a7767ee8bfe9e9925006444edac2f76858,757002,word_timestamp_n,1,False
part_10/society_3.mp4,part_10/society_3.mp4,society,8cab05b4cb2b387c9cdd68b10765c216122bad43cf71bafb7b47cfbb3c107379,292400,word_n,2,False
part_10/soda_video_4.mp4,part_10/soda_video_4.mp4,soda,04552e450983a5e2f412189a6d55d26eee3335c14f9abd4575521e8f05f8bc68,119351,word_video_n,1,False
part_10/sofa_2.mp4,part_10/sofa_2.mp4,sofa,fa38fb2bbaf6c61d7de55bc9dfa16b588a35e84272fd4856b57d106700b28c7b,170074,word_n,1,False
part_10/soft_7.mp4,part_10/soft_7.mp4,soft,5f32598fef4d67459caf27053b047fd2e51cb7d47ebec539545c82c49273b8f1,715632,word_n,1,False
part_10/some_video_13.mp4,part_10/some_video_13.mp4,some,f3622eee16e3316c2570eb900bc24dfe515508b168457e48a3cd1a3062a5a184,330880,word_video_n,2,True
part_10/some_video_9.mp4,part_10/some_video_9.mp4,some,e421b4ef6a73e58bef79fac32ed8f2c1742f96afe46934594e1e338133e4f296,229096,word_video_n,2,True
part_10/somersault_20241119_172654_3.mp4,part_10/somersault_20241119_172654_3.mp4,somersault,aaa84e6512b584ca098a5fdde4facfc5c7898122477af6ab1b45c128592b76c9,607029,word_timestamp_n,1,False
part_10/somersault_20241119_172654_31.mp4,part_10/somersault_20241119_172654_31.mp4,somersault,80f71ee3299276387300357affe7cb053e17dbd6da96b30b993985f0a6b33577,545827,word_timestamp_n,1,False
part_10/somersault_20241119_172654_69.mp4,part_10/somersault_20241119_172654_69.mp4,somersault,3dffe4820c8ad49eafdf0b3bd2839dba4bfb3284ebdbece919773ab2bdffbad5,993211,word_timestamp_n,1,False
part_10/something_6.mp4,part_10/something_6.mp4,something,7ff0139c7d416bd76e3af5408684d8c9edb7fa33e82184efb63d5b973897e27d,178784,word_n,1,False
part_10/sometimes_video_0.mp4,part_10/sometimes_video_0.mp4,sometimes,13db1ed9beacbb66d44956bd96dad54020558c98ff1694dd83ee92bff1c10bce,243320,word_video_n,1,False
part_10/soon_20241119_172654_26.mp4,part_10/soon_20241119_172654_26.mp4,soon,b6ef7d0e93c07bfb3c766467bc12656b7f3b2590ea5ba253a20f4cdb9ad9415f,393655,word_timestamp_n,1,False
part_10/soon_20241119_172654_28.mp4,part_10/soon_20241119_172654_28.mp4,soon,acba00478681771007a45be158a41e03cdd2e9fdd762a834aa254f534561c3fe,390895,word_timestamp_n,1,False
part_10/soon_20241119_172654_7.mp4,part_10/soon_20241119_172654_7.mp4,soon,5354a4322f77839ae3ce23b8fd4266ff42edeb2f7aba7f9ae5ceb398901ac723,156682,word_timestamp_n,1,False
part_10/sorry_6.mp4,part_10/sorry_6.mp4,sorry,700aa5809808b7205f9bfdde588bc130007b0d32730593280f573f54c87024ea,204218,word_n,1,False
part_10/sour_2.mp4,part_10/sour_2.mp4,sour,32a8b7fab5d1412b4ee4b04614ebc380904bb7083b40e6302e169dbbea54f8e6,135133,word_n,1,False
part_10/space_video_5.mp4,part_10/space_video_5.mp4,space,86f26515b66331b032c4e3cc62fb4aabc6c7f20d8aa024edf07cd17dabdc98ac,469005,word_video_n,1,False
part_10/spaghetti_video_1.mp4,part_10/spaghetti_video_1.mp4,spaghetti,e72cda625092adddbff6a51a9a908cc38643f997183211239d49a9631438e2ec,155471,word_video_n,1,False
part_10/spaghetti_video_3.mp4,part_10/spaghetti_video_3.mp4,spaghetti,b3f0d825169aff27acacdea499432562be0ee02c249975ebe1298939aa105aea,387762,word_video_n,1,False
part_10/spate_video_11.mp4,part_10/spate_video_11.mp4,spate,44de8a9a35233c43710da2579cdfde40fcaa790aadf9f058581a4296550d6bc4,128267,word_video_n,20,True
part_10/spate_video_48.mp4,part_10/spate_video_48.mp4,spate,a4683ad8b62421c2f3bec75c635b1befca781ad03bccee1929a3351781194ede,258004,word_video_n,20,True
part_10/special_20241119_172654_23.mp4,part_10/special_20241119_172654_23.mp4,special,6d0686082d1fa04c25dbd20aa8783ae3ff1cdfadf676d27f9e38c2bb802c46a4,710908,word_timestamp_n,1,False
part_10/special_20241119_172654_35.mp4,part_10/special_20241119_172654_35.mp4,special,a29cd8293b260cf74ed1b64adb5acc3f19ad87ea6bd9330e73c1b284b9a1bee1,471028,word_timestamp_n,1,False
part_10/special_20241119_172654_67.mp4,part_10/special_20241119_172654_67.mp4,special,8b120f720cf9c3a9c7a83e9aad5e5de196c7d67b5d46090380be6b5ad8b72661,477791,word_timestamp_n,1,False
part_10/specific_video_3.mp4,part_10/specific_video_3.mp4,specific,11d6d70a0e33dcd2315b2f05540851d6fa4f53f6cdca997673689fceaadc359b,204106,word_video_n,1,False
part_10/spill_20241119_172654_27.mp4,part_10/spill_20241119_172654_27.mp4,spill,6d0d1e71ad0f30888b5ba6158ecc61535023f8fb9d705f0ba92daf0c45761e85,393074,word_timestamp_n,1,False
part_10/spill_20241119_172654_5.mp4,part_10/spill_20241119_172654_5.mp4,spill,54b90a252efd18d47ca678c3badc422a81fca496c42b00f35e3fc34ddddef4f3,388976,word_timestamp_n,1,False
part_10/spontaneous.mp4,part_10/spontaneous.mp4,spontaneous,bc9f1880dc23cdbf5cb02a2ec0fac02f0bb697c6a50f10da6456bd19d1e23ccc,133243,word_only,1,False
part_10/spread_20241119_172654_38.mp4,part_10/spread_20241119_172654_38.mp4,spread,5ab6bb7752d1a09d3cc7790a13380b884de9d7d858d5528950963c65fa03dc2c,1183467,word_timestamp_n,1,False
part_10/spread_20241119_172654_55.mp4,part_10/spread_20241119_172654_55.mp4,spread,bae211778176aaaa4d5b62f13b7e58cc7fba442b162902dda56d47f826bf527b,478027,word_timestamp_n,1,False
part_10/spread_20241119_172655_3.mp4,part_10/spread_20241119_172655_3.mp4,spread,a53d3905ec1bdfdd964fe8e4d1a24b9eb92c880c8dd3d3bd596fef081fc018f2,1272449,word_timestamp_n,1,False
part_10/spring_video_24.mp4,part_10/spring_video_24.mp4,spring,a219085d196f0b8e1e3cfc7905edb2dd5eb8edd9c3c1ccf7b68c828a6237a51c,592609,word_video_n,3,True
part_10/spring_video_28.mp4,part_10/spring_video_28.mp4,spring,c90d0035a11c8f54fe97fafb17d0c5b5296c3444d42aed671162047d06bb7445,82538,word_video_n,3,True
part_10/square_video_7.mp4,part_10/square_video_7.mp4,square,db4cfae2bb8627b162d006cc6a9cf02f9b86952686c0c5818e89a42032a59b9b,415198,word_video_n,1,False
part_11/squeeze_video_2.mp4,part_11/squeeze_video_2.mp4,squeeze,b0de98d748d9b57b5f437e6ca0b19b2acc0e5dc208fb210dc6dedd02a1a71c50,140600,word_video_n,2,True
part_11/squeeze_video_23.mp4,part_11/squeeze_video_23.mp4,squeeze,30248a42b99dcef1e3c7eb2315a1887fdb841676cbf664d4f64e5b7a3b001356,214202,word_video_n,1,False
part_11/stack_20241119_172658_11.mp4,part_11/stack_20241119_172658_11.mp4,stack,f6ce5403c5e598d592add8a7d3634ac5e708a328640397d1318a5c301eb4068c,584619,word_timestamp_n,1,False
part_11/stack_20241119_172658_35.mp4,part_11/stack_20241119_172658_35.mp4,stack,9a03aa256322d063a690fa9bb8bb2e05cd75b9559ad9e7fe422227a353f96f2b,798568,word_timestamp_n,1,False
part_11/stack_20241119_172658_52.mp4,part_11/stack_20241119_172658_52.mp4,stack,2b12660a4bb84a0d4fdd50eaff6a83e054b40bc67ffb5a800a6bb1ad06a26262,637062,word_timestamp_n,1,False
part_11/stadium_6.mp4,part_11/stadium_6.mp4,stadium,ebe3f9f7a5338a93914ab01e5e26a82eda49318f5d46bf0190c5ce1be18bc745,220361,word_n,1,False
part_11/staff_5.mp4,part_11/staff_5.mp4,staff,999e934edf2cf00e769a441b38faecc6bb036b47f22a5cf2fd9ba0672230bbe5,588017,word_n,2,True
part_11/stamp_20241119_172655_16.mp4,part_11/stamp_20241119_172655_16.mp4,stamp,8cc89d5fd6ff9b6149dc4a7b259e0031fd460bd437848daef36d4e548eb7b7d9,975440,word_timestamp_n,1,False
part_11/stamp_20241119_172655_70.mp4,part_11/stamp_20241119_172655_70.mp4,stamp,49740ccee712868a62280f4ebdeb8e6cfa801fd1f97ad94d33409789402db99a,461574,word_timestamp_n,1,False
part_11/stamp_20241119_172655_78.mp4,part_11/stamp_20241119_172655_78.mp4,stamp,553073f649cfd69e42e568a5a4770ed3a3f2488fca1d88d0590dd9cb60037c1a,363120,word_timestamp_n,1,False
part_11/stand_20241119_172655_22.mp4,part_11/stand_20241119_172655_22.mp4,stand,e921838464507853b412d2d365b3fe00241f4856781fd1c354e5d65279369c5b,595409,word_timestamp_n,1,False
part_11/stand_20241119_172655_62.mp4,part_11/stand_20241119_172655_62.mp4,stand,c8d272b8ab89b41fc3497078c1e5202ffcd5c79bd71ca5800cd3af650452c51a,676318,word_timestamp_n,1,False
part_11/stand_20241119_172655_65.mp4,part_11/stand_20241119_172655_65.mp4,stand,ec700be83e3d3c38269251c0a05222dce27dd9ac140e8249d847d7e946afa168,648772,word_timestamp_n,1,False
part_11/star_video_6.mp4,part_11/star_video_6.mp4,star,b5e476f704f5b6b246758ec8cd58803bb089e75d81b1c6112768a8903bf5402a,225570,word_video_n,2,True
part_11/start_8.mp4,part_11/start_8.mp4,start,9829249ffc558bee9bb75855c040113b07e8439d6ec65b15c0646c70774d4558,35436,word_n,1,False
part_11/state_video_2.mp4,part_11/state_video_2.mp4,state,1a746f908c5b350016506a3e0c89f341045aee42fffb38dba6639e0a57bb8b6a,243300,word_video_n,2,True
part_11/steal_13.mp4,part_11/steal_13.mp4,steal,e4c917b05022c094c94a66e5f98aefb9eb18e6b8d822f20cbac229dcad3ea478,152973,word_n,1,False
part_11/steam_video_0.mp4,part_11/steam_video_0.mp4,steam,62ed15f1672c36c14151c9cda4578205b63856cc782a2cf229e26dd271fca10f,69143,word_video_n,1,False
part_11/step_video_2.mp4,part_11/step_video_2.mp4,step,f756800ba7b347515ebe7cdf8fa31df6f15feed9e6435b0b29cadd6f1e9aa4b8,190307,word_video_n,1,False
part_11/stethoscope_20241119_172655.mp4,part_11/stethoscope_20241119_172655.mp4,stethoscope,a213353e618d98ec11dabab8b67ab78012e0c2dc55187e5d9975f03724b42dca,72548,word_n,1,False
part_11/stethoscope_20241119_172655_114.mp4,part_11/stethoscope_20241119_172655_114.mp4,stethoscope,b07682090835e8429505b7a064108e1483fc79e587327c59eb4e5ae98a77b620,524457,word_timestamp_n,1,False
part_11/stethoscope_20241119_172655_80.mp4,part_11/stethoscope_20241119_172655_80.mp4,stethoscope,836d69ef9840999f37e0d2430f644a3138662d9ab0e528374618c1a8c9d7333c,522871,word_timestamp_n,1,False
part_11/still_video_0.mp4,part_11/still_video_0.mp4,still,7d0468e9a1254298d931870afd804fc01fd53547c09435b30a9f87968b702178,63025,word_video_n,1,False
part_11/stir_7.mp4,part_11/stir_7.mp4,stir,be7e7c20c873b9803597b79be303fb9e8ce00584e736c05e4f80040794ff0c54,48963,word_n,1,False
part_11/stop_2.mp4,part_11/stop_2.mp4,stop,13a3c53f855838fb98260c423b44abacde35d777e3a46baa50853dc4096eecfa,300901,word_n,1,False
part_11/stop_video_1.mp4,part_11/stop_video_1.mp4,stop,11b65940e08ee6512f66ac826a50796fc97e10ef2414c877f20063f8622b7a2f,240766,word_video_n,3,True
part_11/story_20241119_172655_102.mp4,part_11/story_20241119_172655_102.mp4,story,27f5c59a513ca8812eaf7c308de9fc7f1c6d71e575b036323674276ed39333ea,867813,word_timestamp_n,1,False
part_11/story_20241119_172655_31.mp4,part_11/story_20241119_172655_31.mp4,story,716f6d41fc52770a57a2c02d9e094e1a83c11a89d70c1b07a6f1c6a00d968028,372760,word_timestamp_n,1,False
part_11/story_20241119_172655_73.mp4,part_11/story_20241119_172655_73.mp4,story,1c4144672f85880f47348aad4ace1ec68f687b7681a71c1e34e1550ee91a0087,490155,word_timestamp_n,1,False
part_11/straight_13.mp4,part_11/straight_13.mp4,straight,d17b412afe6953d140585f641b15f085a63972eb998cb9fe3c0765b5883d1027,74762,word_n,1,False
part_11/strain_20241119_172655_17.mp4,part_11/strain_20241119_172655_17.mp4,strain,51dc1b7f31e5f8f8fc7278131ab86e4f223b7825a4e9b890580a5dc769da9827,705556,word_timestamp_n,1,False
part_11/strain_20241119_172655_40.mp4,part_11/strain_20241119_172655_40.mp4,strain,212d6072860614abde2575176031356f0c56f7cbc43a7cf64cc7082cc3f9d035,392729,word_timestamp_n,1,False
part_11/strain_20241119_172655_66.mp4,part_11/strain_20241119_172655_66.mp4,strain,02df9203e82a0839ee0908a505d996d0df8e0897a0bd39dedc53ffff5c0caff9,838620,word_timestamp_n,1,False
part_11/strange_video_3.mp4,part_11/strange_video_3.mp4,strange,6d3346abba2201654cbbe1e191a11c4c36d4a61e9127d6933a09bb464e32d8f5,534694,word_video_n,1,False
part_11/straw_3.mp4,part_11/straw_3.mp4,straw,06ff8181803a7b47db15e89f7bc7be05f52b83e680d3d18d20dbd0ddd59b4d2a,69967,word_n,1,False
part_11/strawberry_20241119_172655_104.mp4,part_11/strawberry_20241119_172655_104.mp4,strawberry,7bff84aa18ff38c7f408b7bd74ea15547db5f665dd06b60c4fac00ffa2a1f5a2,476065,word_timestamp_n,1,False
part_11/strawberry_20241119_172655_113.mp4,part_11/strawberry_20241119_172655_113.mp4,strawberry,862cc62d1bf5728040d338c49e5388a477035d0400d30f50e173054d73e7e614,455045,word_timestamp_n,1,False
part_11/strawberry_20241119_172655_6.mp4,part_11/strawberry_20241119_172655_6.mp4,strawberry,26c38a4107ba38353fa8a2fd48cb615cda075308e7a8e95d47b485af248542bd,185687,word_timestamp_n,1,False
part_11/stretch_20241119_172655_1.mp4,part_11/stretch_20241119_172655_1.mp4,stretch,93bb710f75adc23029a0ba14b96ae2c1936844434281768b09649ad623c27504,281325,word_timestamp_n,1,False
part_11/stretch_20241119_172655_14.mp4,part_11/stretch_20241119_172655_14.mp4,stretch,b3bcf092fc2cf03b054d56f23d1522cb24f84ea571dc17f3c11d445bf94e51cb,196069,word_timestamp_n,1,False
part_11/stretch_20241119_172655_59.mp4,part_11/stretch_20241119_172655_59.mp4,stretch,029abd9d622f4c5a866479582f6f5dd653a6c5e3c7219b1cb4e8da09955b7a62,603159,word_timestamp_n,1,False
part_11/strict_video_1.mp4,part_11/strict_video_1.mp4,strict,01baec2aa63d85c300103f7ddd145a34db7bd02c86f3002a818e21dfe280957f,130636,word_video_n,2,False
part_11/strong_12.mp4,part_11/strong_12.mp4,strong,049f07ec80c891787242185231cf066cf97ca0696e4c328659d11a49922e0fed,32837,word_n,1,False
part_11/structure_video_5.mp4,part_11/structure_video_5.mp4,structure,cd345d6686f89566fc4ee26d2ae2bd3e8e6390903aaf2e9eacd5e1da11c38ac5,564283,word_video_n,1,False
part_11/struggle_video_10.mp4,part_11/struggle_video_10.mp4,struggle,d2aa1531b745320131b88726541674a123d9a625345f2509f2c21f80377e8e92,173325,word_video_n,1,False
part_11/struggle_video_7.mp4,part_11/struggle_video_7.mp4,struggle,bf5283b41ce1cfda9c884d3289f2a1ccada40c4d6e66a45f921e928a908fe000,242530,word_video_n,1,False
part_11/student_video_11.mp4,part_11/student_video_11.mp4,student,5db2878234453f009c7a443aceb45f6e79e77eb44de73863d8002b5d73ad6f56,897828,word_video_n,1,False
part_11/study_video_19.mp4,part_11/study_video_19.mp4,study,c6da84f54fd9977e4c8541c506666f0d9501a4c5a1815d526ffaa5803fbb24dc,265270,word_video_n,2,True
part_11/stupid_20241119_172655_19.mp4,part_11/stupid_20241119_172655_19.mp4,stupid,1d1e663da18dbc55116878acc058e4939f41682d311a25d8ae4d6a4ee4ff8c25,1059070,word_timestamp_n,1,False
part_11/stupid_20241119_172655_5.mp4,part_11/stupid_20241119_172655_5.mp4,stupid,268c3a35f6c4e91f4ec9b52bbdc67e143273f921908499ccb598e5258ccb5d65,683935,word_timestamp_n,1,False
part_11/stupid_20241119_172655_61.mp4,part_11/stupid_20241119_172655_61.mp4,stupid,55b154fd8146df8d7eb4cf5e53941534700bd4c1662130cb4349fad05f658087,764670,word_timestamp_n,1,False
part_11/subtract_0.mp4,part_11/subtract_0.mp4,subtract,54207c56116dd413a1f16c0cccfad9a7d678c97add761c8607100cafe27ce018,393653,word_n,2,False
part_11/subtract_video_9.mp4,part_11/subtract_video_9.mp4,subtract,96536f66aa46929f7ef99933b3437ed0b4fd841d7cbb0aa89f9f104989fc14d4,273008,word_video_n,1,False
part_11/suck_video_7.mp4,part_11/suck_video_7.mp4,suck,d9352d22d3e8267aa95a6f5cea9ec49571581570fa3d24dae8a95c3a0c3a1744,529587,word_video_n,1,False
part_11/sun_video_12.mp4,part_11/sun_video_12.mp4,sun,91558e1c9afab513f8ddada0c5eb4a39bbfb7207357e2c7bb37dafda93ca5790,525101,word_video_n,1,False
part_11/sunbathe_20241119_172658_42.mp4,part_11/sunbathe_20241119_172658_42.mp4,sunbathe,0a6026f74906684d1fbbcdb6a17680aaeb161019465648ff0c2708bb06be9109,264834,word_timestamp_n,1,False
part_11/sunbathe_20241119_172658_8.mp4,part_11/sunbathe_20241119_172658_8.mp4,sunbathe,8d954fb0e165017350906a5922a4fdbba09da3ef782d95084d928f27e446aef0,545613,word_timestamp_n,1,False
part_11/sunday_2.mp4,part_11/sunday_2.mp4,sunday,d47d31aa55cc377646183796d068d839a2cc59c620a7e1fb740a940263ae5712,614388,word_n,1,False
part_11/sunrise_12.mp4,part_11/sunrise_12.mp4,sunrise,3bc3e749b9b17193db16ac16979d0ae0d45b6354fb607fee4c34ce156ad72408,65544,word_n,1,False
part_11/superior_video_2.mp4,part_11/superior_video_2.mp4,superior,491e60591e3164ea87f8c84b27dcd8bd0e52f41bc0fa309953159d93d66c5ae1,435057,word_video_n,1,False
part_11/support_20241119_172655_20.mp4,part_11/support_20241119_172655_20.mp4,support,d41c666e7993a63420edb50339c0bc92eec6f5fde0d262f9ee44b66de68cd270,240711,word_timestamp_n,1,False
part_11/support_20241119_172655_35.mp4,part_11/support_20241119_172655_35.mp4,support,770cd7c7ac20b033a460a34cac0cbb0f6096d6162c4efde86ad22a47317e665f,124947,word_timestamp_n,1,False
part_11/support_20241119_172655_89.mp4,part_11/support_20241119_172655_89.mp4,support,dc710b58ca90de9c6569e7bee3f1d92f9d8df9015ccdedfaf3797e95b396ff11,433998,word_timestamp_n,1,False
part_11/surgery_7.mp4,part_11/surgery_7.mp4,surgery,ddb290810c84147bde5c32482c3f567dcd4751fead0ff3b4e8fbba83817b32dd,204238,word_n,1,False
part_11/suspenders_20241119_195755_42.mp4,part_11/suspenders_20241119_195755_42.mp4,suspenders,dd88608ecd19d482da7ee121cf948e355497d4c992774c04faf5c984dc216307,468610,word_timestamp_n,1,False
part_11/suspenders_20241119_195755_6.mp4,part_11/suspenders_20241119_195755_6.mp4,suspenders,f1ba1973f8f27e8cfa35417a01f42cba109110e7fac149222aa5fe2684eb1f23,649993,word_timestamp_n,1,False
part_11/sweater_20241119_172655_13.mp4,part_11/sweater_20241119_172655_13.mp4,sweater,7344022d64412c3478d00866f7c58563ae73ed69714288c6854e5dc0343a026c,752574,word_timestamp_n,1,False
part_11/sweater_20241119_172655_34.mp4,part_11/sweater_20241119_172655_34.mp4,sweater,db69cdf91f6fbc863b15a7859602848a787f9ebfd6d97920d7f652b763607f98,605484,word_timestamp_n,1,False
part_11/sweater_20241119_172655_6.mp4,part_11/sweater_20241119_172655_6.mp4,sweater,69c6dba47c915061e5669fe0cdc2c5f167066cd8884217d4038145aac23ab13b,172069,word_timestamp_n,1,False
part_11/sweep_video_10.mp4,part_11/sweep_video_10.mp4,sweep,a7e59d20c5072a65920c028f289f6e0da3fe6c2eeed864084b08da4050ce5795,549958,word_video_n,1,False
part_11/sweet_video_1.mp4,part_11/sweet_video_1.mp4,sweet,3ca60036682e858dc344884e4c8547864c6177e1c7fa6ddef39c0838ce79cb3b,161524,word_video_n,1,False
part_11/sweetheart_5.mp4,part_11/sweetheart_5.mp4,sweetheart,fb0be04c1f3f37c23bc2727007f27062068ef9f2dc97ef7d86b188c9b7496e0f,278062,word_n,1,False
part_11/swim_20241119_172656_17.mp4,part_11/swim_20241119_172656_17.mp4,swim,94738f7fbb6f333eec018b3b7307279dc111cb7dd5312de46b0163bfafe435d4,548790,word_timestamp_n,1,False
part_11/swim_20241119_172656_41.mp4,part_11/swim_20241119_172656_41.mp4,swim,dd7a27d6e5835f78999d86706517cd079ebdb00e72d64f7a850980ceff841ee3,1061708,word_timestamp_n,1,False
part_11/swim_20241119_172656_58.mp4,part_11/swim_20241119_172656_58.mp4,swim,078a1cfdf9fc63bf3d023bb7ac2ed76bc0c9373c8ba32be8a81c3a58603955f0,582803,word_timestamp_n,1,False
part_11/swing_20241119_172656_3.mp4,part_11/swing_20241119_172656_3.mp4,swing,aa452e7a4dc694f537ad0ca6da82aa8687e321a1b7af6387c81ab0983f95a3a5,294768,word_timestamp_n,1,False
part_11/swing_20241119_172656_30.mp4,part_11/swing_20241119_172656_30.mp4,swing,1d3f5059967b38ed247335b6cf601a09bdbd41f3ef809e4a04124cf1d75f4b45,655842,word_timestamp_n,1,False
part_11/swing_20241119_172656_43.mp4,part_11/swing_20241119_172656_43.mp4,swing,0863de13e0d8c8a30d5ccd0f065bc86f68ae4cb5729a491c8ab1bdbb96dd8eb6,970189,word_timestamp_n,1,False
part_11/switzerland_2.mp4,part_11/switzerland_2.mp4,switzerland,65dd2c3e6b8b51e9a1a2b9f55650c453d907ac143476324cc3d6427d3a7ad520,181901,word_n,1,False
part_11/sympathy_video_1.mp4,part_11/sympathy_video_1.mp4,sympathy,38ea9dafd8b679faf3d476a176fe7dbf2ddc1e6a8a696be24a9e3cdfc3ed573e,161748,word_video_n,1,False
part_11/t_4_t_aug_13.mp4,part_11/t_4_t_aug_13.mp4,t,4b32742410eb2eb00e4689f9ef2142f5dbfdd6ebe2e89d801707405c237d5007,8052,word_n,2,False
part_11/table_13.mp4,part_11/table_13.mp4,table,538408f78a0b4f6dcb3d15eb4b2e745d32ce01e8262de90d9dfba4c1cb8efbbc,218293,word_n,1,False
part_11/tablet_video_3.mp4,part_11/tablet_video_3.mp4,tablet,14d5721fe569c4275050272536224534741090dbde203e5d1a978fb633c5d760,611568,word_video_n,2,True
part_11/tail_20241119_172656_12.mp4,part_11/tail_20241119_172656_12.mp4,tail,fbf8ea58fe06313f90968aaaf121fef765dc258d8f7d8f8de42dd0f20da4ad32,196543,word_timestamp_n,2,True
part_11/tail_20241119_172656_19.mp4,part_11/tail_20241119_172656_19.mp4,tail,bb53faadca971674adcadb786345971fb92e5f7d916b8ba942d6c2362359d970,359413,word_timestamp_n,1,False
part_11/tail_20241119_172656_67.mp4,part_11/tail_20241119_172656_67.mp4,tail,fbd9db6eb267e7992030f32fb07111c872fe74df601518729e219053e582a72c,541859,word_timestamp_n,1,False
part_11/take_video_18.mp4,part_11/take_video_18.mp4,take,6284e4d27c06094e307a7469b42e89a6f2312c5ea50a966fe3c7db2f87d47cc5,150777,word_video_n,1,False
part_11/take_video_29.mp4,part_11/take_video_29.mp4,take,f2254be8164b4ba1e4cdab0521851c10e871222d28532c8cda8bd057336cd35f,158388,word_video_n,2,True
part_11/takeoff_20241119_195755_32.mp4,part_11/takeoff_20241119_195755_32.mp4,takeoff,5a45b5d689a907e63c25197744d30bb76a58d762d6e4768a51d9904ceb081eac,569884,word_timestamp_n,1,False
part_11/takeoff_20241119_195755_44.mp4,part_11/takeoff_20241119_195755_44.mp4,takeoff,18a4680ac6cce2346070bc45363eb3f78a8dcd957f321ec7de412c62efad3612,628860,word_timestamp_n,1,False
part_11/talk_20241119_172656_35.mp4,part_11/talk_20241119_172656_35.mp4,talk,7e84ad1eda22f183a7785e83fd676e30159be69738916de28e3cd7ff8097544e,787277,word_timestamp_n,1,False
part_11/talk_20241119_172656_39.mp4,part_11/talk_20241119_172656_39.mp4,talk,36c6faa1a57df2e59fc84f18a3142bf3a88df74f8b87e57f0379de1bfec4281d,489676,word_timestamp_n,1,False
part_11/talk_20241119_172656_56.mp4,part_11/talk_20241119_172656_56.mp4,talk,598a19772d1be35d1793d35c7143bddff93772fd9d4969205dd41d333803edb7,383238,word_timestamp_n,1,False
part_11/tall_20241119_172656_42.mp4,part_11/tall_20241119_172656_42.mp4,tall,9bb765615c4413897beebd3e30b8296c78978696ba6baad324aa577cfb3563fe,1187385,word_timestamp_n,1,False
part_11/tall_20241119_172656_61.mp4,part_11/tall_20241119_172656_61.mp4,tall,96c112842fb80c75b175886e680e8ca8184176d268e6deb6440461becca33c89,443794,word_timestamp_n,1,False
part_11/tall_20241119_172656_62.mp4,part_11/tall_20241119_172656_62.mp4,tall,a615637d5656215d9690782026e6bbd367b57887352880f4afeb9a0691f3aa0f,391503,word_timestamp_n,1,False
part_11/tan_video_5.mp4,part_11/tan_video_5.mp4,tan,10fa02367ed0197cd2c255d057a8a3d2671f2864543f6f2eefc9377add1cf1c9,802986,word_video_n,1,False
part_11/taste_video_0.mp4,part_11/taste_video_0.mp4,taste,21d2fbdc36a1c749839cb094319af53a0e1096a8e465ee6ef0fddad1a6ffecb5,299785,word_video_n,1,False
part_11/teach_20241119_172656.mp4,part_11/teach_20241119_172656.mp4,teach,0793ca4a6ecff1f8251920bf053d7d0b1fcfe90d428d09d61c713684d1045588,222191,word_n,1,False
part_11/teach_20241119_172656_49.mp4,part_11/teach_20241119_172656_49.mp4,teach,7c35ee99b21e575d84953a8194a061be6a24b4fa76358089bbca7774e618d4eb,325446,word_timestamp_n,1,False
part_11/teach_20241119_172656_9.mp4,part_11/teach_20241119_172656_9.mp4,teach,03507c2e717b1286f868ed5b6a605685b92f31c6b6ef52a22dbcb30800a04653,218756,word_timestamp_n,1,False
part_11/teacher_video_0.mp4,part_11/teacher_video_0.mp4,teacher,433cc73886456b3309cb936c62eb6824c2b3816e5c37da0e258dc647ea2502b1,193736,word_video_n,1,False
part_11/tear_video_0.mp4,part_11/tear_video_0.mp4,tear,4ee83426645464570d65b147ce6b421bb81328beb33f789bc5912566fe9d89cf,58979,word_video_n,1,False
part_11/tearrip_20241119_195755_34.mp4,part_11/tearrip_20241119_195755_34.mp4,tearrip,29e08c9f8c4be27625eee5ad893c4a1a61fd40d42f962b8c56aec4a29e37f27a,772431,word_timestamp_n,1,False
part_11/tearrip_20241119_195755_8.mp4,part_11/tearrip_20241119_195755_8.mp4,tearrip,2185adc6d8c157e418cf6c4325598423b95e52f9db26ef0bd362ae91a5a0b58e,562424,word_timestamp_n,1,False
part_11/technology_video_4.mp4,part_11/technology_video_4.mp4,technology,3cd1ca174b2fbb77ebbe45bee6eceb87321c877265c88da376d96af20f6fc41f,481694,word_video_n,1,False
part_11/tell_video_4.mp4,part_11/tell_video_4.mp4,tell,a9ea744dfbdfe5a8481f1de7a68b9e46237fd5f4d00cf820cba20a434c891972,140533,word_video_n,2,True
part_11/test_1.mp4,part_11/test_1.mp4,test,bc6313624f71095755a1830955e07f6f3d3cdd1a32514b503decb6a52b1411bb,658303,word_n,1,False
part_11/text_video_0.mp4,part_11/text_video_0.mp4,text,d8beb04ee288039e73813bd29501467a56a5faaa8bb8156e5e4a941ee3afcc46,684517,word_video_n,1,False
part_11/text_video_1.mp4,part_11/text_video_1.mp4,text,f8ac64a464638e210acb9b1b45d48a7d683d2af43469f589d801fb67b7c8eee5,147267,word_video_n,1,False
part_11/then_9.mp4,part_11/then_9.mp4,then,2d2d40dd8a2789f01b3827321ed25d66947f8b56a73fcd76b372adaf5faf1875,71541,word_n,1,False
part_11/then_video_1.mp4,part_11/then_video_1.mp4,then,3a84ba173d25d6f22c879f917e53010f2df653a336cd4aefa73c50252eca8730,227365,word_video_n,2,False
part_11/theory_12.mp4,part_11/theory_12.mp4,theory,e494718b203374dc9b8690b2799a2484c454ea6c9905f07e9b8abc65f857e791,70512,word_n,1,False
part_11/therapy_1.mp4,part_11/therapy_1.mp4,therapy,7eecbec02f12b6d75ade471deb26a3b9aae166724aa7cbbd38f16026199d0727,42560,word_n,1,False
part_11/there_10.mp4,part_11/there_10.mp4,there,64ea054d4a55b5cbcb5897302f517b6b6fc7361792dd6eab26832f9ea5ee22ba,113073,word_n,1,False
part_11/thermometer_video_6.mp4,part_11/thermometer_video_6.mp4,thermometer,3c64cef452cd8082a8712aa79be584d82f593226e45f86f5913234e293c8fa47,188640,word_video_n,1,False
part_11/they_20241119_172641_19.mp4,part_11/they_20241119_172641_19.mp4,they,7f562bf49f917048312e7f8afdd9a4d7c7a977a0a8c8fefa7da9f447e614a211,465460,word_timestamp_n,1,False
part_11/they_20241119_172641_33.mp4,part_11/they_20241119_172641_33.mp4,they,234675a6718ef8cd6eeea459d1b424fdbc12533b7cae1a4e9c36840072884fc5,633904,word_timestamp_n,1,False
part_11/they_20241119_172641_42.mp4,part_11/they_20241119_172641_42.mp4,they,41a22a32d873621dd489043eba0c86568c185da76eb179928a872dad7d21f8ac,456597,word_timestamp_n,1,False
part_11/thief_20241119_172656_45.mp4,part_11/thief_20241119_172656_45.mp4,thief,a6f25dea8f2362a767a00232ed50a53be5b47ab9cd7e2db889c2106a66e47591,940299,word_timestamp_n,1,False
part_11/thief_20241119_172656_54.mp4,part_11/thief_20241119_172656_54.mp4,thief,a0ca4e729638052173453d4891af27c648cb03ba4ba75e8e4f5f03f20baf48ea,393313,word_timestamp_n,1,False
part_11/thin_video_0.mp4,part_11/thin_video_0.mp4,thin,bfcd5e9f92a5a62876c3b1bd1e09a9c23e755ce9b2752e9b2dd8e769ef00e181,200265,word_video_n,1,False
part_11/thin_video_15.mp4,part_11/thin_video_15.mp4,thin,fd5f16d00e3799297f49800fa6c47a99d5f33049480bea1ee06192c04b18f673,350496,word_video_n,2,True
part_11/things_video_1.mp4,part_11/things_video_1.mp4,things,f03d5e54d94fe11aab9bd9f9732d8c4468eaa3349dd4f51ef6b70ee068eb4459,39459,word_video_n,1,False
part_11/third_20241119_172656_18.mp4,part_11/third_20241119_172656_18.mp4,third,c68bb02257a27f5d6264f58e39e9469503ca85b8a68f0807bf990cb3c26dea4b,138555,word_timestamp_n,1,False
part_11/third_20241119_172656_2.mp4,part_11/third_20241119_172656_2.mp4,third,25f45d086e26501294d03c48d2718737bad186ec4a94a606d8228ab303486dcd,234864,word_timestamp_n,1,False
part_11/third_20241119_172656_66.mp4,part_11/third_20241119_172656_66.mp4,third,c5db7c5706d8fb5678df8b5789e1d78ec6f2075fb794d8e4db62c21727701008,461312,word_timestamp_n,1,False
part_11/thirsty_video_6.mp4,part_11/thirsty_video_6.mp4,thirsty,ab17fc3e9523ed67cc86ba081146b0d6076ad8b327d43dd106ef0eb70f96e28c,484974,word_video_n,1,False
part_11/three_video_1.mp4,part_11/three_video_1.mp4,three,cb02741cd2d72abeef109d19ca6d23a9e0faa1ea3c15785d6046bef38596c120,278574,word_video_n,1,False
part_11/thrilled_video_1.mp4,part_11/thrilled_video_1.mp4,thrilled,ed5201a591d4ce996cfe6c8652c93e87a60a5092ae26186690b40bf97c8fed55,103355,word_video_n,1,False
part_11/throw_20241119_172656_27.mp4,part_11/throw_20241119_172656_27.mp4,throw,7549bad06d55278fecdbb3263e07ce59def522771a83daddf009cef3a0dd7a17,566483,word_timestamp_n,1,False
part_11/throw_20241119_172656_52.mp4,part_11/throw_20241119_172656_52.mp4,throw,9f4ff559aed1888b9f7d4711c9d0cdaa6f7aead5fbc2321c8c2654a299c359f4,387560,word_timestamp_n,1,False
part_11/throw_20241119_172656_76.mp4,part_11/throw_20241119_172656_76.mp4,throw,90403b62549ea7ceb386acb85fa43fc5ee23fde21a300ffe5605469905bddb2d,569293,word_timestamp_n,1,False
part_11/tidy_sum_video_31.mp4,part_11/tidy_sum_video_31.mp4,tidy sum,c92902e90d985ab51e53f035b2fb39938f40d002deb33f1d49ce1e210d57238b,183055,word_video_n,20,True
part_11/tidy_sum_video_37.mp4,part_11/tidy_sum_video_37.mp4,tidy sum,1c523cdf1fc8e72d456ab769903636a7fb7112590f62790214fbb9de028af08b,320371,word_video_n,20,True
part_11/tie_20241119_172656_20.mp4,part_11/tie_20241119_172656_20.mp4,tie,458d400ed24d32d14fa0c0ecfb6028eb8bbc5fc25a55594421c8f657b55258c9,176811,word_timestamp_n,2,False
part_11/tie_20241119_172656_50.mp4,part_11/tie_20241119_172656_50.mp4,tie,00af308a9c9298067a690718473910c7809324819d1ce8c7e81de8c45fe932e1,379400,word_timestamp_n,1,False
part_11/tie_20241119_172656_9.mp4,part_11/tie_20241119_172656_9.mp4,tie,49e0dfac03bddb38f24dadd267357845f30329c2b3f92ee44113cd6b10374527,170405,word_timestamp_n,1,False
part_11/tieup_20241119_195755_29.mp4,part_11/tieup_20241119_195755_29.mp4,tieup,2fc6846efb2685a3ae26b33e03bf4075526c664ade995dc66c5264c9c998f537,1535351,word_timestamp_n,1,False
part_11/tieup_20241119_195755_48.mp4,part_11/tieup_20241119_195755_48.mp4,tieup,90479d4028a0e93fe201378e198a029d1f5fd9478a41c5292071a648b074b698,624403,word_timestamp_n,1,False
part_11/time_video_18.mp4,part_11/time_video_18.mp4,time,9d1286f9b1a29bf2d08f21649843fb9b30f424c96611d909ae0ce72ed00c985b,271194,word_video_n,2,True
part_11/tired_14.mp4,part_11/tired_14.mp4,tired,689fb62bf74af7aec2fa66321ac9a552e7947f491c026616306319910005b59c,343755,word_n,1,False
part_11/toast_14.mp4,part_11/toast_14.mp4,toast,95a1c76ef241356b045cdf9e642b4b65a1a8b8a2890c1fc84fc41579edb4c2e5,241526,word_n,1,False
part_11/tobacco_5.mp4,part_11/tobacco_5.mp4,tobacco,a62cb93d3864ab372332843d13a34e9eff2ed5ad6771ca97f00e721e60c4eeae,38125,word_n,1,False
part_11/toilet_video_15.mp4,part_11/toilet_video_15.mp4,toilet,b8a60f32149f7f59f2bf7baffdab87d18e286abf8f77479dfb4934cb47cead2c,109811,word_video_n,1,False
part_11/topic_video_1.mp4,part_11/topic_video_1.mp4,topic,e38d51c34e03588fd140d92fb99b92c02af0f34a670e6f458e7e89a0012998d9,163522,word_video_n,1,False
part_11/toss_video_9.mp4,part_11/toss_video_9.mp4,toss,cdbdf669cf452b51196e06fe79f9f87e7fa5adc95687e62b5729bd4bda72d328,159547,word_video_n,1,False
part_11/touch_2.mp4,part_11/touch_2.mp4,touch,8f6d26e6bb201ea5c0918f12aa388063b7719e16dea67b18dd7f97d858f98973,385009,word_n,1,False
part_11/tournament_video_2.mp4,part_11/tournament_video_2.mp4,tournament,d7ea5f2e46bfcf8b7415f941ec37f93082016dbea6bbe6f86c23c6932919bee0,223603,word_video_n,1,False
part_11/tow_20241119_172658_14.mp4,part_11/tow_20241119_172658_14.mp4,tow,cdf98a487a817b3d1d95bf03c32fdfc7902ec1bf0d0dff05892657af7d645110,522542,word_timestamp_n,1,False
part_11/tow_20241119_172658_33.mp4,part_11/tow_20241119_172658_33.mp4,tow,91f75e0eabf5e0fc999b9b50001c5ed0d44587e0738f743125fad78b99840e89,320584,word_timestamp_n,1,False
part_11/tow_20241119_172658_64.mp4,part_11/tow_20241119_172658_64.mp4,tow,f48579f24a2d8fef834462c6b5af24474ff7c3fc0ddeb74f32f98259891a2f85,455326,word_timestamp_n,1,False
part_11/toy_20241119_172656_66.mp4,part_11/toy_20241119_172656_66.mp4,toy,ab34bc62ddff528b8a37ab664bf4eccea8474cbc226da2a7163db43ba506bb46,308844,word_timestamp_n,1,False
part_11/toy_20241119_172656_76.mp4,part_11/toy_20241119_172656_76.mp4,toy,503d51a5b0b22f1136759da621e407213a452a6cd0594281a099d62cbd51df28,409927,word_timestamp_n,1,False
part_11/toy_20241119_173205.mp4,part_11/toy_20241119_173205.mp4,toy,f96eb19de8d308d3d353a6544c913493990b6008de230a01cc4cffc980811654,239415,word_n,1,False
part_11/tradition_8.mp4,part_11/tradition_8.mp4,tradition,bdf709b6f84b08d405798313c48ee0727786d2e1135118e4faecf4deaf169608,275789,word_n,1,False
part_11/traffic_10.mp4,part_11/traffic_10.mp4,traffic,557206f6429b23ee8a976685d043cfc1298f14b205f6805bb5648cceb02a16b9,129185,word_n,1,False
part_11/transfer_12.mp4,part_11/transfer_12.mp4,transfer,bfad4306ecc4f2827ec40010a7a75a5a2653bb59232bd3e32cc91406b68c8ceb,181220,word_n,1,False
part_11/trash_video_4.mp4,part_11/trash_video_4.mp4,trash,795f5f23078371a3031be5c0211866e8cd11bb41eefe727a7ad2f707389b0a88,308987,word_video_n,1,False
part_11/travel_video_9.mp4,part_11/travel_video_9.mp4,travel,93c573a51c8d0a07db81da34fb11687e70499465d085f8565a0776d8d1f495de,288435,word_video_n,3,True
part_11/tree_video_11.mp4,part_11/tree_video_11.mp4,tree,fd072bdfb5ea22751217914d4ac0f0b11f514ddf792884e79d630e58ec3108c7,576763,word_video_n,1,False
part_11/trim_20241119_172656.mp4,part_11/trim_20241119_172656.mp4,trim,b5cc0f7d2f036bd21ecc13c39b2ba22a0f3e7aee093c4a26c8b8397bb0b2df55,154975,word_n,6,True
part_11/trim_20241119_172656_23.mp4,part_11/trim_20241119_172656_23.mp4,trim,6a9b5b4e8a5f7bd4ccbfe030a203298522722174148e5dcd119b91c006b84af8,382525,word_timestamp_n,8,True
part_11/trim_20241119_172656_86.mp4,part_11/trim_20241119_172656_86.mp4,trim,47c17178c387bae95a75aead74afeb69100374885a502d61d1e9915069ca7f34,462236,word_timestamp_n,1,False
part_11/trim_back_video_1.mp4,part_11/trim_back_video_1.mp4,trim back,85401c7c49e5bb1e9656758b48e5c2d78801e8101f4a2542579809c6a426cfa5,84272,word_video_n,5,True
part_11/trim_back_video_7.mp4,part_11/trim_back_video_7.mp4,trim back,e06f8dc83a39d27119e67c1a2da6cd93bb0125351322a312b7aebc0f12f930ed,141430,word_video_n,8,True
part_11/trim_back_video_8.mp4,part_11/trim_back_video_8.mp4,trim back,de76b70e0ed6b029638623e7fb25f5b75d96c150112206e6854fb89e9d24dd8a,160150,word_video_n,7,True
part_11/trim_down_video_17.mp4,part_11/trim_down_video_17.mp4,trim down,db9a0ba94cd33450ddc06a9fed953f48fe00ae99799e9175c3f7b322e0d5a992,362587,word_video_n,8,True
part_11/trim_down_video_19.mp4,part_11/trim_down_video_19.mp4,trim down,7a385d6831e151b4e2b242ba9bdba85aaee9e7c1fdb9bb49d57498b0280ed67c,259527,word_video_n,7,True
part_11/trim_down_video_29.mp4,part_11/trim_down_video_29.mp4,trim down,ae3289531baf8c87e5e98e8bdf9976b4ae6930cf4c3ec2578fcd1d0077e9ba97,694331,word_video_n,8,True
part_11/trip_20241119_172656_14.mp4,part_11/trip_20241119_172656_14.mp4,trip,86adaf3b8859cd7fccc9d356456c2e4a9020647751701ee1ca8f3e6702d805e5,518701,word_timestamp_n,1,False
part_11/trip_20241119_172656_21.mp4,part_11/trip_20241119_172656_21.mp4,trip,3001b18cab73f54ebbe12b6b5fec245a29ea33a2f9cbf353804d22ef45a1857b,488525,word_timestamp_n,1,False
part_11/trip_20241119_172657_3.mp4,part_11/trip_20241119_172657_3.mp4,trip,f8e3a9d1633b1110e70c56dd266058e071b8f27610e378a25020c7440ac91b5e,301085,word_timestamp_n,1,False
part_11/triple_video_0.mp4,part_11/triple_video_0.mp4,triple,e40cb4b8725e0c1b0cc57ae7bc81ee50415db87cb1bc15a5f0d942f412066fb3,201836,word_video_n,1,False
part_11/triple_video_3.mp4,part_11/triple_video_3.mp4,triple,0156217e377e1b5caae5ebb438d484f88da0983a8465b70c6a2559f61403ff4b,2253897,word_video_n,1,False
part_11/trouble.mp4,part_11/trouble.mp4,trouble,c72bbd85ad9ad7196fefc72957eb30aabb8a9b5850bfbed48d4a596f8ce0fc1c,283473,word_only,1,False
part_11/truck_20241119_172657_13.mp4,part_11/truck_20241119_172657_13.mp4,truck,29a64ee995d8a96fcd501c374a9ccbe3afab041634a209fd6a23807356f762d2,517495,word_timestamp_n,1,False
part_11/truck_20241119_172657_23.mp4,part_11/truck_20241119_172657_23.mp4,truck,56a95ceeb008aff8932b72987bba63f2ed4e3a5cfcd0a99ee7e8ea537bb80218,476985,word_timestamp_n,1,False
part_11/truth_video_1.mp4,part_11/truth_video_1.mp4,truth,137c9cd7acd36a9450f9b7123cd1a00efa1ce621f7b5e8f783aaef15bfa7f96b,228171,word_video_n,1,False
part_11/tube_video_6.mp4,part_11/tube_video_6.mp4,tube,3136c4d677e5d48e78e9fed48e0c48cc03ef4f8a2a3f977598d15e62e8109350,450904,word_video_n,1,False
part_11/turkey_20241119_172657_26.mp4,part_11/turkey_20241119_172657_26.mp4,turkey,8b37392e7370ed4d5530ba8fc03b83538804f4adc648084ddcfb786af2c8d365,558162,word_timestamp_n,1,False
part_11/turkey_20241119_172657_70.mp4,part_11/turkey_20241119_172657_70.mp4,turkey,fd40ab2b68f703721da17b165b3dde6c78274ddd5f245d6e75f0377ea6b5a476,433866,word_timestamp_n,1,False
part_11/turkey_20241119_172657_9.mp4,part_11/turkey_20241119_172657_9.mp4,turkey,55c0a6554801c37f123294a8b8964039399ded5442d5e03990e4b7aac190c95f,140662,word_timestamp_n,1,False
part_11/turn_video_1.mp4,part_11/turn_video_1.mp4,turn,215ada1ad37ace33b87e5449eb3ed6853e1720d6a64cc8f740c6b30bd216d3d6,119537,word_video_n,2,True
part_11/turn_video_17.mp4,part_11/turn_video_17.mp4,turn,16c671c7c3da6ac283844fecccfb59bf9d5f0ee636bcbe3b638bd5d4d74b618f,142773,word_video_n,1,False
part_11/turtle_video_3.mp4,part_11/turtle_video_3.mp4,turtle,888d8d60e3a03f28720d8fc5a60b449ed44a3b6056d7d6cf5aa99fab68f8b5cc,477604,word_video_n,1,False
part_11/twins_20241119_172657_16.mp4,part_11/twins_20241119_172657_16.mp4,twins,0ae38abafecf9425f29b6865be3d932cc99fd0c2e1afffbda75488741fd16e1e,798076,word_timestamp_n,1,False
part_11/twins_20241119_172657_6.mp4,part_11/twins_20241119_172657_6.mp4,twins,e1f558ea4b51dbda00662d930097c649acdc687c65d3dd7720454ce12b1bf03b,508310,word_timestamp_n,1,False
part_11/twirl_video_0.mp4,part_11/twirl_video_0.mp4,twirl,e557d98d8ac10982bea98bb87486e7dd7c513b8499ed73318b30cd08eea7243b,231370,word_video_n,1,False
part_11/type_20241119_172657_16.mp4,part_11/type_20241119_172657_16.mp4,type,90c10c9a0d9a85f20853f7bd33f89ea031d2d6961345266f2b574103fca168e5,1076108,word_timestamp_n,1,False
part_11/type_20241119_172657_59.mp4,part_11/type_20241119_172657_59.mp4,type,5fe35a6d39c143c1dd8ef77e8974324af36273f7dcc545758a47a643fc510892,365630,word_timestamp_n,1,False
part_11/type_20241119_172657_63.mp4,part_11/type_20241119_172657_63.mp4,type,857fb95f34b312b6d4130f6b57fa69c9536e92c834ed1721aabdf6303aeb534c,700208,word_timestamp_n,1,False
part_11/u_2_u_aug_23.mp4,part_11/u_2_u_aug_23.mp4,u,1ca56e989180031f2a210e52e270fa57384beaf5baaf0fa6788212a192764a0b,232613,word_n,1,False
part_11/u_2_u_aug_5.mp4,part_11/u_2_u_aug_5.mp4,u,165578f4f40d8757408ac36a48c77ce67d4d65be8c0907adc01f239501cf8a6a,237799,word_n,1,False
part_11/ugly_video_7.mp4,part_11/ugly_video_7.mp4,ugly,86e777abdee77af8c108ec075c678af46a1b7001a1b478c686e277cd1a63db26,294104,word_video_n,2,True
part_11/underwear_20241119_172657_12.mp4,part_11/underwear_20241119_172657_12.mp4,underwear,cb78fc0aabef00f4a9c3944721e85e774f89b5511559ae20470059e505e7554e,152570,word_timestamp_n,1,False
part_11/underwear_20241119_172657_32.mp4,part_11/underwear_20241119_172657_32.mp4,underwear,c13a972082073cda5581791ea5ab0afa3461c7308e1c09e0d40cb0cba8eb7810,697174,word_timestamp_n,1,False
part_11/underwear_20241119_172657_62.mp4,part_11/underwear_20241119_172657_62.mp4,underwear,c3f8a07a67f98d60b584e9cd09a19ce506996bb2ef3c1f0571e7b179e4e2d40b,746636,word_timestamp_n,1,False
part_11/university_video_2.mp4,part_11/university_video_2.mp4,university,c9679a9e3d2d60693df7ef40dbde01e65f12f9f8cf2e8ed63b9e00dff3f22753,200315,word_video_n,1,False
part_11/until_6.mp4,part_11/until_6.mp4,until,82e85aba940744bf24cdd0a11b1a5720a0731e7c114df234926340583958b8fd,192220,word_n,1,False
part_11/until_7.mp4,part_11/until_7.mp4,until,158f59cd24833a36771126343d6b84fd838e9d586c6e11a6261679386c3ab20b,100156,word_n,1,False
part_11/up_video_5.mp4,part_11/up_video_5.mp4,up,f6b11a784f9f62ab957404d3e998b52db54af30e8e16b2d38e41b4bfa3415002,116204,word_video_n,1,False
part_11/upset_20241119_172657_17.mp4,part_11/upset_20241119_172657_17.mp4,upset,11d3db720f64acf00bcd4abe038b3c9bef55b038bb2403186db02bfa3af95b6e,189443,word_timestamp_n,1,False
part_11/upset_20241119_172657_21.mp4,part_11/upset_20241119_172657_21.mp4,upset,de79cd393a9031173c60bf80a75bc8801a326b5c5534140d56f0fe6ca1d712e7,340697,word_timestamp_n,1,False
part_11/upset_20241119_172657_61.mp4,part_11/upset_20241119_172657_61.mp4,upset,0debd8411d85a7c27fce13efbb12755593b3a6750bf04504606be418b8b10278,474924,word_timestamp_n,1,False
part_11/v_4_v_aug_35.mp4,part_11/v_4_v_aug_35.mp4,v,4f9940d86e5e573a9348134fa9d481eaecfea20253fcb83486dd42f5b93f4876,8198,word_n,2,False
part_11/value_video_1.mp4,part_11/value_video_1.mp4,value,e9ff999becf44ea10d324600e5407f67aebb87572013193875920d3c2a423837,257722,word_video_n,3,True
part_11/value_video_13.mp4,part_11/value_video_13.mp4,value,ef6ef3abb502b15ee7783e615d2f2838710fa598c50d44cadc9313143fab8009,512309,word_video_n,1,False
part_11/vampire_video_1.mp4,part_11/vampire_video_1.mp4,vampire,88bddccb5f4ba212862263c852e5429ef2c69fb745d9fb5a642bd16018788523,68280,word_video_n,1,False
part_11/vanish.mp4,part_11/vanish.mp4,vanish,6f155ca2213bada2bb73cf4b7bc0128f9f813c80af6670ebd5ee4a2f707d659f,70885,word_only,1,False
part_11/vanish_video_9.mp4,part_11/vanish_video_9.mp4,vanish,65719ab81103923fae847f5a3d025544cd01232904ab5ba58c653378b94e546f,156391,word_video_n,2,True
part_11/verb_3.mp4,part_11/verb_3.mp4,verb,3f5e3ac7be9d606dccd1484ef2caf65996474f6625152bb26dc2f4db8c6e3f35,351391,word_n,1,False
part_11/very.mp4,part_11/very.mp4,very,638c416631fec138a7f973384ee663e8a747136b0c78fb8e2d313296805a8568,217358,word_only,1,False
part_11/videocamera_20241119_195755_51.mp4,part_11/videocamera_20241119_195755_51.mp4,videocamera,754115ecaea3bd65e582470a3d3dd199fbcd04fa2804b469e58000ab44590654,376646,word_timestamp_n,1,False
part_11/videocamera_20241119_195755_53.mp4,part_11/videocamera_20241119_195755_53.mp4,videocamera,5bf548b49832298d7bc3af8ae0e363863a4da3b1032d25f13db1eea4441b74c8,364299,word_timestamp_n,1,False
part_11/violin_9.mp4,part_11/violin_9.mp4,violin,99023f87ffc36a75961ac6625965d50a7783b93202e3b98e6ad8b71471091a5f,75339,word_n,1,False
part_11/virtually_video_30.mp4,part_11/virtually_video_30.mp4,virtually,9f8f61512af077749fa704c4181095faa4141ef3a6191beba9dc666d0d4f521d,239047,word_video_n,9,True
part_11/virtually_video_33.mp4,part_11/virtually_video_33.mp4,virtually,d0bdacdf7ba28c1661e7fd4e3ccf4871989c3f022c532b8086744aff45bd8f30,217804,word_video_n,8,True
part_11/visit_video_3.mp4,part_11/visit_video_3.mp4,visit,cae1bd7dcb833ab01ee91e330f1ed3b81b2168e6190a6093bdc0ae4acef0a065,138874,word_video_n,1,False
part_11/visitor.mp4,part_11/visitor.mp4,visitor,8abb90fb2cf3fee7e123d23d0acec02272181525f4b719ec3c52b8db09cfead6,276403,word_only,1,False
part_11/visualize.mp4,part_11/visualize.mp4,visualize,036043e878334a5cd25af058316424d38b659a0f79e3e3fafb07c7a3ef08babb,344158,word_only,1,False
part_11/vlog_0.mp4,part_11/vlog_0.mp4,vlog,63d8c2df6b67998b5570a99eb4e25d5d2e7a5d4c0e9ad56c7ec9a8ef7b6f58b7,75361,word_n,1,False
part_11/vocabulary_10.mp4,part_11/vocabulary_10.mp4,vocabulary,577028edd46335bb79d43507b9fd25666f890309efccfe817fcdfc9b9d99ea18,64096,word_n,1,False
part_11/volleyball_12.mp4,part_11/volleyball_12.mp4,volleyball,a82e8102d9832ec14086df7dbffbc5a178d78a97a3866ae874eefc59c916528c,34128,word_n,1,False
part_11/volunteer_4.mp4,part_11/volunteer_4.mp4,volunteer,2479be82062593e6b0fbc1ccb6d0a92fdc90ea7a970091d330aa24410c5a6c97,201191,word_n,1,False
part_11/vomit_7.mp4,part_11/vomit_7.mp4,vomit,2be776310d35b523559536e80ac4bd4f08712a4e0f7e9724d45267881d33e7d5,31951,word_n,1,False
part_11/vomit_video_13.mp4,part_11/vomit_video_13.mp4,vomit,fb4c6f60b48d7ade2f5af722a90daf91d9147e383d5a2d54bcb7e025f0a693df,259996,word_video_n,1,False
part_11/wad_video_10.mp4,part_11/wad_video_10.mp4,wad,559e7857d5df64495b6b97b315a2a7dff88e3bb576675629567c35909be8f2f6,1084912,word_video_n,20,True
part_11/wad_video_32.mp4,part_11/wad_video_32.mp4,wad,028f7655138a195c5f1d1d11642a865bd5920b217392afbde7330870c1099c7a,299563,word_video_n,20,True
part_11/wad_video_33.mp4,part_11/wad_video_33.mp4,wad,ab88c1b0f15c186fb3cf61b5f2e951735252ff95334addd2c2e29f1f8b36874b,283910,word_video_n,20,True
part_11/wade_20241119_172657_17.mp4,part_11/wade_20241119_172657_17.mp4,wade,62fd77ea1567516a9d27e1ce5e1e344e08c0c903c564b3d7d09649354c373a99,568451,word_timestamp_n,1,False
part_11/wade_20241119_172657_5.mp4,part_11/wade_20241119_172657_5.mp4,wade,b65cc2c794becdef15e1beacfa7dee168ee01a4d00e6c9a7b4ac5999194808f6,346110,word_timestamp_n,1,False
part_11/wait_10.mp4,part_11/wait_10.mp4,wait,634e781db2e61a5c4b0f74c2682a1b35fca4a292c3f5f989340bc450d6c47fbb,45530,word_n,1,False
part_11/walk_20241119_172657_33.mp4,part_11/walk_20241119_172657_33.mp4,walk,7dade353caf8f48686dae23b4a817795c95bc59bb3eb4c4cf073a454560404a1,439138,word_timestamp_n,1,False
part_11/walk_20241119_172657_49.mp4,part_11/walk_20241119_172657_49.mp4,walk,ce254bf6a9d7f85498cf1099742e6d9e2fca42be62717d27efcff14049e671d5,550096,word_timestamp_n,1,False
part_11/walk_20241119_172657_50.mp4,part_11/walk_20241119_172657_50.mp4,walk,c000a84075c0d4fd6e2ba7792f9fff4edef682c8a973af2e4dd66cfebef8985e,366366,word_timestamp_n,1,False
part_11/wand_video_1.mp4,part_11/wand_video_1.mp4,wand,ba5d8b0b872d2647ef33e6b75d16fce29aac4deabf9ac13ff83cc05c6e66be30,810579,word_video_n,1,False
part_11/wander_video_6.mp4,part_11/wander_video_6.mp4,wander,58adacc6d8eb270fb351134cb497af3698eab073813ccfac775a3fc6541661f4,144315,word_video_n,3,True
part_11/want_20241119_172657_53.mp4,part_11/want_20241119_172657_53.mp4,want,5fb9f029ca119e7f521c2fe7cbf3a20b2a36cfb1ceda17dd554f303247aa20b4,254959,word_timestamp_n,1,False
part_11/want_20241119_172657_6.mp4,part_11/want_20241119_172657_6.mp4,want,8a3c3cdba301acb209f2a8e27d1ceaff8f6081b948fae5fc18563b5a4b48c225,122250,word_timestamp_n,1,False
part_11/want_20241119_172657_78.mp4,part_11/want_20241119_172657_78.mp4,want,32ea73d9ce2daca934973c63c8966589c1f62938c6f773491fe0842a002237a5,670040,word_timestamp_n,1,False
part_11/war_6.mp4,part_11/war_6.mp4,war,367decb76a185e304d6d6d4ac817ab628523b5fc29fce5ba2427bfb9c6073689,475755,word_n,2,True
part_11/warm.mp4,part_11/warm.mp4,warm,332fa037b8ff44c825ce40881059aef79c35a102323ac31bd19921552c01b348,319574,word_only,1,False
part_11/warn_1.mp4,part_11/warn_1.mp4,warn,b72853d9aba23c2f915fea38aad8ec0cfeb81a53cf6f76ed371de69fba586a91,184488,word_n,1,False
part_11/wash_20241119_172657_27.mp4,part_11/wash_20241119_172657_27.mp4,wash,05a0cc71b74dcb9a97df98b7f2fcbc6600547a077574c5df3361d6c1ebaf45b0,576936,word_timestamp_n,1,False
part_11/wash_20241119_172657_43.mp4,part_11/wash_20241119_172657_43.mp4,wash,654beebfec180d8a75a6bc06e2dbadb88a8d8f830b7cb8742208ea6dcf0989c4,337322,word_timestamp_n,1,False
part_11/wash_20241119_172657_45.mp4,part_11/wash_20241119_172657_45.mp4,wash,0f35f89f9bd7bfa1871a3eb53cbc90c88bf207feac67b422aea742345abd29aa,735254,word_timestamp_n,1,False
part_11/washface_20241119_195755_49.mp4,part_11/washface_20241119_195755_49.mp4,washface,665703d197617bddb7e0afa9e1d2230bc60674b6e95adb2580fd21c73357cd29,571793,word_timestamp_n,1,False
part_11/washface_20241119_195755_50.mp4,part_11/washface_20241119_195755_50.mp4,washface,a8ee660fe098cb80f1ce863d9b73d7a52525efa199a1f4a88d687119d76bdb86,1352428,word_timestamp_n,1,False
part_11/waste_video_3.mp4,part_11/waste_video_3.mp4,waste,337d80340e1f0c93c092143b558552c48296fc2f98d129065a7cc91c1cbd447a,681506,word_video_n,2,True
part_11/watch_12.mp4,part_11/watch_12.mp4,watch,0eb6511561422cdd5aaa9134177d066959b5a69e99216d1fd70d590ae623a1c7,243738,word_n,1,False
part_11/watch_video_7.mp4,part_11/watch_video_7.mp4,watch,b62a1dc5bccb02fa1bf7f659757068cfdca1382d0addeea651d167c017a5a908,237937,word_video_n,1,False
part_11/wave_video_12.mp4,part_11/wave_video_12.mp4,wave,9a837ca47670090667efc6145fc64512932a60af6487a524d96acd0869120daf,314511,word_video_n,1,False
part_11/way_5.mp4,part_11/way_5.mp4,way,8c370a58e022a54544c27d9bc4f43fb3edf8c512d9ab0fb5944920eaf75aa2a9,142053,word_n,1,False
part_11/we_4.mp4,part_11/we_4.mp4,we,0e93f754c4c5de3e5f295d203513f6232c28ae7afca7f4d827e094143191d04e,333186,word_n,1,False
part_11/wear_video_1.mp4,part_11/wear_video_1.mp4,wear,c4954519236222e20f219f235a3063b7e23683e4d2edf0f2a01403370db944eb,146032,word_video_n,1,False
part_11/weave_video_2.mp4,part_11/weave_video_2.mp4,weave,4d0ad693d2ea6f086a7d56547daa718c9e626aa183665a6e2080bfd9b0c022c6,332223,word_video_n,1,False
part_11/wednesday_2.mp4,part_11/wednesday_2.mp4,wednesday,a87a724affe00158da885f429021473dc75fdc86c2299cdf384235d2692a8ad3,79347,word_n,1,False
part_11/weekend_video_3.mp4,part_11/weekend_video_3.mp4,weekend,94874a3fb0781381a8e45b99c4b760025c34d4414bb31ef8c22d76a43b81e126,133551,word_video_n,1,False
part_11/welcome_20241119_172657_21.mp4,part_11/welcome_20241119_172657_21.mp4,welcome,27ca047b79736a532b8c84dd3a2463d5d1f8ff6ce09fe76d0ee119d33f17e947,457252,word_timestamp_n,1,False
part_11/welcome_20241119_172657_36.mp4,part_11/welcome_20241119_172657_36.mp4,welcome,774945348fc546b05076289f939faa655307d7fbfa85aebc7afd764f3336f3e4,642654,word_timestamp_n,1,False
part_11/welcome_20241119_172657_50.mp4,part_11/welcome_20241119_172657_50.mp4,welcome,095d087ae8b4f83bd2c835ee2baee81145a6920e17b6ee16a9907637de9af889,1063310,word_timestamp_n,1,False
part_11/well-nigh_video_19.mp4,part_11/well-nigh_video_19.mp4,well-nigh,8ab982cc11d468441699c00962a3f9bced5f2648ca24afeeb17035a7dd328fc5,249318,word_video_n,8,True
part_11/well-nigh_video_30.mp4,part_11/well-nigh_video_30.mp4,well-nigh,9f8f61512af077749fa704c4181095faa4141ef3a6191beba9dc666d0d4f521d,239047,word_video_n,9,True
part_11/wet_5.mp4,part_11/wet_5.mp4,wet,ad11ea9cfd4109697750c6075eabff2986f0c374b039a700c7fce3a1be51632e,289559,word_n,2,False
part_11/whale_7.mp4,part_11/whale_7.mp4,whale,446a68bd89cac8f7a32b847803bf425c44151a1b10a66eb9365a15c67f173d81,587865,word_n,1,False
part_11/what_20241119_172657_2.mp4,part_11/what_20241119_172657_2.mp4,what,231cbab386cf4aafc262160eb21aa12e7d5ddce8fa5dba3a68038946e7619049,208149,word_timestamp_n,1,False
part_11/what_20241119_172657_31.mp4,part_11/what_20241119_172657_31.mp4,what,2933b8c6647ee363afeec1ab3e4f08369f3f9a1d894ff4444b3f78f783ada360,587670,word_timestamp_n,1,False
part_11/what_20241119_172657_37.mp4,part_11/what_20241119_172657_37.mp4,what,11eacfdaba6d31f0bb9140274fbddbd3db933e54183c4b04f1c0bfd4e29c1877,347313,word_timestamp_n,1,False
part_11/whatever_video_2.mp4,part_11/whatever_video_2.mp4,whatever,28269b7e5cfcc0c20e1762c7adad1edbc3ae8799628d47d1cfef00a1421579d1,457176,word_video_n,2,True
part_11/whatfor_20241119_195755_11.mp4,part_11/whatfor_20241119_195755_11.mp4,whatfor,08fdb39d23a974bd37709d5e86285353769da509c4fd69b07459a4cac1896f3d,1059121,word_timestamp_n,1,False
part_11/whatfor_20241119_195755_38.mp4,part_11/whatfor_20241119_195755_38.mp4,whatfor,75da8635aa7ca017db5c49a06532f0719ae704a9fab5e51b26f32f189f39ef7b,465537,word_timestamp_n,1,False
part_11/whatfor_20241119_195755_65.mp4,part_11/whatfor_20241119_195755_65.mp4,whatfor,163e36eed2d3aca82f4197f07af0c5313d67502a86b4acb97c7574711b5f3ede,411135,word_timestamp_n,1,False
part_11/wheel_video_16.mp4,part_11/wheel_video_16.mp4,wheel,78f16563da76c36bdd062a298521d7974cf0a077522afce6eee527bcf0783c71,378233,word_video_n,4,True
part_11/wheelbarrow_video_1.mp4,part_11/wheelbarrow_video_1.mp4,wheelbarrow,a8dcad7532f75d958a82c7b514000a1f0795760ff9fe635834443a2aed41355e,434001,word_video_n,1,False
part_11/whistle_20241119_172658_31.mp4,part_11/whistle_20241119_172658_31.mp4,whistle,5f690c0aeee10b099bc05ff1135bd4a16cf39019b22e98eb0e1a5899bdd8292f,181790,word_timestamp_n,1,False
part_11/whistle_20241119_172658_33.mp4,part_11/whistle_20241119_172658_33.mp4,whistle,a87f03d64e3a8a4b699580460963da814e160d2f74c299102b33d5adb3fad9a7,515836,word_timestamp_n,1,False
part_11/whistle_20241119_172658_41.mp4,part_11/whistle_20241119_172658_41.mp4,whistle,40a7172495bd9443c7863de00fc5be1bdc25e15a4364df1942c482573c44e98a,1103235,word_timestamp_n,1,False
part_11/white_video_2.mp4,part_11/white_video_2.mp4,white,d2bbf4af7bf50948e4861cf78ad0e4299b941bc829996105d1e9fbdea07f5676,117351,word_video_n,4,True
part_11/whole_lot_video_35.mp4,part_11/whole_lot_video_35.mp4,whole lot,cfe692131fcfdd8d0f1c49955ab5f1184055e395b4e19544e11820f3f463f7a8,537906,word_video_n,20,True
part_11/whole_lot_video_6.mp4,part_11/whole_lot_video_6.mp4,whole lot,859b0ca011a95ae7499f4b761f9090b27acd2007924621e8ce5fd63e204af638,206885,word_video_n,20,True
part_11/whole_slew_video_11.mp4,part_11/whole_slew_video_11.mp4,whole slew,44de8a9a35233c43710da2579cdfde40fcaa790aadf9f058581a4296550d6bc4,128267,word_video_n,20,True
part_11/whole_slew_video_48.mp4,part_11/whole_slew_video_48.mp4,whole slew,a4683ad8b62421c2f3bec75c635b1befca781ad03bccee1929a3351781194ede,258004,word_video_n,20,True
part_11/whole_video_0.mp4,part_11/whole_video_0.mp4,whole,d8896c5155b0fa9b3c80abe9a6dc7cb333cfd00efe6ef56900a0981ea0817397,124080,word_video_n,1,False
part_11/whole_video_5.mp4,part_11/whole_video_5.mp4,whole,a91f7a71018c7257dcce0231bf7e8ec6631815d540f857771c9c4aa57b5f9807,554626,word_video_n,2,True
part_11/why_video_7.mp4,part_11/why_video_7.mp4,why,0e5d75bad48aea1ef8cafe73b2e3a92e5ae49f3f2cc821e7d3347aa86b923ce4,499892,word_video_n,1,False
part_11/wide.mp4,part_11/wide.mp4,wide,0aec4c74e2971aaf52c0ac2dbfe0e994d68b236537adb9dc1d653ea7a677fba8,335693,word_only,1,False
part_11/wife_video_9.mp4,part_11/wife_video_9.mp4,wife,092df2363976a6a51216712803db95f6810273e6ade55af71387854480dc31ef,532864,word_video_n,1,False
part_11/win_video_5.mp4,part_11/win_video_5.mp4,win,4a4e7701548cf02773e7c4c333e3c9c9f8ac58938a665f9e47436885dc3c855c,411727,word_video_n,1,False
part_11/wind_video_4.mp4,part_11/wind_video_4.mp4,wind,4f354b8029ed5fa55d63802b4aa384d1b630103a1869f0febeb36c77424cb570,215057,word_video_n,1,False
part_11/windmill_20241119_195755_63.mp4,part_11/windmill_20241119_195755_63.mp4,windmill,8ca232cadeec47c797eb63d6d419d19bad31fb27d17d975cb9acf026e98ec71b,1222190,word_timestamp_n,1,False
part_11/windmill_20241119_195755_81.mp4,part_11/windmill_20241119_195755_81.mp4,windmill,f408f6380deca98fa820d5f521ae09c3756e29435d6e6a10e4d9e8ac97bc05f6,985065,word_timestamp_n,1,False
part_11/windmill_20241119_195755_83.mp4,part_11/windmill_20241119_195755_83.mp4,windmill,8acffffb5bef1676ac987d917adde4af7f06df47883004f5108a1645e38e1ad5,713962,word_timestamp_n,1,False
part_11/wine_3.mp4,part_11/wine_3.mp4,wine,fd0b742546197f4a30334e234c3f1d2d4d5cc77e897069f9e16f39ffb8173036,240648,word_n,1,False
part_11/wish_10.mp4,part_11/wish_10.mp4,wish,de6cbac4d4240fd363dfbed356eb0963673bd23136e82789d16efb6c02f05517,151515,word_n,1,False
part_11/witch_20241119_172658_15.mp4,part_11/witch_20241119_172658_15.mp4,witch,8c23b6cedec2bf2909bfcd9f2d3991e91a135f99e13c582232b0fd2ab44d7d01,469885,word_timestamp_n,1,False
part_11/witch_20241119_172658_6.mp4,part_11/witch_20241119_172658_6.mp4,witch,7649c4fb3ce85160c41fd0dd6ee4dabca45ad3612e4f1c80a1604426485d9b48,196330,word_timestamp_n,1,False
part_11/witch_20241119_172658_64.mp4,part_11/witch_20241119_172658_64.mp4,witch,36252c4a9120da288ea70b5d6a0d0f48fa574b880c25ee9e2280a7c283d5852f,725470,word_timestamp_n,1,False
part_11/with_video_9.mp4,part_11/with_video_9.mp4,with,5dd4f263fa724c7b9922892c11532bc5be5b9db3c09fe0c1498bc90e08ab6b73,337440,word_video_n,1,False
part_11/wolf_9.mp4,part_11/wolf_9.mp4,wolf,efd1d8d55837933600a2060b609258f5bf5a2b6493dd0d509e9c7a54364f0a1d,65922,word_n,1,False
part_11/woman_20241119_172658_17.mp4,part_11/woman_20241119_172658_17.mp4,woman,5c7662e0866d320b4f484927b72f77a9f9d2e500feb768e9d135c18a7a18a986,228042,word_timestamp_n,1,False
part_11/woman_20241119_172658_27.mp4,part_11/woman_20241119_172658_27.mp4,woman,11551a299ee974be3b17769560ae5d29a2c840e3e4a778d68f5ab01c7074213f,423967,word_timestamp_n,1,False
part_11/woman_20241119_172658_29.mp4,part_11/woman_20241119_172658_29.mp4,woman,e5b0b117f63293b979950fe48d200f9a243bf831d2df99377eb6eb8827fcf14d,319921,word_timestamp_n,1,False
part_11/wood_video_5.mp4,part_11/wood_video_5.mp4,wood,424b801e16503618e44b5ff6d179c3ba19f84ec48845a354b818a254d1bfdcaf,284232,word_video_n,2,True
part_11/word_9.mp4,part_11/word_9.mp4,word,a1454d0dbf69516496807e6205f7a32d3f23b79eca118f5011261c9159012308,130321,word_n,1,False
part_11/work_8.mp4,part_11/work_8.mp4,work,5f733997877ea720aac7fdf481b911fe9ca531b6261e11d7276766f513135e36,364113,word_n,1,False
part_11/world_video_23.mp4,part_11/world_video_23.mp4,world,bbc9cbcd7fb930bf88ba39d9ca4ae72723aa263dd98d0db1a3fa6d443fe1dbc6,213772,word_video_n,2,True
part_11/world_video_28.mp4,part_11/world_video_28.mp4,world,63f75d31e296770aa28d6b470de37438eb29ee5873423cbb22c5ce35e2050bad,275018,word_video_n,1,False
part_11/world_video_31.mp4,part_11/world_video_31.mp4,world,93c55800e4061ba79170c94b8991a713cac1f8e61106b07b2ab36225f9f3cb2e,185536,word_video_n,2,True
part_11/worm_video_9.mp4,part_11/worm_video_9.mp4,worm,1c002202b10b519104a46bd5aa8b425e21d28e0a4a7a8f0d4058d74ea401345e,1367264,word_video_n,1,False
part_11/worry_video_0.mp4,part_11/worry_video_0.mp4,worry,2a0c1e8354f018356de1fb2685399964176829ad2e3d8dc9292f7740903e8f71,223199,word_video_n,1,False
part_11/wow_video_7.mp4,part_11/wow_video_7.mp4,wow,cd4a920a7a275275b73ad4b65fb4f1b0dceb43b66de136e945b341380fc6c2e0,248996,word_video_n,1,False
part_11/wrap_2.mp4,part_11/wrap_2.mp4,wrap,0d2805e0c5c76dea56925cafe0fbd59fb792c327d73c7cd93c7637ccc2854ac6,515980,word_n,1,False
part_11/wrapup_20241119_195755_1.mp4,part_11/wrapup_20241119_195755_1.mp4,wrapup,6f63dd27a68c797b95e1bd3b7e0e3e61ae0d91a6962e8b24f89986f93b712ceb,258965,word_timestamp_n,1,False
part_11/wrapup_20241119_195755_28.mp4,part_11/wrapup_20241119_195755_28.mp4,wrapup,cc94f25aa9cecd210c92255b39b7f0656701ae268e2b7679de1d38cb10eab9e0,366699,word_timestamp_n,1,False
part_11/wring.mp4,part_11/wring.mp4,wring,8335be4839c6a6ccc4b7b67680149aec165d4973b0368893ba99a6ef5b528635,107395,word_only,1,False
part_11/wristwatch_20241119_172659_18.mp4,part_11/wristwatch_20241119_172659_18.mp4,wristwatch,a724b87fbe619e29b0115e101f1d0d95c2750508d3706b3c4e931e78c5e8b30e,944260,word_timestamp_n,1,False
part_11/wristwatch_20241119_172659_73.mp4,part_11/wristwatch_20241119_172659_73.mp4,wristwatch,8e4a30d76b25778567b4c8d85137a2b5d4114f54eb7301de58fbe8e155a6fb9a,398653,word_timestamp_n,1,False
part_11/wristwatch_20241119_172659_86.mp4,part_11/wristwatch_20241119_172659_86.mp4,wristwatch,ae337245a4dc84319845800fc036a35468c17c9796ee52ac6f2ddc690bde7c47,734817,word_timestamp_n,1,False
part_11/write_9.mp4,part_11/write_9.mp4,write,fb99ef312cc4d9fe653242edc201c6f20181721637d51a9cf10c3580383310a4,287539,word_n,1,False
part_11/write_video_14.mp4,part_11/write_video_14.mp4,write,85e10894ffb14935dccc3015890539fd5f9fec9e72b6caba32b3b52c40636f7d,483741,word_video_n,2,True
part_11/wrong_video_10.mp4,part_11/wrong_video_10.mp4,wrong,c94bab21e83ac9bcca81720e6fccb01c5e5a4e49a5355dc8e21bd24b047d7640,206334,word_video_n,1,False
part_11/yawn_20241119_172658_106.mp4,part_11/yawn_20241119_172658_106.mp4,yawn,400bcc8a9a5e77597432db0a6bd956f194b119c5da9e9a8419a6aa3bfe5a1bbd,1419746,word_timestamp_n,1,False
part_11/yawn_20241119_172658_25.mp4,part_11/yawn_20241119_172658_25.mp4,yawn,79698e959a3acfb9c7ded43f64e39fc8b49274f30d5725361e87eb1ca491adb8,322219,word_timestamp_n,1,False
part_11/yawn_20241119_172658_90.mp4,part_11/yawn_20241119_172658_90.mp4,yawn,1512a778aa9009d8c5026bfb8b8ec7adfb1a4e8ddafc71aa9cd72e9a77d74199,625987,word_timestamp_n,1,False
part_11/year_video_1.mp4,part_11/year_video_1.mp4,year,8318fe9fc290f4bc3d92c74dafc8071eff91eb641b39e74f385e3f50108310cc,148904,word_video_n,1,False
part_11/yes_13.mp4,part_11/yes_13.mp4,yes,0345c7554bdee3bb95b1db644bdf4685d0ce2d4d6a6b3386e9752d8eb24a993c,198031,word_n,1,False
part_11/yes_15.mp4,part_11/yes_15.mp4,yes,8978c470e6a69e5bed32f7f9b5d549a7f7d5cbcdf9d5537ccbacd35e22e64275,193394,word_n,1,False
part_11/yesterday_video_8.mp4,part_11/yesterday_video_8.mp4,yesterday,e7e04c0770f5e6705934ed51d383fc64ce5f5a35b30406db4b007da20beb6a1a,88721,word_video_n,1,False
part_11/your_11.mp4,part_11/your_11.mp4,your,654694e5fe71011c92d9c8eab4abbf51f06596d6c1412aa867ee70fbda8179fa,230715,word_n,1,False
part_2/1812960858393966-SORRY.mp4,part_2/1812960858393966-SORRY.mp4,sorry,4efd559488db07415957bcc813d2d443f5e02aa19d6274e8fc66cfd232270e63,533573,numericid-WORD,1,False
part_2/18178693393806356-SNOWBOARD.mp4,part_2/18178693393806356-SNOWBOARD.mp4,snowboard,3bd3b4069ed7b70de4c58a83ee8488a5fa633956a83d748f28fc5560dfc9b98f,429482,numericid-WORD,1,False
part_2/18187533488410978-HOCKEY.mp4,part_2/18187533488410978-HOCKEY.mp4,hockey,bd22e787881b8bff6f6fcac9023aac04b8fa6417221fdb86def2ce2a5b5812ca,587061,numericid-WORD,1,False
part_2/18207981361044623-UP.mp4,part_2/18207981361044623-UP.mp4,up,7fd580176a5128388560a46dd1fe286f50cbaaae2d9433384fd0c767a3f765dd,232540,numericid-WORD,1,False
part_2/18239308504243912-PIZZA CUTTER.mp4,part_2/18239308504243912-PIZZA CUTTER.mp4,pizzacutter,911b8dd29177acdcf9854c9ac7d846cdecd77f783842ecf965730ff448bd9f3a,785372,numericid-WORD,1,False
part_2/18248487730908303-THINK CONNECT.mp4,part_2/18248487730908303-THINK CONNECT.mp4,thinkconnect,777520dfd74bda1a3a0465d6319693e5cb5fbd482ca82fb8b23d6035c08000b2,904610,numericid-WORD,1,False
part_2/18301851044092055-DART.mp4,part_2/18301851044092055-DART.mp4,dart,61a561d0869c72a3ac936f296b98ae55c584f2b8ae8833c917c94e4d16fbbea7,433597,numericid-WORD,1,False
part_2/18345266216385014-BANDAGE.mp4,part_2/18345266216385014-BANDAGE.mp4,bandage,32e25f5d64b84f0e5ac3afe59e0a2a5eadd49d8a9f72c1950e779c988ef9fc87,682309,numericid-WORD,1,False
part_2/18357691450874603-THINK OVER.mp4,part_2/18357691450874603-THINK OVER.mp4,thinkover,85ea783f495f1122e58042395fdf0113836596f7e9cd2512124710c31f58de5c,696884,numericid-WORD,1,False
part_2/18368836617287454-RAINBOW.mp4,part_2/18368836617287454-RAINBOW.mp4,rainbow,4a52483e7a7e366d56bb5e903935475b3f83b54904f2667e6c038ef23a1f61af,396869,numericid-WORD,1,False
part_2/18379932971765545-ARRIVE.mp4,part_2/18379932971765545-ARRIVE.mp4,arrive,290dc42d3f0714b1f21d3b5236ed30fca2f74c4975b63db06c14f3d675b00adb,450570,numericid-WORD,1,False
part_2/1838606017695643-LEAVE ALONE.mp4,part_2/1838606017695643-LEAVE ALONE.mp4,leavealone,ec9364858d2118dd0bbb4f402d010575fc5d3c89ecf540c4c2f8efd5248ef482,430515,numericid-WORD,1,False
part_2/18386206896260537-CERTIFICATE.mp4,part_2/18386206896260537-CERTIFICATE.mp4,certificate,b62a3122ece5429fe5054c5e2dece589af0f268d139d267914730bdd2939fcb0,565010,numericid-WORD,1,False
part_2/18500968985019117-BACHELOR.mp4,part_2/18500968985019117-BACHELOR.mp4,bachelor,64bec0e0a53b217a6ccf93783759ec576005e103aada21d1a930284afc2288cc,435433,numericid-WORD,1,False
part_2/18530989884206206-BUT.mp4,part_2/18530989884206206-BUT.mp4,but,b60c1710e023f3efae58c23298fbe3e1665be3dc3e8bf9dedf1141e1fe79f240,399190,numericid-WORD,1,False
part_2/18532012882158622-HURRICANE.mp4,part_2/18532012882158622-HURRICANE.mp4,hurricane,2d500367567a4ba270c146f024c122a11ac23eaf9dcf5ef37ef2bfd35fa5087c,649239,numericid-WORD,1,False
part_2/18593355737523742-SHY.mp4,part_2/18593355737523742-SHY.mp4,shy,91261b614fc1fa78333fb61df472f04859f239d1cff603971d5525353b6c75a9,256932,numericid-WORD,1,False
part_2/18641623865112966-SHIELD.mp4,part_2/18641623865112966-SHIELD.mp4,shield,702180aa6ef13e8e0caa55fd557b3a0f2d63ddd364bbafd0255a2d9d037b6da8,335001,numericid-WORD,1,False
part_2/18651823409572987-SUPERIOR.mp4,part_2/18651823409572987-SUPERIOR.mp4,superior,1f2f718753ca0291741956205df93cb46fda82d1623f7a66b7ce62de78e3624e,565100,numericid-WORD,1,False
part_2/188243326093261-ENGINE START.mp4,part_2/188243326093261-ENGINE START.mp4,enginestart,e3e677ac459e6263c6348733771c061ac56ee1147fdb0f81672f47b6a00f624a,652795,numericid-WORD,1,False
part_2/18848934640593273-END.mp4,part_2/18848934640593273-END.mp4,end,77e9396c6993cd1f617868712cbdb7f9c93c49a1805c1d7a781dbf9c73df1f73,528065,numericid-WORD,1,False
part_2/18921618098778237-ARCHEOLOGY.mp4,part_2/18921618098778237-ARCHEOLOGY.mp4,archeology,f9c8f68b96a96ee8064a983621f55a88e581855410654496b25f99fe4b478cf4,597254,numericid-WORD,1,False
part_2/1893498718429385-EGYPT.mp4,part_2/1893498718429385-EGYPT.mp4,egypt,b09e5611fe25fb88222726f9ec6be0e98d2890b8fd32c480ff5dee2b2fadf893,678476,numericid-WORD,1,False
part_2/19015467641506412-DRUG.mp4,part_2/19015467641506412-DRUG.mp4,drug,e4cd0b6291f750f44957e46c5b286fada9ddb0e717aa9d6148fe6db0e8d6c05d,388961,numericid-WORD,1,False
part_2/19059538857723846-PILE.mp4,part_2/19059538857723846-PILE.mp4,pile,61b59b3c50f3eda85d445d8c9d678d32767c472fc217ce6648bdd4226a18bc82,827425,numericid-WORD,1,False
part_2/19071857221615507-YOURSELF.mp4,part_2/19071857221615507-YOURSELF.mp4,yourself,d3121cf0e946b4f7c9cdde105750629e4b669778dbdee2cade48be66ed74ca60,441072,numericid-WORD,1,False
part_2/19102300390841576-CENTER.mp4,part_2/19102300390841576-CENTER.mp4,center,1644295611f5a6fe42b715ee5be7ef422ddc07382f0b4b3c928906078233edaf,279054,numericid-WORD,1,False
part_2/19134972933022198-SNOWSUIT.mp4,part_2/19134972933022198-SNOWSUIT.mp4,snowsuit,aac425b39052ecd1fbbb9c6b15931e070f37f34282405d6fa9d538855c4f7507,1077117,numericid-WORD,1,False
part_2/19135289799198207-LEAVE.mp4,part_2/19135289799198207-LEAVE.mp4,leave,066db67ea1faca797d1456222f98e2afd5d60a00e5caf2a19a9037e7c2ed6f89,599408,numericid-WORD,1,False
part_2/19142855644010948-GO.mp4,part_2/19142855644010948-GO.mp4,go,3afe34ef436352102e6ac893da36c7e804e0d4229bdc3cde9d0ad8cae44bdbd7,362998,numericid-WORD,1,False
part_2/19151595519059494-ALASKA.mp4,part_2/19151595519059494-ALASKA.mp4,alaska,d35020d49580c1f6020607cb7609d7940f13ff024db40b7f89e523ad4e07caa6,670259,numericid-WORD,1,False
part_2/1919855927330869-FRENCH.mp4,part_2/1919855927330869-FRENCH.mp4,french,54e6dccee21238af4ff73190cc8861594e7316eb4b372ffdbf74ae6fd0b5a744,1445574,numericid-WORD,1,False
part_2/1921109044689493-CHIN 2.mp4,part_2/1921109044689493-CHIN 2.mp4,chin,bc06c94a66d26dea465390ce30ba6253caa532228c481d74559dcbe65800a813,480703,numericid-WORD,1,False
part_2/19285371678166952-FRUSTRATE.mp4,part_2/19285371678166952-FRUSTRATE.mp4,frustrate,3e292a1bb49a132997b6b4fb247c1981d1a0a698c4083603ebc97154f3dc3469,687499,numericid-WORD,1,False
part_2/19310281578453936-FLOOR.mp4,part_2/19310281578453936-FLOOR.mp4,floor,f32a7f1eaa87cb86997e14a7e6914009280fbafbff5f5c7f423854345632cc47,391320,numericid-WORD,1,False
part_2/1931829449490161-THINK.mp4,part_2/1931829449490161-THINK.mp4,think,9ecd2b78138c4af24847910ed5a1bcfbee44fd928f8248244b5e27c027e01a77,501874,numericid-WORD,1,False
part_2/19391081371059826-GOSSIP.mp4,part_2/19391081371059826-GOSSIP.mp4,gossip,e87ba3f2582904ef86016ff466803af99892c74cd19c32d683e8ac2b19346172,491309,numericid-WORD,1,False
part_2/19450596280511312-HITCHHIKE.mp4,part_2/19450596280511312-HITCHHIKE.mp4,hitchhike,175e5bb4829afa3a95262ee01ff508afae923265eab408ec8e3101f506d1ed92,379781,numericid-WORD,1,False
part_2/19453461622852508-VANILLA.mp4,part_2/19453461622852508-VANILLA.mp4,vanilla,0c140a344cc07139c558343b14fdfe61230ba2ba264f984612f12d461c4fd920,500491,numericid-WORD,1,False
part_2/19473443746665775-KINDERGARTEN.mp4,part_2/19473443746665775-KINDERGARTEN.mp4,kindergarten,dab19b2e07c4d0c40722bd9585be864562498ccebee2d11ea3ab1bc667c10b28,575374,numericid-WORD,1,False
part_2/19475974684528485-LATER.mp4,part_2/19475974684528485-LATER.mp4,later,fa56265b7fb0f08f5fe49feb80e3017dcbe143d9ab697380d9202d6ceb365b31,560916,numericid-WORD,1,False
part_2/19504771270327392-DOWNHILL.mp4,part_2/19504771270327392-DOWNHILL.mp4,downhill,bd0616c447a7dcd070ad35531c171a63eb829a9d970ed4595efde9d23fd3fb90,617928,numericid-WORD,1,False
part_2/1952536922716328-DEGREE.mp4,part_2/1952536922716328-DEGREE.mp4,degree,a2e1eca9d5ccc141d60dbbda20677ba4730a0946980c67c20ec70819c1b665f4,360467,numericid-WORD,1,False
part_2/19530083172115087-GET THROUGH.mp4,part_2/19530083172115087-GET THROUGH.mp4,getthrough,21d5d78bbbb1b9dca49fda70cc089a8a8379b9fe36335c263ece97ae191936f2,404324,numericid-WORD,1,False
part_2/19534673783049272-PERSPECTIVE.mp4,part_2/19534673783049272-PERSPECTIVE.mp4,perspective,33d6e5a6f63ffde4d189bf9bc9536d354ca09f4c301e8acd850d3f17aed9021f,1052417,numericid-WORD,1,False
part_2/19545712784088498-BOYFRIEND.mp4,part_2/19545712784088498-BOYFRIEND.mp4,boyfriend,566bc38680a10b3ee192e29084f16938a5e7231f6a09e3a68374ea0e005e9d21,343419,numericid-WORD,1,False
part_2/19555143420060128-DESERT.mp4,part_2/19555143420060128-DESERT.mp4,desert,e0b92cbbc0fee6fd2e0e006fc18b14e7ed1b6698df2cf1ce2f6f7a32387b68b2,471592,numericid-WORD,1,False
part_2/19569011535131775-ALL OVER.mp4,part_2/19569011535131775-ALL OVER.mp4,allover,c21caeb30d15a993e46334ae5669942532d97b1d7314616d1468e440502e87a6,642188,numericid-WORD,1,False
part_2/19587078033548777-REMOTE CONTROL.mp4,part_2/19587078033548777-REMOTE CONTROL.mp4,remotecontrol,01fd67477f0c3b064a8543b67a8ccadfe2ff0b08affe10e9b434dca60b022043,604203,numericid-WORD,1,False
part_2/19605849544183118-US.mp4,part_2/19605849544183118-US.mp4,us,57ac699a520f002869f99acfd673568f6849141924231d1308ab2bbbe7dd62e9,344668,numericid-WORD,1,False
part_2/19661357148684688-TEASE.mp4,part_2/19661357148684688-TEASE.mp4,tease,56dda98dee7775ca5aba5ba5b235000518989c815ec3f1f9b8e39ce9f0fe2b40,1099449,numericid-WORD,1,False
part_2/19749527870729988-CLIENT.mp4,part_2/19749527870729988-CLIENT.mp4,client,8e3e07cc475c5796b6f8ab327c272bd78a97d9664c5c27ab532bb0f7492f2354,654121,numericid-WORD,1,False
part_2/19787470462351942-SWITZERLAND.mp4,part_2/19787470462351942-SWITZERLAND.mp4,switzerland,3f9a9da340b82ccf727513572406684974ad2f41c991225e83234cd1f6bd7c29,528272,numericid-WORD,1,False
part_2/1979759276900519-HITCHHIKE.mp4,part_2/1979759276900519-HITCHHIKE.mp4,hitchhike,4355cd84a37aff462681900fc83c97e7dd056e4e486ef895f99578eeabf69b3e,385320,numericid-WORD,1,False
part_2/1983395618062067-BREAD.mp4,part_2/1983395618062067-BREAD.mp4,bread,477b44a6f0a6b65cb6a6eb889ba36a57225e0732766f859faa4cfb95d725093c,340021,numericid-WORD,1,False
part_2/19841616101140724-PLAIN.mp4,part_2/19841616101140724-PLAIN.mp4,plain,143a4534abba1bbd5d8102eaf8e727fd82be38a78610e2be1ed7a8d66019455c,292654,numericid-WORD,1,False
part_2/1986884916287972-KINDERGARTEN.mp4,part_2/1986884916287972-KINDERGARTEN.mp4,kindergarten,00b26b350e08b69e7765116f4fe119fd38e210156138e838a5ee84e7cb3bfc46,514357,numericid-WORD,1,False
part_2/19888675152889346-PAINTBRUSH.mp4,part_2/19888675152889346-PAINTBRUSH.mp4,paintbrush,1a5019bdbf036cff205ebdd3b2e05d8c346c4eb6ca2b3671813255871dc81046,433435,numericid-WORD,1,False
part_2/19894739757704438-LONG LINE.mp4,part_2/19894739757704438-LONG LINE.mp4,longline,8b21ce1733a32271306546f5f29f6ce33ab31ef2aa8f3ac38ef21a4757b1aeeb,1222334,numericid-WORD,1,False
part_2/19959052532136146-ZOOM OFF.mp4,part_2/19959052532136146-ZOOM OFF.mp4,zoomoff,fd3dc32e6e7e24cfb8ce63be02804d995155c1aeada52347fd913c10ac294c3a,682685,numericid-WORD,1,False
part_2/1997418947872951-GOING THROUGH_A_HARD_TIME.mp4,part_2/1997418947872951-GOING THROUGH_A_HARD_TIME.mp4,goingthroughahardtime,4dbc7c2659c36d237174877d3f2788cacafb3d197733abce8485f90d5ca770e8,662374,numericid-WORD,1,False
part_2/20025016708103083-STRESS.mp4,part_2/20025016708103083-STRESS.mp4,stress,e38b049b9ec8307f9edc94fe4aabc307ec0607251c6083495b60bed2330ab52f,878635,numericid-WORD,1,False
part_2/20036580286200767-HOLD TOGETHER.mp4,part_2/20036580286200767-HOLD TOGETHER.mp4,holdtogether,f09def613c36ee4902dcdbd0a3320aa9f00ea7af2468c46d996f69e34ef43b27,368042,numericid-WORD,1,False
part_2/20070582821924887-STAPLER.mp4,part_2/20070582821924887-STAPLER.mp4,stapler,93a88011fa2058d1bc59dec9dd70f709d8b50b45c126e8f11abf1b8e41042166,464273,numericid-WORD,1,False
part_2/2008056408638712-PIRATE.mp4,part_2/2008056408638712-PIRATE.mp4,pirate,c4dc73d81f391d8cbe6f155b6ebb1c11b6f9fb0d2c175ae335908a48e58cc1fe,1169063,numericid-WORD,1,False
part_2/2014706211338173-MAID.mp4,part_2/2014706211338173-MAID.mp4,maid,f743565d395f58ee915c83ed06d75d89e44206a8338d94a19437804ab81f2c97,433247,numericid-WORD,1,False
part_2/20185673274367666-BOWL.mp4,part_2/20185673274367666-BOWL.mp4,bowl,afde8f2f5b18503d2efb8c81f4f3b045f0d0619e991b2faad307ac6d10e95757,650496,numericid-WORD,1,False
part_2/20190981431059507-LUNGS.mp4,part_2/20190981431059507-LUNGS.mp4,lungs,948ca754ee8a00c3db6f426678245c63605e668d090e7866fd65be9b655baf56,407078,numericid-WORD,1,False
part_2/20193762849542285-FALLING ASLEEP.mp4,part_2/20193762849542285-FALLING ASLEEP.mp4,fallingasleep,9e7dbb276dce7e94c463acf7f3bbe58cb8420129bdb6bde174f78afe612bbbeb,623202,numericid-WORD,1,False
part_2/20198116101515096-LONG.mp4,part_2/20198116101515096-LONG.mp4,long,e6822a72ff5e70d5d212b6c70d6d5542a6ed0fa92977be89849607aae3c252a3,507917,numericid-WORD,1,False
part_2/20200853652846518-SANTA.mp4,part_2/20200853652846518-SANTA.mp4,santa,7a9ba242e99a4b56c784144364ef9ea1ca090f09be76ef4d0f388afe50b8a57b,498150,numericid-WORD,1,False
part_2/20219951743657072-NOOSE.mp4,part_2/20219951743657072-NOOSE.mp4,noose,ed01ba4d82fa0539d5a8796cbe89f6b07e6859310114618f599d7dfc79083f87,309473,numericid-WORD,1,False
part_2/20229366684834482-HORRIBLE.mp4,part_2/20229366684834482-HORRIBLE.mp4,horrible,535c93819f924e8ed8bc898008aec0fd306423240309c39e771232714906ec56,879652,numericid-WORD,1,False
part_2/20257590002949333-ATLANTA.mp4,part_2/20257590002949333-ATLANTA.mp4,atlanta,59601d0321c4caf9aec679f042864004d76e62378a44cc4e2880dee0e07efa0b,359529,numericid-WORD,1,False
part_2/20274760049097496-UNIVERSITY.mp4,part_2/20274760049097496-UNIVERSITY.mp4,university,4b3528d31c55b12352da4150d0843601d2f1831e153cb81cf54ef37cba245196,493122,numericid-WORD,1,False
part_2/20319284109876623-LAPTOP.mp4,part_2/20319284109876623-LAPTOP.mp4,laptop,10d521a828ae499ce953bdcdb6ed0a9eee04aed02be7766255162402875fbc41,1275423,numericid-WORD,1,False
part_2/20358862080750018-BEANIE.mp4,part_2/20358862080750018-BEANIE.mp4,beanie,38317a5a21c46118feb63d3d353227e1ca789208214869700f24cb3483876e3b,430168,numericid-WORD,1,False
part_2/20363244064212505-FINANCE.mp4,part_2/20363244064212505-FINANCE.mp4,finance,3870b844abebdaca9bf5d885da8abcf23db8612ba67db3bf769a1dbafae17ab9,1187062,numericid-WORD,1,False
part_2/20384437998668337-LISTEN.mp4,part_2/20384437998668337-LISTEN.mp4,listen,23fbb4bc45f7c2295ede7baec15c0a263a97ae9285a9e000cf7f1f135da67f17,963342,numericid-WORD,1,False
part_2/20395019905591494-BIND.mp4,part_2/20395019905591494-BIND.mp4,bind,3958ddf640fb2fb40b592a04dd24294ae1fca0bb1cce4d9ca2e44670d0790d73,570509,numericid-WORD,1,False
part_2/20402848526577788-VAGINA.mp4,part_2/20402848526577788-VAGINA.mp4,vagina,b09d1b5b209ade1959dd7ac627756b7cdea661cc6b456f6fca817c5024173814,761826,numericid-WORD,1,False
part_2/20420938909962083-IDENTITY.mp4,part_2/20420938909962083-IDENTITY.mp4,identity,ed052a163e6abca6b5c0868ae9bd1dabc339234c97cffe83f0d9bff3e95703ca,418639,numericid-WORD,1,False
part_2/20484863672289855-SLOW.mp4,part_2/20484863672289855-SLOW.mp4,slow,c278e212a39e3d90fe59b6f32a6779159c197676337e79452e5135f215e7aaba,417780,numericid-WORD,1,False
part_2/20543405806823345-AVERAGE.mp4,part_2/20543405806823345-AVERAGE.mp4,average,9d3a718decd979cdbab900a6809536cfe4aa83dfbbc44eb4fc37d5660db4a9e2,632720,numericid-WORD,1,False
part_2/20551774602534345-BEANIE.mp4,part_2/20551774602534345-BEANIE.mp4,beanie,e71d0d8121e3cb84024d1a2f1f37603f655eae53371a3f351191b3a6425c69e5,537012,numericid-WORD,1,False
part_2/2059630750106589-ARIZONA.mp4,part_2/2059630750106589-ARIZONA.mp4,arizona,8ea7a39ca8148d0c785b3d124e6aadce030ecb326292b57c059004e39be6896a,552008,numericid-WORD,1,False
part_2/20725414525609387-HAWAII.mp4,part_2/20725414525609387-HAWAII.mp4,hawaii,0041ca42ba4cf20319e7e6446e1862a5f1c613ead9ab06fbaa61c959446ac513,893556,numericid-WORD,1,False
part_2/20750341535026884-TAKE CARE.mp4,part_2/20750341535026884-TAKE CARE.mp4,takecare,8224ef6f897d63d8b4f083b8dacff4e1e3adcb9d8f8718fd70821d97ccec9bf1,240143,numericid-WORD,1,False
part_2/2075373618324825-ONLY ONE.mp4,part_2/2075373618324825-ONLY ONE.mp4,onlyone,29c3026b81fd46575962a70d44b9fc0db567d06c739e0dae463be3b46eafb67e,514469,numericid-WORD,1,False
part_2/20766051469884816-STREET.mp4,part_2/20766051469884816-STREET.mp4,street,94c5a06564a172476c30eae1845fa6335099bb7ea6b484cbec315c99694b661c,461765,numericid-WORD,1,False
part_2/20772622210555358-seedLESSON.mp4,part_2/20772622210555358-seedLESSON.mp4,lesson,fa7933513a1689e8f2da554c1b7eff0cccae4cb398bb8949e967ca14b4f2d047,820834,numericid-WORD,1,False
part_2/2078757046722417-ALPHABET.mp4,part_2/2078757046722417-ALPHABET.mp4,alphabet,00078b29cb274aa69284257cec4237f637db2a50f0b8e288242c6407eca5f731,630916,numericid-WORD,1,False
part_2/20820627909858236-CIGAR.mp4,part_2/20820627909858236-CIGAR.mp4,cigar,7bcd48b5f906e90b7552d5194693e87215b2e286fe598c800a0dd923946991b6,703448,numericid-WORD,1,False
part_2/20941321551815073-CUT REMOVE VID.mp4,part_2/20941321551815073-CUT REMOVE VID.mp4,cutremovevid,b23a08ae2520acca290405f9d49af6d130c2da6b39a4f986b39d8ff5c564e486,362571,numericid-WORD,1,False
part_2/20980902919938638-TRANSFER.mp4,part_2/20980902919938638-TRANSFER.mp4,transfer,44afc20f1dd6f83949b699879f89bd10175910f67693d838322f07ce0b0c5989,305802,numericid-WORD,1,False
part_2/20991500959961606-FRUSTRATE.mp4,part_2/20991500959961606-FRUSTRATE.mp4,frustrate,b45124649d598a4fabf5fbbd1686a7ea727d63defa1a3c22467e5efd4b37daa1,1209149,numericid-WORD,1,False
part_2/20998843420473312-OFFEND.mp4,part_2/20998843420473312-OFFEND.mp4,offend,6f2b8503a4cc17d8258c4898a831013e426723d0e5f17cdc3b0a029e696b5e96,268264,numericid-WORD,1,False
part_2/2102101765959472-DONT KNOW.mp4,part_2/2102101765959472-DONT KNOW.mp4,dontknow,0aff4a044d798747d86522aa48156b09297cc165e85e5826440a98c4056d22b1,587662,numericid-WORD,1,False
part_2/21097925917413285-PUMPKIN.mp4,part_2/21097925917413285-PUMPKIN.mp4,pumpkin,cb698af3565eba81f382f51b640e0357368327ea10f0991065479cdf3e1a0231,300604,numericid-WORD,1,False
part_2/2111386793579384-BUSY.mp4,part_2/2111386793579384-BUSY.mp4,busy,18985a3d324aff15f7cf0e15156a0e1895055bb7affc10f29a10544fa86dc441,1232011,numericid-WORD,1,False
part_2/21221210576901361-MUST.mp4,part_2/21221210576901361-MUST.mp4,must,0c6b1f180c6d08510a8ab71fca35b55add354d314a6c8d40207fcae5ecb458f6,840401,numericid-WORD,1,False
part_2/21292817361779193-TOTAL.mp4,part_2/21292817361779193-TOTAL.mp4,total,a9f6903bc184f208d8dc8633a584830f426aedfd8adb981f61956b99ee9bdfb0,578829,numericid-WORD,1,False
part_2/21337224700467083-seedCOCACOLA.mp4,part_2/21337224700467083-seedCOCACOLA.mp4,cocacola,aa94d4ef317e182b777745ba8cecdb846265a0e66e2d9dd2fdcf5f9d6d0efb37,860880,numericid-WORD,1,False
part_2/21373290562498437-CONSUME.mp4,part_2/21373290562498437-CONSUME.mp4,consume,f0307cd5bbfb046a875d632a0f184101de90c8e6a2f82ab070eba1a1a89f82e1,344844,numericid-WORD,1,False
part_2/2147323352858992-ALL OF_SUDDEN.mp4,part_2/2147323352858992-ALL OF_SUDDEN.mp4,allofsudden,503e60e7f6f97a736307775394781eac12d37ad3d3b62f57150f1b8bde17215a,699783,numericid-WORD,1,False
part_2/21488114348537768-BIB.mp4,part_2/21488114348537768-BIB.mp4,bib,8a9d7aff96f67f7aa5117001b187dec72bd8bd524e1a05bb53c0710b11e24ece,464282,numericid-WORD,1,False
part_2/21501932222050724-SHOOTING.mp4,part_2/21501932222050724-SHOOTING.mp4,shooting,f48ee9f0a9a0c2a910f2777dec519a38268b94b627853e254958900d501ecd26,578272,numericid-WORD,1,False
part_2/21503425335221538-BEAK.mp4,part_2/21503425335221538-BEAK.mp4,beak,ebe466e86cfb303e8db4d4190af3ad7ce439182cfef5f17b884877ed907b0722,506129,numericid-WORD,1,False
part_2/2151911924937968-CHOPSTICKS.mp4,part_2/2151911924937968-CHOPSTICKS.mp4,chopsticks,37a9720ca83d717c823177aafc78e1cecfc79e15b608b58abd2dfa3d90d5a2ee,468494,numericid-WORD,1,False
part_2/2154008219562329-ROOSTER.mp4,part_2/2154008219562329-ROOSTER.mp4,rooster,1d542787e8dec411fa43d461b3a1938f0ff8f40a4d5c1be11b0120f88723cbcf,727755,numericid-WORD,1,False
part_2/21542443238968834-STUCK.mp4,part_2/21542443238968834-STUCK.mp4,stuck,b5c5c2df71aec8633e1843fbf4422ccbe58c09e8359b83cf3f64172d9d1b4dd3,455506,numericid-WORD,1,False
part_2/21575193782807123-EFFECT.mp4,part_2/21575193782807123-EFFECT.mp4,effect,b376d9d1a239b8b1e272b9e3016c00d5757b567dd0fe71d99a62d93b64cce996,427193,numericid-WORD,1,False
part_2/21575808056407753-CORNER.mp4,part_2/21575808056407753-CORNER.mp4,corner,d90e3e5d9d94a959c7e98c82b1ecf2ea1043813e5ce29dcef3b5b850513fc300,572619,numericid-WORD,1,False
part_2/21594256764358488-seedNAIL CLIPPER.mp4,part_2/21594256764358488-seedNAIL CLIPPER.mp4,nailclipper,f38c4abd87adb58d785aa2b86a53e40a724b14ee480e8c3a04767c05e8df7f9b,993201,numericid-WORD,1,False
part_2/21598397347770826-WILL.mp4,part_2/21598397347770826-WILL.mp4,will,41f6ff58be9156c42ad5119becec0fb1dc59a79e55853bec00a760a813925d7d,381996,numericid-WORD,1,False
part_2/2160182723488573-QUIET.mp4,part_2/2160182723488573-QUIET.mp4,quiet,22409c04fb3769f6821a785d7d08ff60eda4c2ff23d38b235573ab1ebc623535,550644,numericid-WORD,1,False
part_2/21633621738284448-seedTHERAPY.mp4,part_2/21633621738284448-seedTHERAPY.mp4,therapy,8c3d89f6e1957b0381734826eacfc3d25da76290651f0296b1ba310b21d900ea,899588,numericid-WORD,1,False
part_2/2166706317765814-seedTHIRSTY.mp4,part_2/2166706317765814-seedTHIRSTY.mp4,thirsty,bc7d8dca86457974f9cc76ff9063854492e5ecf609b82834ca873b19188de3c5,781125,numericid-WORD,1,False
part_2/21708262601904083-UNIQUE.mp4,part_2/21708262601904083-UNIQUE.mp4,unique,122093ebe5d58074d2d893134e0a5ec727bbec83cdf01f3ccb9dbd31d2fc3ddb,570857,numericid-WORD,1,False
part_2/21710737325178853-AVOID.mp4,part_2/21710737325178853-AVOID.mp4,avoid,2d52bf215da1e1621b6b5fc11bc5b40c9c1fcf5bb412fae7cffb20e816736e32,1118019,numericid-WORD,1,False
part_2/21728827371674186-HONK.mp4,part_2/21728827371674186-HONK.mp4,honk,51c5a465d2ff81ea3e51c8c5a712f6113b104dc391bf8ff7f9ab28b7f8152747,1526571,numericid-WORD,1,False
part_2/21748804524768928-FLIP.mp4,part_2/21748804524768928-FLIP.mp4,flip,6fd295a2231dce0074fc0217d37dfb5f6fff2c82fcf556a3c61c93936f1ce84a,298750,numericid-WORD,1,False
part_2/217657866515359-INSTEAD.mp4,part_2/217657866515359-INSTEAD.mp4,instead,9d7bacb2e6fd36884253a54f635d506e487f9d7549f89f277e88460fb3b2f766,423152,numericid-WORD,1,False
part_2/2177877671717836-FRECKLES.mp4,part_2/2177877671717836-FRECKLES.mp4,freckles,c0a510c1362e6962cda4efe0273c056548ba81450224e39b7aa64228080fcabe,634413,numericid-WORD,1,False
part_2/21805340389552041-ONE.mp4,part_2/21805340389552041-ONE.mp4,one,c873173477ea51722ed0c8102c39e6ce74f75a9cfa223ef65d22903b7b09439e,534541,numericid-WORD,1,False
part_2/21823547164671253-DORMITORY.mp4,part_2/21823547164671253-DORMITORY.mp4,dormitory,1b60f57e898959df64358c8f1fea5ecab2748257f21c2c01d7fd9816a8385e34,368530,numericid-WORD,1,False
part_2/21861551221012654-SAME SAME.mp4,part_2/21861551221012654-SAME SAME.mp4,samesame,9d9a0b20cde721ab42fc4f04ec27a03c3a943e70c6f76d82ce4598d0cf6e7167,253350,numericid-WORD,1,False
part_2/2186976521499402-WEIGH.mp4,part_2/2186976521499402-WEIGH.mp4,weigh,70a504a47f6d6e7d6a5f8bde7e3d431e459f01a056ccfd95609263a8c51d91cd,266716,numericid-WORD,1,False
part_2/21884072804362265-FROG.mp4,part_2/21884072804362265-FROG.mp4,frog,93d458bde8cad326eef3b786b61838caf3c5ecdb02343c0a5f3e810c7f783f09,452210,numericid-WORD,1,False
part_2/2189584700386229-BOXING.mp4,part_2/2189584700386229-BOXING.mp4,boxing,85fbbcf30cd77ae340601a489081257d2e78f1bbb1286d396fb8d3e4c12dd7b2,516914,numericid-WORD,1,False
part_2/2192896134516107-PISSED OFF.mp4,part_2/2192896134516107-PISSED OFF.mp4,pissedoff,6cfb9ae6618fc02117d0e67e3ab39d0782f79f466bda611b5b4d327b3a08cfa7,737290,numericid-WORD,1,False
part_2/22131493772876776-GRENADE.mp4,part_2/22131493772876776-GRENADE.mp4,grenade,e1f6a4b082090c410f3c150ee11f976f938651b1cd4c79b16bace808fee03fa7,570907,numericid-WORD,1,False
part_2/22145735379351894-VACUUM.mp4,part_2/22145735379351894-VACUUM.mp4,vacuum,08dca7bb93fa7cf3cd2be4880ef11bd39a964eed44e11d7eac005e35c8d73b19,322478,numericid-WORD,1,False
part_2/22192344699736766-ME.mp4,part_2/22192344699736766-ME.mp4,me,4634f87374e2bd33434579f6322cb5b394776649db9a98d108a3f39ed2c0cbba,291129,numericid-WORD,1,False
part_2/2219453084685552-ELEPHANT.mp4,part_2/2219453084685552-ELEPHANT.mp4,elephant,5142bad8a7c45535f45f07996f075ffdcf57549af31146ac05eddd9ad9c73efe,375110,numericid-WORD,1,False
part_2/22275662087526515-LIGHTER.mp4,part_2/22275662087526515-LIGHTER.mp4,lighter,79c64b471c60bf304b6654b0a34db763508557219b92c7c4d6b46ca1c18b1225,415207,numericid-WORD,1,False
part_2/22303552436475904-DICE.mp4,part_2/22303552436475904-DICE.mp4,dice,080a4d6030769f1917525e1fb97ded9dd586ffee07aac3001b1fd93dfffd8706,551696,numericid-WORD,1,False
part_2/22329038084462538-VACATION.mp4,part_2/22329038084462538-VACATION.mp4,vacation,9c095af67c9b6501fd1a18371d4e0c8268278d49eabddeede02bb52db7b266c0,334978,numericid-WORD,1,False
part_2/22335220279481272-WE WILL_SEE.mp4,part_2/22335220279481272-WE WILL_SEE.mp4,wewillsee,f960b5ac6c7e325e62debf55a310148c33b34e04743bca5a9aae16969ca4a801,707139,numericid-WORD,1,False
part_2/22355563578873783-EYEGLASSES.mp4,part_2/22355563578873783-EYEGLASSES.mp4,eyeglasses,fe7c735ae28747e7852995a0b983287d0913908bd673fdad011d0a6df70f234f,631244,numericid-WORD,1,False
part_2/2241415233945685-PIE.mp4,part_2/2241415233945685-PIE.mp4,pie,d57dedce4441139c41c8d1af4545d3de1ef4c5b2f8e99fe6b08704bc92c0adad,450356,numericid-WORD,1,False
part_2/22431892695305722-LION.mp4,part_2/22431892695305722-LION.mp4,lion,6e19f1b83ee5c5e0916ea70753352894aff42e551c2a0c25d11012d8af3bf8b2,455325,numericid-WORD,1,False
part_2/22448269867455983-TELL.mp4,part_2/22448269867455983-TELL.mp4,tell,6cf65146c674bcdf8c3a190255db7d37d082a75366e665be836b85942b0d7071,235536,numericid-WORD,1,False
part_2/225079188813188-PRAYER.mp4,part_2/225079188813188-PRAYER.mp4,prayer,7682b543d3f8947acbc5805c52e2c7a5f172a5284802ad5f6f509c75716ed74f,193054,numericid-WORD,1,False
part_2/2252640115571123-ZEBRA.mp4,part_2/2252640115571123-ZEBRA.mp4,zebra,bcf56c6ba33d45e9566df31db1116d6d13988ce5b5d912f63a78db524213f931,1130914,numericid-WORD,1,False
part_2/22532571077368502-HUG.mp4,part_2/22532571077368502-HUG.mp4,hug,90a322e7a652adfb7ed0bf479433849589c33745141d20093c9226628d977aab,663075,numericid-WORD,1,False
part_2/22535273597578098-SURPRISE.mp4,part_2/22535273597578098-SURPRISE.mp4,surprise,f2e37f34d995af4ff2efba3e99913988661d3571e6ecc7ae0208b6262d5a6dfb,456552,numericid-WORD,1,False
part_2/2255171461701928-VOTE.mp4,part_2/2255171461701928-VOTE.mp4,vote,f4aebc433a103fde994642b4521105bcfd8aa15c4f4a7e4ede0ee9988f7f840a,578895,numericid-WORD,1,False
part_2/22551845855888408-PRISON.mp4,part_2/22551845855888408-PRISON.mp4,prison,0a9799d63c36e6617a5d944f0a6ddde846029efa55301f0243cd1ee81df5f2b7,495341,numericid-WORD,1,False
part_2/22662388741931072-BONE.mp4,part_2/22662388741931072-BONE.mp4,bone,0bece9b041bf72443bcb051c1f3e110b80f829cdcd3c19b12c07d3cf21d38ef1,478343,numericid-WORD,1,False
part_2/22674341962713362-SCULPT.mp4,part_2/22674341962713362-SCULPT.mp4,sculpt,cb2e76ebfce75c358d86afc94fe347ebd648b80abd13f578dcfffc58efc5ab6a,1174807,numericid-WORD,1,False
part_2/22689907580202773-AUTOMATIC.mp4,part_2/22689907580202773-AUTOMATIC.mp4,automatic,4e2d241fd3fbebc7d5344a6ad03ccbce2fb85d4a720e0081b2d6f02a7edc6496,683359,numericid-WORD,1,False
part_2/22693984894707575-SAME TIME.mp4,part_2/22693984894707575-SAME TIME.mp4,sametime,ea992742c1809747817ba685c9d74c54555c67a0fb117030c0a4cc55881ee875,514504,numericid-WORD,1,False
part_2/22777635146086017-RESIGN.mp4,part_2/22777635146086017-RESIGN.mp4,resign,8ee390851a4350442afba0231826ecdfdb9d0089764fb50b295c9960904e10fd,587733,numericid-WORD,1,False
part_2/22790289140952047-BROTHER.mp4,part_2/22790289140952047-BROTHER.mp4,brother,90094598dab6caaa78d73b2a292619323a3c4f592809c165aa2d418471201f3a,490389,numericid-WORD,1,False
part_2/2279689306356325-INCREDIBLE.mp4,part_2/2279689306356325-INCREDIBLE.mp4,incredible,a5f5ab382297d61bf782519b812be2f5adf98dfd89658cedbcf49342d5910f15,262501,numericid-WORD,1,False
part_2/22807837821841792-MICROPHONE.mp4,part_2/22807837821841792-MICROPHONE.mp4,microphone,ae8fce5dc95cb67edb8a1f5fb094b466ebbaaa5dee395badb084b8273a8bb819,449308,numericid-WORD,1,False
part_2/22865677977501964-INTERVIEW.mp4,part_2/22865677977501964-INTERVIEW.mp4,interview,c7a2743612fe52df94535c12d6a2aa82b0b79adfa3872053924b795c64ab64a1,436243,numericid-WORD,1,False
part_2/22869752585996928-SPOT SOMETHING.mp4,part_2/22869752585996928-SPOT SOMETHING.mp4,spotsomething,35cc0cb62fc4f55cf5a4f67083b45fca5cfc8b0bddba76cf438a032d5b2c9909,412534,numericid-WORD,1,False
part_2/22894625859048356-PASSPORT.mp4,part_2/22894625859048356-PASSPORT.mp4,passport,51e96e45f4de7a07b8a62c878a1761397dcfc6c1409e06a67ffdc67f26c25a17,450582,numericid-WORD,1,False
part_2/229070483247223-PREDICT.mp4,part_2/229070483247223-PREDICT.mp4,predict,ff2902bebdca04dad6159e3d590c6977d4aec26239e892fa1e4a3aa1ba1609ce,443111,numericid-WORD,1,False
part_2/22980047894924005-ROW.mp4,part_2/22980047894924005-ROW.mp4,row,7d0f96183b97b85a693bbe1ba85540e46e752cb75af5247afd2a5537558c3cc8,711715,numericid-WORD,1,False
part_2/23053191738531487-TENDENCY.mp4,part_2/23053191738531487-TENDENCY.mp4,tendency,fe95176997642800239806056e9edba827c49025c7ca160a81f8a31c53ea2999,760871,numericid-WORD,1,False
part_2/23198740707187815-WHITE.mp4,part_2/23198740707187815-WHITE.mp4,white,911584cd2a0d60ee5c25e6e5f7d7509077d7a1789fd6a72937e069697077e04c,819876,numericid-WORD,1,False
part_2/23200756464812655-POTATO.mp4,part_2/23200756464812655-POTATO.mp4,potato,ccd1b0b0b07cfd65fb7f1ac15337e93a359a10c12070bbf87fbcafa9b7b93d89,724782,numericid-WORD,1,False
part_2/2323645828053269-POSITIVE.mp4,part_2/2323645828053269-POSITIVE.mp4,positive,e75025eacf7e98c7b24c1f489140986dd7404007417231dc97f86cb757b96d44,477296,numericid-WORD,1,False
part_2/2325839528261009-LINE.mp4,part_2/2325839528261009-LINE.mp4,line,a14c5e98cb938ecac4419803159a05792002fd0cceefe2b9e69f68a32d3d58e1,437175,numericid-WORD,1,False
part_2/2328463966896226-WAY.mp4,part_2/2328463966896226-WAY.mp4,way,ec0a24ea209823b4757df9e1fc62e5c60d602ea1c928a169891d9c0042e679f2,332641,numericid-WORD,1,False
part_2/23343379979705592-seedSEND.mp4,part_2/23343379979705592-seedSEND.mp4,send,04bab5e36a775e142991df1f09ad79de204a2f4337238a6f276f08cabf3d1fc6,623346,numericid-WORD,1,False
part_2/23356351458526836-VIBRATE.mp4,part_2/23356351458526836-VIBRATE.mp4,vibrate,9e7e3fe531d335f0089d6df3d888fc19a751433303f1c9320a3ff2a778cd0c88,1056289,numericid-WORD,1,False
part_2/23366752962088144-FADE.mp4,part_2/23366752962088144-FADE.mp4,fade,1c3c33c289bf6d1d4d2744a488dd829492feb8352c86dc9b959a75987906e722,601651,numericid-WORD,1,False
part_2/23399228759543034-GET THROUGH.mp4,part_2/23399228759543034-GET THROUGH.mp4,getthrough,ee2b1b0cfd0b9a476dbdb0304a3173c6f18588b0d01c26cd6841571b04e42ec3,555637,numericid-WORD,1,False
part_2/234043617600737-PULL CONVINCE.mp4,part_2/234043617600737-PULL CONVINCE.mp4,pullconvince,687a41c14c185e2ff436e4214337a0161128d27c281e0f04c8d9c389ecfc1707,344196,numericid-WORD,1,False
part_2/2343216679570781-NORMAL.mp4,part_2/2343216679570781-NORMAL.mp4,normal,47736689f05ccf267135545e9c544047697793dfabc6ea1aaa6dd4ef0a3accf6,322229,numericid-WORD,1,False
part_2/23542363931824117-PLUS.mp4,part_2/23542363931824117-PLUS.mp4,plus,a0607faa74fb56f37bf9cb5152c7bc78ff582a16e7668c0fb66155dc47058150,512896,numericid-WORD,1,False
part_2/235457672002636-DUMB.mp4,part_2/235457672002636-DUMB.mp4,dumb,1595fbcc8aa81956f986ecde3b546ba1bd76350eb05a7056c29d1eff8dc1a95a,448635,numericid-WORD,1,False
part_2/23547211650079825-LOLLIPOP.mp4,part_2/23547211650079825-LOLLIPOP.mp4,lollipop,de759226a6c9d102e438ab02238cd58bcebc9fb89b32e02e0e5ff1d34d9a6ad5,322837,numericid-WORD,1,False
part_2/23550968056635102-LAWYER.mp4,part_2/23550968056635102-LAWYER.mp4,lawyer,ca2fc0fe66ff46161bae24eef976556bb5a600b5d0217bd46e181ed226564ec0,525641,numericid-WORD,1,False
part_2/23558820050532314-CALL ATTENTION.mp4,part_2/23558820050532314-CALL ATTENTION.mp4,callattention,892c91bbf4f1c5c5f78b31d08cb749a724a84c639824de8e2e85482c6230ca6f,401255,numericid-WORD,1,False
part_2/23566998911673398-MUSCLE.mp4,part_2/23566998911673398-MUSCLE.mp4,muscle,cedb2bdd0235dbf6a92945297c0e93004ada2e85f7c1dcaa8a8d99db18238fd8,477092,numericid-WORD,1,False
part_2/2356940929264013-STAND-UP.mp4,part_2/2356940929264013-STAND-UP.mp4,stand-up,e15454dba5ddd99d63c878370542a27438f19b694b41e80b6b326b9391f84eaa,1120950,numericid-WORD,1,False
part_2/23590169334654387-SARCASTIC.mp4,part_2/23590169334654387-SARCASTIC.mp4,sarcastic,d0c80665bcc8d090c47d22b1b7d7cb5de1d79e2591be4b35b257680352d6f5f1,737897,numericid-WORD,1,False
part_2/2364210157511506-BUTTERFLY.mp4,part_2/2364210157511506-BUTTERFLY.mp4,butterfly,31a3571f0db497c82b6773548b89e89be56c45e2e9b88a149f5a91b0f3c2efec,449950,numericid-WORD,1,False
part_2/23644635547596438-SHOT.mp4,part_2/23644635547596438-SHOT.mp4,shot,d8ee03a53250f820a030cc22aa7d675d434b8f993bb5469b859d5c11643a3c10,389383,numericid-WORD,1,False
part_2/2371431881239774-FILL OUT.mp4,part_2/2371431881239774-FILL OUT.mp4,fillout,9e90bf10ee913fd30a93f7db30a63cbea580e6af460e936ef75d30d4749eb2ad,494925,numericid-WORD,1,False
part_2/23726464268400504-FRENCHFRIES.mp4,part_2/23726464268400504-FRENCHFRIES.mp4,frenchfries,1317d4c170d86b8b2aba543765a313a7e73c8168294f89676bf83f4092795122,357421,numericid-WORD,1,False
part_2/237267082717441-JELLYFISH.mp4,part_2/237267082717441-JELLYFISH.mp4,jellyfish,b44806901f1d4ffd7596e6ef0648b0803de6aa1c304da31823d69482dcb11c60,476350,numericid-WORD,1,False
part_2/23760342612537566-SEW.mp4,part_2/23760342612537566-SEW.mp4,sew,3ee0236225d695ca0652ca4ec3752b7b401db25e3e2fb1bdb8fb11cf3e487fc3,461878,numericid-WORD,1,False
part_2/2377390002720965-PREGNANT.mp4,part_2/2377390002720965-PREGNANT.mp4,pregnant,9152b540f6f6b768aac668d0c72012ef1276b771061555dd55cdb2ab86bed7fa,389839,numericid-WORD,1,False
part_2/23788023054197938-CAUSE.mp4,part_2/23788023054197938-CAUSE.mp4,cause,e31ed084a618e504cddf6a4b4c8871807ae11cd4f9d4a634a7d0160ec0448679,561853,numericid-WORD,1,False
part_2/23806947132366774-COMMUTE.mp4,part_2/23806947132366774-COMMUTE.mp4,commute,e04149f57144b764180b5fa3a501c5b5557eb9a7db6fc491d925f7160e346151,482652,numericid-WORD,1,False
part_2/238640910300711-COCAINE.mp4,part_2/238640910300711-COCAINE.mp4,cocaine,47e44b757b3c17ca4a0c9b86aa6a96e7b0c7c20e67523605f76269123d3a022c,773989,numericid-WORD,1,False
part_2/2391001923220577-FOR.mp4,part_2/2391001923220577-FOR.mp4,for,ad695ff18c6c2968b746a81517777e2db7be78088880efcd46764938ec865b53,897623,numericid-WORD,1,False
part_2/2393498289810021-SICK.mp4,part_2/2393498289810021-SICK.mp4,sick,dde0741da2506c387886b1af391bf961f755acd7c2fcbea11fb62533466bd349,502862,numericid-WORD,1,False
part_2/2393711886741159-HONK.mp4,part_2/2393711886741159-HONK.mp4,honk,06dc9fcaadce11d728743529095d7bfd0b89e40f3b1ba50e1217dd4cbbff41a0,889096,numericid-WORD,1,False
part_2/2395184610044263-PARK.mp4,part_2/2395184610044263-PARK.mp4,park,ea0d6f67245510cd18f9bc7d24929b0f93493ed35f1372fdf83cab891a4f02cf,883734,numericid-WORD,1,False
part_2/2395354166092203-UPLOAD.mp4,part_2/2395354166092203-UPLOAD.mp4,upload,1a08cc925087d780807018ccb0127b3a9fc7abef1f68c873848575ade12bccd2,496661,numericid-WORD,1,False
part_2/23978323310283334-HOSE.mp4,part_2/23978323310283334-HOSE.mp4,hose,5fa38e76b000b625a4574014900db2a92b5b0e2a25ce88eac0a869d564686600,662178,numericid-WORD,1,False
part_2/2405359737102888-GET TOGETHER.mp4,part_2/2405359737102888-GET TOGETHER.mp4,gettogether,e9a45bf9fdac4fccf1f40d541ad418125474b823656c03c3f5a59981f799bfbd,497772,numericid-WORD,1,False
part_2/2409711677783568-VAGINA.mp4,part_2/2409711677783568-VAGINA.mp4,vagina,865b3c64498997d34a28f14f657a6b5f82ee63b6f85631d3c8953ae76d9def9c,518136,numericid-WORD,1,False
part_2/24133511848986-CIRCLE.mp4,part_2/24133511848986-CIRCLE.mp4,circle,d722fec289f9d29a9dd57fcc23d710b89f8d1a8e14cde438e29954d0cae756ed,370856,numericid-WORD,1,False
part_2/24154345802768873-LIE.mp4,part_2/24154345802768873-LIE.mp4,lie,5bc64caa38a41ba6393c6cea32ab65da15dc439e38bd94ea240452b5c6f5b18c,473395,numericid-WORD,1,False
part_2/24204309620015718-PASS OUT.mp4,part_2/24204309620015718-PASS OUT.mp4,passout,5323e4ec74e6ced83a559bc8c4f6f546e52c4e983384e7ed4672ce9bb3b22326,417006,numericid-WORD,1,False
part_2/24324211035607135-SCRUB.mp4,part_2/24324211035607135-SCRUB.mp4,scrub,24cbb7c1f3a4ab75208acd29aaa1bdbe380bbcbe62913f411a5d0fef04f66e4f,545817,numericid-WORD,1,False
part_2/24346178492469872-WORRY.mp4,part_2/24346178492469872-WORRY.mp4,worry,fee87412cc7daa50b5bd5ea3ab3db158d3c317b2546372d0fdd0b1907f562dd2,1268109,numericid-WORD,1,False
part_2/24396073357698-NAIL CLIPPER.mp4,part_2/24396073357698-NAIL CLIPPER.mp4,nailclipper,c2b18f5fc169cd91595788a4e685ff0b0dabb1c8319416a1a0a33923dbefb155,454270,numericid-WORD,1,False
part_2/2446025374121421-HEN.mp4,part_2/2446025374121421-HEN.mp4,hen,9f021c37c5a5c6673a7928ee6540ce15501a5fb578abafeba131419cac9137e6,583863,numericid-WORD,1,False
part_2/2448273149680973-RED.mp4,part_2/2448273149680973-RED.mp4,red,40e328cd26626b0755d0e758bf728f819cb568122f2d5429d342c22dfecaf066,359415,numericid-WORD,1,False
part_2/2449157121104073-IPHONE.mp4,part_2/2449157121104073-IPHONE.mp4,iphone,7a5249ac771b7b3e554dba95e2316db1fe5d08f0dc93b0508366dbf07c741199,587159,numericid-WORD,1,False
part_2/24592960702690325-CONFIDENTIAL.mp4,part_2/24592960702690325-CONFIDENTIAL.mp4,confidential,eaa3739f08936b66cdde53d17af4abf117199da6180fa219fdb080da8066608d,464583,numericid-WORD,1,False
part_2/24616098129861275-DEPEND ON.mp4,part_2/24616098129861275-DEPEND ON.mp4,dependon,c0bdf9f77e81cd5c7d2da57b284452a82afe66513d063c3a1a0693a24de157c1,552596,numericid-WORD,1,False
part_2/24656148000917666-DIVIDE.mp4,part_2/24656148000917666-DIVIDE.mp4,divide,7a421c44ab58be054947cd8505e29463a9d31c3f5a058cd461e68d7874dc315b,975740,numericid-WORD,1,False
part_2/2467925514021787-COUCH 1.mp4,part_2/2467925514021787-COUCH 1.mp4,couch,eac85ff48ca89e113578c70ae75460ea844633aa574d69c79880efa07fb134a4,370879,numericid-WORD,1,False
part_2/24684497050920906-SHORT PERSON.mp4,part_2/24684497050920906-SHORT PERSON.mp4,shortperson,09daef2ef3e46bb2829620e4b30dfee0f84f39677b139709f8ed486931c3892b,574274,numericid-WORD,1,False
part_2/24820599776883578-TOPIC.mp4,part_2/24820599776883578-TOPIC.mp4,topic,1ab4821638b3c83033ead46695b11d839188fdb886305c3beea4680dc9f5809a,592017,numericid-WORD,1,False
part_2/24918317051208416-SEE SEE.mp4,part_2/24918317051208416-SEE SEE.mp4,seesee,9589c03354b526f7dd647dd851b962abd19cecdfc157a686b1d236050c6083ad,145034,numericid-WORD,1,False
part_2/24959279790700117-DEPARTMENT.mp4,part_2/24959279790700117-DEPARTMENT.mp4,department,7aac3799fd3535e00e90913b3511171d1331f2a4bc99ce6bebed18a87cba5b01,452533,numericid-WORD,1,False
part_2/24964719988269746-EVEN.mp4,part_2/24964719988269746-EVEN.mp4,even,e001c19e138ccc1de5d424c392b73c214bbd2ba694ca360cd5dab934774a0226,496633,numericid-WORD,1,False
part_2/25028641143784625-SSHH.mp4,part_2/25028641143784625-SSHH.mp4,sshh,34ea9fbf58662a508bf35fc7325235ecc92065621d9a2bc83abe2a7077bbde44,678570,numericid-WORD,1,False
part_2/25059267132129714-CLEAN.mp4,part_2/25059267132129714-CLEAN.mp4,clean,ec46a58a1239bd8c31b1d101a442f325cf39465ee93d53b4246d935a8befdcb5,452178,numericid-WORD,1,False
part_2/25098115370677876-UGLY.mp4,part_2/25098115370677876-UGLY.mp4,ugly,e83ae4bbd199370a886d55b0e1b0ec92448fa80e6d7dfd4fe6e226229ac2f09d,726977,numericid-WORD,1,False
part_2/25146825020765307-ASTRONAUT.mp4,part_2/25146825020765307-ASTRONAUT.mp4,astronaut,4736145a6da51ae4a2531b76a4d737938345ba756eaa485451de0d348e7be171,475447,numericid-WORD,1,False
part_2/2517131108269346-ACTOR.mp4,part_2/2517131108269346-ACTOR.mp4,actor,bcadd50bc02125e90141448c7b169b5934668be157687ebacca0ee094e9908a3,633835,numericid-WORD,1,False
part_2/2520605504352351-LOCKER.mp4,part_2/2520605504352351-LOCKER.mp4,locker,2f1e47aca6174eb0e9c17794df15eef2370a10c5abe0767a11a97e4df1ccc556,632782,numericid-WORD,1,False
part_2/25212848794367093-SECRETARY.mp4,part_2/25212848794367093-SECRETARY.mp4,secretary,48198cf516bd8ff51950271645f29f117ced02e62cc601207b59b63eebf8c4d0,521278,numericid-WORD,1,False
part_2/252826089074325-BOWTIE.mp4,part_2/252826089074325-BOWTIE.mp4,bowtie,8b064d5f84404b83b1ffdd61fb0ae718e4ce451316398ffe71a6673a7a6de449,2106484,numericid-WORD,1,False
part_2/2531065034150297-CLAUSE.mp4,part_2/2531065034150297-CLAUSE.mp4,clause,bb6e86623dabfb9af71574fd44b9bbc3ea1055c69501bd9f353283ee10b7afa5,452448,numericid-WORD,1,False
part_2/2531329478038491-TEMPER BLOW UP.mp4,part_2/2531329478038491-TEMPER BLOW UP.mp4,temperblowup,c3fc026ee544642492196bc72bad53d07265246169b734a5b8d73e87039a9319,393152,numericid-WORD,1,False
part_2/2531498398025418-ELEVEN.mp4,part_2/2531498398025418-ELEVEN.mp4,eleven,9120e08206456302fef2c17e17aff4c433faf88e30bae913d8d65febea7f3818,652618,numericid-WORD,1,False
part_2/25335026100510283-COCACOLA.mp4,part_2/25335026100510283-COCACOLA.mp4,cocacola,adfdbc6f061e1e64b521928607e769c012cee014a3e00674775a4b7ffef27fa7,323462,numericid-WORD,1,False
part_2/25396041105839107-SURF.mp4,part_2/25396041105839107-SURF.mp4,surf,b8b2b4776f4cea1252529f0a09388c8f27288bba5b46c84386fa9c9a44e7cf3c,748419,numericid-WORD,1,False
part_2/2544521875528416-NOT INTERESTED.mp4,part_2/2544521875528416-NOT INTERESTED.mp4,notinterested,3cebe22197a93c7dcf26ee591f9d84885f49621d82e55c30caf3e470df7e065d,247610,numericid-WORD,1,False
part_2/25448988591046895-QUIT.mp4,part_2/25448988591046895-QUIT.mp4,quit,857dcbec1e07763a57663535e1e08725235e6579690a4774202809806c9971e4,265138,numericid-WORD,1,False
part_2/2545370764789936-PROTEST.mp4,part_2/2545370764789936-PROTEST.mp4,protest,2f04b7ce7fd1aeba0c8bd6ab10ea1a6405aef809326ef9b95b9b98c3a4950d09,615499,numericid-WORD,1,False
part_2/25547357047109687-GIRL.mp4,part_2/25547357047109687-GIRL.mp4,girl,6a2ed17eb6581825aba49e1738936f6a120e3b034f4cea625ab0df4571b8a7ac,422081,numericid-WORD,1,False
part_2/25550811573585164-FORFEIT.mp4,part_2/25550811573585164-FORFEIT.mp4,forfeit,624f0e9d6837bb35edcac9ba5030ca878bc59f2fd931a709fba473deb1b8fa62,338775,numericid-WORD,1,False
part_2/2555869507686881-ON.mp4,part_2/2555869507686881-ON.mp4,on,8f79a3dd4e6553c1005a28f80ace7bbf63f1807d5e27cabd5b9e748d5824c4a2,514965,numericid-WORD,1,False
part_2/25586144297506497-LOUSY.mp4,part_2/25586144297506497-LOUSY.mp4,lousy,222d39561eb15bd049ca5425be56c659b2e00f8e09d27eef1d61bfdeb6589f85,577287,numericid-WORD,1,False
part_2/25606516310073957-MIND TURNED.mp4,part_2/25606516310073957-MIND TURNED.mp4,mindturned,b9ee41394fdb8982735264f52205fbf57b1b468eeb483c326ba6776dace0cf6a,538758,numericid-WORD,1,False
part_2/25619594638323506-GLOVE.mp4,part_2/25619594638323506-GLOVE.mp4,glove,0003265ea5bfd3f1ade4c2fdc883106cd5e7277cdf623a3bfa5ee02f8aa4bb55,522185,numericid-WORD,1,False
part_2/25633108516964564-MANY.mp4,part_2/25633108516964564-MANY.mp4,many,4fbf718de53870e3d83084a9175ee78c85e5e4d191caca9edbc51b3c97d35b10,313924,numericid-WORD,1,False
part_2/25645696041773425-WONDER.mp4,part_2/25645696041773425-WONDER.mp4,wonder,f15b44bd6890b3441e890d698028b457436229391147cd55d71dd9b5aecdba99,1131461,numericid-WORD,1,False
part_2/2564743607263267-CHURCH.mp4,part_2/2564743607263267-CHURCH.mp4,church,8f5d0bcdbb5bf3d2552ccf98413b5f9db4ffa5e4ea9946a110fd564fb997b0cc,370592,numericid-WORD,1,False
part_2/2573372360128092-NONSENSE.mp4,part_2/2573372360128092-NONSENSE.mp4,nonsense,611f302b34b70e53140c97e7497131b36719788b39943c37cb049b50e9bb8dcb,175592,numericid-WORD,1,False
part_2/25769140337954544-GHOST.mp4,part_2/25769140337954544-GHOST.mp4,ghost,3802c6b556a56db5f3936d376ef097a67689246ccf6183a394016ea7029fc893,422539,numericid-WORD,1,False
part_2/257818320953896-BATHTUB.mp4,part_2/257818320953896-BATHTUB.mp4,bathtub,a033e9dd3c8c1f0a6c667ea8090ff1b0ceb6e47b53f3272d39486c11d76b37e7,475630,numericid-WORD,1,False
part_2/25783015817275734-seedHUMMINGBIRD.mp4,part_2/25783015817275734-seedHUMMINGBIRD.mp4,hummingbird,538699137acb5d4d9cbc8cf62731d6608c59c54532466f0534baaf8e83d3c4eb,941251,numericid-WORD,1,False
part_2/25838183143766313-STARS.mp4,part_2/25838183143766313-STARS.mp4,stars,b4628323ec54e76ad98c56cff86a43a4f25ad85defb9a316d9caaf73a98f9d9a,530002,numericid-WORD,1,False
part_2/25850496015772384-WEATHER.mp4,part_2/25850496015772384-WEATHER.mp4,weather,e4477ed05cf270117f9261d3b0f38f70832377cb00b235dcc592dc0fc1d152a5,462425,numericid-WORD,1,False
part_2/2588394853802809-FLOWER.mp4,part_2/2588394853802809-FLOWER.mp4,flower,c3c2b0cf1f6199f3f55109f77480970df88f26744912e45198ba64a033dce42e,375203,numericid-WORD,1,False
part_2/25893101303507393-RESIGN.mp4,part_2/25893101303507393-RESIGN.mp4,resign,5a518a86ce5c967035258a652c078ac43f8cb426e9646a0c4a0024f43a4b66cc,451591,numericid-WORD,1,False
part_2/25909697327603-PORCUPINE.mp4,part_2/25909697327603-PORCUPINE.mp4,porcupine,2d6cffe2f07509647515d3835f4b3ace62e8f8ba908d6e773b2f7581bd7bb6a9,623905,numericid-WORD,1,False
part_2/25945349958576314-seedTURN KEY.mp4,part_2/25945349958576314-seedTURN KEY.mp4,turnkey,775aecfbac2815e16521db0fc8cb10254e80ae22da9fb9ec3dd483bd9e24f26a,974882,numericid-WORD,1,False
part_2/2596986287783567-YOUR.mp4,part_2/2596986287783567-YOUR.mp4,your,dedd6ac900b6d51c6974ad48606169c15a16ad34bb33c71fc0dbfdb066622677,390592,numericid-WORD,1,False
part_2/2597890978149069-FOREST.mp4,part_2/2597890978149069-FOREST.mp4,forest,7c2623d4f505d5ec52e88413de07a8eac52cf1acf50d1bdaec368d079629835d,446849,numericid-WORD,1,False
part_2/25993662411872887-CRANKY.mp4,part_2/25993662411872887-CRANKY.mp4,cranky,9193d747ad9d3e790f8ce8036d60f16a3a87723d59d61a9b83518b15ab1005e1,281413,numericid-WORD,1,False
part_2/2600127060313222-SHORTS.mp4,part_2/2600127060313222-SHORTS.mp4,shorts,3b1a3f4ff65f0e35d2771725d5fd91bfde2277c412d57d75935179fc49ef6a10,643390,numericid-WORD,1,False
part_2/26012193161823993-TOP.mp4,part_2/26012193161823993-TOP.mp4,top,6fba7ec9a925d5b71b56eb129557c1281911b3240dc00db95ee56bc23bd7c9e3,429762,numericid-WORD,1,False
part_2/26082469312393997-PASSPORT.mp4,part_2/26082469312393997-PASSPORT.mp4,passport,66ac6aad32c83fc6a901b0535fe9e875eb6c3601697b6e669e0412ccf32e3aa6,1017527,numericid-WORD,1,False
part_2/261021239963912-seedJOIN.mp4,part_2/261021239963912-seedJOIN.mp4,join,c084482c444dca2db625107b6eb828dc930c5d371b922b464da64864080b0fdc,760478,numericid-WORD,1,False
part_2/26218935817931666-COOK.mp4,part_2/26218935817931666-COOK.mp4,cook,b517528b3ed9b8700a2c3e4a959b8425e24a25de0ec7c49f84cb6f1b54a06f3a,585706,numericid-WORD,1,False
part_2/2624714159753343-SMOOTH.mp4,part_2/2624714159753343-SMOOTH.mp4,smooth,993a5ded86f401e36ac02760644d0b346b88f50616a6789667c74f9828682bf0,410823,numericid-WORD,1,False
part_2/26247646289058424-HARD.mp4,part_2/26247646289058424-HARD.mp4,hard,a323d3c2d8493b864b4bfcbf2c1324c9926cc577a8665e2f913d601b019d7dd0,406305,numericid-WORD,1,False
part_2/26332991609482725-BULL.mp4,part_2/26332991609482725-BULL.mp4,bull,9ee7be92acdebb06c8a31b29765c56cf8169bab0525ddb114a62cdd486227dc6,577724,numericid-WORD,1,False
part_2/2646200439832638-seedPRETEND.mp4,part_2/2646200439832638-seedPRETEND.mp4,pretend,9651c3f4ed3f2b6c95f67dc80a3ecda3728758702f85d08159a0c1fc33bf9541,745981,numericid-WORD,1,False
part_2/2647412878717248-PICKLE.mp4,part_2/2647412878717248-PICKLE.mp4,pickle,d71fc9edd17d725f8bc04ce368eb09e22a0a98d0d3a94fe3a9c116526d5c10a1,1229789,numericid-WORD,1,False
part_2/26489688307705284-BEAVER.mp4,part_2/26489688307705284-BEAVER.mp4,beaver,e7fc586b1984c5fe71db27ca436effaa8af64a38d03a497dca5a88fafb2bd8c9,633379,numericid-WORD,1,False
part_2/26520120613127607-seedTHREE.mp4,part_2/26520120613127607-seedTHREE.mp4,three,5c0380792393c260e97d64893c0cf0a38d9ddccd9e9e4d035caf6621260801a8,913576,numericid-WORD,1,False
part_2/26547279543346725-CHOPSTICKS.mp4,part_2/26547279543346725-CHOPSTICKS.mp4,chopsticks,d40e84821f4a548affa2ca3ae171a140f028e48734acf65a5fd87eef2cfe1b08,585090,numericid-WORD,1,False
part_2/2655768751429066-CLEFTCHIN.mp4,part_2/2655768751429066-CLEFTCHIN.mp4,cleftchin,ffa68d0cf01b48cff74c937f53c28abe6508decf5eb6100af56cfd8423f9e9af,549712,numericid-WORD,1,False
part_2/2656237341874321-MAKE.mp4,part_2/2656237341874321-MAKE.mp4,make,8662d7f5bbe58e2a98b9f607de2063c7cb91bd51bfe29d080662d87fa97914fb,518276,numericid-WORD,1,False
part_2/2657092647313746-DIVORCE.mp4,part_2/2657092647313746-DIVORCE.mp4,divorce,289e2272e1f8a7e6f10d803180f2349aa2da8a9476fa219e520a4a4e0d46d424,361778,numericid-WORD,1,False
part_2/26574475047261026-ECLIPSE.mp4,part_2/26574475047261026-ECLIPSE.mp4,eclipse,a68815e362a674c3b2cae0df17072202651492f65790b5ac874299ed19929f38,708828,numericid-WORD,1,False
part_2/2661502584826272-FAIL.mp4,part_2/2661502584826272-FAIL.mp4,fail,6baafccb2bc85bb82f8dfbee5dff98d1c8d015ffab3ed8804d3e1f1760d39328,752466,numericid-WORD,1,False
part_2/26754674503430453-EYE TURN.mp4,part_2/26754674503430453-EYE TURN.mp4,eyeturn,42b171be8ecfdeb8d8794d3827609d6a7fbcad9ffe0ff2908dc2aec26c38faff,1134909,numericid-WORD,1,False
part_2/2677014963405846-FADE.mp4,part_2/2677014963405846-FADE.mp4,fade,5841063cff65ab2a20fb3f5c8f32ca0bf8496fc21ed439e086858625924bbc3f,605405,numericid-WORD,1,False
part_2/2678812216170017-DISAPPEAR.mp4,part_2/2678812216170017-DISAPPEAR.mp4,disappear,c53fedcf76efdf07cfd462152cad9b28d94663fda55538d77da431034b09536e,599658,numericid-WORD,1,False
part_2/2679250104180271-TENNIS.mp4,part_2/2679250104180271-TENNIS.mp4,tennis,8f1b3ef9eef817963732b5eb06485917e996789d2f6035cd5adfb08cdfb8efd0,526000,numericid-WORD,1,False
part_2/2682841563949141-DESTROY.mp4,part_2/2682841563949141-DESTROY.mp4,destroy,c5805a97b7ebebd21beb7de68ba2ff9e958029538930a25c81b6b80f5e307248,683719,numericid-WORD,1,False
part_2/26854355119858053-COACH.mp4,part_2/26854355119858053-COACH.mp4,coach,432eaeb8ce16b793098131ad003e6cca7b054ad8bc7ff360aa119bc1d676a429,842177,numericid-WORD,1,False
part_2/2686466615750194-MY.mp4,part_2/2686466615750194-MY.mp4,my,d38caf668034321684b782418c16fdb92c0abc8a9654d3b7a481de503c83b20d,402775,numericid-WORD,1,False
part_2/26887722576084916-AUSTRALIA.mp4,part_2/26887722576084916-AUSTRALIA.mp4,australia,e5991dfaa871765f84fea9976f373637347f2ad31b11bda9d3431dfdfde015c2,617552,numericid-WORD,1,False
part_2/2700670818989992-COCONUT.mp4,part_2/2700670818989992-COCONUT.mp4,coconut,6b67f1821b95f05d11a253735886aa9ad1cb9b723ab297c01b0018e366746081,193201,numericid-WORD,1,False
part_2/27027115015673386-WHISPER.mp4,part_2/27027115015673386-WHISPER.mp4,whisper,ee722b85b6f776b2029a4b94c85a4ff6686c0bba59227d360bebc99e9a8e7347,706895,numericid-WORD,1,False
part_2/27053453929701443-SELF.mp4,part_2/27053453929701443-SELF.mp4,self,4431d018830cd33ef3741058343af9ff8d5ca8a392756d747a9307e776a1928e,491935,numericid-WORD,1,False
part_2/27059368900530334-STAY AWAKE_24HRS.mp4,part_2/27059368900530334-STAY AWAKE_24HRS.mp4,stayawake24hrs,401be4066880aab469cc64c6eec891ac9b6989ca349f03bd36c6bd7a6fd0b4ec,804212,numericid-WORD,1,False
part_2/27060204573109714-MIRROR.mp4,part_2/27060204573109714-MIRROR.mp4,mirror,6ea251a9f9138f5ba87e49b03a2fb7cacc9039ab117aeea076fb19ae8bbd5983,602663,numericid-WORD,1,False
part_2/27132753275576826-BUTTER.mp4,part_2/27132753275576826-BUTTER.mp4,butter,e2c038b87df36176e14f5d25d638eb34bdaee39d5f20a697be0e48d3fe19d463,380018,numericid-WORD,1,False
part_2/2722148210073596-UNDER.mp4,part_2/2722148210073596-UNDER.mp4,under,8203684488cb645bf0e0eb62309720c85d1415f3724262d8ae49cc17394f42c6,820326,numericid-WORD,1,False
part_2/2723220177826382-CONFIDENTIAL.mp4,part_2/2723220177826382-CONFIDENTIAL.mp4,confidential,4154dbfa21a3702a9094936a4e34883aede78330a0a66ab0f1986ac092f61744,535583,numericid-WORD,1,False
part_2/27259190630226193-COLD.mp4,part_2/27259190630226193-COLD.mp4,cold,71d5a59467abf086c711d60ee564d87a35602854f65c41a5286787727aef29d5,361971,numericid-WORD,1,False
part_2/2729486147494833-WALRUS.mp4,part_2/2729486147494833-WALRUS.mp4,walrus,e6668640f80fdb8c18f6a33e3939faef5b8d6a302227c40cbe92f0246685018a,915051,numericid-WORD,1,False
part_2/2733583144506315-GESTURE.mp4,part_2/2733583144506315-GESTURE.mp4,gesture,170b4421065b7b446325b608a2734b4771ba150054b3eac6f35b4947b22a4357,543867,numericid-WORD,1,False
part_2/2734109237358191-EYE TURN.mp4,part_2/2734109237358191-EYE TURN.mp4,eyeturn,5e2b9ec0486eae1e285960b9dc354addb593f8b998848421db369e3c4bd5c0fc,733884,numericid-WORD,1,False
part_2/27367511467097927-HAPPEN.mp4,part_2/27367511467097927-HAPPEN.mp4,happen,c826b55582045626dfeac2d46c6bf9cae0cd9f5b25c2ac75771dcbb69f844160,475611,numericid-WORD,1,False
part_2/27420260706172184-HARD.mp4,part_2/27420260706172184-HARD.mp4,hard,10f7adadb5267cc8626f4a54affb4c7dcb85206222f44a697b3c42fb6ae04acb,710856,numericid-WORD,1,False
part_2/2742982444356956-DRESSER.mp4,part_2/2742982444356956-DRESSER.mp4,dresser,08e8ae64ce9bfd7c99217fc5880147ea959804015503b747ecdd994198adfa08,399387,numericid-WORD,1,False
part_2/27468112513316756-KNOCK.mp4,part_2/27468112513316756-KNOCK.mp4,knock,7548a8015428130488c460586f1ecd21e96731d6f15969df7d847e3bb39e96bb,516340,numericid-WORD,1,False
part_2/27471129944182593-MUSEUM.mp4,part_2/27471129944182593-MUSEUM.mp4,museum,d84b211a48f83d5995bddb933eb464d0cb7a9baf933575f95a71899bdd1c0c72,440611,numericid-WORD,1,False
part_2/2751007271026711-SOUTH.mp4,part_2/2751007271026711-SOUTH.mp4,south,fb5b701413de26f921e7a9ee3b776a93d383a980a50d65f5421175056be844e7,789254,numericid-WORD,1,False
part_2/2752840354805992-SALAD.mp4,part_2/2752840354805992-SALAD.mp4,salad,fac865a9ca53c4580c254671666d6797b8a48cf14778eb9f0012a38282633614,740758,numericid-WORD,1,False
part_2/27529039967889046-COME HERE.mp4,part_2/27529039967889046-COME HERE.mp4,comehere,3b9da644b9252300834e73c0a751324f14791855cae97bc61efec64e859459a0,468973,numericid-WORD,1,False
part_2/27538078966291435-CHANCE.mp4,part_2/27538078966291435-CHANCE.mp4,chance,65d03e96ecd618d6fd6d160add9df96b16a518897af6fda68d26febe2d6b78f9,327094,numericid-WORD,1,False
part_2/2762644619871182-PENIS.mp4,part_2/2762644619871182-PENIS.mp4,penis,281cc15fe0a36991369a89872b68987824a6773f6a67a29b82f137cbb25f8fd2,583383,numericid-WORD,1,False
part_2/27639576523965825-SUSPECT.mp4,part_2/27639576523965825-SUSPECT.mp4,suspect,bffa768ab91a4811e4db2a85703ea918db5f6c00774bf2aeee50cb32469810ad,613806,numericid-WORD,1,False
part_2/2769869558821827-GOOSEBUMPS.mp4,part_2/2769869558821827-GOOSEBUMPS.mp4,goosebumps,b599692f6cef2c0757b75cf896e823a2f447cdd6b9d16677b352b28d447c57ee,692447,numericid-WORD,1,False
part_2/2771819427724249-BOY.mp4,part_2/2771819427724249-BOY.mp4,boy,e5d140d3cfb87a2f6f8d3793997ca3cbc2f419ba406b227dd4928606ba1092c7,510756,numericid-WORD,1,False
part_2/27723416720074834-START.mp4,part_2/27723416720074834-START.mp4,start,cf2f56242c2d572fccf16118cf620dbc0b7e4519750f23136bdef7a2799cf03c,359375,numericid-WORD,1,False
part_2/2776415152755105-DEPTH.mp4,part_2/2776415152755105-DEPTH.mp4,depth,fc8000bbfd7fd67bf31bb4ec9753b1b35aa7c1686e46732681a07915457d4a81,469060,numericid-WORD,1,False
part_2/277663852097225-RING.mp4,part_2/277663852097225-RING.mp4,ring,59e86a7eba6392bbcbfcbd538fce7448a5f4843bc2c69c5629a786f68cca500e,350707,numericid-WORD,1,False
part_2/27773481861489624-DRUNK.mp4,part_2/27773481861489624-DRUNK.mp4,drunk,19cd9c2475f5ecbec260079ce72a4e40fc434bf6370e953cef6ff9a0ba6b72c4,303379,numericid-WORD,1,False
part_2/27829246360194815-SEE.mp4,part_2/27829246360194815-SEE.mp4,see,1bf4c7caf7ce61ce6e3d5ec3cf8cc75faf45bf5b9ee4f52ca9c4873a462c6b53,1065699,numericid-WORD,1,False
part_2/2782982759169226-OPTION.mp4,part_2/2782982759169226-OPTION.mp4,option,6df0f0113a1e6e9f6a3f2aa0de1ac388f52174fff495ed9918956be496eb2f57,802060,numericid-WORD,1,False
part_2/2784088169530947-SQUEEZE.mp4,part_2/2784088169530947-SQUEEZE.mp4,squeeze,58ad56c2b0f471cbae453cbed0f99a8f8810595416cbed65c96ce43e575b2b74,441143,numericid-WORD,1,False
part_2/2787353732999198-ORANGE EYES.mp4,part_2/2787353732999198-ORANGE EYES.mp4,orangeeyes,3d89c33c28b8ca80ebe830125930ea40067b302d4caca175e8b47f532db67402,1018249,numericid-WORD,1,False
part_2/2788845874552337-SOMETHING.mp4,part_2/2788845874552337-SOMETHING.mp4,something,888a767e511ed44767d86537553f448a7e0489bb965457be8492bbfae1297dc8,412492,numericid-WORD,1,False
part_2/2790472538335147-WHEELCHAIR.mp4,part_2/2790472538335147-WHEELCHAIR.mp4,wheelchair,440b816bb09428e893afa6ce5ccf2fcaff055b91feb90294a77dac90a7193519,2131858,numericid-WORD,1,False
part_2/28028396790543786-SUMMER.mp4,part_2/28028396790543786-SUMMER.mp4,summer,0ec3821303ccb1ae93b2997ba037cf01432a34e68d4855017d417d63db99ecf2,496259,numericid-WORD,1,False
part_2/2803881528625629-seedWE.mp4,part_2/2803881528625629-seedWE.mp4,we,e4c1eb6fcb7c839249bf4387a0b4cc5d4f31d13383103552c82a5516e06acd5c,757866,numericid-WORD,1,False
part_2/28131642297999915-WEAVE.mp4,part_2/28131642297999915-WEAVE.mp4,weave,42a32494eb9b1d61d1f13ab4c0900a57052f8f1f000aed9116fa63ecded8c8ed,731104,numericid-WORD,1,False
part_2/2814557853552391-PRECIOUS.mp4,part_2/2814557853552391-PRECIOUS.mp4,precious,2771d9adcf72e1a4af92705ee2878b04d1eefdf8817ffd34c2f3f9b2c2ac7292,587873,numericid-WORD,1,False
part_2/2815788565679065-MOTHER.mp4,part_2/2815788565679065-MOTHER.mp4,mother,1de6881fe326da41e65e0a2841d470bc69ed84606bc3d9fd79292156386f4b9b,215344,numericid-WORD,1,False
part_2/2816071785934098-BLACK.mp4,part_2/2816071785934098-BLACK.mp4,black,a5f62ae900e0e237c222002b40284ad2f923f7bb5df40ab822a9a472e53aed80,436205,numericid-WORD,1,False
part_2/28182903182023167-BLEED.mp4,part_2/28182903182023167-BLEED.mp4,bleed,9e663e8b49b07fb241979e38555315041650c3bf42794503838e600a876e66b9,589091,numericid-WORD,1,False
part_2/28239352016665675-PAST.mp4,part_2/28239352016665675-PAST.mp4,past,924d04e316903169eedae548fea0888f118ad32cc7d7d4a2d7a0916e4d24b7e4,584005,numericid-WORD,1,False
part_2/28307245649361-FOND.mp4,part_2/28307245649361-FOND.mp4,fond,cb8466431b167806718b5faf2f823e4f7a3aef1970c5fbc88c0fe224337d8301,390925,numericid-WORD,1,False
part_2/2838449800504417-DOUBT.mp4,part_2/2838449800504417-DOUBT.mp4,doubt,feba18292cf2404564323dc0f33c6406ce0f9be48994128bed6d8b9908ed9452,988491,numericid-WORD,1,False
part_2/28386200621550595-SAUSAGE.mp4,part_2/28386200621550595-SAUSAGE.mp4,sausage,3a4f850b471484cdaf575563514f4f59c977fb353406da07b6cb062c318ab6ca,456116,numericid-WORD,1,False
part_2/28393543825601997-TRUE.mp4,part_2/28393543825601997-TRUE.mp4,TRUE,5f9ccd63ba96af8980429db45f2be30ddc3d6a1a6f4a8f4238e9592c967d38ba,624936,numericid-WORD,1,False
part_2/2839948372412673-DOWN.mp4,part_2/2839948372412673-DOWN.mp4,down,20ab62384002385763c6d6a2cb5cdd2a3fa0e6f431f5848c265660b139445eaf,643315,numericid-WORD,1,False
part_2/28442194619648187-CUP.mp4,part_2/28442194619648187-CUP.mp4,cup,d7d4c37a4bac02356fded084f7d16aa16b6fddfa6e9af5c1bde4abb2697c459f,317714,numericid-WORD,1,False
part_2/28443825486402274-CALL TTY.mp4,part_2/28443825486402274-CALL TTY.mp4,calltty,5443c7d9bf491caf3018aca1c2b3497e6582d72a277914e8224df2ce0c604505,501037,numericid-WORD,1,False
part_2/2847544503051196-MOON.mp4,part_2/2847544503051196-MOON.mp4,moon,85ee00a97c6aae50f1d02be331601d5c865fd008d8140029653c23935cf7955a,637018,numericid-WORD,1,False
part_2/2848409796144791-HIGH.mp4,part_2/2848409796144791-HIGH.mp4,high,bf5b52a788c3909f6ccf38a9613ba721c3fa1aec8fdb6e373761c0371319abea,326234,numericid-WORD,1,False
part_2/28515147285320985-ORANGE THROAT.mp4,part_2/28515147285320985-ORANGE THROAT.mp4,orangethroat,ea7dd6cb97e15abed6a98f01dca1a7f7d869eb8121a8849a9dec89ee5b4a4cbe,388487,numericid-WORD,1,False
part_2/28628058054726835-DATE.mp4,part_2/28628058054726835-DATE.mp4,date,37dbf66ff51a159a93fd5c5f9b9289a17893c411da80373986bb32b8843a94f7,312213,numericid-WORD,1,False
part_2/28665443027662785-CONFIDENT.mp4,part_2/28665443027662785-CONFIDENT.mp4,confident,7063ce78f684ffeeb7f93d0eca805e5d757760b1a769cbb2e05f4e1c3f40281a,393170,numericid-WORD,1,False
part_2/2871810964822772-BACK OUT.mp4,part_2/2871810964822772-BACK OUT.mp4,backout,d6832dbe81226ee83f43c38934e9f7b553e42bd7c4abd4a28aa2d6f20baea94e,1080326,numericid-WORD,1,False
part_2/2873906281001528-ONCE.mp4,part_2/2873906281001528-ONCE.mp4,once,7e13b573a12eefc3a98a416179bd265175cbf98caa206c39078a802852e95967,401008,numericid-WORD,1,False
part_2/2879569557000561-BABYSITTER.mp4,part_2/2879569557000561-BABYSITTER.mp4,babysitter,3e276c47a54a85afc4197786a20d2780257038c5b93ad0723805afd4e94bdebd,609610,numericid-WORD,1,False
part_2/28831386813183557-FOND.mp4,part_2/28831386813183557-FOND.mp4,fond,d435d6c7482ee112552f38afde02406919f5345af8c571d31c4758295f9ec88e,312786,numericid-WORD,1,False
part_2/28909770479226293-SUNSET.mp4,part_2/28909770479226293-SUNSET.mp4,sunset,e18506b762c687ae7cccc03633be2fb92502b3026acb5d17b16f19685199be61,688180,numericid-WORD,1,False
part_2/28911738205017423-CANCELLATION.mp4,part_2/28911738205017423-CANCELLATION.mp4,cancellation,0fa58472551b2d62a574900b13474f72f264cf48c176f69f603262c0a8a4bb39,528625,numericid-WORD,1,False
part_2/2892453622492386-MASSAGE.mp4,part_2/2892453622492386-MASSAGE.mp4,massage,6b32c967aadc41bdd5720b67012232d276fb53b2945665ad6b392087d086c802,437991,numericid-WORD,1,False
part_2/28976142451862263-INDEPENDENT.mp4,part_2/28976142451862263-INDEPENDENT.mp4,independent,e791c0bed33e2abf5b31c676f58f8768c98476ed9059595e87eb1086488f6a1d,1820595,numericid-WORD,1,False
part_2/2898932154319185-PAPERCUTTER.mp4,part_2/2898932154319185-PAPERCUTTER.mp4,papercutter,f4fcddcf03e25d95a7599efca40cde52b66f6bca911aaf493984fb9eb02d2602,719632,numericid-WORD,1,False
part_2/2899742118494788-SNORKEL.mp4,part_2/2899742118494788-SNORKEL.mp4,snorkel,011a994c4b34007cd90608631dbb0b04b28c6310ee9bf6949d093840b5f754ef,365689,numericid-WORD,1,False
part_2/2900272353665634-FRENCHFRIES.mp4,part_2/2900272353665634-FRENCHFRIES.mp4,frenchfries,7c33fcf6a429a6b0ddfc7345f21c1ae18c250612cac82043e5e25ebb143868b0,1030878,numericid-WORD,1,False
part_2/2905202476287574-FAR.mp4,part_2/2905202476287574-FAR.mp4,far,951ca750b761eff2607c71c2aa0c546f67cbe82156c25e701fc5456cda4cf411,446095,numericid-WORD,1,False
part_2/2906529117759846-CLASS.mp4,part_2/2906529117759846-CLASS.mp4,class,bea29cfe652d6517b80d28bc8484e73c2cb19c831885c82560f092a7d8782dfb,494331,numericid-WORD,1,False
part_2/290923566270898-WINDOW.mp4,part_2/290923566270898-WINDOW.mp4,window,c6768941e4c845a81bb25f88cd8fa9a69fe9689d2fa1ddccdcecc4bd20af90bf,410544,numericid-WORD,1,False
part_2/29098784760878327-WHICH.mp4,part_2/29098784760878327-WHICH.mp4,which,fc86fe0b50446216476b16c1cceb8d52852117f637156303c87bfc30bf14c2ed,480284,numericid-WORD,1,False
part_2/2916603704313079-SUSHI.mp4,part_2/2916603704313079-SUSHI.mp4,sushi,19a14febae2aa263c5723b0e0b4709aeaf5fd3f43dbb714fa7b40ff6db266c46,742497,numericid-WORD,1,False
part_2/2919730070084605-ONION.mp4,part_2/2919730070084605-ONION.mp4,onion,8826449b88315d800c9853ea16c8fcd6e2b3d2b37574a6fd09183345862ae257,360121,numericid-WORD,1,False
part_2/292736379695298-GUILTY.mp4,part_2/292736379695298-GUILTY.mp4,guilty,18d73ce553846720d9e8a683502761eb5e53cdcc96d4a725bb2b721d36019dce,344346,numericid-WORD,1,False
part_2/29349387879932376-EMOTION.mp4,part_2/29349387879932376-EMOTION.mp4,emotion,2b707a6c7b5fd6441352d9f721d8b5418a93091aa53b1c948f9af98a3df47f29,709449,numericid-WORD,1,False
part_2/29355912356884195-PURPLE.mp4,part_2/29355912356884195-PURPLE.mp4,purple,c9cdccf9ebcfb00b74b7c778bf5ba723ae2b9d20987228b8a64923e6ebbb7763,863042,numericid-WORD,1,False
part_2/29357850536550645-CRAZY.mp4,part_2/29357850536550645-CRAZY.mp4,crazy,5fc268579a78c421f30bf52236b158824e83010b6271f7cc3c58f80ea0e2cd7f,1231804,numericid-WORD,1,False
part_2/29395328697222856-CAMPING.mp4,part_2/29395328697222856-CAMPING.mp4,camping,dd35ed13531a5c5f8a0fb5678186ae0f43d6910ab3dd51ea96577030449f30b5,473586,numericid-WORD,1,False
part_2/2943130704557879-SIX.mp4,part_2/2943130704557879-SIX.mp4,six,bc047fd6a2f758af235792a2bccc1eb2dfeae10d5665bcc99294d75b8e554886,429455,numericid-WORD,1,False
part_2/2946739575182-ABSOLUTELY NOTHING.mp4,part_2/2946739575182-ABSOLUTELY NOTHING.mp4,absolutelynothing,9e78b7a128c92c2392116ed77555320288b23259757f7bca90a23f59fcd1250e,366199,numericid-WORD,1,False
part_2/29493606985510623-TEETH.mp4,part_2/29493606985510623-TEETH.mp4,teeth,681378711cb8da1b566c058a89fac8e8136636c679a681f3d72d0387644c6349,541740,numericid-WORD,1,False
part_2/295061685532646-CLAUSE.mp4,part_2/295061685532646-CLAUSE.mp4,clause,26477343cf3b0d0f8a668b7f31597e9f8d0bddb235d59176e5cdf91b6c48c335,485873,numericid-WORD,1,False
part_2/29555762073861835-TEMPER BLOW UP.mp4,part_2/29555762073861835-TEMPER BLOW UP.mp4,temperblowup,518a540ece4cb6b084d4fe6fde83483dff2b8e734ce59ec0de9942819cd9f7a2,1081452,numericid-WORD,1,False
part_2/29577782773757466-SOFTBALL.mp4,part_2/29577782773757466-SOFTBALL.mp4,softball,a2a5b9c55f288efe9d7ff39e2850289e3ae88c0555abac9f228c4e03bd256691,277233,numericid-WORD,1,False
part_2/296572263590543-SUMMON.mp4,part_2/296572263590543-SUMMON.mp4,summon,1947666d1c2c23baa31358720a1292a7d08a91c8d7ed81a39c041bc90f7f1599,462990,numericid-WORD,1,False
part_2/29669279681518446-OK.mp4,part_2/29669279681518446-OK.mp4,ok,a1ac7af455b39397c85a1b2a2d64520080aa0d19bf61dfc790d48ca2d57a9461,312978,numericid-WORD,1,False
part_2/29679087512820157-HAIRDRESSER.mp4,part_2/29679087512820157-HAIRDRESSER.mp4,hairdresser,de32030b8fb14460d3ef24c60778e63df4f7e32ec249745da8315a3e7cd4bf20,297298,numericid-WORD,1,False
part_2/2969363570992978-PLATE.mp4,part_2/2969363570992978-PLATE.mp4,plate,a9e4db5f9eb578edac7d9f98b8d9f54c3011ef00a02652d2d2ebc474dfea587c,544288,numericid-WORD,1,False
part_2/2970281188906174-POWER.mp4,part_2/2970281188906174-POWER.mp4,power,77a92415fda9650b4f7f34b0e937b013dd6f9b5bdd65010f1ef0daafe84d9610,504536,numericid-WORD,1,False
part_2/29748512731686017-TROPHY.mp4,part_2/29748512731686017-TROPHY.mp4,trophy,e4ae1e985edf9bb219a3551ef79802a86e9bb71008ca4d7e552e680d6433f620,670356,numericid-WORD,1,False
part_2/2975167820813127-seedGULLIBLE.mp4,part_2/2975167820813127-seedGULLIBLE.mp4,gullible,9c53e274d3bd83ad5faa527e8d73b59a8d70dbf0dbe3a768f36ceeb32b40f5bf,675014,numericid-WORD,1,False
part_2/29772346305903574-LAUGH.mp4,part_2/29772346305903574-LAUGH.mp4,laugh,b8506b7cf61d71e47c15a698b3d35983f3d2b1303baa80da63a3f5b6236cb8bf,791823,numericid-WORD,1,False
part_2/2978007979767092-WEATHER.mp4,part_2/2978007979767092-WEATHER.mp4,weather,962094529f1c74e41985a065be3500d8433a570a5c61082f55a852984102dc61,979216,numericid-WORD,1,False
part_2/2982228806060243-TRAVEL.mp4,part_2/2982228806060243-TRAVEL.mp4,travel,ef7fea6c05af02378096184f48a981f00c4769625701dd30dbb121628a62e03b,394169,numericid-WORD,1,False
part_2/29827081625475604-SNAP.mp4,part_2/29827081625475604-SNAP.mp4,snap,f801ae80362f68ce52f4a1850b2b3ecb43691c8d314686c19530ada446303bbe,243567,numericid-WORD,1,False
part_2/2984496587657761-SQUARE IDIOT.mp4,part_2/2984496587657761-SQUARE IDIOT.mp4,squareidiot,a9edaa9c68d63e7f9dba526e8328b92080175ffc2a17e6adcdc3ff941f08d4f4,834427,numericid-WORD,1,False
part_2/298543232783232-PLAN.mp4,part_2/298543232783232-PLAN.mp4,plan,9e59760d9270d47f3090a0aefdc072fbed10481bf049fb1411472ddf32659440,437273,numericid-WORD,1,False
part_2/29864182558812624-DOMINANT.mp4,part_2/29864182558812624-DOMINANT.mp4,dominant,1c363dd97022d0cfdb0c817e2003d06b19bfcf9261681a217be365f60987e857,277667,numericid-WORD,1,False
part_2/29923379031943553-SWORD.mp4,part_2/29923379031943553-SWORD.mp4,sword,55326ee7f76017ed3262f038032c6b5838bb1cc96ddd56d5988410327bcb275a,885965,numericid-WORD,1,False
part_2/30054989520486997-PRODUCE SIGN.mp4,part_2/30054989520486997-PRODUCE SIGN.mp4,producesign,b01f3e7b2e57d0789b961e0ce22c082066527ed7c90becb784ecf93a59a7b4c4,757063,numericid-WORD,1,False
part_2/30079167009378427-INEPT.mp4,part_2/30079167009378427-INEPT.mp4,inept,b36e6469f0c6972b5e9fe77a830eb3e03628f89c16231a79fd86fa5853609161,455792,numericid-WORD,1,False
part_2/3009054342712476-RECORD.mp4,part_2/3009054342712476-RECORD.mp4,record,490072b9d578905066115d2b0ccb8f6fa5763be455ca07a8626479f3303a36d1,454857,numericid-WORD,1,False
part_2/3010989416326346-PLAYERS.mp4,part_2/3010989416326346-PLAYERS.mp4,players,d4bf78776a3f9dbebd3a82ebb1ef601abaa06bf2212f293789910318dd1fa07a,887484,numericid-WORD,1,False
part_2/30135826321278736-DRIVE.mp4,part_2/30135826321278736-DRIVE.mp4,drive,3666034b545c2815a50b60ad17e42661ea1f32b7fb4293cd499389061f38ad13,418937,numericid-WORD,1,False
part_2/3015034607163163-DORMITORY.mp4,part_2/3015034607163163-DORMITORY.mp4,dormitory,95d9c6a2a7c7e4d86c511294b16e69519a4b7fcbb574b1261d566c3ba4fcafe1,245557,numericid-WORD,1,False
part_2/30198323651905024-TV.mp4,part_2/30198323651905024-TV.mp4,tv,3fd204174d9f01e29c72a8aba65d93e1b800f292881340e35de4ebe86223785e,794172,numericid-WORD,1,False
part_2/30332381891097904-BOWTIE.mp4,part_2/30332381891097904-BOWTIE.mp4,bowtie,527750683d20fcee30776e3c9d1766778ca23e11518f1a766cb07d37fdf26273,289730,numericid-WORD,1,False
part_2/3033680920399553-ASIA.mp4,part_2/3033680920399553-ASIA.mp4,asia,e2ffd1526c5d8d7a5451417f311fbf660da67163ba1f15e493d627750282c4f3,335407,numericid-WORD,1,False
part_2/3036534782847351-CHEESE.mp4,part_2/3036534782847351-CHEESE.mp4,cheese,6e4c7d5744410673d73cbd12705c151482e13123a8784ddf25d233252ba6160f,458856,numericid-WORD,1,False
part_2/3043511720984531-SOW.mp4,part_2/3043511720984531-SOW.mp4,sow,80397fdd3daa028e18a4c9cb6fe9e47f54c91bb9510bb7c3bf9d9f8eb4a792b3,370519,numericid-WORD,1,False
part_2/3045453800934359-WORSE.mp4,part_2/3045453800934359-WORSE.mp4,worse,1ec4820ffc96bb588bb038224189adbebcfda4d8448f68dc89cc6ec0c4c6e1f2,724576,numericid-WORD,1,False
part_2/30486345283159944-QM.mp4,part_2/30486345283159944-QM.mp4,qm,6d16b36896a4a321915dc667c41180c030559bf1fd79273c6019366d85787c79,793431,numericid-WORD,1,False
part_2/3053131957867392-PSYCHOLOGY.mp4,part_2/3053131957867392-PSYCHOLOGY.mp4,psychology,3a7c2b9fc7f4b487b2128d582f2604948bed73ec918ee6182bc6fc15a4715b5c,436171,numericid-WORD,1,False
part_2/305627764030979-CANNON.mp4,part_2/305627764030979-CANNON.mp4,cannon,4a12b6e6d76bf91fc341440b5d28f4df269b8784cf1b367fc075d364042ddb64,557551,numericid-WORD,1,False
part_2/30572430340937906-BIG.mp4,part_2/30572430340937906-BIG.mp4,big,2b382bd957371ff55588d52870812abf05f4d173f7b6f56bc2f879f3b0b5701d,383991,numericid-WORD,1,False
part_2/30664148320348894-BIRD.mp4,part_2/30664148320348894-BIRD.mp4,bird,64771888c6e4072ec760f770989b9817627825bb35ef63b2a02e2b541bcf7136,598186,numericid-WORD,1,False
part_2/3070223508626537-LOYAL.mp4,part_2/3070223508626537-LOYAL.mp4,loyal,6bc8d6420a3668bf430312be7f06e86bf824ccf21e72454886a4c2f016b2c70e,1030049,numericid-WORD,1,False
part_2/3070445096039043-EGG.mp4,part_2/3070445096039043-EGG.mp4,egg,c1f41f5d8e4629578c7f3c391fc338508e62429380fd72781703f5853061f264,422394,numericid-WORD,1,False
part_2/307444557436366-SCRUB.mp4,part_2/307444557436366-SCRUB.mp4,scrub,17cace5b54ce0d84fbbe5102d5f36b7da67da4f587f4c4528afb373a301f73f4,537203,numericid-WORD,1,False
part_2/3075139511825413-FRACTION.mp4,part_2/3075139511825413-FRACTION.mp4,fraction,dd68bd00f5c7e20037e3854dc45ae858af5a20c339f7ee0151763c3c5d11d7dd,683824,numericid-WORD,1,False
part_2/3075486524911666-CHILDREN.mp4,part_2/3075486524911666-CHILDREN.mp4,children,0858d08838b336a240357a32c9366d3ebb2624f44709d446f442596b524664d2,808693,numericid-WORD,1,False
part_2/30769191586183053-ISOLATED.mp4,part_2/30769191586183053-ISOLATED.mp4,isolated,53d4a0e4ba98c3a437b4460a9a11fdcf36f07a4e5ec9e059c99e4d9d27479650,699101,numericid-WORD,1,False
part_2/30784566431277605-BLOND.mp4,part_2/30784566431277605-BLOND.mp4,blond,bb5009d0a9e8de0b0240c3c688e779f40db12de146de51e18aa0109faa4500fc,1104400,numericid-WORD,1,False
part_2/30784899637747887-EMPHASIS.mp4,part_2/30784899637747887-EMPHASIS.mp4,emphasis,95f8d69f1778d9b459d688dbd35fe638d82942c4a57c1f5edde9370a85a575c1,493097,numericid-WORD,1,False
part_2/30795772990782644-SLINGSHOT.mp4,part_2/30795772990782644-SLINGSHOT.mp4,slingshot,b12b01cc5847d786ee9263dfab48b398c5c90da356c238dc669038dc4fef5bd0,593951,numericid-WORD,1,False
part_2/30910522748641944-NEWSPAPER.mp4,part_2/30910522748641944-NEWSPAPER.mp4,newspaper,c6d9c57fa3fc8251798ff64a3835b964cffdb8c02397a5fde83bec83f1f9d94c,501184,numericid-WORD,1,False
part_2/3092044477927096-NEED.mp4,part_2/3092044477927096-NEED.mp4,need,5f3be564f249b5180032b2ede493408af227d380313c2972d5c2b7ff5e833d21,417638,numericid-WORD,1,False
part_2/3094574541693922-POINT INDEX.mp4,part_2/3094574541693922-POINT INDEX.mp4,pointindex,5e901f91eaea2e8b964bee0e9523e75cd7e5d39d0295dcac643140b82e34d56a,467476,numericid-WORD,1,False
part_2/3100682726323747-COWBOY.mp4,part_2/3100682726323747-COWBOY.mp4,cowboy,962886aaa1b6e15d40f8a3db53ce1da954ab40a9bbc6d9005bb4667681e6de58,620786,numericid-WORD,1,False
part_2/3108622366050384-COMPLAIN.mp4,part_2/3108622366050384-COMPLAIN.mp4,complain,783ed61d5029e81e436a3ace809bc7c78ed27fbac902dbfff7b6397f2d6901d3,497270,numericid-WORD,1,False
part_2/31120713459077276-SO.mp4,part_2/31120713459077276-SO.mp4,so,8f9e6afe74b6c638b511f9501b8056365a94476857f2459f48e17160d9284082,368571,numericid-WORD,1,False
part_2/3113285790937248-SALT.mp4,part_2/3113285790937248-SALT.mp4,salt,dcce6abbabbba6b4f564ca71796ffe64d758e13b44441b0885673ef438eaa092,393713,numericid-WORD,1,False
part_2/3117424410424654-CREATE.mp4,part_2/3117424410424654-CREATE.mp4,create,5f6a9150d2fae09184e21412a988b2e940ac1f3bbb4c3ce81b6fe8f488d5eca6,380320,numericid-WORD,1,False
part_2/312643140584534-GOING THROUGH_A_HARD_TIME.mp4,part_2/312643140584534-GOING THROUGH_A_HARD_TIME.mp4,goingthroughahardtime,288ea8878cc30eccbd8475ffb90cd78fe8a024df23639e0e7b301f85b9093d71,561549,numericid-WORD,1,False
part_2/31275741122986744-AUNT.mp4,part_2/31275741122986744-AUNT.mp4,aunt,120ac83cd0ae3dfe753bcc5ca02e1e651bf19fa8086cb5abfc809ad2d722f379,664820,numericid-WORD,1,False
part_2/3133041020451406-SIGNATURE.mp4,part_2/3133041020451406-SIGNATURE.mp4,signature,a02fee97c03745796db84bdc8cd262f72bba65ade1bd401d812fdca220d42c20,646916,numericid-WORD,1,False
part_2/3135756296597123-PARALLEL.mp4,part_2/3135756296597123-PARALLEL.mp4,parallel,472f4237d1abf336fcf89dbfa8693fe62d2472e759dcbe2466af1f761c1e71ed,990793,numericid-WORD,1,False
part_2/3140077256714713-HAND SOAP.mp4,part_2/3140077256714713-HAND SOAP.mp4,handsoap,5c016bd723536e86de51b1c5507bf6d566736d33d02f359dae9c4e314e4df80d,866835,numericid-WORD,1,False
part_2/31451260834417893-WAR.mp4,part_2/31451260834417893-WAR.mp4,war,7e2fe1ee0d693dc7d0daac8f4f74b66683ebe0bfb45cb4bddf3c2260b5a198a6,558615,numericid-WORD,1,False
part_2/3156356305193284-DELEGATE.mp4,part_2/3156356305193284-DELEGATE.mp4,delegate,4d4d7b0ba411cfdaa8ea4e8ae6deb60bd19c01facf5c3f83d293a362efda88bf,447244,numericid-WORD,1,False
part_2/3161821758630725-STOMACH.mp4,part_2/3161821758630725-STOMACH.mp4,stomach,b49e2ce2e71db988ce2b397a137a1e1cce8df0ab99a168c8c6c65f90706e599d,268644,numericid-WORD,1,False
part_2/3162665790911885-FIT.mp4,part_2/3162665790911885-FIT.mp4,fit,80bf0ef58b33e9fd3d862a060f73b2dbb94ff27aaa96d1c7ebc2a28f319cd966,691786,numericid-WORD,1,False
part_2/31747372904768145-ONLY ONE.mp4,part_2/31747372904768145-ONLY ONE.mp4,onlyone,930dfb582467c6a0d4ff1748e1d73a9204401e74c2bc56a702f87833efbd5e2d,368182,numericid-WORD,1,False
part_2/3177202412344484-IMPORTANT.mp4,part_2/3177202412344484-IMPORTANT.mp4,important,b27dd538c6d3da21d1b2ac9099a7975f2047265908a333c7bf0f28d4cc9f1db7,1113361,numericid-WORD,1,False
part_2/31812805396277244-ADDICT.mp4,part_2/31812805396277244-ADDICT.mp4,addict,97524674967409303165e4af48d7c492190da1907cecc34d509ea0ea798f9776,1158880,numericid-WORD,1,False
part_2/31836165575164843-BELL.mp4,part_2/31836165575164843-BELL.mp4,bell,e9f2408293ab411d46ebb2d72791f95f9a9dfb874daaaa11b0af5f42687b91dd,713231,numericid-WORD,1,False
part_2/3186754883180434-LIVING ROOM.mp4,part_2/3186754883180434-LIVING ROOM.mp4,livingroom,3c39a2bf976a2b12c00718b7b5185d314b1a7c0332c279d9d61ab35510de8a46,1274071,numericid-WORD,1,False
part_2/3186897194617564-seedCOWBOY.mp4,part_2/3186897194617564-seedCOWBOY.mp4,cowboy,c7fbaee7c9a6f236b873c8274277fbbb98f22c2047f05c72ec403761945e656f,714242,numericid-WORD,1,False
part_2/31925311439909554-WEIGHT.mp4,part_2/31925311439909554-WEIGHT.mp4,weight,806b928466b1243725a9e561f92c4132a578116f958748dcb7109b51680a5d55,957196,numericid-WORD,1,False
part_2/3194350998798998-WASH MACHINE.mp4,part_2/3194350998798998-WASH MACHINE.mp4,washmachine,cf06b17cd2f0bd3b460db8e0e19d76f2460ef83fa12f1b86728a501b098e4568,528588,numericid-WORD,1,False
part_2/319675739798847-MURDER.mp4,part_2/319675739798847-MURDER.mp4,murder,fa1ea0f5bd3707e2381cf0cdcef2be5a46cf4d85c1d341559534917005c781b8,528017,numericid-WORD,1,False
part_2/31970018406249-PICTURE.mp4,part_2/31970018406249-PICTURE.mp4,picture,9c243cbc9a7da5ec8888c821f416935a9917166adf5ecee96db531412086aad9,994443,numericid-WORD,1,False
part_2/3200781635179144-INTEREST.mp4,part_2/3200781635179144-INTEREST.mp4,interest,9eff33d212aec4bd3c58a20b10e123a2a58defb5cf2f7c491fa075cd425c28b4,401607,numericid-WORD,1,False
part_2/3214372856631391-MEMORIZE MEMORIZE.mp4,part_2/3214372856631391-MEMORIZE MEMORIZE.mp4,memorizememorize,f18a6cd616eeee191b5493dca8f5de487e8db6b60721c9f994e7a93f1780e70b,402077,numericid-WORD,1,False
part_2/3216640513985556-JUGGLE.mp4,part_2/3216640513985556-JUGGLE.mp4,juggle,f5fb78a1f5a415f61f3d2949d8e03208c0e31d7417b9cea4d5d353f69cd95816,1059510,numericid-WORD,1,False
part_2/32186633777893103-LET GO.mp4,part_2/32186633777893103-LET GO.mp4,letgo,3e269c71afad3aadcbe0113fdbca23f84bb864cbbc0568ba43674c7684f303df,487905,numericid-WORD,1,False
part_2/32193537384897364-PERSUADE.mp4,part_2/32193537384897364-PERSUADE.mp4,persuade,02a70fa046d759fd0fed52934769e80ff3de76d923b432bb953e5de666191b2b,502428,numericid-WORD,1,False
part_2/32225355297489533-CHEESE.mp4,part_2/32225355297489533-CHEESE.mp4,cheese,d08a36a27d93f25fa7021acce2edcabdfde0fb7362d1e37702ecdcfd0a5a6c8f,1162831,numericid-WORD,1,False
part_2/3225800752245196-TRIANGLE.mp4,part_2/3225800752245196-TRIANGLE.mp4,triangle,ab4ee7a78b83f5e0a8c0d01b22bda1d0407a9b96f1e7c27b2fbcc736ff5d7e15,460731,numericid-WORD,1,False
part_2/32288207692794213-REFRIGERATOR.mp4,part_2/32288207692794213-REFRIGERATOR.mp4,refrigerator,7faec9b5985cc60d13cca4a62bfd81c2f39ca5eb9707734cf8179861f0c97902,725642,numericid-WORD,1,False
part_2/32407822480085513-seedAPRIL.mp4,part_2/32407822480085513-seedAPRIL.mp4,april,7fd08302e40f13679872db4bcc5bb6c82bd5f8e5d2bbadbe186abb3eafcc72db,881861,numericid-WORD,1,False
part_2/3244589857394282-PAIR.mp4,part_2/3244589857394282-PAIR.mp4,pair,e7c95f24ea2c90a042f03154fe31ea5e8c8e7535868ea8e38e810aaa7f9ab165,453055,numericid-WORD,1,False
part_2/32455586446725726-ROOF.mp4,part_2/32455586446725726-ROOF.mp4,roof,c052aa5ea25f82faef385daf5de27df2579fff6478418868b50ff7981f45964f,483495,numericid-WORD,1,False
part_2/32503017222473796-GYM.mp4,part_2/32503017222473796-GYM.mp4,gym,fb5edf654b85f1c5f2ab901808bed0fd2659c634fa1a1ca6af5497ed0b344ef6,497984,numericid-WORD,1,False
part_2/32519470567212627-SOPHISTICATED.mp4,part_2/32519470567212627-SOPHISTICATED.mp4,sophisticated,dbc9a4b71cfdb29f8129333c17a4bae6d1a6a578f0efddddabb5e9e754f073a3,397113,numericid-WORD,1,False
part_2/3252664947522783-FALLING ASLEEP.mp4,part_2/3252664947522783-FALLING ASLEEP.mp4,fallingasleep,70cdf200473041c2dad133a80a70ba6c27e19c776445e01d596244a0f1d6792c,587661,numericid-WORD,1,False
part_2/3255496098738173-PENCIL.mp4,part_2/3255496098738173-PENCIL.mp4,pencil,a6cdffb62984b2f41a026b0995341197fba59ff90c81710b17350bc67c9a9f8d,367635,numericid-WORD,1,False
part_2/3257664059784391-IMMATURE.mp4,part_2/3257664059784391-IMMATURE.mp4,immature,d11a97531c760d30e3b492ca5495bfe9e90afe443d4c82568364783b50723153,427624,numericid-WORD,1,False
part_2/32708394766265947-RANGE.mp4,part_2/32708394766265947-RANGE.mp4,range,b9ff550c2c17e5033db22dca0c34e26563225e95ff767e25e1a3bc698aefb4d5,695527,numericid-WORD,1,False
part_2/32721879742548343-MIND TURNED.mp4,part_2/32721879742548343-MIND TURNED.mp4,mindturned,5c3b57a4ad4434f06f32bad0f3e91c824d49e830cf4f95887c872fc3097f5cb6,1651644,numericid-WORD,1,False
part_2/3278137969827377-HIDE.mp4,part_2/3278137969827377-HIDE.mp4,hide,4f2fc47f0d653f25c0535d47fb36edb4ae41475f8502da96a77d060f6775966d,459219,numericid-WORD,1,False
part_2/32795673576979145-PULL.mp4,part_2/32795673576979145-PULL.mp4,pull,69f31c7936036c09cdb70ccb98469c1ddec286e15f71d1bcac9a1b5cfd8e1aa4,342934,numericid-WORD,1,False
part_2/3279890428185033-SARCASTIC.mp4,part_2/3279890428185033-SARCASTIC.mp4,sarcastic,f86f2b384edae75dd5b82f28209f16d9fe87df05be395979716fb6f23242696f,509141,numericid-WORD,1,False
part_2/3282814396212965-WORK OUT.mp4,part_2/3282814396212965-WORK OUT.mp4,workout,c7a5c75ea14ce54a413d9ab081fd3be2f44a04c96b0658bce116dbcafdc9d2d5,463880,numericid-WORD,1,False
part_2/32842858684612586-BISON.mp4,part_2/32842858684612586-BISON.mp4,bison,a807393b18478e6ce1fa5ae21d51b55a8947727a69aca3441fe685469ebf24bf,1749801,numericid-WORD,1,False
part_2/32856875079358927-BOTH.mp4,part_2/32856875079358927-BOTH.mp4,both,67344d9d42c296bc27106c3a4ab7b461b5316792de51c77b2e6016507e765cdd,556501,numericid-WORD,1,False
part_2/32886292339677814-seedPHILADELPHIA.mp4,part_2/32886292339677814-seedPHILADELPHIA.mp4,philadelphia,f2615c588329a48a99ece406de4e7bbc2bc13af8987adf1e1c42b0154f932087,592832,numericid-WORD,1,False
part_2/3292388254990122-WATER SKI.mp4,part_2/3292388254990122-WATER SKI.mp4,waterski,2e41b6a26c0b37bc7c31d9b13091c086bc49fbc23a3e9f3f4eaedc7933ae785f,358175,numericid-WORD,1,False
part_2/32974561692325177-BURP.mp4,part_2/32974561692325177-BURP.mp4,burp,138bbdf5c5daf126540a90780cbcc2217115f6a1923f5948b6167ac8472654a5,672814,numericid-WORD,1,False
part_2/32990255486491704-WINTER.mp4,part_2/32990255486491704-WINTER.mp4,winter,e5fc9231a74b5cddd8792710e313b0f395c93e1a2bdf3e750023d9dbc6624f1a,1073800,numericid-WORD,1,False
part_2/33057196035186553-FREAK OUT.mp4,part_2/33057196035186553-FREAK OUT.mp4,freakout,1e5ea1b6046012b88d0d52011e1bf587ed368d0b584ae63aab05cae84bdd70fd,434324,numericid-WORD,1,False
part_2/3307645224604776-BLEED.mp4,part_2/3307645224604776-BLEED.mp4,bleed,4ec31227c3b0c314f75714f0dbb7f41fc369911ede1498187232769fca517b85,283904,numericid-WORD,1,False
part_2/3312588734862034-PILE.mp4,part_2/3312588734862034-PILE.mp4,pile,0f092ec9e372b59f0af4b9c6d7a72ce1dc60c3ec3ccb23cbe6397dd45204ec5b,461041,numericid-WORD,1,False
part_2/33168475416980825-SAME TIME.mp4,part_2/33168475416980825-SAME TIME.mp4,sametime,68c697d9cbffe16ce0d555eb24c56228e9aeea5ba2e81127ea2d2f81ddbfbd12,445383,numericid-WORD,1,False
part_2/33192374817123516-WE WILL_SEE.mp4,part_2/33192374817123516-WE WILL_SEE.mp4,wewillsee,a5da0d5e031a181c6ef7af9fd2d4e1e38f4ef306d0d756f4bdd527d10596015c,461608,numericid-WORD,1,False
part_2/3319546707875376-REST ALL_DAY.mp4,part_2/3319546707875376-REST ALL_DAY.mp4,restallday,92c4d9e734688825f5ef82bc97eda8ed4c67ad8f5f527f3b5b6272a11476aa43,724500,numericid-WORD,1,False
part_2/33196466357650456-HEN.mp4,part_2/33196466357650456-HEN.mp4,hen,d613ded0092e029557dc6bd7ee39677ca4b8dad9b769f9e180c6c198d99c46a4,852487,numericid-WORD,1,False
part_2/33196948596201303-VIEW.mp4,part_2/33196948596201303-VIEW.mp4,view,1d976de64c8af705e017fe74e509f7b6a704b1dbeccba86e95755b2ea8def95c,524685,numericid-WORD,1,False
part_2/33228668118113514-REFLECT.mp4,part_2/33228668118113514-REFLECT.mp4,reflect,61eed701144030c5f2d90805699cf1e2d3f232fa118361f8f75dc325818ff67c,545663,numericid-WORD,1,False
part_2/33274865025473366-BREAKTIME.mp4,part_2/33274865025473366-BREAKTIME.mp4,breaktime,6b37718707a608c1e9901eb2207f78755e64529f92c28c502a23aa508d6b18b3,538245,numericid-WORD,1,False
part_2/3329010543829014-STICKY.mp4,part_2/3329010543829014-STICKY.mp4,sticky,78766da3818e37349fe7edcf452b50b0670bd0808023de15b4a5c64a5141c663,397368,numericid-WORD,1,False
part_2/3330328541611316-RADIO.mp4,part_2/3330328541611316-RADIO.mp4,radio,902bd0ad1f732f38002f0751c31aa42a03dcbebe9f774ee0f608e240cf269e09,374561,numericid-WORD,1,False
part_2/3332983131134881-APART.mp4,part_2/3332983131134881-APART.mp4,apart,2294236bb845db6b16cccb01f0ea5d556fbf05af153203b7a22280c92764b2cd,501842,numericid-WORD,1,False
part_2/33369309315389284-MCDONALDS.mp4,part_2/33369309315389284-MCDONALDS.mp4,mcdonalds,ee091eae65c859b8f84c9a41859bca78dd8ded6a9f41ec75aa0a406c0721ac10,676246,numericid-WORD,1,False
part_2/33425654718670983-GENERATION.mp4,part_2/33425654718670983-GENERATION.mp4,generation,01a6270daee29468b4e14ac86817e657dae75585a62f010bf4c2d1970d8bfaaf,716730,numericid-WORD,1,False
part_2/3344429449933908-PARENTS.mp4,part_2/3344429449933908-PARENTS.mp4,parents,91a874c293996e44d01ffffdf891d6acb6138a0573015aa081aedaeb7d19ba32,440602,numericid-WORD,1,False
part_2/3346244872272235-DRESS UP.mp4,part_2/3346244872272235-DRESS UP.mp4,dressup,532ec1f0cd64598b3f3b0fcbed706835daf5a1bb04ca2f0016408bab833a9c18,1278213,numericid-WORD,1,False
part_2/3356973641507637-VOICE.mp4,part_2/3356973641507637-VOICE.mp4,voice,56b30eb4f9db309df2d1adb4f037256dcc174bed4142756cce00758a4d72bd18,343101,numericid-WORD,1,False
part_2/3358266661232445-PAPER.mp4,part_2/3358266661232445-PAPER.mp4,paper,8100fc95195bde1c86873e71529974ab5b12384294e5558202f76f7c4b529c9c,586801,numericid-WORD,1,False
part_2/33586727129784033-VITAMINS.mp4,part_2/33586727129784033-VITAMINS.mp4,vitamins,8da78042c4fa665571dd21ca7f1537fe87d5ee696c9eff3ae99133cf173ae877,967186,numericid-WORD,1,False
part_2/336147664509697-DEPARTMENT.mp4,part_2/336147664509697-DEPARTMENT.mp4,department,c71d3af609714c2b1ae7de1053517fb533a334fd820481a3af29ca2f3919ccc5,469450,numericid-WORD,1,False
part_2/3361903255004919-RUSH.mp4,part_2/3361903255004919-RUSH.mp4,rush,a557e6ae1a2c5e38d511fe3af9912dacf0006d0a913256288f531758a553b102,447985,numericid-WORD,1,False
part_2/33927198866118635-SCRIPT.mp4,part_2/33927198866118635-SCRIPT.mp4,script,c0738d118588b4b5f039bffd14c2e67fd7ed1a5815a7924d32e76314eb564a06,489209,numericid-WORD,1,False
part_2/3393090669116592-CLEFTCHIN.mp4,part_2/3393090669116592-CLEFTCHIN.mp4,cleftchin,c6d9b85e03e9b3d42ff4d9a4e867701d9d24a44660d12273716861641ebe4e2d,470623,numericid-WORD,1,False
part_2/33958708655307857-MORNING.mp4,part_2/33958708655307857-MORNING.mp4,morning,a9e7e6ef43335503b6a38cdf297d4b16e34d2a93f19c089958747a07edb78327,404965,numericid-WORD,1,False
part_2/3405727638732261-KNOCK.mp4,part_2/3405727638732261-KNOCK.mp4,knock,2e09a867b23d9f7143bba5a73b13ca54f8af6560bb26f1db565f5dc822133f2e,380328,numericid-WORD,1,False
part_2/34120448744600873-INTENTIONAL.mp4,part_2/34120448744600873-INTENTIONAL.mp4,intentional,a772019817bfadd95a38bc0d9c9d9916b464e06792d1889a6adb41a557231fb6,1783753,numericid-WORD,1,False
part_2/3412850572949695-LEARN LESSON.mp4,part_2/3412850572949695-LEARN LESSON.mp4,learnlesson,de2e9fc1142017b08f341c683a2e6e90bb5d062b46b92fdaeda6856ddf19262c,451301,numericid-WORD,1,False
part_2/34167731278944613-BEAT.mp4,part_2/34167731278944613-BEAT.mp4,beat,052936cc082e1b156068d1f94b086fe5268fdb3d8aebe19b4e8ba6393d72d591,574327,numericid-WORD,1,False
part_2/34168357440591457-FRAUD.mp4,part_2/34168357440591457-FRAUD.mp4,fraud,abe4a2468618e36d4e457d8957f30be9f10fff5a7a5f54db1b5c97209a77512f,319883,numericid-WORD,1,False
part_2/3419074485484206-INFECTION.mp4,part_2/3419074485484206-INFECTION.mp4,infection,dbe2947737f3f5f68fd6944770916ee743ca9b71e812344b89fed3ac7884357b,537201,numericid-WORD,1,False
part_2/34194685576800166-SNOWSUIT.mp4,part_2/34194685576800166-SNOWSUIT.mp4,snowsuit,bcc5fe2f1944b2080d0d8f12dba37995fbb0afe625e9a7873251a4c4198db70f,620894,numericid-WORD,1,False
part_2/34273370908515544-INTERNET.mp4,part_2/34273370908515544-INTERNET.mp4,internet,144d1ab12e1fc267962a627ca83301bb8d85d5d884b9ebebe149c78372aa5f27,395788,numericid-WORD,1,False
part_2/3432605210163633-SQUARE IDIOT.mp4,part_2/3432605210163633-SQUARE IDIOT.mp4,squareidiot,9169e32aad553b9accf2aa5d4c0a358a93abb7c88f99d4466c6c484e5d38f919,421236,numericid-WORD,1,False
part_2/3447469244693593-FRY.mp4,part_2/3447469244693593-FRY.mp4,fry,979e190f422655d29ff904035bc85bb2317a7281fce7105a4fa96165218fd0f8,815224,numericid-WORD,1,False
part_2/3448451715728478-UNAWARE.mp4,part_2/3448451715728478-UNAWARE.mp4,unaware,d484a53c935d8f1958d3367ca230744aedb277b24df199a2dca6db39521d0ca9,330827,numericid-WORD,1,False
part_2/3448619139940019-LONG LINE.mp4,part_2/3448619139940019-LONG LINE.mp4,longline,3c9c95f300035bbc25ac701c6049b8e349a9b3d60a5a9589210bee2b7379b217,612693,numericid-WORD,1,False
part_2/34524396915673994-SOFA.mp4,part_2/34524396915673994-SOFA.mp4,sofa,e069c9057f3aab6fa33a7045cff1ddd6390d2126e3516364389dda7cd6a11aa6,913611,numericid-WORD,1,False
part_2/3454261786353474-WINDOW.mp4,part_2/3454261786353474-WINDOW.mp4,window,4a158776901a651f0d93743fe26664020442db11945534e3c6d864991ac7ac8f,497672,numericid-WORD,1,False
part_2/34566407454803105-EXPRESS.mp4,part_2/34566407454803105-EXPRESS.mp4,express,0c46e3d5dccc36728ddfb67ce9c86046d76ce69d11077468a29a83407b52f4a9,619801,numericid-WORD,1,False
part_2/3457371440459813-SNAIL.mp4,part_2/3457371440459813-SNAIL.mp4,snail,73e5285d1ebe1385f51462f5b397004e916e070f5c727051563afd40c75e5cc0,501278,numericid-WORD,1,False
part_2/3469185889257007-RELEASE.mp4,part_2/3469185889257007-RELEASE.mp4,release,d7ac311f785a77dff1fd4dc14cca0c768a90fde9795937c227fcea3f9b26372d,451177,numericid-WORD,1,False
part_2/3479205263119942-OOH.mp4,part_2/3479205263119942-OOH.mp4,ooh,16169597ad75c5c2de9157e99173d84defe8d9858479746998b3b682a01ac3e2,559501,numericid-WORD,1,False
part_2/3481069285509393-EASY.mp4,part_2/3481069285509393-EASY.mp4,easy,57f639954e4642239bfb7bcddcfad7e1f028ea1532783d2a325e882821d72429,328194,numericid-WORD,1,False
part_2/3482559971557835-TROPHY.mp4,part_2/3482559971557835-TROPHY.mp4,trophy,94000c2564d48ec7792eb87cc39ff3f16d914a93296a7ba385a141bd72324d48,424911,numericid-WORD,1,False
part_2/34868964594216023-THERMOMETER.mp4,part_2/34868964594216023-THERMOMETER.mp4,thermometer,cb699f9d2e8d6cd41470821ce45f2072f3a6055c427a3d22c705e1112223755a,494074,numericid-WORD,1,False
part_2/34887228279036164-LOOK AT.mp4,part_2/34887228279036164-LOOK AT.mp4,lookat,31cde91fec2722a3dbb30d3f1db35f46cec0e205a60b3eb86592a690e3a44e47,703894,numericid-WORD,1,False
part_2/3491856999491625-VAIN.mp4,part_2/3491856999491625-VAIN.mp4,vain,555a0a2e010b32a695319360762f76f9ff5046b58922f02318534e2dd3ed12b4,241889,numericid-WORD,1,False
part_2/34934148294216905-LET GO.mp4,part_2/34934148294216905-LET GO.mp4,letgo,77d594ba9676da012ad30ff5064ddc4407b68f9478093b682dcb1fae0b975efe,593300,numericid-WORD,1,False
part_2/3496459990981846-SARCASTIC.mp4,part_2/3496459990981846-SARCASTIC.mp4,sarcastic,9922227f409b7a9ae71043205e2e38b59e424f67a1b158204130f47f9b496a59,605609,numericid-WORD,1,False
part_2/3497439737560162-DELEGATE.mp4,part_2/3497439737560162-DELEGATE.mp4,delegate,ddb360dee23612788f046067a37471233306cc0dcb83a49275ed9273ee7e48dc,516876,numericid-WORD,1,False
part_2/34985647892860805-PAPERCUTTER.mp4,part_2/34985647892860805-PAPERCUTTER.mp4,papercutter,790f2e1a1b509761f4fc1492f7234aacdc90a2b41f137c35262dbdd0c1a748e1,658463,numericid-WORD,1,False
part_2/3499479516068431-BLINK.mp4,part_2/3499479516068431-BLINK.mp4,blink,974d7621fedd3637799789965942a9f89b1a5aced003fd29a5adacab1d0ff7b7,391266,numericid-WORD,1,False
part_2/35009015650010356-DENY.mp4,part_2/35009015650010356-DENY.mp4,deny,88918cbe35b9a1e9f017c86f404c437db88ce9368c5fc4f5b9182e95c198bda7,350088,numericid-WORD,1,False
part_2/35021322719747405-STAY AWAKE_24HRS.mp4,part_2/35021322719747405-STAY AWAKE_24HRS.mp4,stayawake24hrs,161bb499e3f703bb64576a2e91c1a9d5be51ca2aa3561d0ec49985641bb5d95d,770932,numericid-WORD,1,False
part_2/3502523422635888-ADMIRE.mp4,part_2/3502523422635888-ADMIRE.mp4,admire,3d4c1023582d2a2564bd7da43335072437868b8bfcea0b50b456eb82b8ad22e5,613168,numericid-WORD,1,False
part_2/35043587015052524-PLAN.mp4,part_2/35043587015052524-PLAN.mp4,plan,30d6703ba11bf3a19fccf4b031eafe886c69b663230a3a78f294ce6e0777620a,1008344,numericid-WORD,1,False
part_2/35085497568468305-VALLEY.mp4,part_2/35085497568468305-VALLEY.mp4,valley,fa6cf785b8b1a43d7d0060dd34341347057ca411c7982f204744ee15cb0c97ab,814695,numericid-WORD,1,False
part_2/35126518793598405-FRINGE.mp4,part_2/35126518793598405-FRINGE.mp4,fringe,385ea85bb8cf0a53ca681d20d30c0451358f792052eda5b8e93ad2fb02a1839d,550980,numericid-WORD,1,False
part_2/35159138423586755-DIFFERENT SITUATION.mp4,part_2/35159138423586755-DIFFERENT SITUATION.mp4,differentsituation,d362639bce4eeb74bfb7c74293311f16705f140e64b54ede4d22144199b9baeb,612046,numericid-WORD,1,False
part_2/35198219328372926-CHURN.mp4,part_2/35198219328372926-CHURN.mp4,churn,5e8b5e8a0844d4332edd28b3003371b7f753d315aa8218cce51080c73e7d42b4,578764,numericid-WORD,1,False
part_2/3520246184230904-JUGGLE.mp4,part_2/3520246184230904-JUGGLE.mp4,juggle,dd90266e7e1264b11a6dea0ab11fda56fe47cacacffb8b9085e91eac134cef0e,715386,numericid-WORD,1,False
part_2/3521458304025926-TTY.mp4,part_2/3521458304025926-TTY.mp4,tty,0a378037fd460ac6f12f1a2110c7a81184f37f6c08efa782aa812a2647dd3437,1151197,numericid-WORD,1,False
part_2/35219838646364776-REALLY.mp4,part_2/35219838646364776-REALLY.mp4,really,7f7cac5c241387f35c6e4179d320a9ea71820a12bf6a929ab7ecdf7e064b7843,770554,numericid-WORD,1,False
part_2/3527086234157166-SUPERVISOR.mp4,part_2/3527086234157166-SUPERVISOR.mp4,supervisor,86548d14a9f5cde436e1b8523b5485349e77ffe64d985ca3581c60dff8f56164,699021,numericid-WORD,1,False
part_2/35293005912835507-PENGUIN.mp4,part_2/35293005912835507-PENGUIN.mp4,penguin,e237525913501dfa65b573c01afff719ac3eb00bcd410c82237a1ca34a872e1f,666291,numericid-WORD,1,False
part_2/3530098642020014-PISSED OFF.mp4,part_2/3530098642020014-PISSED OFF.mp4,pissedoff,3f49506e4dd68c6a1d62b57e9a853ec1b5da24b2aa9f2285fcfaefc445ad6eac,522135,numericid-WORD,1,False
part_2/35346895720914806-MAYBE.mp4,part_2/35346895720914806-MAYBE.mp4,maybe,a673fc53d5898a14a094aea9ea8243e5c5ff5ac1240c95fa7d94662cd2c63e0f,1059890,numericid-WORD,1,False
part_2/35359931273860434-ARIZONA.mp4,part_2/35359931273860434-ARIZONA.mp4,arizona,5845e351c80c2f634d49627d7e7df1b59a81bd5a194a3f041cca67dc6d698acc,167948,numericid-WORD,1,False
part_2/35405803115905177-FRACTION.mp4,part_2/35405803115905177-FRACTION.mp4,fraction,4234b6f9c04b63af4671b42da764334588624ec022342cab31966d0f9259eeae,524566,numericid-WORD,1,False
part_2/35447461198208385-SPIDER.mp4,part_2/35447461198208385-SPIDER.mp4,spider,c5a47e96478e421c9f1c87f4196b3e80d5b46501bcf3d77ce3b534737f7b89b6,383110,numericid-WORD,1,False
part_2/35467072838926783-ORAL.mp4,part_2/35467072838926783-ORAL.mp4,oral,2edb20502997d1d5b51b7233929cb16dbe0610ee16c47ca23487e2549a1ffcbb,407416,numericid-WORD,1,False
part_2/3547194206922051-PHOTOGRAPHY.mp4,part_2/3547194206922051-PHOTOGRAPHY.mp4,photography,5ed291716e99bccf3c3991d0af1501180751630aa31faa37a9bd7c6ad2e2ad67,555982,numericid-WORD,1,False
part_2/3548015936118516-AUDITORIUM.mp4,part_2/3548015936118516-AUDITORIUM.mp4,auditorium,e32563deb3accb7b72dc0e95547d477733be8a441710b020517a2cffabc145d5,722074,numericid-WORD,1,False
part_2/35491158652354926-TAPE.mp4,part_2/35491158652354926-TAPE.mp4,tape,7a6ad70ff1bc083451eff31a964135b4919833634188c69a3bdcfe7bdc094a73,999126,numericid-WORD,1,False
part_2/355013001873564-GIRAFFE.mp4,part_2/355013001873564-GIRAFFE.mp4,giraffe,fc7281c4eb6ce90047675342dc3ca717a538d245a43f9c68ff82eb9409cb694a,479899,numericid-WORD,1,False
part_2/355889026628051-SKI.mp4,part_2/355889026628051-SKI.mp4,ski,13702f4fe2911b6a1a4938928f80b05dce4e9fdbec2d9a4b43e0f4aa31ccdf52,633924,numericid-WORD,1,False
part_2/3559723766609495-COFFEE.mp4,part_2/3559723766609495-COFFEE.mp4,coffee,db5a3af79cf4f0369d0836e7fb9e5a5fbaef66f3ff3ffb898ce35623527f63a6,565528,numericid-WORD,1,False
part_2/3560930857065381-PLAYGROUND.mp4,part_2/3560930857065381-PLAYGROUND.mp4,playground,431020a75961a9c52b1042304d03af3f68fd632a8fde4e93c2bbf9399e63e5c4,683183,numericid-WORD,1,False
part_2/35674024720037867-SMART.mp4,part_2/35674024720037867-SMART.mp4,smart,67f5693cb320a9fb4701b40001b199ff05266fe87f0409bf23e5f7d4fe251189,334517,numericid-WORD,1,False
part_2/3573935929719414-INSULT.mp4,part_2/3573935929719414-INSULT.mp4,insult,6a0d0490467f43cb2af5f0c931e01ceb0fbd7732d65850101f2adff0f4cefd23,200236,numericid-WORD,1,False
part_2/3583049668962337-TASTE.mp4,part_2/3583049668962337-TASTE.mp4,taste,8ed0f81fd7aa2aaf4091e48e08056d6918dab6629897db7cacb5866c7d299b91,354351,numericid-WORD,1,False
part_2/3584447878251358-PLEASE.mp4,part_2/3584447878251358-PLEASE.mp4,please,29753b92191c648dbfdb3450b985232c0c25a80837d12c9505d0dba6914ff23a,342745,numericid-WORD,1,False
part_3/359410116822904-OWN.mp4,part_3/359410116822904-OWN.mp4,own,6cc8b88efc1721e5ecfe0c5c8e258f795709fdbc8fd62aafe7bbc8b6aae03a6c,429520,numericid-WORD,1,False
part_3/35969967298763006-FREEDOM.mp4,part_3/35969967298763006-FREEDOM.mp4,freedom,32a17f8279d55af71736ebf44126cd270efd5ea4108a738c4420df2cd1ba83a6,414788,numericid-WORD,1,False
part_3/3599563560615682-DONKEY.mp4,part_3/3599563560615682-DONKEY.mp4,donkey,d475c91f3101765f6bd908fa23f1dee40233ff724252bf920503dc76a7d0094a,611860,numericid-WORD,1,False
part_3/36033088770134514-PROTEST.mp4,part_3/36033088770134514-PROTEST.mp4,protest,00541ab647d2d6029b9c315d17efd2f1b0cbae9a44518a798eedbdf0f6fbdaf4,484346,numericid-WORD,1,False
part_3/36059385950428324-SCARCELY.mp4,part_3/36059385950428324-SCARCELY.mp4,scarcely,67238d43cdf386c8a01a185c17159cbded55c80743117aaa83bdb867c4cf2b03,869945,numericid-WORD,1,False
part_3/36075242840369537-GET TOGETHER.mp4,part_3/36075242840369537-GET TOGETHER.mp4,gettogether,0ecc04e7a743360912da8e2726c2550dea7a13334b3125f7db7da5ec488f152b,379490,numericid-WORD,1,False
part_3/3608172402037815-IPHONE.mp4,part_3/3608172402037815-IPHONE.mp4,iphone,73639312f1fdee2277607eea6ce850ffef870cc45b54ee9e9a9359ecea87064e,301830,numericid-WORD,1,False
part_3/3609240069771811-SIDE.mp4,part_3/3609240069771811-SIDE.mp4,side,1ba6f6d182d387799f31b99aa35e07496ae5fd213b64793ca7eb45403d749a65,492505,numericid-WORD,1,False
part_3/3612394992043384-SOW.mp4,part_3/3612394992043384-SOW.mp4,sow,57236c9c5085ac5f277b05f834857ef853edcf1896ff5bcc29350d9f57ccdac7,440306,numericid-WORD,1,False
part_3/3613468205921373-SHAME.mp4,part_3/3613468205921373-SHAME.mp4,shame,a3ddf0be18a46e61a592a2269428ea1277ed763acb240fcd206281c0c7ca4b89,397443,numericid-WORD,1,False
part_3/3625122971713206-FAVORITE.mp4,part_3/3625122971713206-FAVORITE.mp4,favorite,03e02b904735cfb2ea9aa4aa23ce19bbbed56ef2887e4d6f655aec3c0f53ea5a,281454,numericid-WORD,1,False
part_3/3626726585759281-THEORY.mp4,part_3/3626726585759281-THEORY.mp4,theory,5a7f8609e915c07e2b228ad66be00443e9064250d974df0a97b45c7a6249a4c7,502180,numericid-WORD,1,False
part_3/36313079633553214-SWORD.mp4,part_3/36313079633553214-SWORD.mp4,sword,b28daceed363dac6e9c9736be5d07d541e68f8ccc7ce5dcba7e09d0f0549a042,522165,numericid-WORD,1,False
part_3/36314545665288733-SUPERVISE.mp4,part_3/36314545665288733-SUPERVISE.mp4,supervise,ceabc45a16fcb0f03f4e0be6215eefef71c1496d12028e4528a253aa2723bdc6,782417,numericid-WORD,1,False
part_3/3633074762068895-MOVE DOWN.mp4,part_3/3633074762068895-MOVE DOWN.mp4,movedown,2931b142756529305f5dce7aef1841ac0b8355564af3b2ad562a160112ead09f,392535,numericid-WORD,1,False
part_3/3634545302775196-CANNOT.mp4,part_3/3634545302775196-CANNOT.mp4,cannot,a170662602d4240af21390098254dadf0558928de3c1f4a87e8c8b90dc11c351,267783,numericid-WORD,1,False
part_3/3638230016874753-EVEN.mp4,part_3/3638230016874753-EVEN.mp4,even,2a53d287e516c67290b273974dc8c006aec58c2ae7a8fc47a0f8f35cb244ff17,391228,numericid-WORD,1,False
part_3/36404985287549074-TUESDAY.mp4,part_3/36404985287549074-TUESDAY.mp4,tuesday,0f6dc316c6a3f383a85865a9b799dfb5f1ed3f010bc43eb09312ce77e92182ae,578802,numericid-WORD,1,False
part_3/3640828934066389-CONNECTION.mp4,part_3/3640828934066389-CONNECTION.mp4,connection,ddfe5acd56d56a6f85aeb8ad34176c3bf7a425e9a56ac24b4ddb6667fb000b19,711890,numericid-WORD,1,False
part_3/36411152769215316-WEEK.mp4,part_3/36411152769215316-WEEK.mp4,week,a1416fb152a5d50bccbc3ca6803c4582ab60287df99207cca636b726d9941153,835440,numericid-WORD,1,False
part_3/3641758339754535-END.mp4,part_3/3641758339754535-END.mp4,end,222d2234503e0f99f1d06492c3cf851c9cd3ab3e9f969f79d8f5a0b4aa2243d0,499021,numericid-WORD,1,False
part_3/36422367690574187-SHOCKED.mp4,part_3/36422367690574187-SHOCKED.mp4,shocked,c88c4de4a69be5600f9b275fb0803b47d830509f3cd1b485e8771f5259cc130b,628644,numericid-WORD,1,False
part_3/36480330348902146-CROCODILE.mp4,part_3/36480330348902146-CROCODILE.mp4,crocodile,c7ba61bd4200b27523353f4f8cb6fa18c95c926457dde92f09e20727b2b1b38e,481016,numericid-WORD,1,False
part_3/36515721159992753-BERRY.mp4,part_3/36515721159992753-BERRY.mp4,berry,c157abd4101dcbc272458533d66dbd114a2dcb342c69ee154146ecdd4706cbd9,588886,numericid-WORD,1,False
part_3/36516544073978885-PHARMACIST.mp4,part_3/36516544073978885-PHARMACIST.mp4,pharmacist,6dc130170ad99d47b1ae5667e8898fa73d21f8155075b86e0a3137481d566a28,713529,numericid-WORD,1,False
part_3/3653027905733568-PERMISSION.mp4,part_3/3653027905733568-PERMISSION.mp4,permission,35855898d70d4103f5e87b4b598f910520c570d27d9eaca5df065a808b7f4991,367400,numericid-WORD,1,False
part_3/3661343696911472-FRY.mp4,part_3/3661343696911472-FRY.mp4,fry,215592aafb1768edea40e1392bdb991fe9f50d5bd3769d7de8cb89737f6a07b0,886587,numericid-WORD,1,False
part_3/3662658676451145-LAY DOWN.mp4,part_3/3662658676451145-LAY DOWN.mp4,laydown,483a73a1fe0e015b47817940479414b897fe5842c4dc0860feb56e1868598f06,865382,numericid-WORD,1,False
part_3/36631981635474165-CHURN.mp4,part_3/36631981635474165-CHURN.mp4,churn,e87e257d2b3398f7d6d15a3b7e037df419d9ffaae118d208db5303524a051dc2,482911,numericid-WORD,1,False
part_3/36680704348288384-SAME SAME.mp4,part_3/36680704348288384-SAME SAME.mp4,samesame,66ac01c780325dee4072a99491d61da01638e06c938267ac8670cf8279f015e5,630576,numericid-WORD,1,False
part_3/3674680400299326-SAXOPHONE.mp4,part_3/3674680400299326-SAXOPHONE.mp4,saxophone,9ea9c02e594593cadfcb9edd2bd1739056648be96236b5552c4b4531893fae0c,564432,numericid-WORD,1,False
part_3/3677665473114202-OOH.mp4,part_3/3677665473114202-OOH.mp4,ooh,08bc68b5e814d0857d8a828d39d2cec5a52391089f7401e3a3183dad2eafaa7a,1433306,numericid-WORD,1,False
part_3/36798218729571786-BALANCE.mp4,part_3/36798218729571786-BALANCE.mp4,balance,25bfae855b22dfda065382a663fe352f48f97982207cdd31c939f14a805111e9,658676,numericid-WORD,1,False
part_3/36799648982035205-INCH.mp4,part_3/36799648982035205-INCH.mp4,inch,b1512a24764819fc144e4ceaf4104d492da3ab1270b0ed6ea34c48fe599dfcb0,851651,numericid-WORD,1,False
part_3/3681696870380453-WINE.mp4,part_3/3681696870380453-WINE.mp4,wine,df517000ad76eec2e986a883770f299b08763aa191d7febb2ce07db1fad82469,738765,numericid-WORD,1,False
part_3/368376359924691-REVENGE.mp4,part_3/368376359924691-REVENGE.mp4,revenge,45a6970625170d6acf7e95c88e82b65ff350393d2f93b5eba0f5a70d96bd4454,575132,numericid-WORD,1,False
part_3/369368733347164-MISS.mp4,part_3/369368733347164-MISS.mp4,miss,398fe395eb4855bd7d401f6e1ea49d22c42e5c26d6c394449efe91abc887c82c,387480,numericid-WORD,1,False
part_3/36944671188387734-BUSTED.mp4,part_3/36944671188387734-BUSTED.mp4,busted,c9c0b8d56bb6cb88bbe8ef37b8672fb272d1bcdc1a6bffef51db59190392ef7e,641373,numericid-WORD,1,False
part_3/36949718497211914-PREACHER.mp4,part_3/36949718497211914-PREACHER.mp4,preacher,0b05fed3cdbaee6aab4f66f59a40dbf90d43de6550cc65a6ef9163b8ab210d54,524732,numericid-WORD,1,False
part_3/37036723618334255-IMPOSSIBLE.mp4,part_3/37036723618334255-IMPOSSIBLE.mp4,impossible,6bef9d32ff43fb31069dcd4c2140df0bd296d76519a70eb996aa5f0d73aa6760,848836,numericid-WORD,1,False
part_3/37054954900254655-CHIMNEY.mp4,part_3/37054954900254655-CHIMNEY.mp4,chimney,2163ed8ad9574b7aca7f2398b4fb6b774ea638d02a8ac7c9624c72290a012a28,1635532,numericid-WORD,1,False
part_3/37114489968594944-DELIBERATE.mp4,part_3/37114489968594944-DELIBERATE.mp4,deliberate,08efd38ba37496d1f057a6140787dce7ab3f309aa2afd06146ac47b9f5cee756,535923,numericid-WORD,1,False
part_3/3711702704443536-REQUEST.mp4,part_3/3711702704443536-REQUEST.mp4,request,42bd7b488f6113863044941478dc06379761f8a38c4ebd9afd32314d40fbae14,425543,numericid-WORD,1,False
part_3/3718616056631494-TEND YOUR.mp4,part_3/3718616056631494-TEND YOUR.mp4,tendyour,6165b8f1507032d42426bbbc4c91b574df591d48e2e912d026dcb625c73308d5,894712,numericid-WORD,1,False
part_3/37288083726728405-SKIN.mp4,part_3/37288083726728405-SKIN.mp4,skin,a2bbe729756c50a77a66df608c5e66c1e92ee09affc3e4845f28bab2a8d3c509,394356,numericid-WORD,1,False
part_3/3732986414464372-BOARD.mp4,part_3/3732986414464372-BOARD.mp4,board,9254914f878257899a9d507870f60cb9005677a9f73025c57c11be4aa8e3b3af,496907,numericid-WORD,1,False
part_3/37350001735257155-EGG BEATER.mp4,part_3/37350001735257155-EGG BEATER.mp4,eggbeater,744dec62c924be5733402a9bf39ca68cefb73c41f63fa32ade8227beda5e75e2,895101,numericid-WORD,1,False
part_3/37379040309466083-SAILBOAT.mp4,part_3/37379040309466083-SAILBOAT.mp4,sailboat,35fe28159d6a5c9443ba3004798bd261706750b47806fbf16cb79d4ec044fb34,645396,numericid-WORD,1,False
part_3/3738590602862999-seedSTRUCTURE.mp4,part_3/3738590602862999-seedSTRUCTURE.mp4,structure,d9b1e4d5495fd8401c2f2231abdd16e9636ebbf93450026208a7b5f19a9bf89d,759504,numericid-WORD,1,False
part_3/37385927555652354-BEHAVIOR.mp4,part_3/37385927555652354-BEHAVIOR.mp4,behavior,fc0d68b7aa34872006a679ff83cef4943cf423b7e38d0cb9edaa5fe4fd346d47,406087,numericid-WORD,1,False
part_3/3748681331603294-BUDGET.mp4,part_3/3748681331603294-BUDGET.mp4,budget,ada1961c3ce4fac50d309f0438e7a63b5a1be4df08b93af9662ebb5ceb3b6b5e,571757,numericid-WORD,1,False
part_3/3751481061490878-FEBRUARY.mp4,part_3/3751481061490878-FEBRUARY.mp4,february,09de004377d8d4aaca524b1463c08ed0072b58c365ee9e51c7ca8fd928400a2d,377679,numericid-WORD,1,False
part_3/37546749452952244-DEODORANT.mp4,part_3/37546749452952244-DEODORANT.mp4,deodorant,b383986f4c5e58aec7505edbd1f97f73c840fc51fd2817168470cfb33a2731bc,464167,numericid-WORD,1,False
part_3/3754892221313826-MUSHROOM.mp4,part_3/3754892221313826-MUSHROOM.mp4,mushroom,b5c4f61a2c87c4c6055464ab240d2f764732e3978a5755d9b6588a5fe4ca03c2,461026,numericid-WORD,1,False
part_3/37566969905337877-NAKED.mp4,part_3/37566969905337877-NAKED.mp4,naked,a9c377bdcb3a5c669ad01a9732204e090e8b0b17587c3af77aee9032e563c063,372331,numericid-WORD,1,False
part_3/3758657990369867-1 DOLLAR.mp4,part_3/3758657990369867-1 DOLLAR.mp4,1dollar,da67ab00bb9797b725ce7ed183495c6a0ca33f0507e48751661b0eb739ead7b0,975010,numericid-WORD,1,False
part_3/3766203415307263-TONGUE.mp4,part_3/3766203415307263-TONGUE.mp4,tongue,c77a83af1540bde04b4a55acc4c48db7903014be90e37fa263745839e99e7ad1,588172,numericid-WORD,1,False
part_3/3769714842302383-ISLAND.mp4,part_3/3769714842302383-ISLAND.mp4,island,baec54b49affc6e9e8200148b5df6a3288cf67e2cc38d01a2da34ba64468b5e9,505145,numericid-WORD,1,False
part_3/37757542398491517-MESS.mp4,part_3/37757542398491517-MESS.mp4,mess,0e80fb92b324f28b80dcc96ab5d9f3fd97709e666e6fb955fde76b244271b635,576283,numericid-WORD,1,False
part_3/37758331474826035-VIDEOPHONE.mp4,part_3/37758331474826035-VIDEOPHONE.mp4,videophone,a73575d5d1b0f9bf1befad5ec2d1d15e8e08a93b1c392c602638d23e3b2b315a,451544,numericid-WORD,1,False
part_3/37875841443324965-HARP.mp4,part_3/37875841443324965-HARP.mp4,harp,afb612cc6ac8bd7c88454184fb5215f2d1ec9da54c896861139cf1b669e1605a,2702925,numericid-WORD,1,False
part_3/37879668663027477-INTUITIVE.mp4,part_3/37879668663027477-INTUITIVE.mp4,intuitive,aaa7433da65402bd6805afe1ba5456008feedfa5c6a0d4ad6a0d0e53d88e241d,461576,numericid-WORD,1,False
part_3/3790004866257184-FOUL.mp4,part_3/3790004866257184-FOUL.mp4,foul,44d11409adab3a3f5731ab1af74bfde6c273f0fb567b810da20762fa46b1cb9c,476077,numericid-WORD,1,False
part_3/379639037818327-HOLD HANDS.mp4,part_3/379639037818327-HOLD HANDS.mp4,holdhands,fd1998964f934f6b4f709e93e5c7ef507d2808842b909ab9c2e6caca4c4adc9f,570328,numericid-WORD,1,False
part_3/3797271150358241-REFLECT.mp4,part_3/3797271150358241-REFLECT.mp4,reflect,b1c7e7436a7f3ef41dace3a322dadacb5be5d28e6c99180ff4876ace2b5d7da5,684861,numericid-WORD,1,False
part_3/37994000165312825-CRASH.mp4,part_3/37994000165312825-CRASH.mp4,crash,23fe55ad96c6784f8d1aa073e38f486dbb0dad5933730678645148ebb164c78e,621762,numericid-WORD,1,False
part_3/38038886909627667-WRING.mp4,part_3/38038886909627667-WRING.mp4,wring,23c1010602c8e6d31a158c25b7e0fd78676d05c4cd4c1207a4015e5536212f57,1082586,numericid-WORD,1,False
part_3/3804865048102477-SCISSORS.mp4,part_3/3804865048102477-SCISSORS.mp4,scissors,cf55ff3019502c0c34f543f35e084dd9b30dc2a33760f29c14e4020661eed6a9,715816,numericid-WORD,1,False
part_3/38058438749854306-CONNECTION.mp4,part_3/38058438749854306-CONNECTION.mp4,connection,b93dcabb1d115fdebfa3435c573a28865aa57c7b95e5bbab554576fbe14caf57,705917,numericid-WORD,1,False
part_3/3817263778470088-FAULT.mp4,part_3/3817263778470088-FAULT.mp4,fault,dfcb23a2c3000155de07f3e27d0f1e08e03bce1cf669955b9adbe120b8c3cef3,410635,numericid-WORD,1,False
part_3/38173408331335357-WRITE ON_WALL.mp4,part_3/38173408331335357-WRITE ON_WALL.mp4,writeonwall,6ea2a5a4ef89637a27fe3b5dab23d47f48f3a3c720ade26f02aabde67fe56d6c,501183,numericid-WORD,1,False
part_3/3818394440331725-DIZZY.mp4,part_3/3818394440331725-DIZZY.mp4,dizzy,a9e3e3fea38c3a261143f3346707e42cf1ad8684f44f9ebc89fc122bb04f5802,597210,numericid-WORD,1,False
part_3/3821072939559418-CROWN.mp4,part_3/3821072939559418-CROWN.mp4,crown,6c0d55180fbe02014017bf4dc26fd05bb28c430090c568fb7fc973eb1e6dee8c,1140143,numericid-WORD,1,False
part_3/3827306090663467-1 DOLLAR.mp4,part_3/3827306090663467-1 DOLLAR.mp4,1dollar,e579c40dd418c01a8ea522f464852cb7774a17dd6ae27d33623c0454d572637a,557667,numericid-WORD,1,False
part_3/3828391878319799-SUSHI.mp4,part_3/3828391878319799-SUSHI.mp4,sushi,dcd30940acbf92164b0a7b02b65820b17122a97079f6cc55e11b5bfbd5368ee2,334821,numericid-WORD,1,False
part_3/3835325029953278-PUNISH.mp4,part_3/3835325029953278-PUNISH.mp4,punish,2dee5bc8909b53f14ec535d18da54de7af80f653439bcc85c7f10e4633409a07,575208,numericid-WORD,1,False
part_3/38374953389283006-WINK.mp4,part_3/38374953389283006-WINK.mp4,wink,8b305c79de50a9a9a7f9bdce44af6f7cabc1b78a171c13e770753bf8b30fe641,728882,numericid-WORD,1,False
part_3/38504975507172157-ROOSTER.mp4,part_3/38504975507172157-ROOSTER.mp4,rooster,81ea750b31be4132ee72585a22370a9baf0b983701bbfae1346b7bc184e8303e,1348606,numericid-WORD,1,False
part_3/3854547330374838-FRIENDLY.mp4,part_3/3854547330374838-FRIENDLY.mp4,friendly,95fe7dc836d87d0ba82f6ce5479892846092a62b4b11106f514b890d3aee1673,477680,numericid-WORD,1,False
part_3/38545963253984183-seedDONT LIKE.mp4,part_3/38545963253984183-seedDONT LIKE.mp4,dontlike,a111afc20eebb6de121ada94c6ddc28c63ec587eea100b2b5d0c8fff2e741303,932708,numericid-WORD,1,False
part_3/3855380474638097-INTELLIGENT.mp4,part_3/3855380474638097-INTELLIGENT.mp4,intelligent,aaa71fffb308f6dae4beffe535d3147ecc136af5d55e64f89294f2c73e141dc0,592933,numericid-WORD,1,False
part_3/385566161431139-NURSE.mp4,part_3/385566161431139-NURSE.mp4,nurse,84ee8d370eb442c27cc286d71be6f8a856d45ff6e39839765432eaf968bffbbb,995187,numericid-WORD,1,False
part_3/385827015242425-AWAKE.mp4,part_3/385827015242425-AWAKE.mp4,awake,5e28f91f6ea5407f85cb3a712c5c359ade6f6a68a62f444ac6e5825376f5b914,279908,numericid-WORD,1,False
part_3/38620841892855107-CAMEL.mp4,part_3/38620841892855107-CAMEL.mp4,camel,3e7e5faad7fce368415b973bdf52dd071c3f3e9dde91764c2dce6ee39c2d5c89,506254,numericid-WORD,1,False
part_3/3862694352862781-CONGRATULATIONS.mp4,part_3/3862694352862781-CONGRATULATIONS.mp4,congratulations,94f2583d497bb76bdbc7b227835a17ead718c4a450c392d4b1cff3597c1a228c,487415,numericid-WORD,1,False
part_3/3863068160833265-ENGINEER.mp4,part_3/3863068160833265-ENGINEER.mp4,engineer,a0c0cb1ac852b1381c6f72dd7ae993ecc08994bedb522e04b73db2b3094efdc8,673323,numericid-WORD,1,False
part_3/3864598272222315-STINK.mp4,part_3/3864598272222315-STINK.mp4,stink,d9257f2b0717887c89a5c4844cff558d6ab6e13cf67ed2b438573bc82ff6e456,338429,numericid-WORD,1,False
part_3/3873300449534989-WEAK.mp4,part_3/3873300449534989-WEAK.mp4,weak,b48df31d5629b422def82ddc70683cb3e5a92ac7669365196743af1ff81c967d,502875,numericid-WORD,1,False
part_3/38780893871249833-CONTACT.mp4,part_3/38780893871249833-CONTACT.mp4,contact,8180e8a32b3bba69f432ce983d6e1aec7aa9558453d2ad8327adce744ded42f3,379816,numericid-WORD,1,False
part_3/38836319428880084-COVER UP.mp4,part_3/38836319428880084-COVER UP.mp4,coverup,83093e98ad9d853a09253700dd0b96fa864a4a4c8cea467c5037a55c136cc04d,437798,numericid-WORD,1,False
part_3/3884910276078688-NOT INTERESTED.mp4,part_3/3884910276078688-NOT INTERESTED.mp4,notinterested,c5423550c6037d68c0543284f59aecf485d8c457ca6e9815df6932781014f19f,583894,numericid-WORD,1,False
part_3/38983732706814034-seedNAKED.mp4,part_3/38983732706814034-seedNAKED.mp4,naked,d42b3f8fc5c3c9ef1be1d1b194312679c09719f37196243e34e26513b6741645,681238,numericid-WORD,1,False
part_3/390710289933893-SKI-CA.mp4,part_3/390710289933893-SKI-CA.mp4,ski-ca,164157da91ad671960a6d67face3a6041343db540d4a739c5800384c6ae568f3,815615,numericid-WORD,1,False
part_3/39072948576699607-COLD.mp4,part_3/39072948576699607-COLD.mp4,cold,8c0c4dcdc78e7f11a826ed43d2351b45292897be97decfab636b7abd73c0fea4,1146113,numericid-WORD,1,False
part_3/3907480152359877-RESCUE.mp4,part_3/3907480152359877-RESCUE.mp4,rescue,f6bf9eaa511309d5c97e813cac073741980d434bfda890ec108115aad7af38fd,1179037,numericid-WORD,1,False
part_3/39099691047106244-SWEETHEART.mp4,part_3/39099691047106244-SWEETHEART.mp4,sweetheart,1fa6b17e3bce616a4d5daa23c33c2176649f6af847a2cf23624bf1e7d8596dfe,497249,numericid-WORD,1,False
part_3/39103799748443624-SUCK THUMB.mp4,part_3/39103799748443624-SUCK THUMB.mp4,suckthumb,0cf80b8aa64158c9983b6342d11a54ca998b432dea1f3e586bd5fa8aed904f0e,1201455,numericid-WORD,1,False
part_3/39309016254397533-BRIDESMAID.mp4,part_3/39309016254397533-BRIDESMAID.mp4,bridesmaid,44ecbbc0ceca6040b2710b1e17abf49bc6224bccb5e414ebd554f35ca2418d85,556615,numericid-WORD,1,False
part_3/39337440975420757-TENT.mp4,part_3/39337440975420757-TENT.mp4,tent,ad9fb81223811af2780c41d88a78e0552e9e44ef6c65649cfc4fcb40152ea778,536245,numericid-WORD,1,False
part_3/39360373168973983-SISTER.mp4,part_3/39360373168973983-SISTER.mp4,sister,cd1470e82c84f22129cd5918550da00bd421bd1e66cf9686897636f7c928cc85,317679,numericid-WORD,1,False
part_3/3936866446113585-FUNNY.mp4,part_3/3936866446113585-FUNNY.mp4,funny,2fdda1eee1ef23fa145e6e22cf4e6c1f019ebcc850c3cd857a8a9fbe714e3245,495057,numericid-WORD,1,False
part_3/3937326036464417-TEACHER.mp4,part_3/3937326036464417-TEACHER.mp4,teacher,0ad9ce820f94756cfd9011b2537eeb03f5ed34175949ce676c3f6a990286e067,605281,numericid-WORD,1,False
part_3/3937798555797676-THINK CHIN.mp4,part_3/3937798555797676-THINK CHIN.mp4,thinkchin,f418da4b3290248fe6bdbe6b1f1bdb40ac47a1bd5f912283b6234ac401971f42,1174301,numericid-WORD,1,False
part_3/39425185396252194-GRENADE.mp4,part_3/39425185396252194-GRENADE.mp4,grenade,a399a58f28433fa40a8309580d57be1299fe15b887ed0cd61e84045293f0803d,594283,numericid-WORD,1,False
part_3/39432446802503174-SIX.mp4,part_3/39432446802503174-SIX.mp4,six,526e85f5b0043c74dbd4e60dc8ffefd74c1dbe8daf211049149c123d70abbf0e,588466,numericid-WORD,1,False
part_3/395104563048577-CAROUSEL.mp4,part_3/395104563048577-CAROUSEL.mp4,carousel,0d05c6a5db5b02be1a47a108981d7658a5a71ec6d43d5b3ebb583b579876b067,556206,numericid-WORD,1,False
part_3/3951869445515712-CANCELLATION.mp4,part_3/3951869445515712-CANCELLATION.mp4,cancellation,9ceb548882b2fadab2bb60a57ef3652867b9c1fcb82cb22dd7a4cba47b162cac,370219,numericid-WORD,1,False
part_3/3952891828786964-HIGHLIGHTER.mp4,part_3/3952891828786964-HIGHLIGHTER.mp4,highlighter,504428649b6a25c4627d73ec0d5468ae60c232ac16bdc9f7088fbdb41e6c3cd4,530195,numericid-WORD,1,False
part_3/39652459676285323-NAPKIN.mp4,part_3/39652459676285323-NAPKIN.mp4,napkin,fb6f3ce570d68d79d3b786395ce320210bdef6ea80d0a67ef8d52e2ab3130a76,744728,numericid-WORD,1,False
part_3/39653797772060484-DEPEND ON.mp4,part_3/39653797772060484-DEPEND ON.mp4,dependon,e110b645e6d637584bfc37de203ed12d3c933d49c02be9f53a3466a63d7a0479,382771,numericid-WORD,1,False
part_3/39681434831052087-UMBRELLA.mp4,part_3/39681434831052087-UMBRELLA.mp4,umbrella,0ee23beb0f16b8d67bbbd0d9ae47fcc018c13d278d53cdac2a7e8d01e078eb97,866205,numericid-WORD,1,False
part_3/3969659858373005-CHIN 2.mp4,part_3/3969659858373005-CHIN 2.mp4,chin,88449be63d2dba1805b4618f49a6196c669f9884628a902c97a7434038a7400f,522645,numericid-WORD,1,False
part_3/3970802113068208-ARCHEOLOGY.mp4,part_3/3970802113068208-ARCHEOLOGY.mp4,archeology,29fdc8a12f0ddec0768b8983accfc1101684caa6dc65232f345fcfd3d6c4020f,946787,numericid-WORD,1,False
part_3/3971637067514109-SUSPECT.mp4,part_3/3971637067514109-SUSPECT.mp4,suspect,4f39de8ff9e0b4808610c1050fc9fd0dadcfae8eaeb2d6e4a75337f195eca7c8,173344,numericid-WORD,1,False
part_3/3973381149037627-DIE.mp4,part_3/3973381149037627-DIE.mp4,die,5f65b1d299d9a8d8e248a42104582bbec88937ccd9b1eceb2ee1b1e1dc9dcce1,634847,numericid-WORD,1,False
part_3/3979542273376353-DIFFERENT.mp4,part_3/3979542273376353-DIFFERENT.mp4,different,bd1b3585aa633515a88a03e8f64d65387d70ed67f140c9899eb325df19acb29b,805836,numericid-WORD,1,False
part_3/39908142454870754-EXCUSE.mp4,part_3/39908142454870754-EXCUSE.mp4,excuse,033cc61ac114dc22eefcb279a834810c136c8c137606218deaa5d9602f023cf5,515908,numericid-WORD,1,False
part_3/39927559578150507-MURDER.mp4,part_3/39927559578150507-MURDER.mp4,murder,abf00eaa2c4d74b3c72303618134a8cccb640c6c1bc2de10439ac7dff5615edb,401300,numericid-WORD,1,False
part_3/39934854159376854-PAGEANT.mp4,part_3/39934854159376854-PAGEANT.mp4,pageant,e80b77a53db168b6b52b1039e4338942d68e811269cd3d7d5e336b1850a43eb8,449337,numericid-WORD,1,False
part_3/39940658628495873-SQUIRREL.mp4,part_3/39940658628495873-SQUIRREL.mp4,squirrel,2cba3f2d7b923c162e95169b77bd840969e159b82f9297bd43649fabf629ff6e,439220,numericid-WORD,1,False
part_3/39954876611509205-seedBIND.mp4,part_3/39954876611509205-seedBIND.mp4,bind,7bfa357dbc1af500ca24fa841160f5c6fafae252d4d9e55d507bd283a76f6790,755616,numericid-WORD,1,False
part_3/400257620695744-VAIN.mp4,part_3/400257620695744-VAIN.mp4,vain,e3994144846961dab76c1d3db2409f100f7877467bc00316992e5fcedb7faa0b,926080,numericid-WORD,1,False
part_3/40039219798906656-FRANCE.mp4,part_3/40039219798906656-FRANCE.mp4,france,e590799d2f6fd12ba2355e2c2ee99ab702abbbe5a01e789b2458d5db28eb1ca6,527142,numericid-WORD,1,False
part_3/4009403117629111-INSTEAD.mp4,part_3/4009403117629111-INSTEAD.mp4,instead,9d34e7d7c144b6c1698545fd9832b190c33a5021c7d7f9869824e193ea52b92f,572874,numericid-WORD,1,False
part_3/40349660956218725-SPECIFIC.mp4,part_3/40349660956218725-SPECIFIC.mp4,specific,0de96e8d167faf01a0481d5d17c61c473a1352a298e9d0978cc8b603e4363a61,466383,numericid-WORD,1,False
part_3/4040714224068509-PITY.mp4,part_3/4040714224068509-PITY.mp4,pity,7d17b28562d640d60252a01d974f8309e53b563b8bb9a7ff264bf2ca4c4a19fb,647930,numericid-WORD,1,False
part_3/404319922667568-PEEKABOO.mp4,part_3/404319922667568-PEEKABOO.mp4,peekaboo,6ac5bdaa49958f1ad42f2884d8dc93ef0d4319681187e161567b15e786392282,741256,numericid-WORD,1,False
part_3/40461766637070795-COVER UP.mp4,part_3/40461766637070795-COVER UP.mp4,coverup,7f926466911c8439b36818e7c96c74416965dc8a76d335ef19680c1059bbe34d,338733,numericid-WORD,1,False
part_3/404670456586959-NOW.mp4,part_3/404670456586959-NOW.mp4,now,a4f9b0360a6379217dcba7c73812c966d49a9156182145176be095b95ecb82d1,408633,numericid-WORD,1,False
part_3/40502670406990116-seedCIGAR.mp4,part_3/40502670406990116-seedCIGAR.mp4,cigar,74a9ff08eadb84e2e3b246dd23dd37c0bfde0ab21c1af4b2d471a90a87fe51ac,917369,numericid-WORD,1,False
part_3/4055061458158007-RUDE.mp4,part_3/4055061458158007-RUDE.mp4,rude,b1cb8392fea9db06219fc80f0de0a69bcd1f5d676b72ddeca92a778def557e1c,586401,numericid-WORD,1,False
part_3/40591662182136146-ONION.mp4,part_3/40591662182136146-ONION.mp4,onion,24213b3ca8d6c460c063dfe351107598b4f55bcd078368b2da4c349fc245bf20,600358,numericid-WORD,1,False
part_3/40599977168714196-MUSTACHE.mp4,part_3/40599977168714196-MUSTACHE.mp4,mustache,66773a4c7e72ea3b962cc7f691fc1890b9b6909830de4c8af1d4ce3ad6a27675,438247,numericid-WORD,1,False
part_3/4060290285689341-EASY TO_DO.mp4,part_3/4060290285689341-EASY TO_DO.mp4,easytodo,b84dca3a53d92f370e39814e432e607cadfde105ff512767d4052ba052957a98,618878,numericid-WORD,1,False
part_3/40638751221237435-SSHH.mp4,part_3/40638751221237435-SSHH.mp4,sshh,fd49deff75f39e7164c7c3449135801d7d903cc9097dd43c4833da53969dbdfd,304210,numericid-WORD,1,False
part_3/4065009791471248-TODAY.mp4,part_3/4065009791471248-TODAY.mp4,today,e2999f8a7f322db5ad97a24a9ff1c29059c67da91345bb2361bf6fa310e3dfae,452787,numericid-WORD,1,False
part_3/40652817246538375-ASSIST.mp4,part_3/40652817246538375-ASSIST.mp4,assist,7458f4984943c1c1172779e68783284dbaeb75d9481b533e4c0e92e8143fba70,376042,numericid-WORD,1,False
part_3/4066086933377757-COOKIE.mp4,part_3/4066086933377757-COOKIE.mp4,cookie,b0d4ab06ad6c524d9094429f2e32197c0d40b84bd109c656b7bb9fb6ed54330a,506250,numericid-WORD,1,False
part_3/40742409105706634-GRIEVE.mp4,part_3/40742409105706634-GRIEVE.mp4,grieve,b5ec9de544afc89a53482131f8d0adaf447c04ee82f8a92e92f09f4f778ed4c9,898019,numericid-WORD,1,False
part_3/408010215031793-VOICE.mp4,part_3/408010215031793-VOICE.mp4,voice,7bd2a32b5fdb8470b8b695e6fe7f93cc0e4c8bf04be042ac6fff00033c249a5e,360914,numericid-WORD,1,False
part_3/40836576124732393-HEARING AID.mp4,part_3/40836576124732393-HEARING AID.mp4,hearingaid,c50790e563b8ba0b7c504bcc4417cb8909af0f12a6fe82aac90df33b11fb0fd1,355748,numericid-WORD,1,False
part_3/40895058487061586-FORFEIT.mp4,part_3/40895058487061586-FORFEIT.mp4,forfeit,156bfa10b3686c0cb0584f9c25e5b33f36ade9ed284b3ec149d0351035d18d91,778166,numericid-WORD,1,False
part_3/4098284940336048-VILLAGE.mp4,part_3/4098284940336048-VILLAGE.mp4,village,5985a66e9d5e49681bb8e0699e9b9e9f038a871cf334b04f4246077840f9161a,1267838,numericid-WORD,1,False
part_3/40989966700769687-NOT USED_TO.mp4,part_3/40989966700769687-NOT USED_TO.mp4,notusedto,283fa9a02fe9fa25ed9db36e9b00b3b4d5aba614d04b2984bd543e0ce07759c0,619847,numericid-WORD,1,False
part_3/4101890148556435-PLATFORM.mp4,part_3/4101890148556435-PLATFORM.mp4,platform,c87ed883e3d25f22836ba2d8c323176cf6faabd97340c383176030a0d559f211,508188,numericid-WORD,1,False
part_3/4104151735517172-DATE.mp4,part_3/4104151735517172-DATE.mp4,date,26e3f7003dc9c3276ec1a7c37932ab5eacbc2dfe8a4f01acf1c067043d767cb1,366671,numericid-WORD,1,False
part_3/4105350698172987-TAPE.mp4,part_3/4105350698172987-TAPE.mp4,tape,701fc2e475a178d5ce4a08dbfd8ac90967d5cb3c8f805495dc9f8aed9a05c66a,1301684,numericid-WORD,1,False
part_3/4106995086880172-CONTACT LENS.mp4,part_3/4106995086880172-CONTACT LENS.mp4,contactlens,cd48f68247d7790e8bb2c21d5c2107244e919a0b8e67a12881e2a47e7a5dd462,558485,numericid-WORD,1,False
part_3/410738648613143-KEEP.mp4,part_3/410738648613143-KEEP.mp4,keep,7e036e060c8993e763dfc7c24dc620bee8deb1163b091e909364e5599543efd3,474168,numericid-WORD,1,False
part_3/4109266145112127-PICNIC.mp4,part_3/4109266145112127-PICNIC.mp4,picnic,23505c24281ef29148549552972d3d1cac5d5d4d2283ca57675f6a68df850486,358039,numericid-WORD,1,False
part_3/41098649268419307-8 HOUR.mp4,part_3/41098649268419307-8 HOUR.mp4,8hour,ab262748f3da3e918ad94035c26637fec56d00ddf8075bd7a6469ee592ad7c2c,723958,numericid-WORD,1,False
part_3/4117070918339236-NONE.mp4,part_3/4117070918339236-NONE.mp4,none,9eaa602a5544d6f2dba29af801d2df5da500b5ddced4e10ddd2220029faaf85b,665370,numericid-WORD,1,False
part_3/41195604220369586-CLOSE.mp4,part_3/41195604220369586-CLOSE.mp4,close,1743e4b9a6bf90afe2f5392eca7fa016632d71e1791efb22c7f792d34530c212,494155,numericid-WORD,1,False
part_3/4119588961049374-CUT REMOVE VID.mp4,part_3/4119588961049374-CUT REMOVE VID.mp4,cutremovevid,e16ac3ec81bdf3d34ab5da74f8d10ca471d2b0cc9cd6dc772ffd4f43edc9693a,437159,numericid-WORD,1,False
part_3/4135844634037704-GO THROUGH.mp4,part_3/4135844634037704-GO THROUGH.mp4,gothrough,7e770aae22ed53496262f8d0cbc43cb20f38085b869201a51b52a1372ce1eb56,577257,numericid-WORD,1,False
part_3/41366895260587966-INSTITUTE.mp4,part_3/41366895260587966-INSTITUTE.mp4,institute,f4b1521c927e2b1a24b3f0a5d73ffbaad411a0fbabd19ef9cd63997ebe0f3158,629127,numericid-WORD,1,False
part_3/4138143332641113-ROAST.mp4,part_3/4138143332641113-ROAST.mp4,roast,178980fbc59f32e9e013c1e56590c99982e48d9e3fd02f68634b4ec566dd346a,925220,numericid-WORD,1,False
part_3/4147060757530827-DISLIKE.mp4,part_3/4147060757530827-DISLIKE.mp4,dislike,66b603ea011a40aea14caba1c5f205dc72b78a9298f5cca839f6d4ffdc2eda18,324181,numericid-WORD,1,False
part_3/41495711110846956-HOE.mp4,part_3/41495711110846956-HOE.mp4,hoe,af12cfc082b33f9c59b67f537364756d8a075eb68fbe214d4c72c77566f28bda,1353711,numericid-WORD,1,False
part_3/41518796326029683-seedSNAKE.mp4,part_3/41518796326029683-seedSNAKE.mp4,snake,003953c3a2d72ce6af42d8806c096240e3b4aecf9263b708207423a914d5a300,986336,numericid-WORD,1,False
part_3/4159038427452184-DONT WANT.mp4,part_3/4159038427452184-DONT WANT.mp4,dontwant,2f7d0d0f900b335cf25698c4205728ca5ed1be96177019167467aff510525f10,663126,numericid-WORD,1,False
part_3/41666046500884324-CLEFTCHIN.mp4,part_3/41666046500884324-CLEFTCHIN.mp4,cleftchin,a43d30f547a4c0926827b6c483dcc2b39d53b171a981c2ab8d035a210bedfa30,479136,numericid-WORD,1,False
part_3/41720255599518996-MCDONALDS.mp4,part_3/41720255599518996-MCDONALDS.mp4,mcdonalds,78d0293e56466d3db58efcf0da7b7f721e40757655a805043ca322caeba78e50,525457,numericid-WORD,1,False
part_3/417315353580358-VLOG.mp4,part_3/417315353580358-VLOG.mp4,vlog,d584437175950a31eb5f3ef562f4b920acf12d60c9c43c06eff326dbb8f4805e,624109,numericid-WORD,1,False
part_3/4179731431165592-REMOTE CONTROL.mp4,part_3/4179731431165592-REMOTE CONTROL.mp4,remotecontrol,6948f8fe9dabbb3293d26b4b3ec4a2deb34c5cff1270e483d3e6279f8243ba49,492915,numericid-WORD,1,False
part_3/4181502606400014-SERIOUS.mp4,part_3/4181502606400014-SERIOUS.mp4,serious,6882fa0cdae2f063107da1780f149ba2a684b31ee3ad751e16b6fda10cf91d4e,248074,numericid-WORD,1,False
part_3/4181726044571832-DREAM.mp4,part_3/4181726044571832-DREAM.mp4,dream,8e6d691b5b448a188bbbce518f1b42ac4bc624b6a8612885a2f85356dfc2ab39,355545,numericid-WORD,1,False
part_3/41850154065199363-SKI-CA.mp4,part_3/41850154065199363-SKI-CA.mp4,ski-ca,b202f81930f0fee546797381b4a882d3d3b46a7c8781d095e7629eb387aeef18,595272,numericid-WORD,1,False
part_3/4185441589753509-MONKEY.mp4,part_3/4185441589753509-MONKEY.mp4,monkey,5d1c9c75805ec6924c3b0e89bfeaafefe39dc289f10b45438bd2569c2b843465,464170,numericid-WORD,1,False
part_3/4189414988013689-BUMPY.mp4,part_3/4189414988013689-BUMPY.mp4,bumpy,65c5610ece6a9dcac3b80753a808ac6f529fbfcc06f60eba3e3258759dde3e80,608913,numericid-WORD,1,False
part_3/418994738151502-MOSQUITO.mp4,part_3/418994738151502-MOSQUITO.mp4,mosquito,72468ad13ffccb638573a7f569ab23221e6e08a67f5e36e7b13d4baa86ed14dc,510345,numericid-WORD,1,False
part_3/4193751115704505-PARK.mp4,part_3/4193751115704505-PARK.mp4,park,7119dd054adf06bbed3bbc1f87ab8201fabff93367be2ef58b14e521c966de34,498978,numericid-WORD,1,False
part_3/41939881353624053-RACE.mp4,part_3/41939881353624053-RACE.mp4,race,52bddfe765dabbdf202d6f23f779b08a4888474a3760609a86e3e5619d19b3bb,519813,numericid-WORD,1,False
part_3/4195422371999784-CLOSE EYES.mp4,part_3/4195422371999784-CLOSE EYES.mp4,closeeyes,38367d4f66bf8d3ab8198dfa17d87e936038c1cae732e01f7e6cac7cb992ab51,596745,numericid-WORD,1,False
part_3/4197770326170689-BEFORE.mp4,part_3/4197770326170689-BEFORE.mp4,before,6d9bffb0834ec91f15b1ecb2094a0b8a4e7a281186b30dba1d0f5eb0678a2ac5,727766,numericid-WORD,1,False
part_3/4198176200549266-DRESS UP.mp4,part_3/4198176200549266-DRESS UP.mp4,dressup,90404c2d913ed7a833d46ff033c4e85de4ffb6c4f471b0a7443de703da3d2dd4,388639,numericid-WORD,1,False
part_3/4200856674768396-SEVERAL.mp4,part_3/4200856674768396-SEVERAL.mp4,several,8e1af7da41b1e871004c8b73e8bf7e930c878bf65152eca80aa3d72acccdb3c0,438626,numericid-WORD,1,False
part_3/4202312257362306-DAUGHTER.mp4,part_3/4202312257362306-DAUGHTER.mp4,daughter,e27e65e2775fdebee8320bd0429d5183fcf8f7356f695ce58deda7976417eb5a,1194045,numericid-WORD,1,False
part_3/42062102594500606-ELEVEN.mp4,part_3/42062102594500606-ELEVEN.mp4,eleven,4d0c5f9c7bbd280abfce5bdac1c26e211ab90098a9e0c57efe7f4228ed2da861,372558,numericid-WORD,1,False
part_3/42100777681101187-HOWL.mp4,part_3/42100777681101187-HOWL.mp4,howl,d75244104cf33aa4e47890f4f50cfac23c2049c860b9014e3dcb7fcf8551060c,488097,numericid-WORD,1,False
part_3/42101651107250193-A LITTLE BIT.mp4,part_3/42101651107250193-A LITTLE BIT.mp4,alittlebit,7af358ab3c9035099e0ee5831fdf6cff6a257e5bbfab66a1d320229a059f4471,675629,numericid-WORD,1,False
part_3/42105578748488104-BOLT.mp4,part_3/42105578748488104-BOLT.mp4,bolt,dbf842bb54d927c0cb14ee11836a5d9aeff651054f3603dc8075ebcdc6a644c3,697408,numericid-WORD,1,False
part_3/421084321064648-BOMB.mp4,part_3/421084321064648-BOMB.mp4,bomb,c714ad249bfd4c47f7964a98a6c081145de59b20489141eca3c2e67b2fd342dc,523944,numericid-WORD,1,False
part_3/4211879723345817-FREEWAY.mp4,part_3/4211879723345817-FREEWAY.mp4,freeway,29a1520de11418831861ae9e9076f46b1d77e8d53064aca498470a48fb939d3e,569247,numericid-WORD,1,False
part_3/4216474320343584-seedDRUM.mp4,part_3/4216474320343584-seedDRUM.mp4,drum,82743e462d055b16e3bc5dc7ff578f7947a5b80ceaab43abcfd0f5c159fcfa0d,890362,numericid-WORD,1,False
part_3/42181828799578835-CHALLENGE.mp4,part_3/42181828799578835-CHALLENGE.mp4,challenge,ea3b93be435c7e5864b11afe1d37e043374f6bbf940ca523b70c7e8aa86fbf34,381630,numericid-WORD,1,False
part_3/42203686586778355-CEILING.mp4,part_3/42203686586778355-CEILING.mp4,ceiling,f19075f7502cf413f9a6ac68742ab79d319125f792cc5ccc963c0aab1b80a378,434145,numericid-WORD,1,False
part_3/4223618248504115-WHERE.mp4,part_3/4223618248504115-WHERE.mp4,where,ca470edda954a911d91c06bfea20f2e99b7fff47341d0e77280440898d92d50f,594616,numericid-WORD,1,False
part_3/4223885956643818-REACH.mp4,part_3/4223885956643818-REACH.mp4,reach,fada1ad02c4b6177e490b2cc66fb17271961b631244b790d28a928f6feed3ce4,594667,numericid-WORD,1,False
part_3/4225094814556405-SPACESHIP.mp4,part_3/4225094814556405-SPACESHIP.mp4,spaceship,d7aa8d017ef4680e4043c221c60a9609a943d21e08f736b5c75c3063adb8f94a,552811,numericid-WORD,1,False
part_3/42328787474025154-REGULAR.mp4,part_3/42328787474025154-REGULAR.mp4,regular,ba582851683ec6da485e4dfea604274ee222b225c13eeccf44efbe67532e026d,487277,numericid-WORD,1,False
part_3/4240616674706319-CLOSE EYES.mp4,part_3/4240616674706319-CLOSE EYES.mp4,closeeyes,768eba6e17dea6c9ca1a2cae54cb772160f7df210e5957ac3036fc40da960d12,536680,numericid-WORD,1,False
part_3/4240636277482004-NERVE.mp4,part_3/4240636277482004-NERVE.mp4,nerve,92dd58295964cc36e9e9fc69ace5606e966b509409ae0e9f6771d40f7741e19f,501347,numericid-WORD,1,False
part_3/4243347380620037-LOVE.mp4,part_3/4243347380620037-LOVE.mp4,love,cb330b06764f076b0550c1e924b11dc1d5e70e1cce3cc1c9f19726420e4129db,1456649,numericid-WORD,1,False
part_3/4243943671256212-ABBREVIATE.mp4,part_3/4243943671256212-ABBREVIATE.mp4,abbreviate,0fbc3cf1e4566c2fc0f713190b6dbf11fce92d368d1c296617def09f01beeff8,284710,numericid-WORD,1,False
part_3/4244698704791745-HEADACHE.mp4,part_3/4244698704791745-HEADACHE.mp4,headache,5ac0bc662e43628386c808da7100912997e3d925f0a4ab5d07ef180d2800b91d,1360234,numericid-WORD,1,False
part_3/4249061423333764-YEAH.mp4,part_3/4249061423333764-YEAH.mp4,yeah,ddcd899510a23fca62df388319fcb4e1866c6031feb71da6615763d45f284189,614038,numericid-WORD,1,False
part_3/4252749551716435-BULLSHIT.mp4,part_3/4252749551716435-BULLSHIT.mp4,bullshit,977cdc06f34a8c5b933f6e25a1e1b3e9d673b4c4c860d155332cb8b3683a91c1,600764,numericid-WORD,1,False
part_3/4254745362640804-FRUIT.mp4,part_3/4254745362640804-FRUIT.mp4,fruit,6ef25b6edabdb1a629cb4d1ab108024464b6040331eadc577aac01fa92000030,585730,numericid-WORD,1,False
part_3/42610479482376906-WASH HANDS.mp4,part_3/42610479482376906-WASH HANDS.mp4,washhands,e0bab56d16ef2284a1c40960f0c0de0e1df9a7d76966557ec195b277b7a46963,554678,numericid-WORD,1,False
part_3/42650319894665367-DILEMMA.mp4,part_3/42650319894665367-DILEMMA.mp4,dilemma,14ea574cc19d4a841f4ebde4c16e961445c7c9911b97d84080cbce5b50063bac,574461,numericid-WORD,1,False
part_3/4266922092249985-BRING.mp4,part_3/4266922092249985-BRING.mp4,bring,31430e7a1c97ff60fe5a6c8df23a41ed3bc32da28d62919a8c63edff8a71cdac,419003,numericid-WORD,1,False
part_3/4268014481665676-seedOPPORTUNITY.mp4,part_3/4268014481665676-seedOPPORTUNITY.mp4,opportunity,ed23a965ab26dfb237d4395d826e72860ea1ecc49a6e530b914ba3d11a2bf66f,1090279,numericid-WORD,1,False
part_3/4272254527792845-PERSISTENT.mp4,part_3/4272254527792845-PERSISTENT.mp4,persistent,1048ce270ae541a841cc96c6e2f360ae0c668741c25d192eff6bcb1d62fd0f75,521935,numericid-WORD,1,False
part_3/4277002796751932-MARCH.mp4,part_3/4277002796751932-MARCH.mp4,march,174a4691386e3493ca7aaa100bf52e57916355d24cd222a9bb6d42d63fdf8e47,626965,numericid-WORD,1,False
part_3/42788781167615575-FANTASY.mp4,part_3/42788781167615575-FANTASY.mp4,fantasy,1141b0a6c7e2a0919afce07cbd2c152a86839779d56a9695b117cc078fe2edb0,1165675,numericid-WORD,1,False
part_3/4285498435513857-OFF THE_POINT.mp4,part_3/4285498435513857-OFF THE_POINT.mp4,offthepoint,6057681e1c815fcb69876cc9fc2b277d8f25de513c0f41c843f55b7f48bbbbd6,446149,numericid-WORD,1,False
part_3/4293528983788548-BLOOM.mp4,part_3/4293528983788548-BLOOM.mp4,bloom,3122e3a4051c9da57a65c341e6bf7defdbc2223e855448a1b5092e70df7d4d70,309913,numericid-WORD,1,False
part_3/42938123075771184-WALLET.mp4,part_3/42938123075771184-WALLET.mp4,wallet,088a3816bf8487d90a6e071ae56db671416ba2fb1231f1d26284349033c3f269,529862,numericid-WORD,1,False
part_3/4294494165993583-INTRODUCE.mp4,part_3/4294494165993583-INTRODUCE.mp4,introduce,07cca2b15b91314d2d28daf5cebb98f0272d9dda738bfeacc7c5b1bf0662d3db,404443,numericid-WORD,1,False
part_3/43016432877599997-HUNGRY.mp4,part_3/43016432877599997-HUNGRY.mp4,hungry,137bf17ec40282d04e9463bcfaf5d3ccd437862f84661ed7bf40ed9e67784271,481174,numericid-WORD,1,False
part_3/4311687680889107-POWDER.mp4,part_3/4311687680889107-POWDER.mp4,powder,3b341428df8fa0d467b14a95cd778280723a01c37c55e382a6131e96207ae691,753591,numericid-WORD,1,False
part_3/4317924942761133-PRETTY.mp4,part_3/4317924942761133-PRETTY.mp4,pretty,b9f5996a90237a2647f7fe1fb4d0b8d5c7cf16a41a3e7dd94c45c160045ecc05,342441,numericid-WORD,1,False
part_3/43211526476120365-PARENTS.mp4,part_3/43211526476120365-PARENTS.mp4,parents,3755a7910c909a18fa7ddc1a5ac945e5e0464021dcfb0739ae603a60483752b8,268805,numericid-WORD,1,False
part_3/4334102281052954-STUMBLE.mp4,part_3/4334102281052954-STUMBLE.mp4,stumble,5603c8c999a5d6718604f0fed97c5c9dea23cfd73f6aa37cd73b5dc51ac4f719,488225,numericid-WORD,1,False
part_3/4334982896949342-CHARGE.mp4,part_3/4334982896949342-CHARGE.mp4,charge,43e60bfc427055bc0f40343f0367dfb6e6c7bc83d5283cc5b509b8e6f2fb5136,589390,numericid-WORD,1,False
part_3/43375070344921074-AMAZING.mp4,part_3/43375070344921074-AMAZING.mp4,amazing,28e89bbbfc1c0e2139744b2fd30d52faac8edca89fb06cfc76ec22e39a6cfefc,709444,numericid-WORD,1,False
part_3/4342737241901915-SEE.mp4,part_3/4342737241901915-SEE.mp4,see,46d9ae12e622ad52fe0fdf6b1bcbab333acfc703180a0eb4e1b4de90f3e4ba2d,571355,numericid-WORD,1,False
part_3/43434482356521453-LEARN LESSON.mp4,part_3/43434482356521453-LEARN LESSON.mp4,learnlesson,fc8f16b87e48f9187a8102d88f6526e854c1355b503157c13673379a8e71f70c,514104,numericid-WORD,1,False
part_3/43449941450139606-AUTOMATIC.mp4,part_3/43449941450139606-AUTOMATIC.mp4,automatic,aa9078ec1ab23fce57d374dfe4493aab9b18d30292224597ef97106419d933c3,338942,numericid-WORD,1,False
part_3/434548614170295-POINT.mp4,part_3/434548614170295-POINT.mp4,point,021c3b100d4198ce5ba85695543de6733dd225c84118fd70478c9eb81dd1bf38,633972,numericid-WORD,1,False
part_3/434814466410546-CHAT.mp4,part_3/434814466410546-CHAT.mp4,chat,5124010737d0dc972134c13852deb7a6bbf3f04e200ee44c29586ab26feec64e,343404,numericid-WORD,1,False
part_3/4354447421970724-FIRED.mp4,part_3/4354447421970724-FIRED.mp4,fired,6adeee10005b158af849d1e68b9cad0b7189db5e91a690921a7233024d0d8a53,745952,numericid-WORD,1,False
part_3/43548564331494055-LEAK.mp4,part_3/43548564331494055-LEAK.mp4,leak,0d4ebf704a6287d0c16bd68a35be96bb1a73ff54b5cf4783054def9c2a5d4135,341479,numericid-WORD,1,False
part_3/43553473692647326-DIAMOND.mp4,part_3/43553473692647326-DIAMOND.mp4,diamond,c9fbd28c457ea079b8ddcd74e2b80524f94d07d9de6e6fa62a8fc11d1025c81e,478987,numericid-WORD,1,False
part_3/43620306429573485-COME HERE.mp4,part_3/43620306429573485-COME HERE.mp4,comehere,e4e1a80acfff2284c55c637f7f7fbc8c698df2dbd4779765fb36755b593effaf,922920,numericid-WORD,1,False
part_3/4363241524320469-FINGERSPELLING.mp4,part_3/4363241524320469-FINGERSPELLING.mp4,fingerspelling,539cf5f48c2d8e56b3b208edefe54dc8f7b61be4c43f61f4d0364dd928ea9f17,1143502,numericid-WORD,1,False
part_3/436665189232498-GOLD.mp4,part_3/436665189232498-GOLD.mp4,gold,e0bb9270062924b2ee954a111d12269b6ce8931e6fdd9e0c11ff8dd2dda08e6d,632423,numericid-WORD,1,False
part_3/4367002172710075-ACCOUNTANT.mp4,part_3/4367002172710075-ACCOUNTANT.mp4,accountant,91d5585d0377c0fa6934cd486956701bb634ce751d2a82ecf3145cadff7b4b80,795077,numericid-WORD,1,False
part_3/4377016928093074-DEVIL.mp4,part_3/4377016928093074-DEVIL.mp4,devil,d689a1e8ec8937fdddfb8b9fb306d7cfad67430b34450cfa801f5aef9cdfcdd1,371461,numericid-WORD,1,False
part_3/4383507371408264-TICKLE.mp4,part_3/4383507371408264-TICKLE.mp4,tickle,f9c4f1e0045eeab8258830da7b829a7c5cdd0c775d9e335ff7b6a89cce762e79,444517,numericid-WORD,1,False
part_3/4383658834804738-REMOTE CONTROL.mp4,part_3/4383658834804738-REMOTE CONTROL.mp4,remotecontrol,3c98723181a1dd943bb4e48d713ce47dbf8bb015cc892f42cde861ef9633b049,321073,numericid-WORD,1,False
part_3/43874405093167557-INSTAGRAM.mp4,part_3/43874405093167557-INSTAGRAM.mp4,instagram,43d479670e3183f6e55d2453b5f7ed06fbe1c919431bde334cec7fbbf89d73a3,596690,numericid-WORD,1,False
part_3/4392745342424522-GLOVE.mp4,part_3/4392745342424522-GLOVE.mp4,glove,86121fbdac7bb4d0b3330e82e16c100fb05d0c4503cb9e031a6bdca66c7a9377,1020732,numericid-WORD,1,False
part_3/4393671567213542-DEMOTE.mp4,part_3/4393671567213542-DEMOTE.mp4,demote,64e069907247db19abaea8ff57aa3dae04ebfe5121f9b48fc5f29526e3ea341d,527061,numericid-WORD,1,False
part_3/4397729562683821-THINK OVER.mp4,part_3/4397729562683821-THINK OVER.mp4,thinkover,79c7882e6fed8ba96a25418c92445824f9f9e67ea9bb3f2349ef8d0699cc881f,1396640,numericid-WORD,1,False
part_3/4399847219956021-GIVE UP.mp4,part_3/4399847219956021-GIVE UP.mp4,giveup,fd99f328caf5fa0a12ce4121847aabe39997c01706506b2e296f25285c0cb666,976412,numericid-WORD,1,False
part_3/44032563676770886-BECOME.mp4,part_3/44032563676770886-BECOME.mp4,become,4186c720e0aee1ec3cc224a58c5ee094e5b9adb36aa13db1d5792805a3c6287d,589668,numericid-WORD,1,False
part_3/44054531314757606-TICKET.mp4,part_3/44054531314757606-TICKET.mp4,ticket,806f6a7fab20b428f26ff238ac011003cf041e048cea763b80bd3e4e3a7b975b,482817,numericid-WORD,1,False
part_3/44057586592649245-YOUNG.mp4,part_3/44057586592649245-YOUNG.mp4,young,0176367f2b442d7b4cc576903b7b5e1687c826ef3092e43002de91bcde8451e4,451920,numericid-WORD,1,False
part_3/4406466986436872-PROOF.mp4,part_3/4406466986436872-PROOF.mp4,proof,34baa37135ca79f6819e0c380254bd7fc32e0fe9bdcd9c8aa4041fd1d827448d,458544,numericid-WORD,1,False
part_3/44094199036805026-GOLD.mp4,part_3/44094199036805026-GOLD.mp4,gold,8073dfe23935c03972c6d616a672cef3c801ecbeeb282408a27cc58ed857afee,658909,numericid-WORD,1,False
part_3/4415640488281536-SQUARE IDIOT.mp4,part_3/4415640488281536-SQUARE IDIOT.mp4,squareidiot,39b90f229706c7c805f9d203e60e26f3c8c11c9579d0cfa00f2b26e34a3c486d,215676,numericid-WORD,1,False
part_3/441835985791468-WASTE.mp4,part_3/441835985791468-WASTE.mp4,waste,b76ba9440ee9ff4b4a6f7cbd03f4faa8bbba31ed2f47d91a8d4e3a0c1b26c0ab,1017653,numericid-WORD,1,False
part_3/44238266729683384-WASH DISHES.mp4,part_3/44238266729683384-WASH DISHES.mp4,washdishes,00fd15eab56420ecd8606a3dff33a6d2f1d2c9e5fb3ac608a1c9d5fd018ec331,575564,numericid-WORD,1,False
part_3/4427416254508614-EMAIL.mp4,part_3/4427416254508614-EMAIL.mp4,email,98f18aa69ad6106ff31cebca71e92f71f18a44cf31180ace5f10d92c364836a9,490280,numericid-WORD,1,False
part_3/4436334340686603-WEAK.mp4,part_3/4436334340686603-WEAK.mp4,weak,3145f01163356825f4617137db186deb34a32a17862eda3b733fe09b84d1aeca,576496,numericid-WORD,1,False
part_3/44398695037707947-ROOM.mp4,part_3/44398695037707947-ROOM.mp4,room,0326dad4439410e358633292cf5c8433c363b720078ef9fb92915d447981ef8b,876557,numericid-WORD,1,False
part_3/44412915907780204-SOFT.mp4,part_3/44412915907780204-SOFT.mp4,soft,1b8081b522cbe56f6be399942d9d472ce35cce2f7af15340bdcca1676fc20ce7,386862,numericid-WORD,1,False
part_3/444367611830111-IMMERSE.mp4,part_3/444367611830111-IMMERSE.mp4,immerse,77ee23b7346ba6400df39c6af4595ab54d77666ac5a56dce6ac81c2a8dc3df5d,1058642,numericid-WORD,1,False
part_3/4449202130254504-REGULAR.mp4,part_3/4449202130254504-REGULAR.mp4,regular,ebf239c6091bd6f088a175561f4c91527a0335515b7f4590098396ab25c72c6c,214489,numericid-WORD,1,False
part_3/4450514157308827-DISRUPT.mp4,part_3/4450514157308827-DISRUPT.mp4,disrupt,b28729164ada3ffbc922fd3aaf2f8fe801ff7b74cf7294b4b4b261ef3e86f32f,1181873,numericid-WORD,1,False
part_3/4451563075931084-TICKLE.mp4,part_3/4451563075931084-TICKLE.mp4,tickle,7e4669c6c0fe06053167a8edffd1347f4770a30422885f2f558a9174bd7a17c3,1106382,numericid-WORD,1,False
part_3/4452892956017567-BEANS.mp4,part_3/4452892956017567-BEANS.mp4,beans,1b1b008048c6ff5501df4fa32d0bb6e14c4b8c0fcc4d0a73c0cb00b7a44e0b70,522943,numericid-WORD,1,False
part_3/4458334706879319-ALRIGHT.mp4,part_3/4458334706879319-ALRIGHT.mp4,alright,3322fb9f72c4a3a7a97f353dc8010e8298be87d1e0f5459312c361494d1c2a6a,368995,numericid-WORD,1,False
part_3/44598012598160386-PONDER.mp4,part_3/44598012598160386-PONDER.mp4,ponder,6af90ba61bd8a90d534fee157c0fb6c899bbddd703781beabc105c23157f86d3,540229,numericid-WORD,1,False
part_3/446669449707767-OFF THE_POINT.mp4,part_3/446669449707767-OFF THE_POINT.mp4,offthepoint,182f2ed6452f94cf9f9b4e57326b3c0f9312332dd36663d08ac1d47af239772d,665152,numericid-WORD,1,False
part_3/44736909140240266-NEGATIVE.mp4,part_3/44736909140240266-NEGATIVE.mp4,negative,4d3c1ae2b42be21e5093d0f9c70b77e5db2686eb73c5e7f182a840b6856d235f,410033,numericid-WORD,1,False
part_3/44740791162322613-PULL CONVINCE.mp4,part_3/44740791162322613-PULL CONVINCE.mp4,pullconvince,c2016b433bda6d21bbb4e4451293cd9fb850d55671ef8944bb3f6f8747a1a0fe,328759,numericid-WORD,1,False
part_3/4474777953703193-CLASH.mp4,part_3/4474777953703193-CLASH.mp4,clash,deb886bb7eca63789bfdb53dc4d7c1d72b6f8e10285238b7055a7d7d7bcd1ec6,751754,numericid-WORD,1,False
part_3/4476273892034506-THAN.mp4,part_3/4476273892034506-THAN.mp4,than,a4657e052feee397c8409bd3c89368ec50ccddfdb34b665e45e6cad8c80cdda9,601171,numericid-WORD,1,False
part_3/44771872253749656-SELECT.mp4,part_3/44771872253749656-SELECT.mp4,select,453259753b8ed57c5b60098f60376b9228ec29f019f555f95fbfce4fef3c1853,457254,numericid-WORD,1,False
part_3/44776986101909877-ASSIGN.mp4,part_3/44776986101909877-ASSIGN.mp4,assign,73f16fa3b95075e423f5d7ea83707c47568e54c9986d3d3fda810558429d3425,529973,numericid-WORD,1,False
part_3/4484381195022107-APPOINTMENT.mp4,part_3/4484381195022107-APPOINTMENT.mp4,appointment,aeb9e437937bb5cf36eaee5c7038c1dd93e9197327ba9383257d93530108f0ae,721404,numericid-WORD,1,False
part_3/44868382295442744-MIND.mp4,part_3/44868382295442744-MIND.mp4,mind,a5fcb4aeae77b8a4bae3231736cdaa8ed3b3f9be78f8f1392f3f2598a78fd7b2,476589,numericid-WORD,1,False
part_3/44872854321615985-FAN.mp4,part_3/44872854321615985-FAN.mp4,fan,3be214bc05f8ecb2b4d63ed66236975a815908e677ebdb1be3ef3279743e8dee,531877,numericid-WORD,1,False
part_3/44873560511621013-SUNRISE.mp4,part_3/44873560511621013-SUNRISE.mp4,sunrise,6377aa9c1b5f43297f2ec52d575f09021eebb48eb8610d70ea3cac61acbcd2f2,609198,numericid-WORD,1,False
part_3/4496723770923641-TURN KEY.mp4,part_3/4496723770923641-TURN KEY.mp4,turnkey,219cc94de2f95b39cd835848aba952d54f31f66f243190823f5a483203447561,394332,numericid-WORD,1,False
part_3/45000726195752505-AWARD.mp4,part_3/45000726195752505-AWARD.mp4,award,aae407da3ded4d79a7034a2f66eb5250a47adad6ffa57f2709def88a6ab74dab,343749,numericid-WORD,1,False
part_3/4502222374000242-SPEAKERS.mp4,part_3/4502222374000242-SPEAKERS.mp4,speakers,2cd871ac65aef6766986eb94a2bf548eceb78d703b70886eea28a002cb8c92cf,563562,numericid-WORD,1,False
part_3/4509379901179682-APART.mp4,part_3/4509379901179682-APART.mp4,apart,f563df23fa2a55aa1f37886141ae84940b4b159fd6a122796b877bd183465d7d,334827,numericid-WORD,1,False
part_3/45123388701503875-MAGAZINE.mp4,part_3/45123388701503875-MAGAZINE.mp4,magazine,86c620b54b9bc5bb0369834f3bd6edfc613bd22df380dfbaa34d53d608ee1347,881060,numericid-WORD,1,False
part_3/45271353642946033-PIZZA CUTTER.mp4,part_3/45271353642946033-PIZZA CUTTER.mp4,pizzacutter,1e18193bc0a51389b2f801a957098aae0a890ba0df1279d961fa91251dd09b6e,646544,numericid-WORD,1,False
part_3/4531824617841864-HUSBAND.mp4,part_3/4531824617841864-HUSBAND.mp4,husband,3b35f78fce7b087ed9df71f492aa0b9b903ce5dd6c15250f21a3d5d4154f8c98,544572,numericid-WORD,1,False
part_3/4544894332729774-ATTITUDE.mp4,part_3/4544894332729774-ATTITUDE.mp4,attitude,c84f6efdc4269cb1e09bbb444e17264cab0b996562d87aa91ffe270ebf65a8c4,327272,numericid-WORD,1,False
part_3/4545920597656814-HURT.mp4,part_3/4545920597656814-HURT.mp4,hurt,76d61bc07facc7cec2393e53cf88b9443fc4f273c09808a543d44795708be73e,664494,numericid-WORD,1,False
part_3/45512324653855574-CHOPSTICKS.mp4,part_3/45512324653855574-CHOPSTICKS.mp4,chopsticks,c5827556ad7520aa41b018a10c1abc4aa18b88ed461e1456fa19871f5f5c3114,374875,numericid-WORD,1,False
part_3/45522547932041335-CLIENT.mp4,part_3/45522547932041335-CLIENT.mp4,client,06c95be8594826f777ae416a259363ee1a2b23d8dd623a20b55818dfcd0e13b8,576507,numericid-WORD,1,False
part_3/45528286458817235-HOLD ACCOUNTABLE.mp4,part_3/45528286458817235-HOLD ACCOUNTABLE.mp4,holdaccountable,39b0338e0850aa130ee5fd803aa129b837d98c314aa917995deecb863e01a96f,982441,numericid-WORD,1,False
part_3/4553639176945259-CATEPILLAR.mp4,part_3/4553639176945259-CATEPILLAR.mp4,catepillar,33a5146a8e7336b9c5060546b783f8a25de4e051f7db380bc6f15114ba2bbc38,473361,numericid-WORD,1,False
part_3/4554891676895634-COOPERATE.mp4,part_3/4554891676895634-COOPERATE.mp4,cooperate,f39c50fb03812f17e27b86d37a4f5523f249837400163a5e921964692c8a3510,678578,numericid-WORD,1,False
part_3/45557909255564133-LEAVE ALONE.mp4,part_3/45557909255564133-LEAVE ALONE.mp4,leavealone,c69db318d4f22c180de55f0e1a65f1b210578e6a3ff1c70d228bfa27003fedfb,628743,numericid-WORD,1,False
part_3/45605816328347637-BRIDESMAID.mp4,part_3/45605816328347637-BRIDESMAID.mp4,bridesmaid,90da97114740dec5fe7045ae8323114f85cbed46d813a028638456922c0e0088,508974,numericid-WORD,1,False
part_3/4564640182785744-TIRED.mp4,part_3/4564640182785744-TIRED.mp4,tired,00eaa68e257b801f8b5d00a383107c641873fe9c0b552039388317f4c0a31a46,409876,numericid-WORD,1,False
part_3/4564762256590038-STINK.mp4,part_3/4564762256590038-STINK.mp4,stink,1f7bdc8a80045e17828964e6b663b44e379ffc3312fe241e8aa2a96e79014e92,642339,numericid-WORD,1,False
part_3/45659508809122484-TRASH.mp4,part_3/45659508809122484-TRASH.mp4,trash,2ff285d0019dccf4bc45ffc0c6f0610ff615fba61e905d180f728758e42e2cfe,544353,numericid-WORD,1,False
part_3/45693056242037966-JEWISH.mp4,part_3/45693056242037966-JEWISH.mp4,jewish,fadcdfd02b3bf1e29146204130c02219695323a0eda36908a886299b4658bcb3,251729,numericid-WORD,1,False
part_3/457097411184441-SALT SHAKER.mp4,part_3/457097411184441-SALT SHAKER.mp4,saltshaker,28558fbe1c0a4edad68297c1925d354eebe6266392e6306467a20b6522c0d6b1,818235,numericid-WORD,1,False
part_3/45725512629926124-8 HOUR.mp4,part_3/45725512629926124-8 HOUR.mp4,8hour,da9218093e010c9cfc6397d6cfec6fb3ddb6ce0cfa150d48c375c3d19bccbc79,497532,numericid-WORD,1,False
part_3/4574770617964685-CORNER.mp4,part_3/4574770617964685-CORNER.mp4,corner,40bb53956005c97ac02aa4b56a5964f1958095ad5701333694b54f572b42fc0e,931675,numericid-WORD,1,False
part_3/45757520326719336-WEIGHT.mp4,part_3/45757520326719336-WEIGHT.mp4,weight,3e79f65d9e19a865d51160f7bd5dd1742c1e181070ed624d1d4072b85768a4c0,406887,numericid-WORD,1,False
part_3/4581479145683114-BADGE.mp4,part_3/4581479145683114-BADGE.mp4,badge,b74a637b84068ae61206d072210864f547ae014a8685340f57c6ce085510ac55,591834,numericid-WORD,1,False
part_3/4581665034683384-THINK OVER.mp4,part_3/4581665034683384-THINK OVER.mp4,thinkover,881a5ab17d84e56e4dff5a8f210a0011f26deb174ee640907ccc6f5db7414199,462754,numericid-WORD,1,False
part_3/4584787301548656-TOO MUCH.mp4,part_3/4584787301548656-TOO MUCH.mp4,toomuch,9c71d7149bc7d6add38a87984773c0d6c9c946a761bdf56a16b496918e031890,496971,numericid-WORD,1,False
part_3/4587469445849506-RECORDING.mp4,part_3/4587469445849506-RECORDING.mp4,recording,4494ef2072bf011f39d016950139b090928d86b4ad8cb916eca291788e34ae61,530907,numericid-WORD,1,False
part_3/45889622114944384-INTERESTED.mp4,part_3/45889622114944384-INTERESTED.mp4,interested,f8fbd050eddf3aef55dea90c25ebb61cecf0605cca34394ac8bf3944cebeace0,614294,numericid-WORD,1,False
part_3/45917598428875417-WASH DISHES.mp4,part_3/45917598428875417-WASH DISHES.mp4,washdishes,f6175b573cddab858699dbc8d93e3ddeea408e71879444184652704f88564f24,413130,numericid-WORD,1,False
part_3/4595003690639041-OVERTAKE.mp4,part_3/4595003690639041-OVERTAKE.mp4,overtake,cdfdffdf0b045df6d4314b3b846f9ba8f04e471db3e6789b3e577a1c240863c5,1162521,numericid-WORD,1,False
part_3/45980993280809357-ABBREVIATE.mp4,part_3/45980993280809357-ABBREVIATE.mp4,abbreviate,058e7222c7adb77e28669e7a14dbcc48c7b4862ee55add519e0d38fa650c1e31,1073462,numericid-WORD,1,False
part_3/4598267626142567-DREAM.mp4,part_3/4598267626142567-DREAM.mp4,dream,5ad23593146492889af080b1f2d9bf5f196575df4a6da89af047c7514f03609a,382079,numericid-WORD,1,False
part_3/46054813595731825-NET.mp4,part_3/46054813595731825-NET.mp4,net,822571401e069816ff14e8c596b34c07e4986ee29bcc40ce4d388a4e76ab473e,447768,numericid-WORD,1,False
part_3/46063073550956424-DONT MIND.mp4,part_3/46063073550956424-DONT MIND.mp4,dontmind,1792fbb94c96829659c8dc2c16efd3ac5fb36d000934e6549e3011790c622750,419218,numericid-WORD,1,False
part_3/4609040369113997-DONT MIND.mp4,part_3/4609040369113997-DONT MIND.mp4,dontmind,e7a6f04a7724f9d4f0a7ce2b8cbe6ef1e79d78defcd8477a32f322e4c27685e1,419008,numericid-WORD,1,False
part_3/461459968787336-CONCERNED.mp4,part_3/461459968787336-CONCERNED.mp4,concerned,ad771bb181b420f4686fbc61a4c04d21d0432a2afd56b7d860f8a1203e52dba9,615608,numericid-WORD,1,False
part_3/46200959518701-CHEAP.mp4,part_3/46200959518701-CHEAP.mp4,cheap,fd04a432f22931a21b5dd5924c4a8d7af712c9e00ee91f03b68116eb916e5905,627606,numericid-WORD,1,False
part_3/46237114528907597-FREAK OUT.mp4,part_3/46237114528907597-FREAK OUT.mp4,freakout,dfd808f9c479d8dc073de3e2ebeb11dc80773bc5219eb7a239703f294811dd7a,394176,numericid-WORD,1,False
part_3/4624064779710624-THANK YOU.mp4,part_3/4624064779710624-THANK YOU.mp4,thankyou,7d051dbb5c8405bcae94b7bcd27729a61bd650ab880f4f9f3b15393f26ae44d4,431822,numericid-WORD,1,False
part_3/4631716192200537-STOCKINGS.mp4,part_3/4631716192200537-STOCKINGS.mp4,stockings,342ab163f66924acc2d776afb82e8b0b22c54a87810ca72aaeb4b55544dd8152,835780,numericid-WORD,1,False
part_3/46333344884863603-FLIPFLOPS.mp4,part_3/46333344884863603-FLIPFLOPS.mp4,flipflops,cdc9a432d2a504d90504129c2b13adc3f022253ddd07e283f95fa8f4c9d4785b,622205,numericid-WORD,1,False
part_3/4633741924850623-GO THROUGH.mp4,part_3/4633741924850623-GO THROUGH.mp4,gothrough,cc347b961e430d59ea87705cef598c469cb61c8aca8de9c168afd08787ae8979,561378,numericid-WORD,1,False
part_3/4639625914111425-RED.mp4,part_3/4639625914111425-RED.mp4,red,a91db8d1034006f9cf5752411dea32961153e16e8ea0bf0a0919dc0ddff40167,574095,numericid-WORD,1,False
part_3/46396943024090453-KING.mp4,part_3/46396943024090453-KING.mp4,king,89ca7ba3dc8df42dd1162f4370bffeb4933d075ca658390c7c334d09a193c71b,555571,numericid-WORD,1,False
part_3/4643127346142468-WASH HANDS.mp4,part_3/4643127346142468-WASH HANDS.mp4,washhands,f0c6389372fa9bd5b49bb0ccbf0db72d3bcb4a5f7be91a91bcf60b36b3be9d2a,660510,numericid-WORD,1,False
part_3/46443403480766965-EARTH.mp4,part_3/46443403480766965-EARTH.mp4,earth,76259706c0246abfaff16d511f4bf7a204a5c3f1b3935421b41ee14b04093fc9,1073041,numericid-WORD,1,False
part_3/4666621316878514-QM.mp4,part_3/4666621316878514-QM.mp4,qm,f0f17658bb3feb0a3201e61dad5ec4a21fad357641547ffd6f1a670d9cb2a53e,492496,numericid-WORD,1,False
part_3/46680862295329617-DECLINE.mp4,part_3/46680862295329617-DECLINE.mp4,decline,a0267506a614710108ef21d7986194945a7d85c5bbac08e6e0b2e84965e5ff8d,522148,numericid-WORD,1,False
part_3/46699947315402235-SPAIN.mp4,part_3/46699947315402235-SPAIN.mp4,spain,0a40343cc4229f2c326c0293b5f58cad4584c87e96ecf24be437cffd8b08daeb,378981,numericid-WORD,1,False
part_3/46775969568523945-RECORD.mp4,part_3/46775969568523945-RECORD.mp4,record,c58c0d2dcba3d0aec1f59758096275bb69dd9038aad8ce2a8b0a26559b54dd12,648311,numericid-WORD,1,False
part_3/4685589437656512-TABLET.mp4,part_3/4685589437656512-TABLET.mp4,tablet,d2322cee9ccd448ae1ef70f39782d9c0f9a7fa639bf7230d2aea0a8208ce93e9,484310,numericid-WORD,1,False
part_3/4692667372252577-FURNITURE.mp4,part_3/4692667372252577-FURNITURE.mp4,furniture,789655d09ffce251fa5ecf5d33819b48aae1bf7fe834495ea382935bff07ae61,325086,numericid-WORD,1,False
part_3/4694459057886864-PSYCHOLOGIST.mp4,part_3/4694459057886864-PSYCHOLOGIST.mp4,psychologist,d45880ba945d1886f8d1a9ce6aa8bab4922126116f871b73e6afd5f528be521f,583920,numericid-WORD,1,False
part_3/4700164980726875-CEMETERY.mp4,part_3/4700164980726875-CEMETERY.mp4,cemetery,68350879febd92653dd22d49055e13d3770475f61eaec21cb211cf9e0e9d0773,763813,numericid-WORD,1,False
part_3/4714783693619875-BRAIDS.mp4,part_3/4714783693619875-BRAIDS.mp4,braids,7ea23b130c7e3d69e3ded600232e969c490cd59ed50835d5feeeaeb0ff90a9ab,544739,numericid-WORD,1,False
part_3/47158446719889446-EGO.mp4,part_3/47158446719889446-EGO.mp4,ego,ad407dd67f9cc723747215730ba07f62f1727e7fc089d855733f5eb9eeac6c19,529565,numericid-WORD,1,False
part_3/4716966504229616-BABYSITTER.mp4,part_3/4716966504229616-BABYSITTER.mp4,babysitter,0e37dd64d7ace688a3cf6e54cc285890b235a4402bb8613acadde4332bed9124,628569,numericid-WORD,1,False
part_3/47206663865385545-CHANGE.mp4,part_3/47206663865385545-CHANGE.mp4,change,ab1c17b20acda0d7e3baebc48f2f9268f2639ddbb05428a9eb603d8a5f03d1e6,289674,numericid-WORD,1,False
part_3/472227364038047-STIMULATE.mp4,part_3/472227364038047-STIMULATE.mp4,stimulate,83e6a5e58156f1321563320a795ca74d6f1673ecc189b2613824696f8fc2f000,417422,numericid-WORD,1,False
part_3/4727094511240908-BOYFRIEND.mp4,part_3/4727094511240908-BOYFRIEND.mp4,boyfriend,d20269a4c74e438d236d15b6dfa62bad8b8b83b4997b90f680637c583d1f4c83,1043827,numericid-WORD,1,False
part_3/4728656103061455-ROLE.mp4,part_3/4728656103061455-ROLE.mp4,role,ce2e53b688b8054239e65b93df4ffbf859b8ae6548081e93f147e56fb677f080,554274,numericid-WORD,1,False
part_3/4738790658820944-INDIAN.mp4,part_3/4738790658820944-INDIAN.mp4,indian,4498d6dc087af3e8995e5b53c1e3e760ee6b5d3479825a8c2c9853b9b64b0342,528626,numericid-WORD,1,False
part_3/4743970777863702-BACHELOR.mp4,part_3/4743970777863702-BACHELOR.mp4,bachelor,89dd9fe4c68856fbc2053a8f3182431c9c4806216ab8fb89f62b84ba4d855d61,434038,numericid-WORD,1,False
part_3/4745391590213386-CROSS HEART.mp4,part_3/4745391590213386-CROSS HEART.mp4,crossheart,c6aaf96534e390d90773e12a111dc5590b5300cd7448781628d51e2b8535e202,668793,numericid-WORD,1,False
part_3/4751035145945217-FURNITURE.mp4,part_3/4751035145945217-FURNITURE.mp4,furniture,c5659c7c5c04bd2d08035c77345820a3efe22a1c2342a1b4493c21d7b7989347,931152,numericid-WORD,1,False
part_3/4756491102518132-PICNIC.mp4,part_3/4756491102518132-PICNIC.mp4,picnic,389c18be1a31dd5e6098e60d2108d0d8999227d9f7c89847a7da48457626ccc9,750096,numericid-WORD,1,False
part_3/4759757652686678-FAMOUS.mp4,part_3/4759757652686678-FAMOUS.mp4,famous,7236b46df0503e46afd2dae204151ba54b6cf0bdfaaeac10ee724f5bb21a54cc,572900,numericid-WORD,1,False
part_3/4762888945413031-BANK.mp4,part_3/4762888945413031-BANK.mp4,bank,7c8ff78f50d2f633192edde34aed51e8cb8fa8a98d7ecdaacbd7a6d29c393bfd,739390,numericid-WORD,1,False
part_3/47640478896552985-CEILING.mp4,part_3/47640478896552985-CEILING.mp4,ceiling,15ca4b752599df280e8e102b37dc8d3bec0baa7cde96dd69d6dc932796b2f8f0,357567,numericid-WORD,1,False
part_3/47832958810790926-HONK.mp4,part_3/47832958810790926-HONK.mp4,honk,c92294fa933757c24c673927e6544774d54fb3a6a3de3e705e49517c45168ca1,571668,numericid-WORD,1,False
part_3/4789772495266902-SCRATCH.mp4,part_3/4789772495266902-SCRATCH.mp4,scratch,95a21442f91cc85fb594a72f389d265bea5bd20566edaf30fb16ad6b1caa968c,359960,numericid-WORD,1,False
part_3/4790374069624943-CARRY.mp4,part_3/4790374069624943-CARRY.mp4,carry,8de9234c144e79d682badd820a5593a55c6d180754a250da927dcf13395c4949,410500,numericid-WORD,1,False
part_3/47911569030503576-EYES AWAKE.mp4,part_3/47911569030503576-EYES AWAKE.mp4,eyesawake,e85c6b0399b1b8263b2087e0a1ba92e6383681acabf56f87feebe4391e52030d,415509,numericid-WORD,1,False
part_3/4793596621710592-ANIMAL.mp4,part_3/4793596621710592-ANIMAL.mp4,animal,c01531db21f82516683d087a7dd62bd235068c544a02950d6c7a08e0c153445d,576230,numericid-WORD,1,False
part_3/4797099843700956-HIDE.mp4,part_3/4797099843700956-HIDE.mp4,hide,a0ce2079286c7cc7a58250139f06d6ee7ebf4e1d1484f14250574f5b961db492,364497,numericid-WORD,1,False
part_3/48010696051290025-CAMEL.mp4,part_3/48010696051290025-CAMEL.mp4,camel,bf08d9c29a59ae0310794004f47ae6e0d168de5c729e9ae9368e78e86a11c90d,1251728,numericid-WORD,1,False
part_3/48027094398019576-NORTH.mp4,part_3/48027094398019576-NORTH.mp4,north,cf923a538eeeb8ea9659cdad02f77756dedff4b8d77e08927b5d3e7bc39e56ec,441982,numericid-WORD,1,False
part_3/480723814855363-seedTOGETHER.mp4,part_3/480723814855363-seedTOGETHER.mp4,together,6c2bed20245bc551f75b8a942e96cb4b73eb2b71cb6896b27a1eeb1723c36955,784880,numericid-WORD,1,False
part_3/48105105392945346-CREDIT CARD.mp4,part_3/48105105392945346-CREDIT CARD.mp4,creditcard,94b408c140f3d9c52b8b1e14111250989a76a8c33471c416261b292a41ae41b9,357861,numericid-WORD,1,False
part_3/4812347020688623-RISK.mp4,part_3/4812347020688623-RISK.mp4,risk,ef7f5a126bf0ede464bdcf727a8fa55b5bcfc4958ee28258351a48d868743a68,627820,numericid-WORD,1,False
part_3/4815032857671244-HEADCOLD.mp4,part_3/4815032857671244-HEADCOLD.mp4,headcold,8afeaa9d41220890beda96870570a21cfcfd7173d0b46a6ce1350a43197fec10,407274,numericid-WORD,1,False
part_3/48212757143827045-INVISIBLE.mp4,part_3/48212757143827045-INVISIBLE.mp4,invisible,a01a465c19631c453012875bf1be5fa1fd8e643e85f453c980d921c25ef7a834,645011,numericid-WORD,1,False
part_3/48253131456940523-TO.mp4,part_3/48253131456940523-TO.mp4,to,2e0a01c432d0b085c2572adefe4733f65213d3053a0a7a9eaf31811c288b7b2e,559939,numericid-WORD,1,False
part_3/48313464915789317-BRAG.mp4,part_3/48313464915789317-BRAG.mp4,brag,c873ca7a82bec74b5c6ae4bf954faae934bfbae4aa33105377bae02ca658f4fb,755724,numericid-WORD,1,False
part_3/48351518338479105-SEE SEE.mp4,part_3/48351518338479105-SEE SEE.mp4,seesee,4792e7e2f8f3565b6bc002dacbb7c52b4b1a7a2c9ab2520dd25889c06f648c0d,396905,numericid-WORD,1,False
part_3/4838074686766505-SCHOOL.mp4,part_3/4838074686766505-SCHOOL.mp4,school,23213b04bc235252c4e0547f3d97f12d9fd23de5d5d87321de29ec97bfe8d801,652243,numericid-WORD,1,False
part_3/48402554796252195-EUROPE.mp4,part_3/48402554796252195-EUROPE.mp4,europe,1f32eceb476fd4d97777f21aac4b99341f93b80e07631c3d6c3b5b48d11594f7,397758,numericid-WORD,1,False
part_3/4846096640921751-STUBBORN.mp4,part_3/4846096640921751-STUBBORN.mp4,stubborn,888ce806862074c2e44e8d7735738dae18aa6a7ae5e322aee266ed9919b349cc,591272,numericid-WORD,1,False
part_3/4849227001452834-PAIR.mp4,part_3/4849227001452834-PAIR.mp4,pair,dcd764ca964f3479c9cab03122a93879eb88153a808f248ae825d4d87b202d4a,623386,numericid-WORD,1,False
part_3/4851296235136615-CIRCUSWHEEL.mp4,part_3/4851296235136615-CIRCUSWHEEL.mp4,circuswheel,14960ccd69fcdd80c8ac3192a2c1be4526e5d1aa91a487a172172e417035e424,866916,numericid-WORD,1,False
part_3/48529303593751827-PRAYER.mp4,part_3/48529303593751827-PRAYER.mp4,prayer,128a235ba6287ec216f3035e73be4e3b35f8e1abd85af24566001d48d6b9f1bb,511070,numericid-WORD,1,False
part_3/4857863969659344-ACTION.mp4,part_3/4857863969659344-ACTION.mp4,action,81b5d3c7062ee0c75d0d7f6bc4e34a68ca28d389f2b086a855b16685b657ca08,447538,numericid-WORD,1,False
part_3/48607482705788607-NEVER.mp4,part_3/48607482705788607-NEVER.mp4,never,0278706d5c4fd1e629c6a61ef3bc23e975945d3281ba5f12ee4694382a3ccf34,425525,numericid-WORD,1,False
part_3/4864182740964922-seedBASEMENT.mp4,part_3/4864182740964922-seedBASEMENT.mp4,basement,5840a21b1185fc24f39f66b971f091165c98496eb02ecbfe96c9b48f37c055c8,949809,numericid-WORD,1,False
part_3/4864481586135154-FOUR.mp4,part_3/4864481586135154-FOUR.mp4,four,43d5514b872feccc021df8cbef10e25dd0901a0d61e6804f69b98eda969ccaf4,744981,numericid-WORD,1,False
part_3/486521679239563-READ.mp4,part_3/486521679239563-READ.mp4,read,647427256947c64a85c7d1e1f0c93c0100558fecfb62552c9e5fe4706a46c0f7,454947,numericid-WORD,1,False
part_3/4866763129692353-SITUATION.mp4,part_3/4866763129692353-SITUATION.mp4,situation,7cdcd62501b31a5e0d62f7901d29556d096dd5fef4040f61e3917410318baacc,625074,numericid-WORD,1,False
part_3/4867654962751582-WALRUS.mp4,part_3/4867654962751582-WALRUS.mp4,walrus,4ad159e81a112bd3a5bf9288d7d3ea6f4a7f5648d7851238ba717083e93e0354,434202,numericid-WORD,1,False
part_3/4871185812124843-VEGETABLE.mp4,part_3/4871185812124843-VEGETABLE.mp4,vegetable,083a7d19eec0a2a23a70bf9b47e8499f51666f1979cdbfc08402e52162bc3615,457423,numericid-WORD,1,False
part_3/48714163597601834-STRESS.mp4,part_3/48714163597601834-STRESS.mp4,stress,24a94505c65d7f32f3613b69f9645390af3b258905518d1c5e52554cc58ef15c,461977,numericid-WORD,1,False
part_3/48721430044979885-MONKEY.mp4,part_3/48721430044979885-MONKEY.mp4,monkey,c55286862b3c9ba325bf506d754435b6fc93a1dc2dba4103bd5485fa13bfa2c0,850663,numericid-WORD,1,False
part_3/48726938722294433-SWALLOW.mp4,part_3/48726938722294433-SWALLOW.mp4,swallow,d35bc4fbf4c7fc2130f90bc574435a4d2616409a5f2fbb23482d3d96dbed05bf,470634,numericid-WORD,1,False
part_3/4873719527704967-USE.mp4,part_3/4873719527704967-USE.mp4,use,19514c6c9bad05c75906d1f76f9726266991c5019a5b94f6a7d15a330a8ba0af,811741,numericid-WORD,1,False
part_3/4875446671845032-MUSIC.mp4,part_3/4875446671845032-MUSIC.mp4,music,cbf6e016814307d5d61083f6607406265f790748a4f68574ce0be122189a6c87,1222833,numericid-WORD,1,False
part_3/48792778812467197-SALT SHAKER.mp4,part_3/48792778812467197-SALT SHAKER.mp4,saltshaker,6ac88a514a054ebbae58d9479e326d5da205a7f469f9da5b7de0a5517131ed5b,469695,numericid-WORD,1,False
part_3/48812095782934617-TRIANGLE.mp4,part_3/48812095782934617-TRIANGLE.mp4,triangle,222190a8b842580aee62037953f45373c6c198d0d4edc9c127ce36bb31c07a52,662902,numericid-WORD,1,False
part_3/48815312931489907-FACULTY.mp4,part_3/48815312931489907-FACULTY.mp4,faculty,d72e1ff4734afeac36452fd26dd7b70b47d09ae71e1e7cd47ed74001366f52e0,1469386,numericid-WORD,1,False
part_3/48828987217011344-SCARCELY.mp4,part_3/48828987217011344-SCARCELY.mp4,scarcely,7faeb1902f331c5be3a83813fb9f5e927c69ee0331edbd1f9f52920aa72f6ee3,522025,numericid-WORD,1,False
part_3/48831042603303865-BAR.mp4,part_3/48831042603303865-BAR.mp4,bar,2d384d57d2b015a9650e82dc827e39228f1a98189f2c7e0e7ebbd2c79dcbb88d,460234,numericid-WORD,1,False
part_3/488572033077433-HAIRCUT.mp4,part_3/488572033077433-HAIRCUT.mp4,haircut,b11d12d791c7686984822e6f38239cede75199dc70946a94b097646d5c07d5dc,496734,numericid-WORD,1,False
part_3/488688939219577-THINK CONNECT.mp4,part_3/488688939219577-THINK CONNECT.mp4,thinkconnect,635210eed28acf90480deff91e17ceb4c761247edfdf88b42b1dd709c68716b0,435104,numericid-WORD,1,False
part_3/4888901019829972-CANNOT.mp4,part_3/4888901019829972-CANNOT.mp4,cannot,6b277d18b29a8e2f0ab3e24c64ade002ad4ff2242d8ec530fe5db55027be9e9d,484109,numericid-WORD,1,False
part_3/4889485962747655-JEALOUS.mp4,part_3/4889485962747655-JEALOUS.mp4,jealous,7f67cbc14f16e1b2b0d806b1b298232cd2cef6a8728307c32fa7f9d22b8a4e63,454833,numericid-WORD,1,False
part_3/4894632992540995-GET IN_BED.mp4,part_3/4894632992540995-GET IN_BED.mp4,getinbed,d5e7c1e05c70c0bd370693fef59ec4afa59134222d3c52c8844be16de57936cc,609693,numericid-WORD,1,False
part_3/4898701609313969-PEAR.mp4,part_3/4898701609313969-PEAR.mp4,pear,ec0ccfa1f9ecc5228484fe7a2aaf8982f5c4677fa51feac73c4a6cdcf980ff40,570317,numericid-WORD,1,False
part_3/49033133866712886-EVIDENCE.mp4,part_3/49033133866712886-EVIDENCE.mp4,evidence,da5bcb95cc62f8e92814f6459aa820a7d0150ed61c5782c39bb9dca0eb6a2139,533394,numericid-WORD,1,False
part_3/4903592211797443-HOLD TOGETHER.mp4,part_3/4903592211797443-HOLD TOGETHER.mp4,holdtogether,880fd48f029ba8286f0e16b952e01d175c53022f0eb80f1a89e5c553be1e13d2,478494,numericid-WORD,1,False
part_3/49041241871195895-ENVIRONMENT.mp4,part_3/49041241871195895-ENVIRONMENT.mp4,environment,d3e28c36d30c1a33568227f8d6d85e19546e16b3a34d9cd6beb37bf7bcc3b249,441234,numericid-WORD,1,False
part_3/4907411308554994-DISCONNECT.mp4,part_3/4907411308554994-DISCONNECT.mp4,disconnect,62b3d8c85a6e4ec476e776a3bec86149468d950c694d63b69a006cde051d9c83,548846,numericid-WORD,1,False
part_3/49089897134054294-FEW.mp4,part_3/49089897134054294-FEW.mp4,few,25ec2f36065bbf1213645b3ace28abc8c329af7f62c74f915f3f74ca604a47b8,512007,numericid-WORD,1,False
part_3/49118489361915274-POINT INDEX.mp4,part_3/49118489361915274-POINT INDEX.mp4,pointindex,02dabd7d2a900dea3a58488dcd1948c1e2df3ce60d91a6b82d3c8ed220dc4d21,423708,numericid-WORD,1,False
part_3/4914780820020348-PUT.mp4,part_3/4914780820020348-PUT.mp4,put,b728036a51dc70bc7a5b89b5cbb6da5f7b33e060b27613c9b207aafaba43b191,471855,numericid-WORD,1,False
part_3/4915361101643214-CURIOUS.mp4,part_3/4915361101643214-CURIOUS.mp4,curious,6c80445d902e4af1a0392c3c026c14b63a5cf553223834c9d8137cea2bd52958,668661,numericid-WORD,1,False
part_3/4920505456783295-FOR.mp4,part_3/4920505456783295-FOR.mp4,for,6dca31a2545884930b2b4b08f2157ddc38736698f1a6679a6ac706fbaaf46772,357334,numericid-WORD,1,False
part_3/49206019003505763-DECLINE.mp4,part_3/49206019003505763-DECLINE.mp4,decline,da67f2666df6794fdea6aaf13d0ee541fdab2138a6e4f3176566477845f76e35,636264,numericid-WORD,1,False
part_3/4926303191685846-ZOO.mp4,part_3/4926303191685846-ZOO.mp4,zoo,250a8fc7f61848c3563380a31afdaf92e7b337077d5b8ea851e8f07535dde7c8,414832,numericid-WORD,1,False
part_3/49299448822050906-RESCUE.mp4,part_3/49299448822050906-RESCUE.mp4,rescue,4eb9eeabdac2996d49407347f384a79df42f6ce741ec9cb2aa5e68ab4776dd8a,363033,numericid-WORD,1,False
part_3/49337206377431264-APPOINTMENT.mp4,part_3/49337206377431264-APPOINTMENT.mp4,appointment,9a210a791717e43d1904ef296e37515419cff9e37eb5c6e5a77266577c26a2fd,506500,numericid-WORD,1,False
part_3/49372329056034836-EMPHASIS.mp4,part_3/49372329056034836-EMPHASIS.mp4,emphasis,0acec9e5b912771627ac7e90f8a091e3cdf6cb266b5d890b80904245be6175b0,387693,numericid-WORD,1,False
part_3/4946108057555212-GAMBLE.mp4,part_3/4946108057555212-GAMBLE.mp4,gamble,ce96aaa184226c00099f055d34cd092f6064e5d00994df2692873bc761f744ee,362134,numericid-WORD,1,False
part_3/4948626135127654-LONG WORD.mp4,part_3/4948626135127654-LONG WORD.mp4,longword,50d4db5841e75f66e574cc8dbf8f197ff053e2fe158cd805eeb00795de5ec810,407259,numericid-WORD,1,False
part_3/4951174780421559-DEATH.mp4,part_3/4951174780421559-DEATH.mp4,death,56ae9c4e4fda72884358324683682a794a2b6dcaca603cc6194fa8cde6ce1d6a,543397,numericid-WORD,1,False
part_3/4953174009627608-SAUSAGE.mp4,part_3/4953174009627608-SAUSAGE.mp4,sausage,131ea69b6516d613631e9e03d83c8fdf898ad6d8a0fc12aef3fb404bae97a29e,379785,numericid-WORD,1,False
part_3/49534662119341966-DESIGN.mp4,part_3/49534662119341966-DESIGN.mp4,design,6550c246c51604f00010463f29f93e4d303364dbef4d1d962b32777a5e49163b,296964,numericid-WORD,1,False
part_3/49562544308444734-WEEK.mp4,part_3/49562544308444734-WEEK.mp4,week,741aa039e7f5e48d2771d6fba0e2689132d8ee804a760db0026ff1fca153d84c,414424,numericid-WORD,1,False
part_3/4958072496453685-REDUCE.mp4,part_3/4958072496453685-REDUCE.mp4,reduce,3628ae34e7e22f2d91608708473506da1994a6da060c7c9a6b109b1e0997a269,456413,numericid-WORD,1,False
part_3/49616842297968256-FAST.mp4,part_3/49616842297968256-FAST.mp4,fast,05425febbd48b31ea093fc1a20dc52716289c14a7c8a1e767b19661cef46ee67,597208,numericid-WORD,1,False
part_3/4970204648129277-STARE.mp4,part_3/4970204648129277-STARE.mp4,stare,84a0eb508029ce9b6e3c12c89d060ff9634b6c1047f37dfc631998acb6b8f0ab,464807,numericid-WORD,1,False
part_3/49724316634466303-PLIERS.mp4,part_3/49724316634466303-PLIERS.mp4,pliers,591987ab70636c8c0501c1e6de57a34ca063352402fc099b8088f4b984e41968,374161,numericid-WORD,1,False
part_3/49752146053320057-MOST.mp4,part_3/49752146053320057-MOST.mp4,most,88543c7b2822e56c895cf00832caf79601d0f4f566599c439eebc865ae9fb90b,490915,numericid-WORD,1,False
part_3/4981900908955459-HUMOR.mp4,part_3/4981900908955459-HUMOR.mp4,humor,80c3675b68a5bb8da2af0444529b391edd33edce21a36ed11fe981dbf627de70,1111684,numericid-WORD,1,False
part_3/49853194852997706-FINS.mp4,part_3/49853194852997706-FINS.mp4,fins,6c4781a2ed6f58a0c354b3e547e69b0b6644fb02276a41d0576f4c80230029ed,401436,numericid-WORD,1,False
part_3/49885900456457044-ALL OVER.mp4,part_3/49885900456457044-ALL OVER.mp4,allover,b29de165ed6e23b1d7f354ccd6a295e5192c44ab11b6e265b64450adfce9fce2,315003,numericid-WORD,1,False
part_3/49903350234425514-VIDEOPHONE.mp4,part_3/49903350234425514-VIDEOPHONE.mp4,videophone,97096142d459d01c38d54a014f6d00e74891091f83646bc2c302b49237328b47,480463,numericid-WORD,1,False
part_3/4993283542043576-ZIPPER.mp4,part_3/4993283542043576-ZIPPER.mp4,zipper,8b6e9c81512ada745c1b253bac9e75760d1004eaf2e8582bb799d9dd6bdd9ed0,402298,numericid-WORD,1,False
part_3/499380155781485-LOVE.mp4,part_3/499380155781485-LOVE.mp4,love,b3bba79562f58eb8da6d5232b3c6ca161e6c9ad4544802c8fc2c407fbb546f1b,647871,numericid-WORD,1,False
part_3/5003485866525881-CLASS.mp4,part_3/5003485866525881-CLASS.mp4,class,df7b254dfeff95a79933489b3bd962a7d44a16b92d7fcabc8ebf2d79d210a05c,342444,numericid-WORD,1,False
part_3/5008520273287249-WHEELBARROW.mp4,part_3/5008520273287249-WHEELBARROW.mp4,wheelbarrow,a82b0fc75e1dca81c26ee5463e42c774ac4f90b0ba8ab217e9662258ce61c92f,485224,numericid-WORD,1,False
part_3/501034080069992-SAILBOAT.mp4,part_3/501034080069992-SAILBOAT.mp4,sailboat,873c55cbfac2cfd6bf6c9f5962f9889dc6c5ab5818591c88c49b9c9bb6057aad,610340,numericid-WORD,1,False
part_3/501088492290245-ATTENTION.mp4,part_3/501088492290245-ATTENTION.mp4,attention,a2aed1cdce2703047a85c5a34b17bcb629150d7efc2c5a5b27920958783e9ac5,488904,numericid-WORD,1,False
part_3/5013041663942506-seedGOAT.mp4,part_3/5013041663942506-seedGOAT.mp4,goat,c0a4eba00925b6a43ea2fc52715da677e874862870003325c9c8b8068dc5971f,1376636,numericid-WORD,1,False
part_3/5014515462779037-UNDER.mp4,part_3/5014515462779037-UNDER.mp4,under,165fc6f018ffc65b8b7a4adb05e580f7d12b5ce34e0acd1388fe8b5e91698a50,783178,numericid-WORD,1,False
part_3/5020424130195844-RELATIONSHIP.mp4,part_3/5020424130195844-RELATIONSHIP.mp4,relationship,c7499b0559ec275a79f0f588a50a29d0e72ba3554ea95ded54cd342d45753e7a,496023,numericid-WORD,1,False
part_3/5025175662912476-FIT.mp4,part_3/5025175662912476-FIT.mp4,fit,f9f7456e6129bd37eaf8fa9880156d78d35d445469f42c13e8af009a94b87d32,289934,numericid-WORD,1,False
part_3/5025684204636047-HOUSE.mp4,part_3/5025684204636047-HOUSE.mp4,house,c2df8b4013913eb4ebc17d8a0f4901e55e1a57559816d2fbc10e106f47bc56fd,463583,numericid-WORD,1,False
part_3/5034103561536645-SOCIALIZE.mp4,part_3/5034103561536645-SOCIALIZE.mp4,socialize,9c855d96dadc5764ab0a4451a953332f75cbcbee62f7d0a6a2d094f6e4e1700a,477258,numericid-WORD,1,False
part_3/5036626107958495-PRETTY.mp4,part_3/5036626107958495-PRETTY.mp4,pretty,aa0fd9bea7686872aafbed446891b4afaef3e48eff467fa440ba7d185bc19d3a,439472,numericid-WORD,1,False
part_3/5036874220798393-INTERPRET.mp4,part_3/5036874220798393-INTERPRET.mp4,interpret,8559bba095bf0275e65b8561c81f2f9533256a90a87fbf0a332ce8c16fc98bf5,487008,numericid-WORD,1,False
part_3/5037698156799302-JAR.mp4,part_3/5037698156799302-JAR.mp4,jar,a8eb93275fbe13715b860f583549a1a488f888ec9d4347cc78a5a218bc260c1a,544840,numericid-WORD,1,False
part_3/5041054652077896-POLISH.mp4,part_3/5041054652077896-POLISH.mp4,polish,303af1ac081bb56e00780c3fe39d53f3d692aeadbd173896f6cb0990a124c1e6,847011,numericid-WORD,1,False
part_3/5042223908869989-FUNNY.mp4,part_3/5042223908869989-FUNNY.mp4,funny,8d45dbdf1b0a5d0e9b1f4eca20d94353603eead7be7008a8c827f46873213b3f,401414,numericid-WORD,1,False
part_3/5042752638822519-CHERISH.mp4,part_3/5042752638822519-CHERISH.mp4,cherish,75fc9a7c3841e75b75b3a1035a9424d37dc8fdc6ddd817df400adf0dfb04365a,432372,numericid-WORD,1,False
part_3/5044184391977649-USE.mp4,part_3/5044184391977649-USE.mp4,use,8537c7981c8df3d301f141f11fb38558be9aa6c608a56e2d6cadc4054d966772,437748,numericid-WORD,1,False
part_3/5049858314243783-SISTER.mp4,part_3/5049858314243783-SISTER.mp4,sister,f6e58bdb2da97d59315794b5cda2076fa6ba0d15c8db99a33e18362af28432d6,389430,numericid-WORD,1,False
part_3/5054898653185791-WHISPER.mp4,part_3/5054898653185791-WHISPER.mp4,whisper,4294ec238a239fbb194a1633bc106b5d85c2f767670bc437ba6f90c283947e6e,321455,numericid-WORD,1,False
part_3/5056161312464404-PEOPLE.mp4,part_3/5056161312464404-PEOPLE.mp4,people,b43909ac644f63cc351241342a67d83fcac7a10fbdd49bd2020bed2427bc4fef,602161,numericid-WORD,1,False
part_3/5056426233480906-seedPOPE.mp4,part_3/5056426233480906-seedPOPE.mp4,pope,ba5535477f595eb95522df51dc394b92ce6b206fd682806d976755043ac91de3,827563,numericid-WORD,1,False
part_3/5057451870595335-SMELL MONEY.mp4,part_3/5057451870595335-SMELL MONEY.mp4,smellmoney,3502357b71a7db66eba8467b0398d6c49873ece1f76ce74cf16196884b5be447,513308,numericid-WORD,1,False
part_3/5060017675527062-FOCUS.mp4,part_3/5060017675527062-FOCUS.mp4,focus,2caa7966c1a07a80c98c3fa66f7e3e8f84fe492810e0e77053ad39d51cad1012,691483,numericid-WORD,1,False
part_3/506208258256283-NOT A_THING.mp4,part_3/506208258256283-NOT A_THING.mp4,notathing,77b1cfb2f860fa6f823f8d19c0420ba7af46d4a716372561663549428c734309,351703,numericid-WORD,1,False
part_3/5069941193999306-DRY.mp4,part_3/5069941193999306-DRY.mp4,dry,f2336d4199979fb03d13b5df0bea5f69d54105a9c783cb438b386156c180ce61,376332,numericid-WORD,1,False
part_3/5073844254105042-TEST.mp4,part_3/5073844254105042-TEST.mp4,test,f48655b265305874902c372fe3df54c65d9df89e45df43ebad811ea7ffc539ff,499019,numericid-WORD,1,False
part_3/5074168700798052-ERASER.mp4,part_3/5074168700798052-ERASER.mp4,eraser,7714b92d59f2184c64fa29f44a1e922f1ffcce4d827907bca1360d94168ec7ca,504108,numericid-WORD,1,False
part_3/507543366303941-REASON.mp4,part_3/507543366303941-REASON.mp4,reason,eebeb68c15b547fc5e683131709ff68cbd08bcd0be9eed64d7647e1ebd24de9f,597445,numericid-WORD,1,False
part_3/5078790570399312-SAFE.mp4,part_3/5078790570399312-SAFE.mp4,safe,9bb582802964c871f15974950c3e27e414b9297216c5991272e0339d4c3cb8dc,1532179,numericid-WORD,1,False
part_3/5080601858515521-ENGLISH.mp4,part_3/5080601858515521-ENGLISH.mp4,english,350aced0f8d002daf634f1a617d3e0d2f00949926630016897b1ebe7855780e2,413704,numericid-WORD,1,False
part_3/5081011346076385-MEMORIZE MEMORIZE.mp4,part_3/5081011346076385-MEMORIZE MEMORIZE.mp4,memorizememorize,4e084c4efd99d7c22c1f3fbebb61eca3b4ec32e3d0a2dee255820a4944932225,477807,numericid-WORD,1,False
part_3/5081035251879509-PENCIL.mp4,part_3/5081035251879509-PENCIL.mp4,pencil,88c847ce8a08062725e10fd2ded44b640b75763b20c677859cb82b95baaeaa9f,643497,numericid-WORD,1,False
part_3/5084206151604904-MISUNDERSTAND.mp4,part_3/5084206151604904-MISUNDERSTAND.mp4,misunderstand,0318c860c18666de0a5f37785eaf9618d0b328246d262d10a3b3f97fa035570d,564481,numericid-WORD,1,False
part_3/5089085938467057-SLAVE.mp4,part_3/5089085938467057-SLAVE.mp4,slave,f75e38e3f090c968542a8bee3f8b9526bb92f24088c2dcaf3e5c956731bd0f82,477183,numericid-WORD,1,False
part_3/5091278642970272-HEADPHONES.mp4,part_3/5091278642970272-HEADPHONES.mp4,headphones,f9d5154f3a3317b8a2e84ac529699470fc838bf896403a8c3e2fa42ace5a216f,474320,numericid-WORD,1,False
part_3/5093563551702363-LAWNMOWER.mp4,part_3/5093563551702363-LAWNMOWER.mp4,lawnmower,f8b4f802d0725ccdb0dc2ba050d8ed94a4c48749f270edd99a5dd86606fb69f8,867684,numericid-WORD,1,False
part_3/5095791873335014-HOE.mp4,part_3/5095791873335014-HOE.mp4,hoe,3fe9955e1ddd08655b3dfb2409d5ccd37f5d105a643063405ef89f6334a6d4bf,590288,numericid-WORD,1,False
part_3/5099794103667052-SUMMER.mp4,part_3/5099794103667052-SUMMER.mp4,summer,9296bcd8f2a08934be451c45d0790812d9089023aa8b1ee89e0863e3bd360fbc,591102,numericid-WORD,1,False
part_3/5102007840743572-CAMERA.mp4,part_3/5102007840743572-CAMERA.mp4,camera,3de0261edfa7ec44dcaea0195f50d2ba77654e5615107f732c9153a7ef1652fa,467153,numericid-WORD,1,False
part_3/5102555871583432-CURLY HAIR.mp4,part_3/5102555871583432-CURLY HAIR.mp4,curlyhair,f52a3473d56cbc2bc424b70b07531f99f63f17c32d77709c094e146276a40d8a,506063,numericid-WORD,1,False
part_3/510276766820573-TRUTH.mp4,part_3/510276766820573-TRUTH.mp4,truth,65cc12f9f6744740279fa588396a1aa174a95e5f720aef2c5d75a5ba0554430e,581775,numericid-WORD,1,False
part_3/510302741812152-FRY.mp4,part_3/510302741812152-FRY.mp4,fry,16286da0947b56761b86b37d09e70e66d872b591d55449167ab540b8f622d0b6,633537,numericid-WORD,1,False
part_3/5106312147540752-DIVE.mp4,part_3/5106312147540752-DIVE.mp4,dive,bd3fe76243f731c821c40b386677253726abadf36d9e2785003de1db3159b6d3,731769,numericid-WORD,1,False
part_3/511223840542633-POOP.mp4,part_3/511223840542633-POOP.mp4,poop,0d17ad05d861ddfd5d481168b33bc70b75aa5082bb388c1f8db17c6dcc1aef6a,661574,numericid-WORD,1,False
part_3/5123473583372931-COLOR.mp4,part_3/5123473583372931-COLOR.mp4,color,81696d6c85f12de686de9858771bf5281480d74827646ed3f2937c4845e5b706,427013,numericid-WORD,1,False
part_3/5136087734043544-MEMBER.mp4,part_3/5136087734043544-MEMBER.mp4,member,99267c98389795043887baedf6aa07fe158ad42b9454aef896ba54bec23fbfc6,1008116,numericid-WORD,1,False
part_3/513989687565418-DOWNLOAD.mp4,part_3/513989687565418-DOWNLOAD.mp4,download,ca9bae798f9cdb307f5b10e3f4e4129b0cb10a8cb61ad32082cf52a6dc39f900,626213,numericid-WORD,1,False
part_3/5142019681862013-seedSUMMARIZE.mp4,part_3/5142019681862013-seedSUMMARIZE.mp4,summarize,c170bcf985a5a4e9e065f8ded44bc0649bea87c38aea7f1c00266e2e2ceb58bb,610592,numericid-WORD,1,False
part_3/5145499036486818-SCOUT.mp4,part_3/5145499036486818-SCOUT.mp4,scout,3e3122f4e28baee2f751be48cd3b689888aed0ef127c85ff974aad9b432035b0,195207,numericid-WORD,1,False
part_3/5146362742120918-TEAR.mp4,part_3/5146362742120918-TEAR.mp4,tear,6a180332a92bc268440c847966c5174d289fab7070857fc7cd5d28f908d7e569,883221,numericid-WORD,1,False
part_3/5149540584377241-seedSCOLD.mp4,part_3/5149540584377241-seedSCOLD.mp4,scold,5d298e4130575c401f00b9bea5746bb063a578b70fc8a513bf128d0d3b9e08f1,813301,numericid-WORD,1,False
part_3/5149778124707185-SWEAT.mp4,part_3/5149778124707185-SWEAT.mp4,sweat,e3e8cb21e69fe3994ad82969517536c7980d400adc2051f83dea97a653335f4c,570013,numericid-WORD,1,False
part_3/5153087510496133-SPEND.mp4,part_3/5153087510496133-SPEND.mp4,spend,d4c720098f7e8b09765bd32c659e90f81b258e0310f59537d9e0d9ead81baa4c,632996,numericid-WORD,1,False
part_3/5154587513390976-ENJOY.mp4,part_3/5154587513390976-ENJOY.mp4,enjoy,685b1d7331c1117ba57dd5a19e12b7089bbcc646a7298e5b6d91db9d582288f8,464382,numericid-WORD,1,False
part_3/5155946397296289-TO.mp4,part_3/5155946397296289-TO.mp4,to,7071b371ea095873a73dd630031869236c9b3f4b8e46b6ba484e9ed206b66a0d,611689,numericid-WORD,1,False
part_3/5178948812994735-LOUD.mp4,part_3/5178948812994735-LOUD.mp4,loud,92967dc925690bee802b2bbc8117105aec6462e71ce196c3e566085886cbe612,792362,numericid-WORD,1,False
part_3/5189613581992953-CRUMPLE.mp4,part_3/5189613581992953-CRUMPLE.mp4,crumple,e74e3f58cd8626e0f476c1b63f9e55986b3e4e4d371fe14df4524196cce55bfb,472203,numericid-WORD,1,False
part_3/5193225116841553-HAND SOAP.mp4,part_3/5193225116841553-HAND SOAP.mp4,handsoap,e3ccfda73c69cdebf8231239548b84b0431bc9a2469177eba467930237320945,871968,numericid-WORD,1,False
part_3/5196094177577344-SNAIL.mp4,part_3/5196094177577344-SNAIL.mp4,snail,5739c0aa3d9f15eda0233df12b0ef5a94ac5b10e5fa365a51f7e689816237735,525062,numericid-WORD,1,False
part_3/5200359290115273-SANTA.mp4,part_3/5200359290115273-SANTA.mp4,santa,2a50dfdd3a4b587b590aa1556fdb1dd564251e4344ce98ec088e56bb6976c111,778968,numericid-WORD,1,False
part_3/5207934170163251-DUMB.mp4,part_3/5207934170163251-DUMB.mp4,dumb,d6bcd81e4ea67f37f080e34f5f66bc2f893c63d2dde40c8d0f951b00dc3b4e8a,279658,numericid-WORD,1,False
part_3/5208306019688473-FRISK.mp4,part_3/5208306019688473-FRISK.mp4,frisk,c80f4a039807d00dc8f3ee79a1e47b05a1133dd1e0744e7b8c8d527053651d73,699659,numericid-WORD,1,False
part_3/5209409990092726-OOPS.mp4,part_3/5209409990092726-OOPS.mp4,oops,1470bfa253f8e885ba9eb2f66e06d17356ab1f6ccfcb4d7c03c95e9004a5cb09,348064,numericid-WORD,1,False
part_3/5209944053816196-CHASE.mp4,part_3/5209944053816196-CHASE.mp4,chase,98072a4e517206c2b81d34d9652b65e6a0d290ba67ff31e201bab992441502d8,641824,numericid-WORD,1,False
part_3/5212793796023887-CROSS HEART.mp4,part_3/5212793796023887-CROSS HEART.mp4,crossheart,af1d334d19c2242a1e540eebe2536d54ae50b5a033e05c4a88df4e16831da339,498456,numericid-WORD,1,False
part_3/5215190375698711-LET ME_SEE.mp4,part_3/5215190375698711-LET ME_SEE.mp4,letmesee,18ae9e53c3c854da242531c004baad0b229078f784f6eb97bcc213374a4de3eb,447988,numericid-WORD,1,False
part_3/5216833261809499-NINE.mp4,part_3/5216833261809499-NINE.mp4,nine,8613692fd1879c2a68d55f5eb7fe43339cc168282c7aec061bc7f2275566a64a,987389,numericid-WORD,1,False
part_3/52182646297618-TOMORROW.mp4,part_3/52182646297618-TOMORROW.mp4,tomorrow,78fcb54ce2027cf1e8f339b7f6efd2b2bfd2c8b1f9925554a8df96a1bef2a3d6,431154,numericid-WORD,1,False
part_3/5221556315812226-COMFORTABLE.mp4,part_3/5221556315812226-COMFORTABLE.mp4,comfortable,c8c31adfcbc94badb15bdb3d50d98172af53c9f8dc958628f84965746418a792,469701,numericid-WORD,1,False
part_3/522266685120677-HOOD.mp4,part_3/522266685120677-HOOD.mp4,hood,9b5063404b0249511b500acd9de9af28b63e29012898d01c5a58513323257d61,878832,numericid-WORD,1,False
part_3/5229675024700515-seedGATE.mp4,part_3/5229675024700515-seedGATE.mp4,gate,250d4e963c7269c0f3b48a1c0978bd9b956e8e9093b014ede0f5b7e20d812c60,697447,numericid-WORD,1,False
part_3/5230881244500567-NAME.mp4,part_3/5230881244500567-NAME.mp4,name,5dc44bd00e50cdb0e2c7a1b09953938a1ff5d772541f2a40d8070492fc7a963a,654082,numericid-WORD,1,False
part_3/5231664394702622-HIS.mp4,part_3/5231664394702622-HIS.mp4,his,d0c45d75acb5eb2970009078cc3211116a64059cbfbc0ed1eb0b6acaf3afe38c,565274,numericid-WORD,1,False
part_3/5233325828302235-POPULAR.mp4,part_3/5233325828302235-POPULAR.mp4,popular,c5de8950ffc72b98b326c291922b524f945d6f7d39cd2c7dc27a1238732b2e17,368818,numericid-WORD,1,False
part_3/5236730717037961-MASCARA.mp4,part_3/5236730717037961-MASCARA.mp4,mascara,139e93c5b20cbe24ce914b881aae8782cc718e58b784c64c5372acda18cea5ac,433297,numericid-WORD,1,False
part_3/5239255064113602-POINT INDEX.mp4,part_3/5239255064113602-POINT INDEX.mp4,pointindex,47b0ef754ceae62b6ff4bb8c0f9b6791df0a4136ddc6043b0f8934f58b90a787,339638,numericid-WORD,1,False
part_3/523927657368864-BLUR.mp4,part_3/523927657368864-BLUR.mp4,blur,4fe613f7a71961cde5e3e79704ddd70b4e8012d695abf5b5ce1046a8a87f77a0,467171,numericid-WORD,1,False
part_3/5240642662751536-PERSPECTIVE.mp4,part_3/5240642662751536-PERSPECTIVE.mp4,perspective,2b0f3b3fc2e7171ce8c39903e094bb46eaaddb9c6186ab7f7903d54721e4c12b,596215,numericid-WORD,1,False
part_3/524091056981818-DELIBERATE.mp4,part_3/524091056981818-DELIBERATE.mp4,deliberate,1b0326313aabc3abe46c60c95ac67e064c699f2f53205d902f904221412a9a03,565269,numericid-WORD,1,False
part_3/5241383071736079-PUSH.mp4,part_3/5241383071736079-PUSH.mp4,push,be3cc27c1f10a6bd1346d5eaa81588da8a74f7d98aed9240f4d448ee6ffa9207,401230,numericid-WORD,1,False
part_3/5250559152305585-THURSDAY.mp4,part_3/5250559152305585-THURSDAY.mp4,thursday,16d02d706d00979d977d8d8a9a24dced245ad4cee8544fa747790356a0990327,1168596,numericid-WORD,1,False
part_3/5257192509177833-GUITAR.mp4,part_3/5257192509177833-GUITAR.mp4,guitar,aa9d0cefca757498961b24e9c3e1a02fe68eebbca79a15735cd44ffaa3b5d417,641066,numericid-WORD,1,False
part_3/525722762809893-HISTORY.mp4,part_3/525722762809893-HISTORY.mp4,history,2df20b35ac12c08d9e5e8a7c9fa7ce0ffd9a2c079cf99734a859ef972b279a65,664995,numericid-WORD,1,False
part_3/5257926876077117-COUSIN.mp4,part_3/5257926876077117-COUSIN.mp4,cousin,cdfc8e9c9fa0c868ed86ae45d54e30a573a680dd11e2b5b0863845eb0ddd3fd1,921293,numericid-WORD,1,False
part_3/5262453723882226-COME OUT.mp4,part_3/5262453723882226-COME OUT.mp4,comeout,f95f224d90b6398c6bfe4d137abae8620d82cffabfdd9a1c32610f7163cee7cf,358722,numericid-WORD,1,False
part_3/5262833334404893-YOYO.mp4,part_3/5262833334404893-YOYO.mp4,yoyo,4c7931f61e996c1d4d4a1bc11477ee182517bfe1f14b57f34790813f09e611cd,731524,numericid-WORD,1,False
part_3/5263688727937241-REST.mp4,part_3/5263688727937241-REST.mp4,rest,ee6f21443c76cd2bcb31ef69ab29b3b3358078a82a3191f954e1af193a357f10,408194,numericid-WORD,1,False
part_3/5264850814534439-RAT.mp4,part_3/5264850814534439-RAT.mp4,rat,41f10011be133e7f044a522554218936389c44794be49593125c086557522f60,338516,numericid-WORD,1,False
part_3/5268295753822807-STRANGE.mp4,part_3/5268295753822807-STRANGE.mp4,strange,12fd75fad0ac2398ca623da4b84f40ade76f729c768a24105c21bc20a1b86420,295165,numericid-WORD,1,False
part_3/5284442635198221-seedCRASH.mp4,part_3/5284442635198221-seedCRASH.mp4,crash,83d3543bed0812ca8d4be78f32cd565df4db0ccebed0d0be6dce194c3832fcab,857973,numericid-WORD,1,False
part_3/5287368470790934-TOOTHBRUSH.mp4,part_3/5287368470790934-TOOTHBRUSH.mp4,toothbrush,641d179c041f3e5dab3465eb56e5008156e636aed12c0d8292bebbb5ca71de3c,559728,numericid-WORD,1,False
part_3/5289000085462476-BLOOM.mp4,part_3/5289000085462476-BLOOM.mp4,bloom,653da39aab7ba4e669c6ce9cd1f0165d693a485ffd28de0bcd806a55aa29268c,533848,numericid-WORD,1,False
part_3/5296903911309254-COMPASS.mp4,part_3/5296903911309254-COMPASS.mp4,compass,0546a02feaad52bfc62529f5780934b6f59bd0cb3a135d1f3382f6996e2604c5,389916,numericid-WORD,1,False
part_3/5297678355027167-TURN AROUND.mp4,part_3/5297678355027167-TURN AROUND.mp4,turnaround,7f434970e48d38f109f2466b4c1551cf4f3b51ceee1d25ad6dcc6e3736081932,433456,numericid-WORD,1,False
part_3/5304080132041145-CHICAGO.mp4,part_3/5304080132041145-CHICAGO.mp4,chicago,49356d1a4345f6d7e412eaaf09fdc917a94810fddf7151adf284446be8d7c841,402869,numericid-WORD,1,False
part_3/5305155040104919-WRAP.mp4,part_3/5305155040104919-WRAP.mp4,wrap,23a9e2e3b32a9c8caedcadce1bddcfdaec87c8691214585b03bef302a3408732,595566,numericid-WORD,1,False
part_3/5306687186639676-DEER.mp4,part_3/5306687186639676-DEER.mp4,deer,2f8a17440613eebea24cda34a8ee7195b03301458a7ac08ae9ac00fb5155f450,594173,numericid-WORD,1,False
part_3/5309097590958953-STAY.mp4,part_3/5309097590958953-STAY.mp4,stay,a090d7be0d0b489a25d38942df018c71421ccb87834e6b7f0c0c6460827e1287,417881,numericid-WORD,1,False
part_3/5310007989745134-THINK PONDER.mp4,part_3/5310007989745134-THINK PONDER.mp4,thinkponder,3de0a3eac2c55536ef2ae76a7c507b16d068168b8f77514f602fad72254fe3d7,599198,numericid-WORD,1,False
part_3/5311483894328111-TURN AROUND.mp4,part_3/5311483894328111-TURN AROUND.mp4,turnaround,61af39b5c99c72d41b584d5a9ab65879c1bcb0899ae0eed94924aa5d47ed8cf5,464724,numericid-WORD,1,False
part_3/531487149082726-EASTER.mp4,part_3/531487149082726-EASTER.mp4,easter,9ff498cf48239a673d6c7c45fd81a1aa27b4d65cc6f3e457b003ac2f86c59e5a,580216,numericid-WORD,1,False
part_3/5318939200518071-SEVEN.mp4,part_3/5318939200518071-SEVEN.mp4,seven,fc144a0b277ad851fa14730226e3993cfdd1ed065f89ba91cf0c627f8289f44f,628303,numericid-WORD,1,False
part_3/5320352660994052-ATLANTA.mp4,part_3/5320352660994052-ATLANTA.mp4,atlanta,aa4e4f54ab1aa71a5a3d21e3f4bf581c049376aba3e875ba21afba61f224e6c4,1340196,numericid-WORD,1,False
part_3/5322527872115059-ENGINE START.mp4,part_3/5322527872115059-ENGINE START.mp4,enginestart,210d2bbf68caaff42f22ec1d85ab4a5a4435ca17a6f4e62731fea16e872f9f70,658654,numericid-WORD,1,False
part_3/5322960163151325-ELEGANCE.mp4,part_3/5322960163151325-ELEGANCE.mp4,elegance,b869bac6bf85ea667bb18c586b50624ff8257f37bcf320562e739a83fb590af9,956651,numericid-WORD,1,False
part_3/5323886922521792-CHIMNEY.mp4,part_3/5323886922521792-CHIMNEY.mp4,chimney,d77669b000af6f55f83590d6eaf8819e302bea4b954adefe6d5d078d2e16daad,694533,numericid-WORD,1,False
part_3/5329586209381869-OLD.mp4,part_3/5329586209381869-OLD.mp4,old,004aa58afb953751c9586f4822e1c6bc72b3ea49d845a3665da658803b9078e6,325342,numericid-WORD,1,False
part_3/533264136697394-WISE.mp4,part_3/533264136697394-WISE.mp4,wise,91c6589e1b7f86ef811f569de067d381070bef997dd5c4eaca2f91ebdb0e3348,731223,numericid-WORD,1,False
part_3/5333459691118159-REVENGE.mp4,part_3/5333459691118159-REVENGE.mp4,revenge,ba5025cd7166a4b6d20f12ea4cd663f7e015aaafca0119a10bec631459f3faa5,731261,numericid-WORD,1,False
part_3/5337176194439026-PRINT.mp4,part_3/5337176194439026-PRINT.mp4,print,b479013c3795808b2816b00d62a126b7dbac041f45dac26801e782e980dd13b7,788111,numericid-WORD,1,False
part_3/5341866046370893-HALF.mp4,part_3/5341866046370893-HALF.mp4,half,276d01c5950817fd8e0eb8943a9d54393928083e2d4c3bf723fa6643229f3d71,550398,numericid-WORD,1,False
part_3/5343691587956003-ENVIRONMENT.mp4,part_3/5343691587956003-ENVIRONMENT.mp4,environment,097f36bcdfbba616a1959e54c93ff2ed84143af0324ecce010a40bde6687ca61,525337,numericid-WORD,1,False
part_3/5347467939885553-BICYCLE.mp4,part_3/5347467939885553-BICYCLE.mp4,bicycle,f6a2ed8494cd8a84c67e040705a79975120212cbc0caab64228bea6bed63755c,637836,numericid-WORD,1,False
part_3/5349350756267384-EYES AWAKE.mp4,part_3/5349350756267384-EYES AWAKE.mp4,eyesawake,d04cc7d8fcc49e73f6e5328e6c5f788c36cf39868ddc619f4d7dee31913257e0,401760,numericid-WORD,1,False
part_3/5351262879490664-NAVY.mp4,part_3/5351262879490664-NAVY.mp4,navy,cbd9ba73c714a57ea98f2077518a91307591ea7978082e0a736afbaa2c43f58f,840329,numericid-WORD,1,False
part_3/5359984261732045-EVERYDAY.mp4,part_3/5359984261732045-EVERYDAY.mp4,everyday,fff57efea871638e34237ad5cb2ecf68ef151ec49851848ebb19c1f8d8f82fa4,598482,numericid-WORD,1,False
part_3/5361204276262233-ROAD.mp4,part_3/5361204276262233-ROAD.mp4,road,8f038a84e903250c8b4d9d2a9076e7e7b387601cc2469c7fa1b91e705b74c067,342903,numericid-WORD,1,False
part_3/5361592700937574-SUSPEND.mp4,part_3/5361592700937574-SUSPEND.mp4,suspend,64f4eb401dd3a06d5260d9b728fdaf4637c21ce2fb9a111067f0068acd4238a4,531537,numericid-WORD,1,False
part_3/5370506967910422-HOTDOG.mp4,part_3/5370506967910422-HOTDOG.mp4,hotdog,5b4849f9701d5744f8cae042108a170c464d3ba6178b70fe6a381b0d92dda4a7,393403,numericid-WORD,1,False
part_3/5370606838669136-EYES.mp4,part_3/5370606838669136-EYES.mp4,eyes,401962a68b57e7f0f79c0c658b8819dcd5b99c31ff9a0ce843e183d1f0f95ba7,508656,numericid-WORD,1,False
part_3/5370997163515456-ESCALATE.mp4,part_3/5370997163515456-ESCALATE.mp4,escalate,9b95ba45b225ebd520d17813879a8816fe03512a0f2822debd622bfd0f802319,417527,numericid-WORD,1,False
part_3/5377518041774723-CONSUME.mp4,part_3/5377518041774723-CONSUME.mp4,consume,f2529be0cf9413dc1517622826d82264f00a499a0689c8be1405e4537bd51fc1,531686,numericid-WORD,1,False
part_3/537857051610624-CHOP.mp4,part_3/537857051610624-CHOP.mp4,chop,4a09c27f86d12f596c84edb1029a0dc2c62b41ff9534fcb5581a8d51a5fa7ec0,633813,numericid-WORD,1,False
part_3/5381534683943485-DEAF SCHOOL.mp4,part_3/5381534683943485-DEAF SCHOOL.mp4,deafschool,589b32650f1e3501642674d5437263b8efb3f31fa2af4fdcca12bf7a4635857b,678792,numericid-WORD,1,False
part_3/5383537123189177-WARN.mp4,part_3/5383537123189177-WARN.mp4,warn,f826a95299988617db847e9fb63bb3bffad4dd1f7d6230f281c85773bfbea151,533236,numericid-WORD,1,False
part_3/5386272465310649-ZOOM OFF.mp4,part_3/5386272465310649-ZOOM OFF.mp4,zoomoff,f5d697b8127ed8daafe865a462d68201e217ceccf562a262b89baab931aa8e74,682525,numericid-WORD,1,False
part_4/5387296692777621-PROPELLER 1.mp4,part_4/5387296692777621-PROPELLER 1.mp4,propeller,7f6faabb2d903f762b7d9d38689a1d7e33bed5e5eecd3594f27f64aba8c96383,434244,numericid-WORD,1,False
part_4/5390326082196386-SPACESHIP.mp4,part_4/5390326082196386-SPACESHIP.mp4,spaceship,046f741f0ec632063ff44e3385d8fddd3f8efa1a210b3c817c06c1a504b07042,710248,numericid-WORD,1,False
part_4/5396509619343579-HEARTBODY.mp4,part_4/5396509619343579-HEARTBODY.mp4,heartbody,27bf729ef8a21424ef5a16676538ae67c877a916bae7718c77de3cdc3f2675b8,1109362,numericid-WORD,1,False
part_4/5397567469672582-OWE.mp4,part_4/5397567469672582-OWE.mp4,owe,82085a2597e6582ccc674c429e3a78900f574d368da6e91cb5ffedb908b13e11,377792,numericid-WORD,1,False
part_4/5400034686127342-THUNDER.mp4,part_4/5400034686127342-THUNDER.mp4,thunder,2ba64353fd9ac9a46476d54c370597acf36eb2f3aeec5e4f5a005300e74ebddb,1097724,numericid-WORD,1,False
part_4/5404006400209398-SHINY.mp4,part_4/5404006400209398-SHINY.mp4,shiny,4ae22ccfb73c4458a32f565170484eca6e0fa06e6c0124b59bfe3841ccd1a62a,591072,numericid-WORD,1,False
part_4/5407790441605609-CRACK.mp4,part_4/5407790441605609-CRACK.mp4,crack,0d6a29ca1e6f7ed4c4bd62425f1ba54186985dd459dcbb6eab63ff3ec6864f41,395751,numericid-WORD,1,False
part_4/5409015420466594-seedICE.mp4,part_4/5409015420466594-seedICE.mp4,ice,1bf73b3000a5d825969fdbeb71dd0bb7b7a349ac37ccb4e0d8a51196fe6e7124,719291,numericid-WORD,1,False
part_4/5409436833858476-HARD OF_HEARING.mp4,part_4/5409436833858476-HARD OF_HEARING.mp4,hardofhearing,4e485b965610d9d50dfea1d686aefe0c9d725c7106c20b17f7dfa8af41a59a8b,205062,numericid-WORD,1,False
part_4/5410548698642397-BLESS.mp4,part_4/5410548698642397-BLESS.mp4,bless,34fbd48ef65111bd76fadd15838b2e60216081373a3568a232a4e16d963c94b1,624175,numericid-WORD,1,False
part_4/5410618077304279-GOATEE.mp4,part_4/5410618077304279-GOATEE.mp4,goatee,892566656ac9d51d66c4a4855e94502bdd2be722d5a9573b1ba27c4f89b15880,653634,numericid-WORD,1,False
part_4/5412434265502803-ROW.mp4,part_4/5412434265502803-ROW.mp4,row,75981a039193debffcff835e4548420fa8d1df0c546cd0175459a0893bbf7ad9,428871,numericid-WORD,1,False
part_4/5415420016012211-FINISH.mp4,part_4/5415420016012211-FINISH.mp4,finish,bf39f87f44d37bda444c2c421fbec691a7ba0502ec2e2e5e4e8ce997a02213e0,367829,numericid-WORD,1,False
part_4/5416045536951872-IMPACT.mp4,part_4/5416045536951872-IMPACT.mp4,impact,8d7b5a826f6f94d6a4310432d99d3029a30af6de25bed17f362ea8e1e1f83d07,458817,numericid-WORD,1,False
part_4/5421164488339045-OVER.mp4,part_4/5421164488339045-OVER.mp4,over,d0d372a4d18637863c4b08e7cc89f585d3a17b7e6d81f7ee5beec6b1fe70251d,708359,numericid-WORD,1,False
part_4/5421193334085079-TEMPTATION.mp4,part_4/5421193334085079-TEMPTATION.mp4,temptation,75eb04b413b95063d57eccde868263598cf4ceeaff6718d87ef7d57ae88a0c42,396584,numericid-WORD,1,False
part_4/5423341935409187-PAPERCUTTER.mp4,part_4/5423341935409187-PAPERCUTTER.mp4,papercutter,4f09771bec59c52da20a9fc139ba5e63c47d6fa45cfb6b85403bab98ee960193,902318,numericid-WORD,1,False
part_4/5426746451173785-CAMERA.mp4,part_4/5426746451173785-CAMERA.mp4,camera,ea87346ebda0eb5434c7e5caeb9fec7c3aabe54a2110715145f568cb1b54f869,970260,numericid-WORD,1,False
part_4/5430223814691273-SECRET.mp4,part_4/5430223814691273-SECRET.mp4,secret,5a5e1775d5ef810d43046a3cc19a0a19ead3af519a9d9f413b869e71817fd4f8,1785154,numericid-WORD,1,False
part_4/5437162886710538-HOLD ACCOUNTABLE.mp4,part_4/5437162886710538-HOLD ACCOUNTABLE.mp4,holdaccountable,b99a1f7d08da4e31a97354c8d2c2de7be58405a5a320bd0877a2ef5c60730e78,519566,numericid-WORD,1,False
part_4/5438201148520057-SHRIMP.mp4,part_4/5438201148520057-SHRIMP.mp4,shrimp,779b3cdd7a8a398f82f3b4da3aaeafabc55abc7b2555572504da02c1d0810ac7,466197,numericid-WORD,1,False
part_4/5440157514671375-EARLY.mp4,part_4/5440157514671375-EARLY.mp4,early,4627ffd012a4027ee6e4bccf89356b6b29f927a7aac0b49a8d2a6997d572e439,261936,numericid-WORD,1,False
part_4/5440638763202545-INFLUENCE.mp4,part_4/5440638763202545-INFLUENCE.mp4,influence,10bbbed4f5c12ed763ebc0ec507ef83eff27b7abfdfc48401503f5de77451ff0,429320,numericid-WORD,1,False
part_4/5441646326714582-SAXOPHONE.mp4,part_4/5441646326714582-SAXOPHONE.mp4,saxophone,2d9429be42118560afb7f29c68cfc2a6c3162a26e0013f1a3e201ddceb3beca8,251556,numericid-WORD,1,False
part_4/5441833695602987-SUNSET.mp4,part_4/5441833695602987-SUNSET.mp4,sunset,093d8e7255c78b412d805fe14a5e63ac30ecf617c943ae85a2c528089e9745cb,508681,numericid-WORD,1,False
part_4/5444330186403921-JEWISH.mp4,part_4/5444330186403921-JEWISH.mp4,jewish,b0f4279a57cafb3b3eee48669b1e1cb25d2c8caa88d59f3d0df737694744c417,540112,numericid-WORD,1,False
part_4/5452240161577155-ESCAPE.mp4,part_4/5452240161577155-ESCAPE.mp4,escape,2c44b07ec3dcd58ac94ad750f91f112f0948b20251b268d8aa8a8042a2420e52,499262,numericid-WORD,1,False
part_4/5460541166365573-BRAINWASH.mp4,part_4/5460541166365573-BRAINWASH.mp4,brainwash,3e47c92bdc0c67a3e6d0aaa53a656501250fd1dd00f237e956a17c80b74665f9,473848,numericid-WORD,1,False
part_4/5466183976793917-INHALE.mp4,part_4/5466183976793917-INHALE.mp4,inhale,81783519900f5fa4e9f3b4caf75d8518c434ec82a61ef1b0975f8c07fafddd4e,390500,numericid-WORD,1,False
part_4/5467765049213293-MONSTER.mp4,part_4/5467765049213293-MONSTER.mp4,monster,fc1644b871506872f2f16362c3cdb6f90d1ebe5abf07d85e36cb805f29dcc5a7,648721,numericid-WORD,1,False
part_4/5473147721145768-CLEAN.mp4,part_4/5473147721145768-CLEAN.mp4,clean,8d5470442f6bae08fa13060f6f624ec8be622b03a2364c56e237ff26abc94d3e,596638,numericid-WORD,1,False
part_4/5473270544182149-FROG.mp4,part_4/5473270544182149-FROG.mp4,frog,eb7a6da49fb4423829bee8707ce749385cdb8839262eab52934fc3d78effd36d,288646,numericid-WORD,1,False
part_4/5473941907944226-JELLY.mp4,part_4/5473941907944226-JELLY.mp4,jelly,b73f988c3814eade150bc8f0381ecd80037dce78f9c80b5f6a22d9e6fd0e945f,417657,numericid-WORD,1,False
part_4/547776524171991-PROCESS.mp4,part_4/547776524171991-PROCESS.mp4,process,3254054a7d80f90d1f4bb8327d57fa5c6ee8c42bcefd4e6e7531b8d9ff0a2cb8,934269,numericid-WORD,1,False
part_4/5481447158893427-ABSOLUTELY NOTHING.mp4,part_4/5481447158893427-ABSOLUTELY NOTHING.mp4,absolutelynothing,95925904f32351ca20d569ae1c7490d14e3e09d414303832e47764a014fff146,522357,numericid-WORD,1,False
part_4/5485982089040253-REGISTER.mp4,part_4/5485982089040253-REGISTER.mp4,register,9c5bc6fc138bdc979a3009863b9fb5230aa7996c4db147b82981f8ef70813c88,655743,numericid-WORD,1,False
part_4/5486875840224443-FILM.mp4,part_4/5486875840224443-FILM.mp4,film,acdb40f442b52852b157d1317cc14ea33373a45d3e82735728c3a3b9b5faf524,588299,numericid-WORD,1,False
part_4/54884387567923-WHITE PERSON.mp4,part_4/54884387567923-WHITE PERSON.mp4,whiteperson,9057bf52a1757b1844fcbf3205a7664fd05538e1a234839d7263d7e2e2e5e674,735091,numericid-WORD,1,False
part_4/5491929037140144-UMBRELLA.mp4,part_4/5491929037140144-UMBRELLA.mp4,umbrella,a250e166b45942f975593483a67c745415097963bc6771402fe9707e146864fc,632981,numericid-WORD,1,False
part_4/5494650376914665-RAT.mp4,part_4/5494650376914665-RAT.mp4,rat,045c938c824a1f33ee8abff41d7037bc729f88f087b9205a63cb40a1ee70eab0,369576,numericid-WORD,1,False
part_4/5498937172585983-NOT.mp4,part_4/5498937172585983-NOT.mp4,not,1357afa451422d9469b2c38afdef22af0aab0726dbbc9322f69fc36bfa3cdbf2,317681,numericid-WORD,1,False
part_4/5502470046977559-HEADACHE.mp4,part_4/5502470046977559-HEADACHE.mp4,headache,076cebf6f708d79ae7844266b512763263c806ca93054a87883c191e742ccd1b,473014,numericid-WORD,1,False
part_4/5503826467794228-HOUSE.mp4,part_4/5503826467794228-HOUSE.mp4,house,dada7fa01855f086f606edc4068a65e7e7b3e9fb9b019f1f3c4a6b2f0cbd78d1,663902,numericid-WORD,1,False
part_4/5504970739033002-TRANSGENDER.mp4,part_4/5504970739033002-TRANSGENDER.mp4,transgender,1bd074972b9fe8138d0f98e3ab248ef0165001fe8a029a93cd90dd77bed4d50a,1650075,numericid-WORD,1,False
part_4/5506938029180888-BOTTLE.mp4,part_4/5506938029180888-BOTTLE.mp4,bottle,4e8e38733aa2aaf9679b2640ff0cf042d0d2b6abfe58bc3c561764dcc76ee36a,248387,numericid-WORD,1,False
part_4/5506960244216781-FENCING.mp4,part_4/5506960244216781-FENCING.mp4,fencing,dcd60ce524ee8bea5ccafde91c2c2f74941cd4ed2509f7f9eab0ed5d8dfcd15d,624117,numericid-WORD,1,False
part_4/551062102957099-HAMSTER.mp4,part_4/551062102957099-HAMSTER.mp4,hamster,43e10e7b605c188f40a6e7785d8562ab2c94fd2fef467b2390e36c172d7c67ad,664825,numericid-WORD,1,False
part_4/5510822299428495-OSTRICH.mp4,part_4/5510822299428495-OSTRICH.mp4,ostrich,15a1575b21e23770531cb41956a0c30ad94b2648f02b0a39deb3d7b0afdb1f21,595725,numericid-WORD,1,False
part_4/5511180039632309-ORANGE EYES.mp4,part_4/5511180039632309-ORANGE EYES.mp4,orangeeyes,c47d10da4e7d9cbb2a0ac6811353d302ae9337f60a5b2a6cc3d93bf1342d3858,477916,numericid-WORD,1,False
part_4/5527432382922375-ENEMY.mp4,part_4/5527432382922375-ENEMY.mp4,enemy,82253d1db10f8db600e88f59633715f2733091f846a574068c4970976ec5b137,264162,numericid-WORD,1,False
part_4/5535410085098629-CANOE.mp4,part_4/5535410085098629-CANOE.mp4,canoe,e1117a10d9d233d07d49f26f1d803b0cd838d5b55f82100c3b90778d4f716a27,1176773,numericid-WORD,1,False
part_4/5535863536541035-CREDIT CARD.mp4,part_4/5535863536541035-CREDIT CARD.mp4,creditcard,f26c3503bb5df9bbdaca226b2d5c303365757214c7835ab814fc5826a04c0c7c,570585,numericid-WORD,1,False
part_4/5536147852265338-GOAT.mp4,part_4/5536147852265338-GOAT.mp4,goat,cc7b5b92d8b1d6e6edea62a89a50c414f0965d9b63d0e86d5229793e6fcbb2d2,651648,numericid-WORD,1,False
part_4/5542401547475293-YOYO.mp4,part_4/5542401547475293-YOYO.mp4,yoyo,27e968c05778268c56df27793f3bccf1f87b69cc30183de0cd1accfa142caa46,555068,numericid-WORD,1,False
part_4/5545602972477119-BLOND.mp4,part_4/5545602972477119-BLOND.mp4,blond,ec0f709dec2e57b1af892ef714f6352617903dcf5513018113c7352c511c969d,659432,numericid-WORD,1,False
part_4/5568966830584794-HEAD GRIND.mp4,part_4/5568966830584794-HEAD GRIND.mp4,headgrind,a12405213b1943d4a04ae08a32f28c946116e1f7d86e04fb83c6cc0242360deb,652639,numericid-WORD,1,False
part_4/5571475124945835-VILLAGE.mp4,part_4/5571475124945835-VILLAGE.mp4,village,c76abd45e35068bd35d1658d5251a60e3a04b2224607b016edb12d60219ec1b7,1477984,numericid-WORD,1,False
part_4/5578485990711219-VITAMINS.mp4,part_4/5578485990711219-VITAMINS.mp4,vitamins,2dce1df73893b28b5bc63c37d32909b054b18d9da4d19c2e8026bf7fd21352a8,774412,numericid-WORD,1,False
part_4/5580173174516418-seedFRANCE.mp4,part_4/5580173174516418-seedFRANCE.mp4,france,3c822bbf86142e3cf64e142c3b550af62696b98c108604c8b526524e657853be,704006,numericid-WORD,1,False
part_4/5583564829066063-PENGUIN.mp4,part_4/5583564829066063-PENGUIN.mp4,penguin,928df19b7246a683e9d7c0a3e113b17589877a17b1717f29d5c520f5c1f34366,465042,numericid-WORD,1,False
part_4/5584013314005547-WHY.mp4,part_4/5584013314005547-WHY.mp4,why,d69aeb0db2e45ca01ec83db1fc98d323984c66003ad4985b68c1a768e6ad7180,741740,numericid-WORD,1,False
part_4/5585715943610259-PAGE.mp4,part_4/5585715943610259-PAGE.mp4,page,7a331be6aa7cb4789ae153cc5a2089b25215ca607347083cd7e40c04ce10bb3d,387810,numericid-WORD,1,False
part_4/5592882265114305-STRANGLE.mp4,part_4/5592882265114305-STRANGLE.mp4,strangle,b9f6e6239061844770adb9c3f094d032fbbaaa996f97228a9803df3afaf90257,1219579,numericid-WORD,1,False
part_4/5593829761691902-CAMCORDER.mp4,part_4/5593829761691902-CAMCORDER.mp4,camcorder,7763da64f85f89f6ce45d7a3598471d589e4bbe1a751264337fab15ba88a5171,973753,numericid-WORD,1,False
part_4/559768801316793-PRECIOUS.mp4,part_4/559768801316793-PRECIOUS.mp4,precious,72444aeb5407d738d74a0c40ef8bd30ac925243dd67cbe7fbe4cfbc82471f4bd,316170,numericid-WORD,1,False
part_4/5607471755343187-LESS.mp4,part_4/5607471755343187-LESS.mp4,less,12c53f222fe4aff60fb5307d6bef9fdc7a4cb2fe289a7eccd2ebc43e1b65c497,380397,numericid-WORD,1,False
part_4/5622784592697969-BETWEEN.mp4,part_4/5622784592697969-BETWEEN.mp4,between,9e2e7a318d24e4eff4be868e3c98aae8445fd482edc304d28d87deaf0c07f834,579166,numericid-WORD,1,False
part_4/5628093426848517-SUMMON.mp4,part_4/5628093426848517-SUMMON.mp4,summon,e226d72d1bc064256e00a6c5aa777cc06f8e28a343ecb1797b1dce2ab117b4de,578264,numericid-WORD,1,False
part_4/5628295860409795-FLIP SWITCH.mp4,part_4/5628295860409795-FLIP SWITCH.mp4,flipswitch,49a2b14e8a20c0fb4446d965cdcc6a20ed7ea1e3a7bdcfe2621c5d6d3363c840,574815,numericid-WORD,1,False
part_4/5628767137709298-DICTIONARY.mp4,part_4/5628767137709298-DICTIONARY.mp4,dictionary,b5f8bc55b5df714dee944130b8cf4111f8114deb9da56eb136673064b75f8e15,637920,numericid-WORD,1,False
part_4/563254890502427-PEACOCK.mp4,part_4/563254890502427-PEACOCK.mp4,peacock,f1c617f4ea6ec0374bbb1761a22805747a3a95427fed63976a4175d3b519310c,615773,numericid-WORD,1,False
part_4/5633279216900626-CAMCORDER.mp4,part_4/5633279216900626-CAMCORDER.mp4,camcorder,3e49b2b97e4ddc67917f2888c9eb92b20d489234897db353c87cd767817e43e8,477339,numericid-WORD,1,False
part_4/5637115074804606-ALWAYS.mp4,part_4/5637115074804606-ALWAYS.mp4,always,47d2e0b6d5185d0a01b11439d48ec92520b9347b3cda9898e3b7b92074fe045a,250066,numericid-WORD,1,False
part_4/5637447161194917-SOUND.mp4,part_4/5637447161194917-SOUND.mp4,sound,30ddf05aa935696dafa5d76d251d716dd4a21174490cf51f0ad11f9b07c537db,354164,numericid-WORD,1,False
part_4/5642803669727219-GRASP.mp4,part_4/5642803669727219-GRASP.mp4,grasp,9371e98bfc52d0a18b8f4745006bb59cb9285ceb6504fd6002acb64804ef04e8,372548,numericid-WORD,1,False
part_4/5642885310456234-DRESS UP.mp4,part_4/5642885310456234-DRESS UP.mp4,dressup,e261b286a967abb1881d8f01b77a5f711d3d3ad51877841e1e80b011e57ec38c,431895,numericid-WORD,1,False
part_4/5646306760457318-BLUE.mp4,part_4/5646306760457318-BLUE.mp4,blue,dbc971e4850adee341620e588de13af6b3dcc83045f2ed3140dc4838e5fdfe9c,138557,numericid-WORD,1,False
part_4/5651079602343521-seedMOTHER.mp4,part_4/5651079602343521-seedMOTHER.mp4,mother,7885ba56422f8c42408f00f3853a3a177383b896414c4927c488110df50b7101,1054467,numericid-WORD,1,False
part_4/5654183416756002-JUNIOR.mp4,part_4/5654183416756002-JUNIOR.mp4,junior,62643487264277d3d2813ca5dc28a3b125a034117243bca9b53b3e8504e74863,964041,numericid-WORD,1,False
part_4/5654201049709489-CROCODILE.mp4,part_4/5654201049709489-CROCODILE.mp4,crocodile,3891637c0f81cb20c1b0b1d324b319118f5376e34cb91ae0104f7ac2d724f515,680743,numericid-WORD,1,False
part_4/5654550087796317-CAROUSEL.mp4,part_4/5654550087796317-CAROUSEL.mp4,carousel,ccbd3cdc8a38a9b701b9132599a13d617feb2bb2567a6b442fcd10f2027add67,545072,numericid-WORD,1,False
part_4/5656569741315018-SECRET.mp4,part_4/5656569741315018-SECRET.mp4,secret,5fb2e5be979cbd1597b39e46288005296eed1a6614517f917fb31046f29fc242,546894,numericid-WORD,1,False
part_4/5657968102757212-SAUCE.mp4,part_4/5657968102757212-SAUCE.mp4,sauce,5ab0e8e4ff8e03813d99711add400cdc1bce7217cf787e88a586cb62312261fd,606498,numericid-WORD,1,False
part_4/5658492471028722-SHORT DISTANCE.mp4,part_4/5658492471028722-SHORT DISTANCE.mp4,shortdistance,5b121a35c7ba712092c93e0dbf80c53233f8eab30a252d2ca70ae56747c642fc,328725,numericid-WORD,1,False
part_4/5665441262141131-NET.mp4,part_4/5665441262141131-NET.mp4,net,b03972ba2a09023d757944701ecdf6f07df51c9bbda6809509b09c1651082d74,428459,numericid-WORD,1,False
part_4/566980446632396-THINK CHIN.mp4,part_4/566980446632396-THINK CHIN.mp4,thinkchin,b0db9d94abc490c01182a9a3ff05da9687c28e186b2d8d09085bd3820bbcb69f,375024,numericid-WORD,1,False
part_4/5675218090082352-METAPHOR.mp4,part_4/5675218090082352-METAPHOR.mp4,metaphor,1a34136cdea20d08950be71bc9e1581c24a88e5761ccab1e6e01c9ed0d56c6d1,462455,numericid-WORD,1,False
part_4/5676768035152318-GOATEE.mp4,part_4/5676768035152318-GOATEE.mp4,goatee,5ce4a71a984f45165e6b81dadae97e8658fb5a896503ced12a0c04f77da98076,423348,numericid-WORD,1,False
part_4/5677482375653258-DRAW.mp4,part_4/5677482375653258-DRAW.mp4,draw,5492316e0d6874815d02f4e073370a4252be536372bd90ddb35a2cda261ad61c,714945,numericid-WORD,1,False
part_4/568818048922445-CALL TTY.mp4,part_4/568818048922445-CALL TTY.mp4,calltty,a4b544400a8880f0077daa6f9ea3ea1d6b18bcd22a24046106b5fe6cb84b899c,348805,numericid-WORD,1,False
part_4/5688725140267121-STEAK.mp4,part_4/5688725140267121-STEAK.mp4,steak,1389e341442c4f1ce1d0809b9f16c1666fa47514fa65bcc3b72426f1d5626dd1,516028,numericid-WORD,1,False
part_4/5691246614576149-LAY DOWN.mp4,part_4/5691246614576149-LAY DOWN.mp4,laydown,63a62cec27e6bd60eb4fc639bea03c7f310fd63de4ac26865acd317199b3bb6d,471511,numericid-WORD,1,False
part_4/5692457968488476-BORROW.mp4,part_4/5692457968488476-BORROW.mp4,borrow,454539f07d333f9a69ae4a417cb576bb196f8148cfed907746b91598b110f941,972670,numericid-WORD,1,False
part_4/5693005138323348-LOCKER.mp4,part_4/5693005138323348-LOCKER.mp4,locker,674ef9acbe8f7394df77ef8f306052c30183cfba150e5a98f072a29b65f785fa,530095,numericid-WORD,1,False
part_4/5695730923223203-YUCKY.mp4,part_4/5695730923223203-YUCKY.mp4,yucky,827832e2711e4e29883570e7a1b4033b33fd7fd87465e7c3c2ce2dbc4cc0985c,356886,numericid-WORD,1,False
part_4/5703931820618922-SHOULD.mp4,part_4/5703931820618922-SHOULD.mp4,should,5499888c730a219192afa1eae77f5c2370747505b73f9423c49bce365ff0dd81,588043,numericid-WORD,1,False
part_4/5704760234948403-GOVERNMENT.mp4,part_4/5704760234948403-GOVERNMENT.mp4,government,4a0b31d8ba3a00d6187e7794e65d200d401da0219c8c9c3dc56635e58ec27baa,784526,numericid-WORD,1,False
part_4/5705855511606455-ATTITUDE.mp4,part_4/5705855511606455-ATTITUDE.mp4,attitude,37e6c74ed60db99692a400f46490749d8e3ed7cee6d703009dd2bcdced30e6d4,505885,numericid-WORD,1,False
part_4/5707086234873997-DISNEY.mp4,part_4/5707086234873997-DISNEY.mp4,disney,39cbd87b1571fe08d976a0d0bad820def32e715ae0a09b41ed467507423c6f53,578303,numericid-WORD,1,False
part_4/5708154987302507-MASSAGE.mp4,part_4/5708154987302507-MASSAGE.mp4,massage,f34dd315cffa829f50f594a177ef96b061fb58ef650e27c388b11ce1c25c05fb,1117029,numericid-WORD,1,False
part_4/5708598578821673-CONTINUE.mp4,part_4/5708598578821673-CONTINUE.mp4,continue,6031e7ef59e7ed516caebc38c42983cc2c1f0522a742f1ecaa1bfe88132fa730,640857,numericid-WORD,1,False
part_4/5710586749820159-CAFETERIA.mp4,part_4/5710586749820159-CAFETERIA.mp4,cafeteria,20adbf7a0c7346cc5d2d308ce6148cb34ae6886114a9b0655f4f7bfa2e2d7c52,245062,numericid-WORD,1,False
part_4/5718034440116153-MOVE DOWN.mp4,part_4/5718034440116153-MOVE DOWN.mp4,movedown,1cdbb9365f9b98d453faa9fc97cc227395b7820639bb83f96ed3c4e147168a7d,341194,numericid-WORD,1,False
part_4/5719477017744072-SSHH.mp4,part_4/5719477017744072-SSHH.mp4,sshh,2c95cbf9a2fc73b601ef258f9ff44f7e349b2c02750367d42b1846ac0cbb7b5e,157180,numericid-WORD,1,False
part_4/5729552378593079-BASEBALL.mp4,part_4/5729552378593079-BASEBALL.mp4,baseball,36259770afad14d06e8c0a4646b6b65b292773666c62293471b430041878fbb2,560118,numericid-WORD,1,False
part_4/5731680073234551-SIT.mp4,part_4/5731680073234551-SIT.mp4,sit,4ef77dd3fdbad69240d27a490a000580a2bb63ff68f157f1c6207d93d05dee28,1207290,numericid-WORD,1,False
part_4/5732919560996388-DYE.mp4,part_4/5732919560996388-DYE.mp4,dye,9f9300f4b76155de795274ea73ef70d82eaf062125b1b4780c0327cb454e6ef1,406967,numericid-WORD,1,False
part_4/5734461396497386-BITCH.mp4,part_4/5734461396497386-BITCH.mp4,bitch,ee1734b9ba024d5ef4100ce5e7a2a259c6da812bea218b36601fa4c8e472550c,309893,numericid-WORD,1,False
part_4/5735214635560155-PREDICT.mp4,part_4/5735214635560155-PREDICT.mp4,predict,15cf866ebc075cf2cccd4ead63689ef0e6d3588926d6a8897303793220b4e51f,751343,numericid-WORD,1,False
part_4/5736958277048834-NEXT.mp4,part_4/5736958277048834-NEXT.mp4,next,323d96d5354fdb5f50980c6ec21f4de8adb6d81d23c58ccf489ab7aa887e1556,237517,numericid-WORD,1,False
part_4/5744597115889964-PLIERS.mp4,part_4/5744597115889964-PLIERS.mp4,pliers,b6fc1907c51a21eb7c974182f8ea61d04bafb9fa7b16374ae346952836f59457,470900,numericid-WORD,1,False
part_4/5746010872027036-seedASTRONAUT.mp4,part_4/5746010872027036-seedASTRONAUT.mp4,astronaut,febe348c9790f8c9a81fa29b9487f92ef19f5a6c7a9ef02f654a6b7434c67529,933159,numericid-WORD,1,False
part_4/5747790634584196-COUNTRY.mp4,part_4/5747790634584196-COUNTRY.mp4,country,913a6240ca479f5d733e60e328dea4994bfb525089688a20c99556f07ca37bf4,425459,numericid-WORD,1,False
part_4/5750859398749053-JIGSAW PUZZLE.mp4,part_4/5750859398749053-JIGSAW PUZZLE.mp4,jigsawpuzzle,6264f5ccd480946911c675a79f6a39b3d90ef4fc2871b54f5f4139f82db08a8f,619956,numericid-WORD,1,False
part_4/575097801448069-SPIT OUT.mp4,part_4/575097801448069-SPIT OUT.mp4,spitout,9f10ee922cf583f6306d38d8e0ae33afb1bbf769dee1d4e56d02db9b06cf0d22,342870,numericid-WORD,1,False
part_4/5751327086311833-DIRTY.mp4,part_4/5751327086311833-DIRTY.mp4,dirty,178b2e682d2682f69e4ba7ba53c2e9df3ce2a9dbb0351584dd48f35643f3f1dc,427450,numericid-WORD,1,False
part_4/5757141670056527-GOOSEBUMPS.mp4,part_4/5757141670056527-GOOSEBUMPS.mp4,goosebumps,8fdcb4256757168a1ac533e815cbee7e9b2edf07d8b9ccb474b987f10e100ef9,618954,numericid-WORD,1,False
part_4/5757520428166414-TABLE.mp4,part_4/5757520428166414-TABLE.mp4,table,a4c4149fd3c758805bf99f9e1f1004fd1b3d10b47042879f2625b92245d1815a,706380,numericid-WORD,1,False
part_4/5759401053206663-UNIVERSE.mp4,part_4/5759401053206663-UNIVERSE.mp4,universe,4996870142ca102cd16b76f1c949c082ec039cf289411cdaff203b14b57827e0,1255624,numericid-WORD,1,False
part_4/5763337000940891-SQUIRREL.mp4,part_4/5763337000940891-SQUIRREL.mp4,squirrel,136d5dc97ff6196e0c5e2387a829418cc8f96d16d7a777f8f780ee11d0400a6d,919409,numericid-WORD,1,False
part_4/5768210306391073-SHOCKED.mp4,part_4/5768210306391073-SHOCKED.mp4,shocked,f50e7f766216d060c5d6d1b3da705053109f2b55ccaf5ef62671319d062e3591,343686,numericid-WORD,1,False
part_4/5770871962466357-CLOWN.mp4,part_4/5770871962466357-CLOWN.mp4,clown,ec98830b458e09d8d8783b6a6602ee8600f93c8318a0b58eaf45ccf60876ff7b,615140,numericid-WORD,1,False
part_4/5774167915990722-CONFIDENT.mp4,part_4/5774167915990722-CONFIDENT.mp4,confident,1e134ec96658ab7d3c4841812899241eddc364a047235647f29362b53038822e,421085,numericid-WORD,1,False
part_4/5775162207444298-PRINCE.mp4,part_4/5775162207444298-PRINCE.mp4,prince,fa8dc3e507c972e18168a9b5db7a2b725f32aac9e5c576052f66f018497f737b,518784,numericid-WORD,1,False
part_4/5775302005177583-EXPLODE.mp4,part_4/5775302005177583-EXPLODE.mp4,explode,07802ac7f822056079e1da0fdc171025bc38441350b675bbd937a85ec0917156,719079,numericid-WORD,1,False
part_4/5782015158863159-HEARING AID.mp4,part_4/5782015158863159-HEARING AID.mp4,hearingaid,4d0a2dc48fff35a95bc2382dc4ddcdc41e342daeaffffbd7527096742e5c78a5,324225,numericid-WORD,1,False
part_4/5783440074206825-OCEAN.mp4,part_4/5783440074206825-OCEAN.mp4,ocean,138409119c5eb8aec80187a401a0e3eb5516ce52c76ca6ac9128292ad1619041,503005,numericid-WORD,1,False
part_4/5786879934155402-TIME TO_TIME.mp4,part_4/5786879934155402-TIME TO_TIME.mp4,timetotime,92ff0931bf5f9f8197ff6f132cffbedadb05c86f55131d2adc5b3cf7fcea8b88,1250066,numericid-WORD,1,False
part_4/5788566001263671-GAY.mp4,part_4/5788566001263671-GAY.mp4,gay,ebfa52c55d952f27dd827d3bce78f370f2e7e76bd52d1cc5be8ccfc71c9ceeeb,380115,numericid-WORD,1,False
part_4/5795763796718998-BEANS.mp4,part_4/5795763796718998-BEANS.mp4,beans,b18d5591b240ad150b6439ed469b8c79341b1f7dd6b00e6ed52f7917ddf957b6,454638,numericid-WORD,1,False
part_4/5795861830100906-FAIL.mp4,part_4/5795861830100906-FAIL.mp4,fail,d070c81b97c9b12c4b53fa2ba3a784d8fd63363c88a29e4ce4ae82182b6c64ac,427990,numericid-WORD,1,False
part_4/5796516731435355-SUNDAY.mp4,part_4/5796516731435355-SUNDAY.mp4,sunday,ea1d9448ca9278f3d3fd8618b6f15f3152379d107f4f6c34f50952ad3cbb292d,628324,numericid-WORD,1,False
part_4/579870990308373-HUNDRED.mp4,part_4/579870990308373-HUNDRED.mp4,hundred,3895b4dad01509b00009a6ee9063d7479d50177ae02d93ada0842a20a91469f2,385642,numericid-WORD,1,False
part_4/5801416071763943-TOWEL.mp4,part_4/5801416071763943-TOWEL.mp4,towel,0f39bc1322186e10eb1160db8fbce10018e02d31df44788c28b6ae16b5f77999,717089,numericid-WORD,1,False
part_4/5802119850614031-PROMOTE.mp4,part_4/5802119850614031-PROMOTE.mp4,promote,ad72261c4e5485d28421711e9dfb80a823b41da98d7123a381eb3250f6c7e1bf,570003,numericid-WORD,1,False
part_4/5805219254809522-SURGEON.mp4,part_4/5805219254809522-SURGEON.mp4,surgeon,a05e3f5a236db2db643382546403e24b8c48af8eec5b724a246880c177f3cbd5,362001,numericid-WORD,1,False
part_4/5806315363119019-KNOW.mp4,part_4/5806315363119019-KNOW.mp4,know,0856bc2f73a77ee8b2d89c6760c0f7b8455af20f23d7416365903e5b5285fef4,905222,numericid-WORD,1,False
part_4/5812949470759072-KISS FIST.mp4,part_4/5812949470759072-KISS FIST.mp4,kissfist,d7e00944651397c57f1aa5c27710fba0e80604b8f10b62c153f256eaec7e077f,372517,numericid-WORD,1,False
part_4/5815002632226274-TEND YOUR.mp4,part_4/5815002632226274-TEND YOUR.mp4,tendyour,b9a5ccefd0ef4c613cbb46af8c353cc2b51a4a9c52c859996429c154517d0e13,491029,numericid-WORD,1,False
part_4/5816944690447621-INVITE.mp4,part_4/5816944690447621-INVITE.mp4,invite,48759467941643994cbafaace8b13c2f0833d8f88490774c30c016896d9e2106,294984,numericid-WORD,1,False
part_4/582216781283561-GORILLA.mp4,part_4/582216781283561-GORILLA.mp4,gorilla,55cf11d3a3728101a4ab202cfb5c6180db113a45d37e33c5a4f3e670504768c8,365884,numericid-WORD,1,False
part_4/5828054326873555-WHILE.mp4,part_4/5828054326873555-WHILE.mp4,while,4006c60660493d02da43e7f92c6c681abdbf2e6b65668ca7d1d5f9da81fded16,589320,numericid-WORD,1,False
part_4/5834246106284988-HIGHLIGHTER.mp4,part_4/5834246106284988-HIGHLIGHTER.mp4,highlighter,84eee08dfec639535f0733d7d930ab1e79c86da702da952c12d4eced985d236a,452455,numericid-WORD,1,False
part_4/5840343628831042-LICENSE.mp4,part_4/5840343628831042-LICENSE.mp4,license,a06e7e74317e7271a1e0e1e4130cc84cb8aa2e03f80ce4fe7af7035e0d53a337,1236296,numericid-WORD,1,False
part_4/5842078290214612-ARTICLE.mp4,part_4/5842078290214612-ARTICLE.mp4,article,1e4d4a9a8d6df255c011be9c442191082314e5ac9cb2a4c9431c4b306ef08e0d,636235,numericid-WORD,1,False
part_4/5845121089874201-WHEN.mp4,part_4/5845121089874201-WHEN.mp4,when,c83a230ae20728a5fcd01786799d247ba1e5b2980d6daafa8a78492493b34f92,1111321,numericid-WORD,1,False
part_4/5845736526662779-BEAK.mp4,part_4/5845736526662779-BEAK.mp4,beak,14bc092ba4f47b2bac6ea51f3c820a70d295e0ce3b4c3e0b56aaafc23e7bf4bc,311672,numericid-WORD,1,False
part_4/586538444076204-TEMPER BLOW UP.mp4,part_4/586538444076204-TEMPER BLOW UP.mp4,temperblowup,7493f6762cde32d8d7d296084688d9a32fe219f3f5cf323054ab0411a057db9b,693298,numericid-WORD,1,False
part_4/5872467669891628-RAIN.mp4,part_4/5872467669891628-RAIN.mp4,rain,e40e076b5b510c529d3863ada63e450945efae5a0e6aca961568898c9d502d44,624899,numericid-WORD,1,False
part_4/5874422860461079-MAINSTREAM.mp4,part_4/5874422860461079-MAINSTREAM.mp4,mainstream,bbe1e6876d2f0d8ea82fb4e00e640a1eee09113dac48a11fa913132c82201bb4,611321,numericid-WORD,1,False
part_4/587454674789071-TTY.mp4,part_4/587454674789071-TTY.mp4,tty,b506f5b0976dd302abe68978014259f7a4ce77f1949b6053ff2a309085286bf5,348185,numericid-WORD,1,False
part_4/5885260079894912-ALL OF_SUDDEN.mp4,part_4/5885260079894912-ALL OF_SUDDEN.mp4,allofsudden,0242394dc89dd7a13af1222b97ce420140a870b9b56b1f990ae7561200c2d267,592122,numericid-WORD,1,False
part_4/5886530842290676-SATURDAY.mp4,part_4/5886530842290676-SATURDAY.mp4,saturday,e1c5a69f7a41eb6999a2360c4fb2daddbe9e9251ac45d06fd34b633f4935a292,581327,numericid-WORD,1,False
part_4/5889839458386423-seedSUIT.mp4,part_4/5889839458386423-seedSUIT.mp4,suit,4bf76f6bae5992bca31b64d90563fed46fdf85d326906be220fdd34666dd9f94,620376,numericid-WORD,1,False
part_4/5897962235833296-BOUNCE.mp4,part_4/5897962235833296-BOUNCE.mp4,bounce,97064721ae180b85487a6c70f0a144846093938ace80885bc27c63add95320f6,404769,numericid-WORD,1,False
part_4/5904270673275722-GIFT.mp4,part_4/5904270673275722-GIFT.mp4,gift,35d262ca3092e70e44565f1350f94972040f2aa67cb5b7c150a739c888c764f3,350978,numericid-WORD,1,False
part_4/5905581185624884-UNDERGRADUATE.mp4,part_4/5905581185624884-UNDERGRADUATE.mp4,undergraduate,41aa14b80b1fe37d45c7b521e9590398276bff83fc96f9bda965192f73e28124,401605,numericid-WORD,1,False
part_4/5906335829951126-BLUSH.mp4,part_4/5906335829951126-BLUSH.mp4,blush,47298b6363f9f503cac99db2099948124a9d18a8b703f5af117505521e473f02,362669,numericid-WORD,1,False
part_4/5913874030551471-RECITE.mp4,part_4/5913874030551471-RECITE.mp4,recite,e725f1186221407cd952445c41be1cbb5d35ff093841ae3915869b4704ab8982,450367,numericid-WORD,1,False
part_4/5921657843863637-STRAIGHT.mp4,part_4/5921657843863637-STRAIGHT.mp4,straight,e34497ae6d81a65f4fb42da82d507b9edbd8177c90c4cab0f44d98774954ca99,381340,numericid-WORD,1,False
part_4/5928269940353001-TORNADO.mp4,part_4/5928269940353001-TORNADO.mp4,tornado,2e5a0a8ccf71976fbccd1384ef2a7816bc2c421c1d730da54e2c27d263125bf7,651165,numericid-WORD,1,False
part_4/5932265754602617-DISAPPOINT.mp4,part_4/5932265754602617-DISAPPOINT.mp4,disappoint,aafd8413982d25148decf03b5b5234ae12cdb240a9659c4b3de187d0f1275959,306762,numericid-WORD,1,False
part_4/5939683230637258-LABEL.mp4,part_4/5939683230637258-LABEL.mp4,label,80a0171498af8363181288b841b2b81c96d5b15777c7198863e15fed0df54443,764866,numericid-WORD,1,False
part_4/5940973462169779-BUT.mp4,part_4/5940973462169779-BUT.mp4,but,fb827a21c726de6f47941fbdf38c35ea14c646b1c3373fb81f1037fa08a8d8c6,638782,numericid-WORD,1,False
part_4/5941349283407933-GROW.mp4,part_4/5941349283407933-GROW.mp4,grow,1655c6872d678aa4d53dc207f717b4d303b85f4571349ee4b4bd646f2f86354d,641303,numericid-WORD,1,False
part_4/5948726827086888-OVERWHELMED.mp4,part_4/5948726827086888-OVERWHELMED.mp4,overwhelmed,012e8db46ebee0997d9fc54faa340d442a471636864131afef48a1128e886e2d,460392,numericid-WORD,1,False
part_4/5953301053730893-PISSED OFF.mp4,part_4/5953301053730893-PISSED OFF.mp4,pissedoff,84c0f79c0041a5c85d2d3535a3024c45c0595b9fd880710152f6226accc098c0,761693,numericid-WORD,1,False
part_4/5956141904914858-PILE.mp4,part_4/5956141904914858-PILE.mp4,pile,c0b45cf119d2e7ec26a5b4c869285606ebbd2ab9748232892d6652153e5c795f,706870,numericid-WORD,1,False
part_4/595659331701432-BECOME.mp4,part_4/595659331701432-BECOME.mp4,become,565e0105b3488034cabe12be207a3799c6681e904551c9c8368848105f2ee47f,470495,numericid-WORD,1,False
part_4/5958223461055481-HOLD HANDS.mp4,part_4/5958223461055481-HOLD HANDS.mp4,holdhands,05cc4c3d25a91f4d0e82b2129a34f4b74499ffcd37c72ff383ed92ecf19305fc,452696,numericid-WORD,1,False
part_4/5958230359085512-INVISIBLE.mp4,part_4/5958230359085512-INVISIBLE.mp4,invisible,e73b27ec4d093ea5e7d1c25fcb3f4a299c9c18797f653bc9a308ab058cdadb45,480156,numericid-WORD,1,False
part_4/595876962162293-SPRING.mp4,part_4/595876962162293-SPRING.mp4,spring,1d5e84971d22fdfaa240da7a19119a6d329927bfd18df23407e6ea7eb0d55b79,537552,numericid-WORD,1,False
part_4/5959419630178846-ONLY ONE.mp4,part_4/5959419630178846-ONLY ONE.mp4,onlyone,e8b835a40d1ab5d47df9b1783e59c1cb39e117551920adcbd280edec3fd22025,272801,numericid-WORD,1,False
part_4/5963299190150662-LEFT.mp4,part_4/5963299190150662-LEFT.mp4,left,ea1b0c441e44bc527d549787ca7c6551dcb508aaf553c88dab923ec0b1ac78ff,612777,numericid-WORD,1,False
part_4/5965262859191329-VACATION.mp4,part_4/5965262859191329-VACATION.mp4,vacation,754c2fb758f85bba11cd6f5e5ae2d6dce23e66f9b802e2e0289883ab8d5f41d4,525495,numericid-WORD,1,False
part_4/5965632755010493-SLOW.mp4,part_4/5965632755010493-SLOW.mp4,slow,fe8986bc94b9a2f79a5f122682c57355f2a5bb8085fc6ed602dc2df4936f960a,629874,numericid-WORD,1,False
part_4/5970247403553814-ADMIT.mp4,part_4/5970247403553814-ADMIT.mp4,admit,f6f41278a257efe7e9c9b5075ab840ce87348d62a5eeab227ee429d592e31ef7,500816,numericid-WORD,1,False
part_4/5971786001618433-EYE TURN.mp4,part_4/5971786001618433-EYE TURN.mp4,eyeturn,f4d66277ea8b17a0a08ff1d22f3a0040db2be5365803365ea3a53679aaae289f,303110,numericid-WORD,1,False
part_4/5975411082615627-STOCKINGS.mp4,part_4/5975411082615627-STOCKINGS.mp4,stockings,36466e6290e62f918940eb29f1da08a21224a2807bb1f321dcccd1328bd76362,738001,numericid-WORD,1,False
part_4/5981538548006924-COME OUT.mp4,part_4/5981538548006924-COME OUT.mp4,comeout,ddc3b0617d84c642b90fcfc9b095535ad7277d6480222ab8b06ef8540cc17a57,666814,numericid-WORD,1,False
part_4/5982656946251841-CIRCUSWHEEL.mp4,part_4/5982656946251841-CIRCUSWHEEL.mp4,circuswheel,4d6fcef7d979c893679d8da7bbc3801d3066201236f7dbf3f2a2cb4038b304c1,633166,numericid-WORD,1,False
part_4/5983320426555474-LICENSE.mp4,part_4/5983320426555474-LICENSE.mp4,license,704c89fa0b942786be59b94c9f961b7c8a65d566c0ddf856a383a8e27dfeef84,333406,numericid-WORD,1,False
part_4/598341834476996-JELLY.mp4,part_4/598341834476996-JELLY.mp4,jelly,ef8a8427e4cd8f593f0e4a6ece590434ffb5def353a2d2abf44277ab0478e801,901902,numericid-WORD,1,False
part_4/5984134525123415-BLIND.mp4,part_4/5984134525123415-BLIND.mp4,blind,68b620c7b7c266f0faed4b74e05dc345e5da97d886dc643f14741c42e97d5d6b,639810,numericid-WORD,1,False
part_4/5985270755790466-REFUSE.mp4,part_4/5985270755790466-REFUSE.mp4,refuse,c943621f8505b3ea15472d0249667a4b666deb349dc24e4a67d5e925c06025a2,548010,numericid-WORD,1,False
part_4/598846366298684-GATE.mp4,part_4/598846366298684-GATE.mp4,gate,47f7b115877f6f45a0fcd69d87c328bdcbd298c46ee16748ec953f3ea66a8fd0,618024,numericid-WORD,1,False
part_4/5991179948045715-BIOLOGY.mp4,part_4/5991179948045715-BIOLOGY.mp4,biology,788ff2b1a82388fbd6a99db7e6a79431aab898c6d6a3f2efa39aa49db10726b8,752343,numericid-WORD,1,False
part_4/5994687466365916-ACT.mp4,part_4/5994687466365916-ACT.mp4,act,ed65ab30fc51f6a04a3f55d78066f5c0d21a8bf51593889c275f39afb9020062,614848,numericid-WORD,1,False
part_4/5995414980368043-MICROPHONE.mp4,part_4/5995414980368043-MICROPHONE.mp4,microphone,0b7ec28ad1e0492974e2194bd11b8fd393e305d2ae02267c2397a718f414896f,1197710,numericid-WORD,1,False
part_4/5996093063040984-HOTEL.mp4,part_4/5996093063040984-HOTEL.mp4,hotel,b68959e7631b519caa639cf20739dc626477ba49883fa44780aa9a541a726071,590640,numericid-WORD,1,False
part_4/5996470259230149-UNICORN.mp4,part_4/5996470259230149-UNICORN.mp4,unicorn,7fdd1335bf8efe8c4477f2f704158f761c65be601e18e498864959690beb4a4f,440939,numericid-WORD,1,False
part_4/6000797455208315-KISS FIST.mp4,part_4/6000797455208315-KISS FIST.mp4,kissfist,feef855b44eff6100532673be873cbf49d26e2cf5441e8bff3b0272a333c8f4a,522433,numericid-WORD,1,False
part_4/6011672738524778-WHIP.mp4,part_4/6011672738524778-WHIP.mp4,whip,efa507789ed02b600cfbfe071790f3b71b99de91a136c1f0ed383f7a79ef1ab7,513882,numericid-WORD,1,False
part_4/6012321773472247-PAY.mp4,part_4/6012321773472247-PAY.mp4,pay,b220e7311baa41680f0130983c56a9eea20c8ae07d17e62604c3e3a1e65971f8,355924,numericid-WORD,1,False
part_4/6016276962472635-SMELL.mp4,part_4/6016276962472635-SMELL.mp4,smell,144ad5f0491aa0cc174b3262f52695c852ed64880fa0eb53590c5f636c504b13,344493,numericid-WORD,1,False
part_4/6029510911775184-FIFTH.mp4,part_4/6029510911775184-FIFTH.mp4,fifth,d39b17410bec97ce0480672a3481b687223eac403af48e5d73d50a966812a2b9,294663,numericid-WORD,1,False
part_4/6031517687767562-PERCEIVE.mp4,part_4/6031517687767562-PERCEIVE.mp4,perceive,1861ca3590cdf0af8db6adb3f70708ef3ceb81399774811f19e360fc094ed59d,490751,numericid-WORD,1,False
part_4/6035110428922583-DO DO.mp4,part_4/6035110428922583-DO DO.mp4,dodo,2a2f4a0acb8611018235d40bfac8016311299d18ac64ed705fa214300e2cbca4,535159,numericid-WORD,1,False
part_4/6040690307068084-THUNDER.mp4,part_4/6040690307068084-THUNDER.mp4,thunder,cc9e95d82ff12f8174383c9840997830dd4c444b5d1037f1413394b07adabe5b,320144,numericid-WORD,1,False
part_4/604192236352191-ROPE.mp4,part_4/604192236352191-ROPE.mp4,rope,5c6652b9f68095eda7a0f28073146eef6d6e552ad2d098f1f0106262748f528b,872847,numericid-WORD,1,False
part_4/6045628114437658-POOR.mp4,part_4/6045628114437658-POOR.mp4,poor,a1f8ae8fd042e5d6736217a65760c61050f59b558157a0fc672de5d61d151710,495201,numericid-WORD,1,False
part_4/6048178370051767-seedSNAIL.mp4,part_4/6048178370051767-seedSNAIL.mp4,snail,c0b0a54794bfd480c03733e0f4da106f119771cbc6ab9383b465d251b5dd266f,808888,numericid-WORD,1,False
part_4/6048827243870498-ANGEL.mp4,part_4/6048827243870498-ANGEL.mp4,angel,de177881396c0ba40b922212c8964a2bb74bd8e5537f351236c4f35a7269c220,425724,numericid-WORD,1,False
part_4/6049268306159143-EASEL.mp4,part_4/6049268306159143-EASEL.mp4,easel,6ecfc462b256fc4dbce20daef7a1da2c73b36ab3d48cdeef8e0fbc00e30e50f0,678372,numericid-WORD,1,False
part_4/6051595271256582-seedFRIDAY.mp4,part_4/6051595271256582-seedFRIDAY.mp4,friday,f78e354b91c1081b9485822e2b4a40072b7a2b8f1a5bd49996addd826e27cb34,914971,numericid-WORD,1,False
part_4/6061539773395033-HIS.mp4,part_4/6061539773395033-HIS.mp4,his,d970d97ddd1275f772b708f822b1f7d5a1c2158eb27afe3dba2e5f5147a5aa66,441575,numericid-WORD,1,False
part_4/6063831687840062-DAMN.mp4,part_4/6063831687840062-DAMN.mp4,damn,8c6ea5327fad891af1f7bb7730047bfd3c4a571001635b60cdc359c12c6360f7,1059915,numericid-WORD,1,False
part_4/6066172643835521-VITAMINS.mp4,part_4/6066172643835521-VITAMINS.mp4,vitamins,7407fc4a75b533a2f856c5d1e462880b7e42dff1286530f508bc4a241c208e13,725407,numericid-WORD,1,False
part_4/606708459571577-ENEMY.mp4,part_4/606708459571577-ENEMY.mp4,enemy,697c328b4ade9cbf5f226c013dff27480d37532dac927e581d9efd4dbcf04b3a,1078182,numericid-WORD,1,False
part_4/6070214109343359-seedSMELL.mp4,part_4/6070214109343359-seedSMELL.mp4,smell,e15ea7b73cb700f6aa06831a2e660fdfeb23e546fcabc4c1add60b96b73ff426,877767,numericid-WORD,1,False
part_4/6074322670548999-FUNCTION.mp4,part_4/6074322670548999-FUNCTION.mp4,function,33a87375468670718acd21c82d1fc978f70f1711d21be0d6c4bd20656c63a86e,493789,numericid-WORD,1,False
part_4/60747246290653-HOTEL.mp4,part_4/60747246290653-HOTEL.mp4,hotel,8ae4254f5d0e3aecf838799a5ea5ed9c87c01502ab4b6cfd7eb2a1bb929080ae,491623,numericid-WORD,1,False
part_4/607514001232982-VANILLA.mp4,part_4/607514001232982-VANILLA.mp4,vanilla,72b84c849025f04002e3486f96c82d01c9217b90bc21728cd7e91c808b1c789d,393077,numericid-WORD,1,False
part_4/6075631787111653-BOTTLE.mp4,part_4/6075631787111653-BOTTLE.mp4,bottle,5567c7bcd68fa1d5a1f95c6fa7cb7ee7f83c0616a6d47d4966df12e28a21e4db,473070,numericid-WORD,1,False
part_4/6077802900133438-IMPRESS.mp4,part_4/6077802900133438-IMPRESS.mp4,impress,130c35bc7e900c04e63ea8fd7fd42d7f7597b86bb76c292e05fe4709b3654943,560035,numericid-WORD,1,False
part_4/6079977122014426-VERY INTERESTED.mp4,part_4/6079977122014426-VERY INTERESTED.mp4,veryinterested,e9c80245df6fc48c3199202e7c22dbe6b81dd8f3faebfeedb24eda3fa690c61c,408289,numericid-WORD,1,False
part_4/6081689068197387-CHAMP.mp4,part_4/6081689068197387-CHAMP.mp4,champ,978ff3be6b196f5c7917006a0347a3bb2b1d3c77b140cd23424174ca84f5c2dd,459974,numericid-WORD,1,False
part_4/6083569707519658-ALCOHOL.mp4,part_4/6083569707519658-ALCOHOL.mp4,alcohol,f2b6cd29ea6a6cbf6f9728700abb73124b346b1c4f9525ab9c37e4e27b3db554,499184,numericid-WORD,1,False
part_4/6092925139675291-SPACESHIP.mp4,part_4/6092925139675291-SPACESHIP.mp4,spaceship,b9eb46569782eaea7d908b9817f980fc4cf3e02063707b4d62c70f08276af970,606959,numericid-WORD,1,False
part_4/6094287713997724-COMPLAIN.mp4,part_4/6094287713997724-COMPLAIN.mp4,complain,ade3e1b9979ab5b5d4edd1615c8167612c29e6f4d7be74feff21fca73fdf05c5,467065,numericid-WORD,1,False
part_4/6095720451246358-DONT LIKE.mp4,part_4/6095720451246358-DONT LIKE.mp4,dontlike,50cf1bfe62380f53db7fbda479a705d50385fec7e0a5b2d1b0783da21c4168b8,559865,numericid-WORD,1,False
part_4/6095999940772356-OCTOPUS.mp4,part_4/6095999940772356-OCTOPUS.mp4,octopus,e89a9bf21c1a2374931e27671a893314dc6463298ce2da54670933d4c9a10111,562135,numericid-WORD,1,False
part_4/6096445983777203-CLAP.mp4,part_4/6096445983777203-CLAP.mp4,clap,c06b61be1684bf004d73ed6b4c91658dd36e791475d170506f62c8953e4018fa,260915,numericid-WORD,1,False
part_4/6098312252701703-WINK.mp4,part_4/6098312252701703-WINK.mp4,wink,cc77c9ed072f0114c682556617689b78d44687d0da848aab114afe57ef70c4c3,1573385,numericid-WORD,1,False
part_4/6100491634312075-SALT SHAKER.mp4,part_4/6100491634312075-SALT SHAKER.mp4,saltshaker,54e83198d0b21bcfd817f6172f4d1bc8cf6106b9b5b4506e4e86340edf35db1d,241234,numericid-WORD,1,False
part_4/6101003551738955-BECAUSE.mp4,part_4/6101003551738955-BECAUSE.mp4,because,4813af023ec253844fb34ff69d731d20916cccd8cfc9800fc740937b938fd466,361285,numericid-WORD,1,False
part_4/610712221951559-FIND.mp4,part_4/610712221951559-FIND.mp4,find,c0a0299455086a951fb0b74a145e2165767bfb762845856dc7385b8cfdc45279,660699,numericid-WORD,1,False
part_4/610863620137152-PERSON.mp4,part_4/610863620137152-PERSON.mp4,person,b48dcbd08dab7b02d61da4bfc802d18d43c31391984c7688a5b9b335397b1442,400747,numericid-WORD,1,False
part_4/6113426393057038-CATEPILLAR.mp4,part_4/6113426393057038-CATEPILLAR.mp4,catepillar,8ecc2153564e29af43921efe30161210a2d1f14881db90215a7ab15786a1a4ff,640960,numericid-WORD,1,False
part_4/6120598533455035-TOP.mp4,part_4/6120598533455035-TOP.mp4,top,f68c66c3e6611c996d1ca2ccf44dbab1534b58d4eb6007bc3d8928a2973f1898,881276,numericid-WORD,1,False
part_4/6121905305821014-TOAST.mp4,part_4/6121905305821014-TOAST.mp4,toast,e692af28781871416f008507277ee68a1c51119d1d2af42cf999611052bb23c0,483465,numericid-WORD,1,False
part_4/6126553469796956-LEARN.mp4,part_4/6126553469796956-LEARN.mp4,learn,5b52d281cb70f01f0dc2d16815c26a3814118f31f2769c341b5892e13a8c0474,696820,numericid-WORD,1,False
part_4/6126766635977128-TINY.mp4,part_4/6126766635977128-TINY.mp4,tiny,afc2c48a6f6b8c8b8c0460b21ed38df738de3caa04b9c474caf96c4cf3e9e8aa,593922,numericid-WORD,1,False
part_4/6127036021444041-BACK.mp4,part_4/6127036021444041-BACK.mp4,back,98e3fd0f323bc274c9d59e569c6dfdb55a4054c76ed77d3311d8183110cf53f1,425577,numericid-WORD,1,False
part_4/6130841323450544-CHEESE GRATER.mp4,part_4/6130841323450544-CHEESE GRATER.mp4,cheesegrater,40be645770cf8df5f714f6ebd234ea12b45212e9dd7e2b0fd492a8a606ad4104,733635,numericid-WORD,1,False
part_4/6130971022097176-NIECE.mp4,part_4/6130971022097176-NIECE.mp4,niece,eb0e370a13cc7f3a0bc5667e5cd6b7d6aa1356907c05584cf383558640b9b6d2,418781,numericid-WORD,1,False
part_4/6131249808179218-TAKE.mp4,part_4/6131249808179218-TAKE.mp4,take,4ed7121e3bcc1c2b28850b9da514abfdffc4404a4e081fe89810b7ce291b78e6,807364,numericid-WORD,1,False
part_4/6131959245163774-BEAR.mp4,part_4/6131959245163774-BEAR.mp4,bear,e3cda83b94ad784669b3216fcb4f93d80c3f522d1ef14fd19e737f9a16589d5b,454594,numericid-WORD,1,False
part_4/6138389697064619-MAGAZINE.mp4,part_4/6138389697064619-MAGAZINE.mp4,magazine,1b73153ab2bb5ebedb2558c11f129ce9bd711110518493b85a6682c5242f5d16,525527,numericid-WORD,1,False
part_4/614438075898758-RESPECT.mp4,part_4/614438075898758-RESPECT.mp4,respect,ba2cf93fbec3a07e46ba3083ba31bc2c8e0ede8fc5920a797380ec1008fe9dd4,421143,numericid-WORD,1,False
part_4/6145949229203966-MIND TURNED.mp4,part_4/6145949229203966-MIND TURNED.mp4,mindturned,096270942d6a9e9a882f2a9b2465370449e82b0f1113dde9e7b38cd033747391,466522,numericid-WORD,1,False
part_4/6165598399416836-SINGLE.mp4,part_4/6165598399416836-SINGLE.mp4,single,ecd2c6c25f188c17436efb2aee37796aee8d0a101ae2d1e74ae440e35ddf1022,324460,numericid-WORD,1,False
part_4/6167058901197184-OFTEN.mp4,part_4/6167058901197184-OFTEN.mp4,often,5109ab33d4ef5e6bc31ede36e590efee723e6c81b447bb3ee8cb87a8e545a8b2,429418,numericid-WORD,1,False
part_4/6174000049197139-FREEDOM.mp4,part_4/6174000049197139-FREEDOM.mp4,freedom,d059a62fe7a1b31bfdea0183800e9811d4d77abfd8058b2e99877970e3e0944a,514824,numericid-WORD,1,False
part_4/6174493951464497-KING.mp4,part_4/6174493951464497-KING.mp4,king,7788dc19972db83b62140cc5526c8485af2a3cfbb876c9e3dc4236d8790a8fdb,768161,numericid-WORD,1,False
part_4/6176131014744668-JAPAN.mp4,part_4/6176131014744668-JAPAN.mp4,japan,d1ab5bf80e48a9c1b9524f1e67b03f0541ed3ccc6660e7f860d0d96c6e18c9fb,832415,numericid-WORD,1,False
part_4/617659350623428-ALRIGHT.mp4,part_4/617659350623428-ALRIGHT.mp4,alright,5aea3fa44f5a8fd34c5e7b5ef4b3e0dd9ebd5c7b3809c0553dfc137bb7ca6827,559286,numericid-WORD,1,False
part_4/6180564544357667-CHECK.mp4,part_4/6180564544357667-CHECK.mp4,check,50f63f03f43caef255f08794c9c236989a16792040d535288bcaab4847f9b57a,534727,numericid-WORD,1,False
part_4/6183572469369187-NAVEL.mp4,part_4/6183572469369187-NAVEL.mp4,navel,e43f5a6d9a08c1ccb22e5fc102e6753bb70bc38ee365f0897d98690e1f4ebd45,542391,numericid-WORD,1,False
part_4/6190592230678937-BASIC.mp4,part_4/6190592230678937-BASIC.mp4,basic,838c1827dbb8bb1a6b0ad5c9511bcd7d4a9544df79ce0eb4c95567c4f9f0e130,386675,numericid-WORD,1,False
part_4/6197638079330103-MAPLE.mp4,part_4/6197638079330103-MAPLE.mp4,maple,875b9a162a939a285a49f13d53a35f153014722133398858b92fb34e967309aa,738689,numericid-WORD,1,False
part_4/6199416921256531-PROMOTE.mp4,part_4/6199416921256531-PROMOTE.mp4,promote,ab4ee7bcf3d9bc2e285e07c07285790d3085d2394600c78396eb56802e776f30,417093,numericid-WORD,1,False
part_4/6203808185694046-DRAGON.mp4,part_4/6203808185694046-DRAGON.mp4,dragon,bf15dc436c1a52d5585dd462fe2be69cf4ce81d1a68a665c338e949c499036bd,262850,numericid-WORD,1,False
part_4/6208924792903234-MOON.mp4,part_4/6208924792903234-MOON.mp4,moon,2fd31c3ced24f6dfd3b3099c7ce3008400ced9b64de96bd153ca40de09a51c4e,519702,numericid-WORD,1,False
part_4/6211622633211988-CHOP.mp4,part_4/6211622633211988-CHOP.mp4,chop,ba6f1e906356f4e2e45fc418e937c4ff626d389ae7f228587413239f558b830d,829850,numericid-WORD,1,False
part_4/6212986699126888-RESENT.mp4,part_4/6212986699126888-RESENT.mp4,resent,1af3730ba0575b02a501e42a717392c1f6e8ec94f78cb2e57c42b22d2020e0cd,391199,numericid-WORD,1,False
part_4/6214416485603274-TEA.mp4,part_4/6214416485603274-TEA.mp4,tea,9664823052516ad0f499fc2c44addc0430b69c61a8fc12f821b788f0bebfc084,655535,numericid-WORD,1,False
part_4/6216072480535293-WORSE.mp4,part_4/6216072480535293-WORSE.mp4,worse,7a5e4d1c9ea550c851d60c9f091bfd16a3c3bb5aca08e8854b33c0456702e3d4,476188,numericid-WORD,1,False
part_4/6216167837665176-TRAIN.mp4,part_4/6216167837665176-TRAIN.mp4,train,4571a1d0f57e49345f3df208bbf9cf40b9ab8f9bc7d429fd85bb261e17a6a67f,794248,numericid-WORD,1,False
part_4/6218538894595054-RETRIEVE.mp4,part_4/6218538894595054-RETRIEVE.mp4,retrieve,dab8d8eec89b844453d29c26a4430af545c785944f31d91e5ba91cd5679342a9,531741,numericid-WORD,1,False
part_4/6221405284119397-STAY AWAKE_24HRS.mp4,part_4/6221405284119397-STAY AWAKE_24HRS.mp4,stayawake24hrs,b895a3b7dbae68458ebe90821ced8f82845c9b7cb6bc15ba3b0e066fd2b90623,1167688,numericid-WORD,1,False
part_4/622465892789205-DOUBLE.mp4,part_4/622465892789205-DOUBLE.mp4,double,b995c32a14e453e1c0741b7614de26d9c99618c10c62c5018238f6b47fa0538f,388348,numericid-WORD,1,False
part_4/6226888966336388-BINOCULARS.mp4,part_4/6226888966336388-BINOCULARS.mp4,binoculars,a5f00701fcff23ba16750945de0b0827b3bd6993f91ff6f3ca1e96368fac2536,1102295,numericid-WORD,1,False
part_4/6228111751434071-BLAME.mp4,part_4/6228111751434071-BLAME.mp4,blame,88cad2232422f8d4b136769f7bcc718f7010ec35ecce41a4fc56f593c0645410,409862,numericid-WORD,1,False
part_4/622871747080944-FOOL.mp4,part_4/622871747080944-FOOL.mp4,fool,735c4ad869ade3aef0ce458c3e8a2ac97731f3e5117ca5f9bafd238bd69cb845,420918,numericid-WORD,1,False
part_4/6231211895809565-ROBOT.mp4,part_4/6231211895809565-ROBOT.mp4,robot,7f3e2ea108de56815213eebdabc43bce0863fc2650c45ecde84ab8b3cbe591a8,854887,numericid-WORD,1,False
part_4/6231315755415938-SPOT SOMETHING.mp4,part_4/6231315755415938-SPOT SOMETHING.mp4,spotsomething,c5126dfdbe4cf3c34ba18ab06bcd38e594fa3a92c1f6420c076a63bf8dcc006a,387184,numericid-WORD,1,False
part_4/6234049897280949-ZEBRA.mp4,part_4/6234049897280949-ZEBRA.mp4,zebra,840555355a0e70e60554b545ca5b734b045d8ad88c7cd89f2f8963e65faeb813,500414,numericid-WORD,1,False
part_4/6234791610397161-SOFTBALL.mp4,part_4/6234791610397161-SOFTBALL.mp4,softball,a11b6960f92993cba32d7f35d19e258977ba700b5052cd7ec568d44918887a2d,606261,numericid-WORD,1,False
part_4/6234886627898228-BULLSHIT.mp4,part_4/6234886627898228-BULLSHIT.mp4,bullshit,b5980ec4d61f21df148e7407261f0f15909c01db563f00a7a456b386975d293d,741343,numericid-WORD,1,False
part_4/6235987384542934-GONE.mp4,part_4/6235987384542934-GONE.mp4,gone,c978d9f6777ba2504512cdda2b742295b8aba6bbb7ec75c70814c20d31ee3d2e,431092,numericid-WORD,1,False
part_4/6237162114311072-LOOK APPEARANCE.mp4,part_4/6237162114311072-LOOK APPEARANCE.mp4,lookappearance,19bd91251de5d65acf87c646c1e02ea5a25039f7fbb82159ce5edbc6ea0c9842,525409,numericid-WORD,1,False
part_4/624131517595222-EARLY.mp4,part_4/624131517595222-EARLY.mp4,early,8d8f1649b235df4f6cd0d3ba778ea54161ed86e3601c7625873a162d7d5e7e7b,559551,numericid-WORD,1,False
part_4/6244519688579746-CIRCUSWHEEL.mp4,part_4/6244519688579746-CIRCUSWHEEL.mp4,circuswheel,fcc8deb8986c101a80f12ba590f1dade5d083b045ba3e17095cabc110c6b5904,1005030,numericid-WORD,1,False
part_4/624710800117203-FEEDBACK.mp4,part_4/624710800117203-FEEDBACK.mp4,feedback,82d2ce9da4f150671e1a10255a2027f83189647e3263b9e53b0c90ffde32533b,562255,numericid-WORD,1,False
part_4/6251111692566835-WILL GO.mp4,part_4/6251111692566835-WILL GO.mp4,willgo,bcf91a5dbb605480a524c928b0c4287fe6417b1bf2c6f07edc93a78dfa76305f,442329,numericid-WORD,1,False
part_4/625396003053482-SWEATPANTS.mp4,part_4/625396003053482-SWEATPANTS.mp4,sweatpants,7ff17cba0072296041f061e84c7e509401041b52a1c795af1482b6778d36ff09,465856,numericid-WORD,1,False
part_4/6261250434431211-PROGRAM.mp4,part_4/6261250434431211-PROGRAM.mp4,program,1ff741f58ff087bf9df4656b8466ccdbf825323b2a6146f41754cb8ec7d83eef,547945,numericid-WORD,1,False
part_4/6262633192514628-UNCERTAIN.mp4,part_4/6262633192514628-UNCERTAIN.mp4,uncertain,41e3bac98bfa5aec1e6c4bab86db6d465fc44e059bcaf3d365684c68bb37ec43,628623,numericid-WORD,1,False
part_4/6262923592222667-TRY.mp4,part_4/6262923592222667-TRY.mp4,try,278f8953dec8dbb7bc0810a3ea3ef94281b6fa7458b13099682009154bcdfc90,223850,numericid-WORD,1,False
part_4/6263267770413714-FLUTE.mp4,part_4/6263267770413714-FLUTE.mp4,flute,c0b361103361d01881550fa9a69adb0a0fa20ee148eb45c286a2b74062a719fe,496712,numericid-WORD,1,False
part_4/6265016567743737-LOST.mp4,part_4/6265016567743737-LOST.mp4,lost,8a58e3154fd4b28a48397f58d5ea768221b4c4253f96b841c7952e96ad197497,452550,numericid-WORD,1,False
part_4/627055844532713-SHORTS.mp4,part_4/627055844532713-SHORTS.mp4,shorts,48cbad1d78a6b4aa9f46421a888eb282d50aae65dbeeaa62e8eb3ae244a73ed5,665710,numericid-WORD,1,False
part_4/6271109012970582-SNEAK ADVENTURE.mp4,part_4/6271109012970582-SNEAK ADVENTURE.mp4,sneakadventure,0c70eac68ef5aa7702313ecf25080eb053c3e25fdcd48f8c86948b3320ce9c14,477354,numericid-WORD,1,False
part_4/627120591953954-TRANSLATE.mp4,part_4/627120591953954-TRANSLATE.mp4,translate,def673959f3bd233d2a408ce7fa047dbc1194372e9688482989b10dd5890ec53,423694,numericid-WORD,1,False
part_4/6274192669956666-RESTLESS.mp4,part_4/6274192669956666-RESTLESS.mp4,restless,7c4bf3af151dd64957ddb0fb2457eda5778a5f52f651563c45fe8b2d94507dcc,395248,numericid-WORD,1,False
part_4/6275706222751911-BOWL.mp4,part_4/6275706222751911-BOWL.mp4,bowl,8502902a9efa48b618c862f352bf110cd54eae4f503be8936d46a7c8027413ac,539461,numericid-WORD,1,False
part_4/6280050722469468-JEWELRY.mp4,part_4/6280050722469468-JEWELRY.mp4,jewelry,f6a935d51d4c87ea0292829f4e48c3690d0f1d741a7eaeeec14de83577eff010,713628,numericid-WORD,1,False
part_4/6283747012244303-ENGINEER.mp4,part_4/6283747012244303-ENGINEER.mp4,engineer,c0f6c1af90233db2879a0997f9c45ffc33188a6ca50d2e446ca29c910f86b17c,871785,numericid-WORD,1,False
part_4/6285510871667204-PRIORITY.mp4,part_4/6285510871667204-PRIORITY.mp4,priority,e3839370b3d9bf2dd91ce74f6bae90c9d308dc4885579787f5ab3d839b5808fd,502172,numericid-WORD,1,False
part_4/6287775786430216-WORK.mp4,part_4/6287775786430216-WORK.mp4,work,ceb6fe5f1075f892d76ba32304692aee53a055bbb5f94e16df2a745fdd6cb7b4,520389,numericid-WORD,1,False
part_4/6291789323730252-NOT YET.mp4,part_4/6291789323730252-NOT YET.mp4,notyet,3aab95b8821fb840e7ab49e7bdd81618d3e0f68f9c1d6c3e08fcee1a83fb7c9b,571736,numericid-WORD,1,False
part_4/6292250323947755-CULTURE.mp4,part_4/6292250323947755-CULTURE.mp4,culture,5cddbedd929a0dcf0eff7d0ff65be2fc4cd97adb898e9a259fa137682ed5dfb9,521543,numericid-WORD,1,False
part_4/6293758735675945-STAY.mp4,part_4/6293758735675945-STAY.mp4,stay,1d09a534977932973b5a0d09e5d11ed04740b3a49a6f8c14f9fc23c7e55d25ef,419134,numericid-WORD,1,False
part_4/6294029293932171-TOURNAMENT.mp4,part_4/6294029293932171-TOURNAMENT.mp4,tournament,3f4084cd60372870ea3140599262be01a893bf3ddeda0af31feaffc8f92b7297,918580,numericid-WORD,1,False
part_4/6296671733220229-DRYER.mp4,part_4/6296671733220229-DRYER.mp4,dryer,65d8ba892a75ecfc5435a7f711b7d190f552981091a653b262dc87b1cddd3e3c,627162,numericid-WORD,1,False
part_4/6298947790810541-FRIEND.mp4,part_4/6298947790810541-FRIEND.mp4,friend,27e027e60bfe38c3b22b21f92fad2b0e80188dbd0d0183575039938567ce4b61,495533,numericid-WORD,1,False
part_4/6301826116353315-ASIA.mp4,part_4/6301826116353315-ASIA.mp4,asia,6eb205e4be56168bca41a877ca2cf36a761af85424228c75b43dab238013e6ec,352579,numericid-WORD,1,False
part_4/6306259523214208-POSSUM.mp4,part_4/6306259523214208-POSSUM.mp4,possum,9ba464a86af8b31252fb7e0bf0c46c126e25c13735d21e845c234c1b895be5be,622037,numericid-WORD,1,False
part_4/6309058888749792-LEAGUE.mp4,part_4/6309058888749792-LEAGUE.mp4,league,990f31a955a274240936337696a26be4a1f4a36eca29db67f346e50a2d863133,537678,numericid-WORD,1,False
part_4/63133167165681-BUN.mp4,part_4/63133167165681-BUN.mp4,bun,4cd763804baabb485d3135389b19009919ed320ff587644869b81deb5d6e58ff,709071,numericid-WORD,1,False
part_4/631572863481012-NOT A_THING.mp4,part_4/631572863481012-NOT A_THING.mp4,notathing,0f0330fb55c487e72d9dc263975b609a12ddb70ee2432e6e1205f4f549e82d10,637600,numericid-WORD,1,False
part_4/6319025092044823-PUZZLED.mp4,part_4/6319025092044823-PUZZLED.mp4,puzzled,690266bcdb18874bb27fe1283e2d951ab32bf365dad936051adf39528472b482,393456,numericid-WORD,1,False
part_4/6319394268824994-CARDS.mp4,part_4/6319394268824994-CARDS.mp4,cards,180e5f3b27f98b989d0acfba66495045f44973ba229e34765da70faf849bd692,518754,numericid-WORD,1,False
part_4/6319670537636157-HEADPHONES.mp4,part_4/6319670537636157-HEADPHONES.mp4,headphones,20549181caf01a1feb1ea036e271cc01d89b9724441f952175afa111d5c3dda6,533900,numericid-WORD,1,False
part_4/6322298023038357-FRIENDS NO_MORE_1.mp4,part_4/6322298023038357-FRIENDS NO_MORE_1.mp4,friendsnomore,e91e0042e4bc7ece0fde39620b9834477a9bd50c960c93fe076fc9ea2387ac66,607440,numericid-WORD,1,False
part_4/63226247444836-BRIGHT.mp4,part_4/63226247444836-BRIGHT.mp4,bright,2637033ee2cbb6c51b59287a7874dbc19af7d2972222db95974bb2ab6c71517f,600470,numericid-WORD,1,False
part_4/6324879321927577-HUMMINGBIRD.mp4,part_4/6324879321927577-HUMMINGBIRD.mp4,hummingbird,b5aa5154989e49fe848f7e2e3de2f3770db5d10a3c132edae91f21426f53870a,403016,numericid-WORD,1,False
part_4/6328244491722343-TURBAN.mp4,part_4/6328244491722343-TURBAN.mp4,turban,e56f4314558e45ce94c71052ff7168d7df4f74d65dc833f3162821ea133f46e9,610711,numericid-WORD,1,False
part_4/6329931932403075-MOUTH.mp4,part_4/6329931932403075-MOUTH.mp4,mouth,de2136e6ae5de39d65471a28d86acdb2852a3980861d5066cdb5ea6525a989e4,302108,numericid-WORD,1,False
part_4/6330199362456541-EVENT.mp4,part_4/6330199362456541-EVENT.mp4,event,45104bc6295693fab5bd7080f22a33c6cd36be928fe8c64343ac3e9e8c10ba22,615446,numericid-WORD,1,False
part_4/6332458699270131-OFFHAND.mp4,part_4/6332458699270131-OFFHAND.mp4,offhand,755579d68bcf7f7dc4f1940b87bd934e3527e0120bcbce8a92f7890f33c1af9d,533002,numericid-WORD,1,False
part_4/633350995130963-WHITE PERSON.mp4,part_4/633350995130963-WHITE PERSON.mp4,whiteperson,ba81205dea43a14ae5a004758bfffe85760bfcb72728c31be8b8e061b73bb03b,385946,numericid-WORD,1,False
part_4/6333943174803407-STRAW.mp4,part_4/6333943174803407-STRAW.mp4,straw,f055b8b0763d07020f887eb209e84158ce4f8cd5f803085bcb4145fd5fb07731,472415,numericid-WORD,1,False
part_4/6337074651086203-LUCK.mp4,part_4/6337074651086203-LUCK.mp4,luck,52ca2553bbbe60ff8e24e54902e4703c751c584fec85473c93af917145f1828e,309723,numericid-WORD,1,False
part_4/6339058303555072-SET UP.mp4,part_4/6339058303555072-SET UP.mp4,setup,8ba01b95e5b9f42c29d8ac53273ed5f5c75960dcb70ff699704f59a2c522ce9d,315686,numericid-WORD,1,False
part_4/6339944111493827-DUE.mp4,part_4/6339944111493827-DUE.mp4,due,a31871b27e5c2141d2300502391c51abaf0af8d064f457ff7722c82f98657ba3,476171,numericid-WORD,1,False
part_4/6342601865049282-CLEAR.mp4,part_4/6342601865049282-CLEAR.mp4,clear,b439e231018d18411c999a8bdf91b62b386d9620dec1fe93016eba83529ef706,362264,numericid-WORD,1,False
part_4/634374372445685-BROWN.mp4,part_4/634374372445685-BROWN.mp4,brown,ef1cb4dfe327584f4aba46557a5ff70a7dca3f076928a064a186f11a083e28e4,1092927,numericid-WORD,1,False
part_4/6360702691736713-ARCHEOLOGY.mp4,part_4/6360702691736713-ARCHEOLOGY.mp4,archeology,99ab8a1527de71eee3d11be4d98c176589ab96af0ea897399a192e2c536047d9,460392,numericid-WORD,1,False
part_4/6370339152505589-seedTAKE NOTES.mp4,part_4/6370339152505589-seedTAKE NOTES.mp4,takenotes,e5d8e1fd8fc17e94bd45a1a65f86130226064b81483f368e6d9684de65d4a49c,706283,numericid-WORD,1,False
part_4/637166540888664-AGENCY.mp4,part_4/637166540888664-AGENCY.mp4,agency,41bb19d424fccae6e3d2ade63e8843f56411b7428e597b1524d78d31faf429eb,545381,numericid-WORD,1,False
part_4/6371994458486465-seedLESBIAN.mp4,part_4/6371994458486465-seedLESBIAN.mp4,lesbian,6593ff23e6653de0bff37620934f3a0d8f3e0d2702e9edd1224d28e5dbead730,850161,numericid-WORD,1,False
part_4/6374790122438996-NERVE.mp4,part_4/6374790122438996-NERVE.mp4,nerve,1768499e44dbb19114075a1e11519fb10795c7b060b6432f51e9b8d04e39f559,406482,numericid-WORD,1,False
part_4/6381103677127045-INSULT.mp4,part_4/6381103677127045-INSULT.mp4,insult,323f47176cab95ef9902c1119a55afc3f2b874f5987428d49df0471ba3d473ec,509412,numericid-WORD,1,False
part_4/6385604913876339-EXPLODE.mp4,part_4/6385604913876339-EXPLODE.mp4,explode,3dd6b46d87144d26f601065461dee8f8cdcae83a52ef634d34211a9f185ce150,461077,numericid-WORD,1,False
part_4/639844108842305-HOWL.mp4,part_4/639844108842305-HOWL.mp4,howl,67824f6040fa34bef3bd8125cdb307671948c744ded733c85b94663e3abdc123,479922,numericid-WORD,1,False
part_4/6401534108055456-OVER.mp4,part_4/6401534108055456-OVER.mp4,over,b487e1036ee4ad4386479c580e28d977d1af7c3de6f15ec2116d9c7161a453c9,959402,numericid-WORD,1,False
part_4/6408046466061981-FAINT.mp4,part_4/6408046466061981-FAINT.mp4,faint,c792bf04202768615b6a888dfbe6024315f13281cde9f304d1568274148adeab,597477,numericid-WORD,1,False
part_4/6412633209521272-SCRIPT.mp4,part_4/6412633209521272-SCRIPT.mp4,script,dd96651d26373f5918719779e43ca2842390cf4287bfb4bc6ae6dc2660beccb5,619463,numericid-WORD,1,False
part_4/6415548017204482-BREAKTIME.mp4,part_4/6415548017204482-BREAKTIME.mp4,breaktime,9ed2430bc932850429eb6acbbbdd5aedd0b574aa0ecc55f0442bc07d1946b04a,765304,numericid-WORD,1,False
part_4/6421218704971745-PARAGRAPH.mp4,part_4/6421218704971745-PARAGRAPH.mp4,paragraph,f16cee9f5bfcd4eeee75e0e4ffff9c003af89397e7e395144758d7e4fa5def15,576228,numericid-WORD,1,False
part_4/6421543927162738-INJECT.mp4,part_4/6421543927162738-INJECT.mp4,inject,06546d4fe1abd89f0a537ebe8d3eb1957e38204def3b3d773b377378acc17edc,1067882,numericid-WORD,1,False
part_4/64324208981355-PROTECTION.mp4,part_4/64324208981355-PROTECTION.mp4,protection,f1b87f661f036347b67207c78bc372e61f99127834978e52eadf2f43c45eaf18,578158,numericid-WORD,1,False
part_4/643531443304312-EXPERT.mp4,part_4/643531443304312-EXPERT.mp4,expert,8e0855f0679a0e1e67548d380c00f62cb76dedaead6a2ec4f86b5e71d5c8cd57,502528,numericid-WORD,1,False
part_4/6435975202412803-INTELLIGENT.mp4,part_4/6435975202412803-INTELLIGENT.mp4,intelligent,99bf51922b9e37e08dacdbed2f0b1a796a5bb2fe0d7ff5402efc3e2f2633e81d,970448,numericid-WORD,1,False
part_4/6449139793505076-GOOD.mp4,part_4/6449139793505076-GOOD.mp4,good,d3f6bedd4f0ec2ca7e688b6ed5e782befc571c760d9e5ccaacbe2a54274a214f,725632,numericid-WORD,1,False
part_4/6455711816503853-ITALY.mp4,part_4/6455711816503853-ITALY.mp4,italy,407057750b298ab3c65ade53294ba0bc8073a458b904c18be2c176c82ec07c9b,1141483,numericid-WORD,1,False
part_4/6461866467069535-NEEDLE.mp4,part_4/6461866467069535-NEEDLE.mp4,needle,8353e3dd1b83fb3ddebadb1bb679af96201c4c29db0fd0f0e7ceb3f4f0bd2a32,528536,numericid-WORD,1,False
part_4/646221123398681-PERIOD.mp4,part_4/646221123398681-PERIOD.mp4,period,5d71126a54e94a27839a7a0e93862702aed48e3c31917ce8344a094af543baa8,464538,numericid-WORD,1,False
part_4/6462920394888634-TOILET.mp4,part_4/6462920394888634-TOILET.mp4,toilet,9508361346e3de0b696a0ea9f9e6eb482186c5a4ae574cd3da0ddeb9f4ea608d,447208,numericid-WORD,1,False
part_4/6465568552581147-WATER SKI.mp4,part_4/6465568552581147-WATER SKI.mp4,waterski,856c9a7b92c582aec576877dc0a469a8647554b5dd77902518f434b634a5d8f0,1079822,numericid-WORD,1,False
part_4/6468521263655589-SUMMARIZE.mp4,part_4/6468521263655589-SUMMARIZE.mp4,summarize,3e54a7f2661f9014393efc4c015ef79bd2196c96a1223000e35b5fc36f8648f4,529460,numericid-WORD,1,False
part_4/647128079267353-SAD.mp4,part_4/647128079267353-SAD.mp4,sad,4459fdd55e9c2a6a891e570230835f7453ba5de5a040d643b9432b2f73627f47,434468,numericid-WORD,1,False
part_4/6471786191873465-THESE.mp4,part_4/6471786191873465-THESE.mp4,these,d3bdd7bf02162787004b40f8949b53466eb351c060a30ac2728ad1931c3fd273,369413,numericid-WORD,1,False
part_4/6471960992477459-WHEELCHAIR.mp4,part_4/6471960992477459-WHEELCHAIR.mp4,wheelchair,466a15eda18910aa5774dabffdacf15402f203f4b0b2c21e35c6327d0b287030,474071,numericid-WORD,1,False
part_4/6473611679417244-FRAUD.mp4,part_4/6473611679417244-FRAUD.mp4,fraud,66815cdeb322198fa919d3ee946e200fa5b1d59d138772b76115105aa25f49b6,859943,numericid-WORD,1,False
part_4/6493760829126121-SON.mp4,part_4/6493760829126121-SON.mp4,son,6832c12587cde1cbb3f5191a9be8ab8206e0a8c22dc4eb91467a479ca6d6a6e9,528441,numericid-WORD,1,False
part_4/6498026727353476-HOLD ACCOUNTABLE.mp4,part_4/6498026727353476-HOLD ACCOUNTABLE.mp4,holdaccountable,1b89707335ebc54707b3a2d4385a703664bd5142b2c248c1f2d0c609e31b1306,471939,numericid-WORD,1,False
part_4/6502992831454479-BULL.mp4,part_4/6502992831454479-BULL.mp4,bull,f7536de096a7255c3cce98194df53718fd410328bcceff333e922630eac187eb,708689,numericid-WORD,1,False
part_4/6506034128131135-EXPENSIVE.mp4,part_4/6506034128131135-EXPENSIVE.mp4,expensive,3893c4946f5eb115aebd14a6774d8b7cf514453315dea73cd8356dff0348b865,439012,numericid-WORD,1,False
part_4/6510776791424999-DONT WANT.mp4,part_4/6510776791424999-DONT WANT.mp4,dontwant,9a150f2f4fb1dd338be5bf4530061072149d929fa6e76dc2c3f42f6518d1d2b4,374088,numericid-WORD,1,False
part_4/6515057454623217-INDIAN.mp4,part_4/6515057454623217-INDIAN.mp4,indian,31550df3c1f23a41da18b4a67ba05766df98abc89289ffd1e4323fdf0fa9c131,904960,numericid-WORD,1,False
part_4/652036879833118-QUEEN.mp4,part_4/652036879833118-QUEEN.mp4,queen,5de9f3387e06151a64277161bd4c1fa5056dd2070382f86d43046214503c620a,632793,numericid-WORD,1,False
part_4/652846611768428-INCREDIBLE.mp4,part_4/652846611768428-INCREDIBLE.mp4,incredible,2803aea5baf4addac69705a01da29651a0fafc0c29a28b76a8c914b0d4cfc795,571277,numericid-WORD,1,False
part_4/6530552419437823-PASS.mp4,part_4/6530552419437823-PASS.mp4,pass,6307a997d208418589dfb3f0d77215347e892c5b90c72d166b1c28b74fd83ba4,386230,numericid-WORD,1,False
part_4/653894433602245-KEYBOARD.mp4,part_4/653894433602245-KEYBOARD.mp4,keyboard,3cfc546c576a0dc333bbf010d5b3df1835819bcc2cc451b26d2712ba7ddf615a,396148,numericid-WORD,1,False
part_4/6540542915217988-DELINQUENT.mp4,part_4/6540542915217988-DELINQUENT.mp4,delinquent,12e40cf3cf82b9dcb05ee1a0b2c02c38f32188124ef0fc47649441be8ee08c07,631559,numericid-WORD,1,False
part_4/654112772729498-BLANK.mp4,part_4/654112772729498-BLANK.mp4,blank,07f99f9115b7f1912b22e9107cb30de59869b06052ea14c68037ca4d83787c45,483654,numericid-WORD,1,False
part_4/6542429057301409-BUS.mp4,part_4/6542429057301409-BUS.mp4,bus,aa7bd25c7d0ecf2e1856ce4b26f9330ceb2915445e74fad802d335621b9cc799,261820,numericid-WORD,1,False
part_4/6542582264506003-GAY.mp4,part_4/6542582264506003-GAY.mp4,gay,9f6c0e4252c0739684e6575923f9774f6ba4b773f2593e669b3514e083a85db3,615068,numericid-WORD,1,False
part_4/6543927401448224-COST.mp4,part_4/6543927401448224-COST.mp4,cost,c5a5aa50fdd525769753436a80589f7a2348c28e86d93d120439a3084bd75a8a,371334,numericid-WORD,1,False
part_4/654918035865115-REMIND.mp4,part_4/654918035865115-REMIND.mp4,remind,5c00be210d09008b4760b56bb60691943616ff2b9989affd378b338feb03e491,342058,numericid-WORD,1,False
part_4/654973745371835-HEART.mp4,part_4/654973745371835-HEART.mp4,heart,0e88056592c38911e1c37afbf3b1bbaa230f79f4130970cae01cc02f69a88527,556469,numericid-WORD,1,False
part_4/6549947482110516-HARD OF_HEARING.mp4,part_4/6549947482110516-HARD OF_HEARING.mp4,hardofhearing,3574739b1b7a699f0574ba616a59507312aab52e90dcee4f4aa7cdfc924aba24,350005,numericid-WORD,1,False
part_4/6554596280012666-PERSON.mp4,part_4/6554596280012666-PERSON.mp4,person,fe58089d4959a44e8db24d6cd9177ddcacc5c7fe88f385a90cd608ac5547909d,350807,numericid-WORD,1,False
part_4/6554942682231863-JUGGLE.mp4,part_4/6554942682231863-JUGGLE.mp4,juggle,7b9904877f509b77cf996c1bcad0f67fb3cd1f91c4ba87eb8753f53402c7f36b,640601,numericid-WORD,1,False
part_4/6560940631184506-HAMMER.mp4,part_4/6560940631184506-HAMMER.mp4,hammer,98f8401229504ecd8ba0745adf17048a4b3006fce36d05880a699590e541f915,728674,numericid-WORD,1,False
part_4/6561232593110933-BRAILLE.mp4,part_4/6561232593110933-BRAILLE.mp4,braille,f1784182d9f9d121cafb3c22b1b009c9b59b39502856a6a8d23c9b0b7a097a24,599633,numericid-WORD,1,False
part_4/6564979311240984-COME OUT.mp4,part_4/6564979311240984-COME OUT.mp4,comeout,50323b89ba2dd9f8a177b5f5facc2184471706ba385c14c963b14a5f9a21e5b4,443936,numericid-WORD,1,False
part_4/6565760090573052-AUDIENCE.mp4,part_4/6565760090573052-AUDIENCE.mp4,audience,efa7dd6ec32adf02a7cb6b977b91d44b3622ee5720f576edb8d51d24a33a8c5b,337107,numericid-WORD,1,False
part_4/6568431325176065-HOOD.mp4,part_4/6568431325176065-HOOD.mp4,hood,7486d7aed29466831502d7f0f1867fd08e5664548e843bbcf7e7d18207917802,670582,numericid-WORD,1,False
part_4/6570479559536557-ELEGANCE.mp4,part_4/6570479559536557-ELEGANCE.mp4,elegance,59f1c4d49d2577900d5554b934a84004170ad283cc109f3c1880bc38543d375e,579466,numericid-WORD,1,False
part_4/6570694789542784-KITTEN.mp4,part_4/6570694789542784-KITTEN.mp4,kitten,a7d3be63f4b258c4ee74c7000f679846da8f3e59af85afb8f1dc773e5061d03c,289284,numericid-WORD,1,False
part_4/6577792516601395-PHILOSOPHY.mp4,part_4/6577792516601395-PHILOSOPHY.mp4,philosophy,0f49c8ea3e24e7ff16358249ec0e0ae7301a484260097b8bf29ae6ab3f234525,558693,numericid-WORD,1,False
part_4/6579462963080107-STIMULATE.mp4,part_4/6579462963080107-STIMULATE.mp4,stimulate,9e1abfaab686d9818c88fc3c5fb115f2eb579bfd85dbb85182cd9406668d3693,606110,numericid-WORD,1,False
part_4/6582550912371123-IGNORE.mp4,part_4/6582550912371123-IGNORE.mp4,ignore,0e3f114b81e20f690167c483962bdd224182abd93827fd0d6804e0f28d2a8b3c,318511,numericid-WORD,1,False
part_4/6585783944135442-EXPERIMENT.mp4,part_4/6585783944135442-EXPERIMENT.mp4,experiment,3c22f653157d621a6095122c683bf87245e18cae7ab29c2c8ec67b4890ed7475,520139,numericid-WORD,1,False
part_4/6592056777778998-APPEAR.mp4,part_4/6592056777778998-APPEAR.mp4,appear,1598d91e23fb87f570353ee0d5fb2d1abdc08fbdfb29f1d2e2fec0029285ed97,379328,numericid-WORD,1,False
part_4/6599686091129466-BRAG.mp4,part_4/6599686091129466-BRAG.mp4,brag,c7af87d0a046c34fb45e5d4b25b1766c5d2278417b6bc989090256c165f19b11,626630,numericid-WORD,1,False
part_4/6599731780563685-DOUBT.mp4,part_4/6599731780563685-DOUBT.mp4,doubt,3883e0151720bfb0a459e873dbe361a1358db41ce304f7a3f55bda1bae5d2222,325582,numericid-WORD,1,False
part_4/6601908394563527-INTRODUCE.mp4,part_4/6601908394563527-INTRODUCE.mp4,introduce,5bf26990005ba7b6b0a3a4eb016cf5b72028e1edf0c709263339e7ec2a21c1e4,943622,numericid-WORD,1,False
part_4/6602261622676402-TEENAGER.mp4,part_4/6602261622676402-TEENAGER.mp4,teenager,63c60dc66e5af9c19df482eb9c72be486beedc5f51becfefbf26126945408f5e,532194,numericid-WORD,1,False
part_4/6602691808850953-MISCHIEVOUS.mp4,part_4/6602691808850953-MISCHIEVOUS.mp4,mischievous,6d9c2d35f36979beeec4e901d33f2a0474a88a058e370126e795772201f04eb9,880968,numericid-WORD,1,False
part_4/660552812870673-FAKE.mp4,part_4/660552812870673-FAKE.mp4,fake,170b8a474328a140416b753886d58e1993f19dff0219c5a19901951cb55d97c5,407380,numericid-WORD,1,False
part_4/6605875703139112-DELINQUENT.mp4,part_4/6605875703139112-DELINQUENT.mp4,delinquent,460b83b5eb31723e3f5212412753a01c23efc6c6446a5ccf36d3d96bd1e86f70,502364,numericid-WORD,1,False
part_4/6605969835390502-UNDERSTAND.mp4,part_4/6605969835390502-UNDERSTAND.mp4,understand,70abe32843e5cdee680b3d8165dee9982098ac67a54d83da39151bb210e30941,349944,numericid-WORD,1,False
part_4/6606950101079683-HOP.mp4,part_4/6606950101079683-HOP.mp4,hop,c4f41688acae3b4d4d49a2b9ae9e64223fb17110bd8f31341b62006a10ccfe36,719474,numericid-WORD,1,False
part_4/6610582264477418-SKILL.mp4,part_4/6610582264477418-SKILL.mp4,skill,88c8e6a69a809162ce6a50dd2ee475e91a8d3f799dd2501c2fc63234bca8be87,169804,numericid-WORD,1,False
part_4/6613858252551286-ROOMMATE.mp4,part_4/6613858252551286-ROOMMATE.mp4,roommate,d7cd92caf92555b757aa01c66e9cbfb97dfb79be88c1e046b44b11fb9ca7b919,451712,numericid-WORD,1,False
part_4/6614065577350312-HE.mp4,part_4/6614065577350312-HE.mp4,he,402d2c2f2ec5ad7d6e9aa5f958dafdb503c23c1efe180f7b8a970ea17167408d,494103,numericid-WORD,1,False
part_4/661519014443605-WEEKEND.mp4,part_4/661519014443605-WEEKEND.mp4,weekend,4ba20c35ef6d7960638edde5a03927203eafc94c1bb9feee9ae5fdffa47af2ea,681928,numericid-WORD,1,False
part_4/661614564905393-BEACH.mp4,part_4/661614564905393-BEACH.mp4,beach,e9ce856646868b7765e9258f964d018bd8a15366ca6cba322e744730752f0a40,538015,numericid-WORD,1,False
part_4/6618587122323296-STOPWATCH.mp4,part_4/6618587122323296-STOPWATCH.mp4,stopwatch,683c7e2ce87ae15ff431d86e39d8e342be46926ea181b30fcd0d9c1c44190423,546635,numericid-WORD,1,False
part_4/661920641516625-HINGE.mp4,part_4/661920641516625-HINGE.mp4,hinge,c61384e24a1b1c92efab4bfb8645ca32c8eb976df9a314217b188fd849d32de4,493727,numericid-WORD,1,False
part_4/6619748121410192-PERCEIVE.mp4,part_4/6619748121410192-PERCEIVE.mp4,perceive,9ac084a009877ec6b6d27e164272f590c28ff4687380c5dac696138e7a3cca98,946159,numericid-WORD,1,False
part_4/6620417008413066-PREFER.mp4,part_4/6620417008413066-PREFER.mp4,prefer,0cc9d050c648ead59c615a9bb0a9a2b6e4e6c9a02b0b0e2c549575c296e920b5,362226,numericid-WORD,1,False
part_4/662213227167517-BOSTON.mp4,part_4/662213227167517-BOSTON.mp4,boston,fa0dab50abf198ee7ee3e1429f243a2e5564aed8c7f260eedcd93855ce79c42a,1044691,numericid-WORD,1,False
part_4/6627894493111854-WHIP.mp4,part_4/6627894493111854-WHIP.mp4,whip,1547fae0d4b019da51c23609239d3452ad2b159519f15336d51121422f91ab07,524993,numericid-WORD,1,False
part_4/6628122415433246-SEVERAL.mp4,part_4/6628122415433246-SEVERAL.mp4,several,5d15c11547d73bc7b72775b5b7fbbb2acd7775e8e6437b8f1d67ee4582a6f37b,498341,numericid-WORD,1,False
part_4/6628955044580167-SUPERVISE.mp4,part_4/6628955044580167-SUPERVISE.mp4,supervise,2b07c03b26ba50e6f362eaba3363afbfce4c01f6b4c152e1f0cd1da12db74f31,297088,numericid-WORD,1,False
part_4/6631229311255877-COINS.mp4,part_4/6631229311255877-COINS.mp4,coins,c3a756acf5ac221c7742ce0055e2d109e56df3e8680aaee9aea1717358b7ceab,464747,numericid-WORD,1,False
part_4/6632590144512025-RECORD.mp4,part_4/6632590144512025-RECORD.mp4,record,b2000149773ddf9355f6dcf839f4a11f6f5bce279b7494d4ce9fe4918e516581,625935,numericid-WORD,1,False
part_4/6633812621771165-CEMETERY.mp4,part_4/6633812621771165-CEMETERY.mp4,cemetery,ae69bb440d8c768b4105a3c758878a597c95f223aef34850b53af8149718ad8e,340688,numericid-WORD,1,False
part_4/6639287403552572-FANTASY.mp4,part_4/6639287403552572-FANTASY.mp4,fantasy,439c8cb2ce5194677194328544fbfd7e37476fff54c01fa2fea112b90984ff44,606270,numericid-WORD,1,False
part_4/6640029673956236-FIFTH.mp4,part_4/6640029673956236-FIFTH.mp4,fifth,f97286ff02ab674ab0d00999c93f73bb78d7bc9fad409d2cb6ea71872cd2b443,667292,numericid-WORD,1,False
part_4/6642005341344166-QUEEN.mp4,part_4/6642005341344166-QUEEN.mp4,queen,63b725ad771f0a0a9e9ffc9e9cacb5f5a2e85d9c8782af642ec90fc191557eac,1072900,numericid-WORD,1,False
part_4/6642997903737804-FORBID.mp4,part_4/6642997903737804-FORBID.mp4,forbid,a305625e238ff60cbbf3c85027df778e7d8809bf52b7590a3f5210a327fa1b70,354990,numericid-WORD,1,False
part_4/6646285782644539-EDGE.mp4,part_4/6646285782644539-EDGE.mp4,edge,3e6163ea94aa9e66d6d2325269d378cfaffef77eea4afa26a466490c74e60d5d,500859,numericid-WORD,1,False
part_4/6646330187244402-SOPHOMORE.mp4,part_4/6646330187244402-SOPHOMORE.mp4,sophomore,546129c37c6633877b192a74538cdd4434dac364fb7da957e2c076a534ccc21d,628521,numericid-WORD,1,False
part_4/6658545577547978-HEAD GRIND.mp4,part_4/6658545577547978-HEAD GRIND.mp4,headgrind,ef8b548c756088d6839bcaaefb4b2c36a668ee3335bc02a4a7fd543edee4818b,446484,numericid-WORD,1,False
part_4/6663256927195076-CONTACT LENS.mp4,part_4/6663256927195076-CONTACT LENS.mp4,contactlens,3f57730270665acc0c1e79d9d62a284f6c8e50e13815a69c811ff9c535471d83,396189,numericid-WORD,1,False
part_4/6663722432029446-ALCOHOL.mp4,part_4/6663722432029446-ALCOHOL.mp4,alcohol,aca5c3b84472de78388972154ed305908b7e8e4f3fcae922f1aea4ea961b28bb,521995,numericid-WORD,1,False
part_4/6665509376481926-ICECREAM.mp4,part_4/6665509376481926-ICECREAM.mp4,icecream,64ce3e8fbd9d2a52c82bdd34e1aac74814853ec65b2376555d342589c643ddd8,804863,numericid-WORD,1,False
part_4/667033775817369-GRASP.mp4,part_4/667033775817369-GRASP.mp4,grasp,37a6c2a47201f2c54995441cdd4bfff7ebd7321baf59867e595cd7ffd1fc69f1,991818,numericid-WORD,1,False
part_4/6675272277821382-DIFFERENT SITUATION.mp4,part_4/6675272277821382-DIFFERENT SITUATION.mp4,differentsituation,ec599d777c12e6ba3d25cf3a318edf3664f5a3a97ca838aaeb978b96c2702506,804527,numericid-WORD,1,False
part_4/6676843844602756-ROBOT.mp4,part_4/6676843844602756-ROBOT.mp4,robot,24bc40473e6ca297db060f6c370e830fb83fde9f320d16b9e6988c7832da5500,720979,numericid-WORD,1,False
part_4/6677797392644389-TIME.mp4,part_4/6677797392644389-TIME.mp4,time,dacb5480b1add7b83c8e1ec2a7a71badf4051a45e307882ce378437cb49c64d0,1118506,numericid-WORD,1,False
part_4/668120263892662-EVERY YEAR.mp4,part_4/668120263892662-EVERY YEAR.mp4,everyyear,df6b0873921363a9a7a760248156c6a3b94c5ec4cceb146e937e62077bfc14ca,502715,numericid-WORD,1,False
part_4/6685968250536625-RECITE.mp4,part_4/6685968250536625-RECITE.mp4,recite,3e8ad617b398899501678bfbb94dbd66cb315bfee1e939c59b75ca2f5c5b05f8,610433,numericid-WORD,1,False
part_4/6690912295141158-RESTLESS.mp4,part_4/6690912295141158-RESTLESS.mp4,restless,e2aa40c83fa99af7f0c49531e3ec6716cc1bf0524da2fdce655436aeff3ef817,726436,numericid-WORD,1,False
part_4/6708956410631581-WORKSHOP.mp4,part_4/6708956410631581-WORKSHOP.mp4,workshop,8675589ea1cc89aa82e9af064793515f78bd8e66c5e079681217745a012b58d7,336727,numericid-WORD,1,False
part_4/6718749793907182-GLOW.mp4,part_4/6718749793907182-GLOW.mp4,glow,18c1620082543ca3876b718f43b56bedda84f17417d4f7c29b49fcc1b8b980ee,1058401,numericid-WORD,1,False
part_4/6719130837178156-HEALTH.mp4,part_4/6719130837178156-HEALTH.mp4,health,25b5e59522ef01cc143689ce3ec9e68f7ddc0f6343532dc99648bbe9a2bbd0c4,663541,numericid-WORD,1,False
part_4/6719352826133227-HANDS.mp4,part_4/6719352826133227-HANDS.mp4,hands,3922301c803ea320af9002ce5f8e3795a908e15e5b63607f5f12b37862b5676f,1050471,numericid-WORD,1,False
part_4/6724445450060734-SPICY.mp4,part_4/6724445450060734-SPICY.mp4,spicy,d7c2726c030a120fe3897bb9fc096824da1867ede148dd314ddc9cf46165a0e2,335180,numericid-WORD,1,False
part_4/6727162982252604-PANCAKE.mp4,part_4/6727162982252604-PANCAKE.mp4,pancake,73a273f785621e68dfce12600ca97d51633be69d68ae65f92be6f032bfa40b8b,468621,numericid-WORD,1,False
part_4/672982715949773-NOISE.mp4,part_4/672982715949773-NOISE.mp4,noise,548eb9b88085d9c693fad8ab777eb8cc0b0164cd5d1295b573d12f0310bf466b,469646,numericid-WORD,1,False
part_4/6735292433767321-FINGER.mp4,part_4/6735292433767321-FINGER.mp4,finger,83d55a87c026737c4d28687f882f747031deacf82967f027c1033acc16f93d4e,428945,numericid-WORD,1,False
part_4/6739155491670814-MIRROR.mp4,part_4/6739155491670814-MIRROR.mp4,mirror,487c4e96c6d4182406d4ff68333d2c0b78d87b7c19f84c0846c16eea73f0065d,303860,numericid-WORD,1,False
part_4/6740870378979742-MARRY.mp4,part_4/6740870378979742-MARRY.mp4,marry,12f9b877d3908f0258de0a9b344535c23dd869335764523634942b765cdd2620,563320,numericid-WORD,1,False
part_4/6745347552311414-SOUP.mp4,part_4/6745347552311414-SOUP.mp4,soup,94dbd9f271fc86344cf222f55070990047992445527dad8ae701ab00ea86b63f,852475,numericid-WORD,1,False
part_4/6751563567436816-PERFECT.mp4,part_4/6751563567436816-PERFECT.mp4,perfect,7aded7a8f14dd2b1b1375f60cf93b86498831e1421d6dd910e158eda0e947f4f,539333,numericid-WORD,1,False
part_4/6758324232395909-SHELF.mp4,part_4/6758324232395909-SHELF.mp4,shelf,e259bd5727d7ae477baeb266ed91e6e492c5a4de4c7d8601057f2ad2e8b57c45,476142,numericid-WORD,1,False
part_4/6759083785166795-LOOK APPEARANCE.mp4,part_4/6759083785166795-LOOK APPEARANCE.mp4,lookappearance,39c3849e55f14e7de2c2f4a4e011c63919b34fc2e6e7864a39a84fa44b145c43,275643,numericid-WORD,1,False
part_4/6762844244359867-FRENCH.mp4,part_4/6762844244359867-FRENCH.mp4,french,c51e78964b5fff43279b9007118538862ec67899795728226618938b1750553f,541627,numericid-WORD,1,False
part_4/6763684162767629-WASH DISHES.mp4,part_4/6763684162767629-WASH DISHES.mp4,washdishes,3058b177cbc792fbcda5ac314de8d1e13ec011c39f6c510445d148c4f9f4a6d6,711301,numericid-WORD,1,False
part_4/6766382204103578-BANK.mp4,part_4/6766382204103578-BANK.mp4,bank,fd5a98f5547caef244545b7c400e7e71e8ac27db7fbc5c0ec2267b280a430deb,317110,numericid-WORD,1,False
part_4/6766409292630771-HORSE.mp4,part_4/6766409292630771-HORSE.mp4,horse,2ce3df9666d241c397b525de94cf7666dbc1a0bc0edcd1986679c05c1dc1d133,453280,numericid-WORD,1,False
part_4/6772261745685777-PUBLIC.mp4,part_4/6772261745685777-PUBLIC.mp4,public,2d8b3928547c58f210a288368cd10ea2a2e217de65d60dcc0d8361a4621122c6,534917,numericid-WORD,1,False
part_4/6772605455924434-ROPE.mp4,part_4/6772605455924434-ROPE.mp4,rope,1c7834a294e7ffb43f480f86d19a89a3d046af65099c32eec4c83b6b35c4c3df,470902,numericid-WORD,1,False
part_4/6772724843825193-SNEAK ADVENTURE.mp4,part_4/6772724843825193-SNEAK ADVENTURE.mp4,sneakadventure,6a2b8d2da7b035d73c89a01a4f490b3c9cc5946a4a85870a69f1096710aa5dab,722508,numericid-WORD,1,False
part_4/677440329724845-CLASH.mp4,part_4/677440329724845-CLASH.mp4,clash,72b31e940731b5b0e40216bddf27c550b0c056bae91ec3b7b81be2310f096682,370234,numericid-WORD,1,False
part_4/6781130107647655-SNOB.mp4,part_4/6781130107647655-SNOB.mp4,snob,4f0f3a183940f5508a52364dacbdbac08c0b7935d9da259cb1ec7e632fae950f,799422,numericid-WORD,1,False
part_4/6782102586532928-POSTPONE.mp4,part_4/6782102586532928-POSTPONE.mp4,postpone,7eb9a5273517e356be6a621de1c7703f13646955648b78695cae38153bbb969f,665208,numericid-WORD,1,False
part_4/6788146749800379-DEAF SCHOOL.mp4,part_4/6788146749800379-DEAF SCHOOL.mp4,deafschool,489d43ca9e8a1340fa51e7b955f8e6cbba11dbca49a5677403dc0a53aee4974b,847021,numericid-WORD,1,False
part_4/6788847001475584-AGAIN.mp4,part_4/6788847001475584-AGAIN.mp4,again,ef9c77990268199e32b441c1b259c251080ef835b559fb8a31a206c4d4c537b6,888807,numericid-WORD,1,False
part_4/6790735994462396-OOPS.mp4,part_4/6790735994462396-OOPS.mp4,oops,c7c1c98ad3fc4a283ebf6eab4c856afa5409d53f465f850eca7528ff375c3789,219191,numericid-WORD,1,False
part_4/6796219642957484-THERE.mp4,part_4/6796219642957484-THERE.mp4,there,7ff1f5f27dd4efe6e49ab220dfdec88180dcfcd49764cb9b994a569252b1b328,888471,numericid-WORD,1,False
part_4/6816094331725071-COCACOLA.mp4,part_4/6816094331725071-COCACOLA.mp4,cocacola,f0ca889ee38cf3ed0643d4ff68e04508dd696db037a499f460e5ee8384355922,546764,numericid-WORD,1,False
part_4/6817043488610852-seedSON.mp4,part_4/6817043488610852-seedSON.mp4,son,0feb117d9beb9c67df80b6b5efe2c54762bed3fbfb5253f991dc6802c2956a1f,868873,numericid-WORD,1,False
part_4/6825074922954069-DEPEND ON.mp4,part_4/6825074922954069-DEPEND ON.mp4,dependon,d97a8cc95b0a7e9d1e1d787cbaf689b7daac8f305d0f15c52719fa60c55d7718,600355,numericid-WORD,1,False
part_4/6827887297589506-seedUNIQUE.mp4,part_4/6827887297589506-seedUNIQUE.mp4,unique,aec6f4fcb96136b7fd06379f48889d2bd966d22e644d91c65aacd60f9e2f26d9,700930,numericid-WORD,1,False
part_4/6834362654952608-HANUKKAH.mp4,part_4/6834362654952608-HANUKKAH.mp4,hanukkah,f738024b54e830b2ee6e48c9cdce068377a2e85b456490bc3c377dc8a930ee21,562055,numericid-WORD,1,False
part_4/6836083667468489-BOILING MAD.mp4,part_4/6836083667468489-BOILING MAD.mp4,boilingmad,eeda71070f57c1f4fb7a2eb36bd27ae7e6543a6942c3592c3f22daad4bb9231c,361788,numericid-WORD,1,False
part_4/6839998849019848-seedUPLOAD.mp4,part_4/6839998849019848-seedUPLOAD.mp4,upload,d518c90d1c2bbf0fa996da62f938dfdd5a23ae4207e5582521a6e77bbb534d73,1049005,numericid-WORD,1,False
part_4/6842424617356997-ONCE.mp4,part_4/6842424617356997-ONCE.mp4,once,3d1ae1f019802ae68ac54ed46d22eda7be7d76af8ae87a7bcf33e4a91254b407,621422,numericid-WORD,1,False
part_4/6849051691440626-COUNTRY.mp4,part_4/6849051691440626-COUNTRY.mp4,country,a2bd2d0dded4db848b376452b053c702ba9e0a1c10a03acca55b87e43f958ed1,669733,numericid-WORD,1,False
part_4/6851609432154622-UNICORN.mp4,part_4/6851609432154622-UNICORN.mp4,unicorn,6c03030ba071a97d7f63940bb19480fefffc21f9082ccc153b7bd1d934c60873,417130,numericid-WORD,1,False
part_4/6851952015630933-WEAR.mp4,part_4/6851952015630933-WEAR.mp4,wear,39cd4c3a01fde2f97f0a053861bdfdf501b3eadc2d0376b83533d000f20ef927,409164,numericid-WORD,1,False
part_4/6852032624784132-TEENAGER.mp4,part_4/6852032624784132-TEENAGER.mp4,teenager,3758057226662af64daf3efcae4837501702bcf4a9a1b59b1f3fb6b3bebe63cc,348047,numericid-WORD,1,False
part_4/6854222572874162-OOPS.mp4,part_4/6854222572874162-OOPS.mp4,oops,a4a32957b91241208d651e2540e4cf777ea12fe64f5406f09d2d95d0d4d00953,1030909,numericid-WORD,1,False
part_4/6855496431135915-EVERY NIGHT.mp4,part_4/6855496431135915-EVERY NIGHT.mp4,everynight,833ae125b047613eafec3073547568f0b35957927502a088f3decb88ec1b9f4a,784606,numericid-WORD,1,False
part_4/6856906374998-HAMBURGER.mp4,part_4/6856906374998-HAMBURGER.mp4,hamburger,a634c07620c3cb2981d48660a291cc11fb7f6148ad5408cbbe422034ba306a0d,667506,numericid-WORD,1,False
part_4/6861641803078751-INSIDE.mp4,part_4/6861641803078751-INSIDE.mp4,inside,9c1dd3b13cb80ff6e9252258cb613a9ac65a886b0cc189eae22fdad4b187b71b,596722,numericid-WORD,1,False
part_4/6863499601539187-LOST.mp4,part_4/6863499601539187-LOST.mp4,lost,94380daa07389655eba9abd96debab4a83a739b15f83b92d3800a3bcb4b3bf73,1169414,numericid-WORD,1,False
part_4/6868335269098953-SOPHISTICATED.mp4,part_4/6868335269098953-SOPHISTICATED.mp4,sophisticated,052f823368cf3d695f38a64aa15d6995687b8fce66d6a18e10848477a82667b0,337949,numericid-WORD,1,False
part_4/6870003448826199-SURGERY.mp4,part_4/6870003448826199-SURGERY.mp4,surgery,6f6a7a019ba1919f29243039343f361839851c792c881335dbb958d137192240,601597,numericid-WORD,1,False
part_4/6871798036853238-seedLEARN.mp4,part_4/6871798036853238-seedLEARN.mp4,learn,c00cff938591c482f157dfc06f7e51fcba5ec893aeb2c34ce130155f7df25d25,920768,numericid-WORD,1,False
part_4/6877379933327488-CRACK.mp4,part_4/6877379933327488-CRACK.mp4,crack,919d0d446318f7398a2fc293f9ec24e161b9635e4785d9bb6ec8c8eb322ac9c4,459185,numericid-WORD,1,False
part_4/6897402186667809-MELON.mp4,part_4/6897402186667809-MELON.mp4,melon,5b28f6527fde97e5ab520d8e3e57a9c3756beea9b61d2f44fc50038c933122c0,585152,numericid-WORD,1,False
part_4/6898707540545106-CRANKY.mp4,part_4/6898707540545106-CRANKY.mp4,cranky,21b17fe96fae60288ba6a92bdd1fddf7dd22bb0c81ae98beda20c3a0ea659b67,792284,numericid-WORD,1,False
part_4/6902128724087659-YOUNG.mp4,part_4/6902128724087659-YOUNG.mp4,young,8839f5325c17b87213d8f66c904b90b4b99942c1fd215f928229f7a86ab0a481,507579,numericid-WORD,1,False
part_4/6902804808473246-ACCORDION.mp4,part_4/6902804808473246-ACCORDION.mp4,accordion,8d89462f472807e7e4b15b7db8e5935a6c95e879e0665985a2dab4972d46379b,531206,numericid-WORD,1,False
part_4/6906772056463231-CHEAP.mp4,part_4/6906772056463231-CHEAP.mp4,cheap,fefa109937b55f79895890819e964bac1fa1e89a1486e0f53c1ebfee387a39cc,642889,numericid-WORD,1,False
part_4/6909294211912751-SOUND.mp4,part_4/6909294211912751-SOUND.mp4,sound,f473c0e6c14cde67a54c61c5b0864e8915590467394dd5f81ac4dd8b9935868f,545409,numericid-WORD,1,False
part_4/6910214501008138-PITCHER.mp4,part_4/6910214501008138-PITCHER.mp4,pitcher,39ab0b4c9a5337b468dbd84d2a83e59c25cc619f7cb8f3cf42030f8fbc2503b6,717556,numericid-WORD,1,False
part_4/6912280773625425-THANK YOU.mp4,part_4/6912280773625425-THANK YOU.mp4,thankyou,32c6490caf221cd101f72143c912c55d45d83d5cc535c7035099a0b91daf2c0b,415817,numericid-WORD,1,False
part_4/6921040855972516-MIDDLE.mp4,part_4/6921040855972516-MIDDLE.mp4,middle,e301ea81af677a854e9c127010e4bd0af6e0ad118899f855680719b42a350667,453461,numericid-WORD,1,False
part_4/6926540658417655-HAMMER.mp4,part_4/6926540658417655-HAMMER.mp4,hammer,526b2ce60863101533ae4cd53f31703b8ab29eb037cffcc1ff59c16acae36a24,316379,numericid-WORD,1,False
part_4/6936626903998646-LEAVE ALONE.mp4,part_4/6936626903998646-LEAVE ALONE.mp4,leavealone,4b742c927a9d3843b23aaa93ccae5c2b355314133f8cd7f98724255c01e36622,349371,numericid-WORD,1,False
part_4/6939222989106542-MESS.mp4,part_4/6939222989106542-MESS.mp4,mess,98a610495e73872da247c37e5a7dfcc4e52440b88d5213afcba6d08b9b3e6d70,1060244,numericid-WORD,1,False
part_4/6943849762726484-PLANET.mp4,part_4/6943849762726484-PLANET.mp4,planet,c0bc8ed956bca380b7f3650589289b18d09e2679edc56ad4fb87666475a8c152,606598,numericid-WORD,1,False
part_4/6947179407989328-BUSTED.mp4,part_4/6947179407989328-BUSTED.mp4,busted,7946140a612f3a66ed6b0544cbf4cdc3a5a4581181d1f90e16a26817504e81f7,557583,numericid-WORD,1,False
part_4/6950108923100551-ABSOLUTELY NOTHING.mp4,part_4/6950108923100551-ABSOLUTELY NOTHING.mp4,absolutelynothing,ce12f6e3275876b7ac64b09d3664a2204757c87f891d10cd9c73586beb7732c7,437446,numericid-WORD,1,False
part_4/6954162646008715-LET ME_SEE.mp4,part_4/6954162646008715-LET ME_SEE.mp4,letmesee,9173ff07179a0b3ed2e3af07d36fd2adaf60994a3185839888e7477db67507bf,317807,numericid-WORD,1,False
part_4/6959191613137512-PIANO.mp4,part_4/6959191613137512-PIANO.mp4,piano,15e19ce06a97290f1ee8aaf9553762993cbb685dc2411c98c5d2e151841e8b9f,619625,numericid-WORD,1,False
part_4/6959378067801021-CIGARETTE.mp4,part_4/6959378067801021-CIGARETTE.mp4,cigarette,13e2b29b0b80f75dadd7df2971a8da2d1ac0ecd216e6452e42fc5345020e20e1,628206,numericid-WORD,1,False
part_4/6964032953079102-VOTE.mp4,part_4/6964032953079102-VOTE.mp4,vote,fe211ee5900bb57c2b3d7947bcdd883a97cda05e93adefce9e2eda9de0eca014,371689,numericid-WORD,1,False
part_4/6968223103365787-DUE.mp4,part_4/6968223103365787-DUE.mp4,due,81978f3a0b43cca8442458958b783827c73ffa7a9ca3bbdcd0685ee5ef2b8cb1,353607,numericid-WORD,1,False
part_4/6974116269624848-LOSE GAME.mp4,part_4/6974116269624848-LOSE GAME.mp4,losegame,d44104a730927e4bd89bcfdb783c72c6494f7f78b0ffd74ba411e43f8652e0f1,342217,numericid-WORD,1,False
part_4/6978076914016362-FAMOUS.mp4,part_4/6978076914016362-FAMOUS.mp4,famous,cf52f9e0957a1060928872e5444b519cf2ae83c4d6c96d33547dcab147249bc7,706449,numericid-WORD,1,False
part_4/6978081040494541-seedMANY.mp4,part_4/6978081040494541-seedMANY.mp4,many,f0866df8099a9dcab18e20f1e47274bdfc7526e9b864f1e3ea6a62ce84670441,1129426,numericid-WORD,1,False
part_4/698031152229529-REACT.mp4,part_4/698031152229529-REACT.mp4,react,8a72fd02edf1f1da71302def0f9d03a830f9365021174ed7a4e366c96e047631,1130534,numericid-WORD,1,False
part_4/6986285859680277-seedWEDDING.mp4,part_4/6986285859680277-seedWEDDING.mp4,wedding,e4c1e5b3d6bbb28eee8dc7b134f0c4dddcdf748ba02a2dca2a5251f969c309fc,980555,numericid-WORD,1,False
part_4/6994938811440015-WRONG.mp4,part_4/6994938811440015-WRONG.mp4,wrong,af7f6ac09305c5b6909a9ac2d41bfda4164544aaa79039d88dcf710b73f2f605,249049,numericid-WORD,1,False
part_4/7008608587939635-seedSHEEP.mp4,part_4/7008608587939635-seedSHEEP.mp4,sheep,9a6d259964cbc1f36395b4b8fd7f60dfc782b598f9e2bddfe315b373693ce994,1162905,numericid-WORD,1,False
part_4/7018648886407592-LIVING ROOM.mp4,part_4/7018648886407592-LIVING ROOM.mp4,livingroom,bc8b520f7de5933016eededc077f5da1618ce5ae51db177a7e994605dc064579,374916,numericid-WORD,1,False
part_4/7022292214541699-HUNDRED.mp4,part_4/7022292214541699-HUNDRED.mp4,hundred,ea24d49b24870e3625e25c33c09505b0d4974bb7ec08e299d434282aba8582a5,454290,numericid-WORD,1,False
part_4/7023175541240181-VEGETABLE.mp4,part_4/7023175541240181-VEGETABLE.mp4,vegetable,f3117a0042bfc99861336ecc44bf90aec16e9abb9eb8974136bc8b65fba48071,457613,numericid-WORD,1,False
part_4/7031515900538949-CHICAGO.mp4,part_4/7031515900538949-CHICAGO.mp4,chicago,1e61fd1c382448ac2d0a63a34cef6eae1492853e687cd88db6adf1ea63e1dbea,731205,numericid-WORD,1,False
part_4/7032972889937701-WALK-TIGHTROPE-CL.mp4,part_4/7032972889937701-WALK-TIGHTROPE-CL.mp4,walk-tightrope-cl,73114807bc90d3efdf0e8f69f12a7639443895fc43e57b501e2ccac6dff95a5a,1061692,numericid-WORD,1,False
part_4/7044334115669642-GLASSES.mp4,part_4/7044334115669642-GLASSES.mp4,glasses,dc885a3926d758eecfe3b415ed1382abdef37aa7acc17def9270a7693411fc42,702048,numericid-WORD,1,False
part_4/7045265632299453-TIME TO_TIME.mp4,part_4/7045265632299453-TIME TO_TIME.mp4,timetotime,948d38cf6b920bc7f86eb9ad52bb5ba92d562d1e34b5ca5b6ce41ac36495a6ae,1518680,numericid-WORD,1,False
part_4/7048753709936411-HEAP.mp4,part_4/7048753709936411-HEAP.mp4,heap,5f55ee12a5b01b1583c7b56cc989d5902387f309eb28ee472e55323be84a1e22,576210,numericid-WORD,1,False
part_4/7055805893799301-VISIT.mp4,part_4/7055805893799301-VISIT.mp4,visit,685e329c117f2aa3662664be0da8b57042d07cab1b80ebd51492c5baef75fc0b,534818,numericid-WORD,1,False
part_4/7057176695174743-HOMEWORK.mp4,part_4/7057176695174743-HOMEWORK.mp4,homework,abbbd05ddd216c3e45d287515a9319cdfbb39a8db19ccf6351f34a996e8ee07d,406445,numericid-WORD,1,False
part_4/7060897147805703-GOODY GOODY.mp4,part_4/7060897147805703-GOODY GOODY.mp4,goodygoody,a851dd31b2ddfd59ba4231e4488f1343248c999290ab1a63031ba1d7be7a4380,802258,numericid-WORD,1,False
part_4/7062420275233134-FRENCHFRIES.mp4,part_4/7062420275233134-FRENCHFRIES.mp4,frenchfries,973f962ea33c5da1b3068d429c7f993ac06c8529f28d1fcd0a645e35d6a0c905,468343,numericid-WORD,1,False
part_4/706321026788858-seedENGAGEMENT.mp4,part_4/706321026788858-seedENGAGEMENT.mp4,engagement,61865496abdb0860f058b52e609641e1f044809c6f82e1438d8c2ed022243b39,922705,numericid-WORD,1,False
part_4/7066992019415372-VISITOR.mp4,part_4/7066992019415372-VISITOR.mp4,visitor,e300dc7a489fe6385c9441f289ce34717e5a342e3520c1c4aa38a14d96594b62,442926,numericid-WORD,1,False
part_4/7067982649701063-DONT KNOW.mp4,part_4/7067982649701063-DONT KNOW.mp4,dontknow,987d1973b57a743cca4f6e1b6906cf328680e3661e12a991bc27dcf0902eea60,454473,numericid-WORD,1,False
part_4/7068138619325417-SWEEP.mp4,part_4/7068138619325417-SWEEP.mp4,sweep,2de3806cad6d66c970365095ccf40c73d8d0734dcdee022e55bbdccd76231abc,1078544,numericid-WORD,1,False
part_4/7068896521977865-WHITE PERSON.mp4,part_4/7068896521977865-WHITE PERSON.mp4,whiteperson,bc16cad5b80eb2923d37699f9e2fba0c09f46486477138653f73dec9463139c4,667248,numericid-WORD,1,False
part_4/7070682716404322-DIVORCE.mp4,part_4/7070682716404322-DIVORCE.mp4,divorce,4df157a15086dc0c385198b669eb8a68c4092157c3ee10c894a380eca742f49c,318236,numericid-WORD,1,False
part_4/7074084818235076-GOATEE.mp4,part_4/7074084818235076-GOATEE.mp4,goatee,0924f9d7b0acd3af160755cc9f6d6cbe9095efc034a052ce52093d285a4e9f24,314825,numericid-WORD,1,False
part_4/7074460232925452-SKUNK.mp4,part_4/7074460232925452-SKUNK.mp4,skunk,4fb7c0324a5585db0679ed6b1ea1c4d43903cba11042066c40062d22e1e3d9ee,648506,numericid-WORD,1,False
part_4/7084386663017326-STAFF.mp4,part_4/7084386663017326-STAFF.mp4,staff,24fd39fe471abca232cb3c84d91d19901048707fd04fdb86c3a3ab3c51442ff5,397029,numericid-WORD,1,False
part_4/708769017680714-HEAD.mp4,part_4/708769017680714-HEAD.mp4,head,961f46b6ab51d00c2b279c671ab342665d8acc91c008e66cf438dd3d3b070363,375249,numericid-WORD,1,False
part_4/7087842839999723-BLOW.mp4,part_4/7087842839999723-BLOW.mp4,blow,f1027ead2c14f0e07a320db5c9f37b4ce9ca8589152a3c6326858993d70ad6ef,353934,numericid-WORD,1,False
part_4/7089998005786029-CALCULATOR.mp4,part_4/7089998005786029-CALCULATOR.mp4,calculator,1a0030148a60a22cadf52b6667b9c99db77b8918134ff42dc55fabddb4f7ac5c,423939,numericid-WORD,1,False
part_4/7091364855553395-SLAVE.mp4,part_4/7091364855553395-SLAVE.mp4,slave,515f6c56582f34fe0d7bc6689a3b283b68760481882f050389a08f136885072f,512220,numericid-WORD,1,False
part_4/7093750023037584-REST ALL_DAY.mp4,part_4/7093750023037584-REST ALL_DAY.mp4,restallday,cd1413dc2efe3b16c50beb8f0e4389b23976a64be825a644e4ee696e3c66d494,1263706,numericid-WORD,1,False
part_4/7095529017898845-DIG.mp4,part_4/7095529017898845-DIG.mp4,dig,21767b723735337fc4af7fb9c66f27bd708c7a1ac67a910e36bd0f0bc9648d10,927248,numericid-WORD,1,False
part_4/7101600150395044-DESTROY.mp4,part_4/7101600150395044-DESTROY.mp4,destroy,0c4de549cee8bac1aebd1e86a8b0b9e6ddcd178460de9e731ff19159fd6f7723,959095,numericid-WORD,1,False
part_4/7102069680600573-MIME.mp4,part_4/7102069680600573-MIME.mp4,mime,071faae775bc434ca014723e81cf6a706a4ca71b1a02ce19027dcec46d0c1b75,737205,numericid-WORD,1,False
part_4/7103909825330919-DIG UP.mp4,part_4/7103909825330919-DIG UP.mp4,digup,9f8ca7832895d3e0b4715743aad757bfe0a1f8fbeb4ff66a75409753aa4d55ae,572824,numericid-WORD,1,False
part_4/7103942618147332-ORANGE THROAT.mp4,part_4/7103942618147332-ORANGE THROAT.mp4,orangethroat,e9f2d684890b970cb1b99d5c9e702c9fd510e76f669f3fe81649ead97b98953e,627902,numericid-WORD,1,False
part_4/7121790681768692-ACCESS.mp4,part_4/7121790681768692-ACCESS.mp4,access,7d4858b5aca0471add32e28f888eaa35fed97a82502ab2dc18436a629d0f6ed6,421944,numericid-WORD,1,False
part_4/7124112494855908-BEANS.mp4,part_4/7124112494855908-BEANS.mp4,beans,d5f6619bea831b73777e2e1bcdd14f8807e58f948f3c646f932dce6a0a434269,538035,numericid-WORD,1,False
part_4/7124932261855448-SUIT.mp4,part_4/7124932261855448-SUIT.mp4,suit,1864d3aae7804aabc409e0b19109428462b27a7700ac84876d15161fe98d3abd,1237677,numericid-WORD,1,False
part_4/7126436397872913-NOT USED_TO.mp4,part_4/7126436397872913-NOT USED_TO.mp4,notusedto,e8d2be0040c8a5db6a895a142791589e60925ad48891370c14115e3f29fe4bfa,510808,numericid-WORD,1,False
part_4/7127119676193776-SHOWER.mp4,part_4/7127119676193776-SHOWER.mp4,shower,9e86c7ffac498704053fc26367135011d4d7f890c0ca3c57a1899782aea4285f,834657,numericid-WORD,1,False
part_4/7129241223913552-SLIPPER.mp4,part_4/7129241223913552-SLIPPER.mp4,slipper,bcc3ee6712a28aa7b9e0b99dd4828b311e9f213198c1c8b7b1b36f4b5ba5cd8c,532703,numericid-WORD,1,False
part_4/7130338854330107-PULL CONVINCE.mp4,part_4/7130338854330107-PULL CONVINCE.mp4,pullconvince,a0906e25fe35c4406e88bfc82f848a7cbed49c5c5c0c0978e9d5e3a0995432f7,404578,numericid-WORD,1,False
part_4/7139247035863205-RANGE.mp4,part_4/7139247035863205-RANGE.mp4,range,0da9533aa372cea2fa6c9e07ad869a8b0ae10f9271cfc71c6c69f3c00b089c4b,673554,numericid-WORD,1,False
part_4/7141846353753423-BUN.mp4,part_4/7141846353753423-BUN.mp4,bun,b579becfc90c87d3b949bc376f88457b4fb44c297afe65240ea8a5f9b980f900,610841,numericid-WORD,1,False
part_4/714422605350407-SOUR.mp4,part_4/714422605350407-SOUR.mp4,sour,e3621e0892ffad353990d5a496c0d6901517e369a108bf8c147932d02fa1ae9c,652450,numericid-WORD,1,False
part_4/715071805712485-FAST.mp4,part_4/715071805712485-FAST.mp4,fast,a94e7cc2e6b7f6a633eb54700d038ac579a24a2e20a190d8639cc4b581016633,393867,numericid-WORD,1,False
part_4/7155317465236861-IMPORTANT.mp4,part_4/7155317465236861-IMPORTANT.mp4,important,54a803e285ca45269744ce004c583f8bd89453b639305723b9d6a5d6765bf3ef,397736,numericid-WORD,1,False
part_4/7159455055757091-LAST.mp4,part_4/7159455055757091-LAST.mp4,last,57fc178c8e8eeaa671b0c50ef77ba413143aa9c8d0aa1f0b57dbc0ad9d691a18,1034663,numericid-WORD,1,False
part_4/7162514999543839-TOO MUCH.mp4,part_4/7162514999543839-TOO MUCH.mp4,toomuch,187174ebe38f9227bf6d7bcbe8ad2f1936b0dc0b9bd83b4cef174030fc5a8381,353423,numericid-WORD,1,False
part_4/7163189201367111-BLINK.mp4,part_4/7163189201367111-BLINK.mp4,blink,d74353935d727f53450ccceeb7e77a3c74a5f0a6b131576842612e07817577a8,472791,numericid-WORD,1,False
part_4/7166802813272417-GRANDMOTHER.mp4,part_4/7166802813272417-GRANDMOTHER.mp4,grandmother,510e75367a2f6e6e835b5df1429cc707fcae80d9c49a50ca49dc06563574816d,339866,numericid-WORD,1,False
part_4/7170471283154412-HEARTBODY.mp4,part_4/7170471283154412-HEARTBODY.mp4,heartbody,aea22cb84894c8d3919686574d945ed881a67e925c60be3bd01b9003bfb05ff3,702129,numericid-WORD,1,False
part_4/7173077094908851-PRAYER.mp4,part_4/7173077094908851-PRAYER.mp4,prayer,c4ab8c4f89dc53fbd5ce05538e2275c8f459fc6256970587eb140becf3c602f6,1150115,numericid-WORD,1,False
part_4/7186487490315872-seedSWEATPANTS.mp4,part_4/7186487490315872-seedSWEATPANTS.mp4,sweatpants,90162a0d063e4527a222b3ec35df428e3d4b9341571d55258808038f20301711,1134398,numericid-WORD,1,False
part_4/718787866827413-DRYER.mp4,part_4/718787866827413-DRYER.mp4,dryer,f5d84bfeee0bc256838ea112b308fc2bf7e3cb6a5e49b0759e5f73b532098ed1,906889,numericid-WORD,1,False
part_4/719002181156206-SPAIN.mp4,part_4/719002181156206-SPAIN.mp4,spain,d8e495607911cfe696821032501f95917584ae64b782ec5715640898aec7df64,637634,numericid-WORD,1,False
part_4/7191039828839427-HEART.mp4,part_4/7191039828839427-HEART.mp4,heart,5725c45e7f9b40fc18b9a2079fe9c15036fce634803b3c2ae040583e7c0dc565,432049,numericid-WORD,1,False
part_4/7197509317177178-STRIPE.mp4,part_4/7197509317177178-STRIPE.mp4,stripe,e83676d8cbe75bf35d62f02144c93a701784aec6f0edf9366afe7ed212fc9fe5,678646,numericid-WORD,1,False
part_4/7202275052053524-SLINGSHOT.mp4,part_4/7202275052053524-SLINGSHOT.mp4,slingshot,73a55bf7fb3f9589559e39fae61adb6199818b86635e58c60532d100303875f2,414261,numericid-WORD,1,False
part_5/7205199307774421-INSPIRE.mp4,part_5/7205199307774421-INSPIRE.mp4,inspire,61a724276f82e949e2b500baf2f839401b4676df9352e03db66a59d082a41afe,461151,numericid-WORD,1,False
part_5/7207278201122214-seedFINGERSPELLING.mp4,part_5/7207278201122214-seedFINGERSPELLING.mp4,fingerspelling,391c5c2ae306543beecc62268b1cea26311ea3e530c31b889a31d7e764b6eb4f,1138003,numericid-WORD,1,False
part_5/7210531974249805-WHILE.mp4,part_5/7210531974249805-WHILE.mp4,while,ecbc15cc7ffd38a928569438f2aedfa0e6111b0df6a339216090f83bdc519d02,575433,numericid-WORD,1,False
part_5/7211192459357942-INCREDIBLE.mp4,part_5/7211192459357942-INCREDIBLE.mp4,incredible,9632001de9c8c964a3ddafc3b0fe1755136c72f3452cee48c0e1332a0ba5109e,495125,numericid-WORD,1,False
part_5/7213034894442931-seedFILM.mp4,part_5/7213034894442931-seedFILM.mp4,film,1f5b0733bbbe143036f02ec508f1164425f6e44a0273bee9008d4aec52fc4d18,915604,numericid-WORD,1,False
part_5/7219677772800852-THINK.mp4,part_5/7219677772800852-THINK.mp4,think,437d8289a88204146bbe01275e76cfd1d96f4f9c94c56ad535ace1be87c72e52,384962,numericid-WORD,1,False
part_5/7220090161425696-TEMPTATION.mp4,part_5/7220090161425696-TEMPTATION.mp4,temptation,bf458985509065cce86c211a632f2c529fdecf84cf7cc768b9966b2e0c8860a9,691651,numericid-WORD,1,False
part_5/7221015492603862-FIGURE.mp4,part_5/7221015492603862-FIGURE.mp4,figure,66a525a08c23e0854736f829c1b69ac5666fde60969e320671b2f35d1d46d496,483303,numericid-WORD,1,False
part_5/7224199836145444-ANYONE.mp4,part_5/7224199836145444-ANYONE.mp4,anyone,e41d99a2a589ee31f4948e511b4ed2e42562e1f07bb3450488d506d2a91abb9a,376286,numericid-WORD,1,False
part_5/7236529952440116-STIR.mp4,part_5/7236529952440116-STIR.mp4,stir,be7300a17b892bd24de262606cdda7aaf2cdf29a261606a2a90f4e8066c29785,477734,numericid-WORD,1,False
part_5/724110224078814-CHOKE.mp4,part_5/724110224078814-CHOKE.mp4,choke,52af7ff546eae7becd88ebbc568b5b97f940d65e4d8125531c4ef979a4faf92e,1032494,numericid-WORD,1,False
part_5/7242386325731363-CALM.mp4,part_5/7242386325731363-CALM.mp4,calm,3702f7f17273b58a27f92cbdab17ba8e7873f51a3938893dc2d75986c0effd11,611197,numericid-WORD,1,False
part_5/7242876288888909-WALL.mp4,part_5/7242876288888909-WALL.mp4,wall,8cac7b5db0b920cf6313bf0f8d067a12c63b26cbbc5216b1208c91d3aef20881,1027017,numericid-WORD,1,False
part_5/7243206978076484-FEEL.mp4,part_5/7243206978076484-FEEL.mp4,feel,3b48f9f41fc7033fb00bf0fe354970bf876251c993a59a1e533d31d20d695fc9,581441,numericid-WORD,1,False
part_5/7245006849273199-NOT A_THING.mp4,part_5/7245006849273199-NOT A_THING.mp4,notathing,65f9f9721101242bf1953d59c27a40b773742e85876e792f81ec4d63923e252e,618737,numericid-WORD,1,False
part_5/7245686630052164-FORBID.mp4,part_5/7245686630052164-FORBID.mp4,forbid,034acc058d908130680affcf3380c5ac2150d1fbb7fe77158bb0f12e1ed84462,503940,numericid-WORD,1,False
part_5/7255429195073184-RULER.mp4,part_5/7255429195073184-RULER.mp4,ruler,b58a2b9d8dbc85704b2935b05eb8b93fbd0d2d8a1a574535e33ae533bfe661b2,656756,numericid-WORD,1,False
part_5/7256675965666304-AGREEMENT.mp4,part_5/7256675965666304-AGREEMENT.mp4,agreement,991496f9cf41d62fdd074e196aa4c9b8867be5816d208b8420b0253f7be28eda,416746,numericid-WORD,1,False
part_5/7266570100816736-TOTAL.mp4,part_5/7266570100816736-TOTAL.mp4,total,397197850d2cfd08c40ae792945f542e9345bb4407081bdd8d2ca38f02f48391,446487,numericid-WORD,1,False
part_5/7266634930515181-BIG.mp4,part_5/7266634930515181-BIG.mp4,big,adcf9d7c7d5806ed41f5dcd98e406cd5590f8e95fc4887f09aebfc66986ca590,393525,numericid-WORD,1,False
part_5/726835345365273-INEPT.mp4,part_5/726835345365273-INEPT.mp4,inept,9ecd66d607faaad1733536e9ec8663a5645da12b474bdccbbd039ba6b0429b91,506971,numericid-WORD,1,False
part_5/7270428598615575-CHAMPION.mp4,part_5/7270428598615575-CHAMPION.mp4,champion,2a1770f8df5df169d6e96674805c5a2094f1a1f1fbde79fa28c707dc17340d3f,565166,numericid-WORD,1,False
part_5/7272603779950209-VISION.mp4,part_5/7272603779950209-VISION.mp4,vision,12d2d2385b3f9c62d6df3a01f5a921011d694fc2dcc0289fc67a1eb5728bd457,551211,numericid-WORD,1,False
part_5/7275550135371469-IMPROVE.mp4,part_5/7275550135371469-IMPROVE.mp4,improve,9e106b46ef2186bedda323bf270b1811a16b711bd565789a19710b86eb2fb554,631610,numericid-WORD,1,False
part_5/727797349899711-FORFEIT.mp4,part_5/727797349899711-FORFEIT.mp4,forfeit,4bb8e15db2e174fa5cafb4d37c1d6aaa2f604b7b307a9fa758974e8b9220f8b6,1055043,numericid-WORD,1,False
part_5/7281385110348666-FLOWER.mp4,part_5/7281385110348666-FLOWER.mp4,flower,b5616a72f11872de029d01ec94267e2c75be142907e3614a77f83156a90a84d9,882100,numericid-WORD,1,False
part_5/7282806296371069-TIRED OF.mp4,part_5/7282806296371069-TIRED OF.mp4,tiredof,e39ca4a452dfcbd02aecaaf10e4d39ea00fb4ec086c7a28a56617cc736ea38ed,296850,numericid-WORD,1,False
part_5/7284891357037007-SURPRISE.mp4,part_5/7284891357037007-SURPRISE.mp4,surprise,154c8b2ae283b471330e7fb10b99560b00098783578d3542177adb8a788a6274,649856,numericid-WORD,1,False
part_5/7292053405811536-JELLY.mp4,part_5/7292053405811536-JELLY.mp4,jelly,41be1274079d958f74c7d0ff0f25ecfec66fce488960e517e3e0b3cde2726acb,430103,numericid-WORD,1,False
part_5/7294995286047106-SURE.mp4,part_5/7294995286047106-SURE.mp4,sure,0a0a221d24709ac181c3e20e3515cf0490939bb6b46b75e95ffce38b811f4d9d,405684,numericid-WORD,1,False
part_5/7298159511111773-WILL GO.mp4,part_5/7298159511111773-WILL GO.mp4,willgo,fe2bb31d54b1b8e3306795b49a1fd07ba0c0cf3630968c57e78887808a60c943,470231,numericid-WORD,1,False
part_5/7303799565967566-SHARE.mp4,part_5/7303799565967566-SHARE.mp4,share,aac406b380b94156dc04ac86f23463312c873412381e248a37c8e58260eb4ee9,663519,numericid-WORD,1,False
part_5/7307911614479685-CELLPHONE.mp4,part_5/7307911614479685-CELLPHONE.mp4,cellphone,2c21a7044cbdd87af975a16d60b10a30514787b36dd0cbcc0fa54c02ed6791c9,991391,numericid-WORD,1,False
part_5/7310536346900192-GO BACK_AND_FORTH.mp4,part_5/7310536346900192-GO BACK_AND_FORTH.mp4,gobackandforth,c27a03075e1151c7dd1e80bf6a56b8bd8a12ab5a7b5100147dce3f01029ee335,438886,numericid-WORD,1,False
part_5/7312927173371868-SOMETIMES.mp4,part_5/7312927173371868-SOMETIMES.mp4,sometimes,6302fa07d706a856887c0623cde444e155fc88add26a1d01eaee7f014f71cba4,637054,numericid-WORD,1,False
part_5/7313288183154856-seedPRESIDENT.mp4,part_5/7313288183154856-seedPRESIDENT.mp4,president,248e623e089239995c80d9acf7357f01cfbbb3b8827f00b28cca5276ffac294f,1241450,numericid-WORD,1,False
part_5/7315914339159093-AND.mp4,part_5/7315914339159093-AND.mp4,and,423db85fafb4367f5a33bfa8265c9931bc0fd5921e0ee14a80cd1ab7c2e16753,523719,numericid-WORD,1,False
part_5/7320522344448868-TECHNOLOGY.mp4,part_5/7320522344448868-TECHNOLOGY.mp4,technology,19ec2b99ddfda78b7e74e8e1ca28af51dfc08aa7d7b8c94bbf5c4b8d0b601233,431624,numericid-WORD,1,False
part_5/7322275722299911-PROJECT.mp4,part_5/7322275722299911-PROJECT.mp4,project,bdba5f8ad0c875c086559b73674c738c33623c497dddd0e8010b3b3613853075,364103,numericid-WORD,1,False
part_5/7324796917134646-YEAH.mp4,part_5/7324796917134646-YEAH.mp4,yeah,a6f2029f63716f979bab8ae18f01d17dbf15cf65ee404c41170314f34d18c51a,337560,numericid-WORD,1,False
part_5/7331110767916182-ADD.mp4,part_5/7331110767916182-ADD.mp4,add,2032ee4053af753ce79d9010d0d96fee90a7e0da5bd34aeb91be34803a509fb2,461141,numericid-WORD,1,False
part_5/7332760064631829-SHORT PERSON.mp4,part_5/7332760064631829-SHORT PERSON.mp4,shortperson,b6459911a2127f14e1d4d060c2f9105d1c379c566767851050524b4ed13893f3,357534,numericid-WORD,1,False
part_5/7333486518832899-TOMATO.mp4,part_5/7333486518832899-TOMATO.mp4,tomato,041eb65cf675226594615d22d68bcd40f43a35bcab37b41f6d02c47ae23ef9b8,524077,numericid-WORD,1,False
part_5/7337255224084942-WINDY.mp4,part_5/7337255224084942-WINDY.mp4,windy,875e9b079485a6468f636a6c298c0e6157918ba7127d904ad5bbcbe5e3c60ff0,551227,numericid-WORD,1,False
part_5/7339426972077192-NAIL CLIPPER.mp4,part_5/7339426972077192-NAIL CLIPPER.mp4,nailclipper,adfb1fa461d10bd245a0384e75c073356d73a1916031f4c260990f5a439342a5,711334,numericid-WORD,1,False
part_5/734018422752845-ENTER.mp4,part_5/734018422752845-ENTER.mp4,enter,c80260a1a2e47771b2f29070df41037a2d621014b1bd5cc7b6af49d0088615a9,497598,numericid-WORD,1,False
part_5/7342952201700828-EASY TO_DO.mp4,part_5/7342952201700828-EASY TO_DO.mp4,easytodo,6e543be19e45ae2c2933d722d41bf485f396ec383427d073eddeea1ca658fa1d,528022,numericid-WORD,1,False
part_5/7344295707349726-PIE.mp4,part_5/7344295707349726-PIE.mp4,pie,21a66235be34bc6a00d529bf74debc0ad967962e04a573d4ffd642d544282275,468080,numericid-WORD,1,False
part_5/7345075955640721-CAPTION.mp4,part_5/7345075955640721-CAPTION.mp4,caption,36e51ca41c3682e44bc704ad571e2d37af3df24660c8b03225743c8beb500cbf,579852,numericid-WORD,1,False
part_5/7348017609363229-PUT.mp4,part_5/7348017609363229-PUT.mp4,put,f61eacaa26726df032bd41d2f4a7a853210e9199ca27a3a1b6b441c03b146926,435269,numericid-WORD,1,False
part_5/7351415588891392-BACK OUT.mp4,part_5/7351415588891392-BACK OUT.mp4,backout,0df05f8eea6bb841599e7cae3f0b0203f8b2024b5a37e7a59a2447a1aff0a51e,467866,numericid-WORD,1,False
part_5/7353034835882497-HELP.mp4,part_5/7353034835882497-HELP.mp4,help,17b6809296a3ab7cd66f6b5b6779266873b710ac6594f50df9847357a93d8804,587226,numericid-WORD,1,False
part_5/7353387120644954-GOD.mp4,part_5/7353387120644954-GOD.mp4,god,8342519b58c0f267f632242d0fa58f701a5d9c499dfa99f41ad1352945fc4585,512384,numericid-WORD,1,False
part_5/7355141712214706-NONSENSE.mp4,part_5/7355141712214706-NONSENSE.mp4,nonsense,89fb151820b0161de74553afc1b59016be1b3e6f24433b1823c9aa96b8e3533c,477383,numericid-WORD,1,False
part_5/7358908577194494-WORK OUT.mp4,part_5/7358908577194494-WORK OUT.mp4,workout,fe9f8eae9aee93bae6b92bfa4e05d30c6600eb430d36166a3c47244bcaa679d0,528042,numericid-WORD,1,False
part_5/7362015302631166-PHOTOGRAPHY.mp4,part_5/7362015302631166-PHOTOGRAPHY.mp4,photography,654397c6d00ac999c2a70f7de5a2985f94bbcc9a984e45c392686b2444ed6373,1361387,numericid-WORD,1,False
part_5/7362879567649985-BRAIDS.mp4,part_5/7362879567649985-BRAIDS.mp4,braids,9f61308c55ad0b9f1bdcdb3ef41e9af96f2ce216a871ea682d54812f79b1d824,616591,numericid-WORD,1,False
part_5/7378755525167331-LUCK.mp4,part_5/7378755525167331-LUCK.mp4,luck,5d7fb6703f5a297bb5247637d2d73045b5b0e9148948eda5975cbe0069e65d74,373517,numericid-WORD,1,False
part_5/7380062868964739-BUN.mp4,part_5/7380062868964739-BUN.mp4,bun,187ef2e7095b48efd13dc16d1ddc52b9ae9d68a986056fb74ac7f2a963c2ae19,1556650,numericid-WORD,1,False
part_5/7387972111302437-UNCLE.mp4,part_5/7387972111302437-UNCLE.mp4,uncle,b2e5a4e4bb70d1b45504550a593f200e4c0ba8130d10d27396ee6e8defc82a19,430060,numericid-WORD,1,False
part_5/7388043140555935-TWO MORE.mp4,part_5/7388043140555935-TWO MORE.mp4,twomore,ffee5cf6a41a319c3213049abb8683bbfdf096a461301f50d77f256e2d181969,574998,numericid-WORD,1,False
part_5/7388125968431167-SMALL.mp4,part_5/7388125968431167-SMALL.mp4,small,b76622a0210f989fc81001f08dcf1143eaa949ef8946299cd30c688e6479b28c,266226,numericid-WORD,1,False
part_5/7389847417168793-LONG WORD.mp4,part_5/7389847417168793-LONG WORD.mp4,longword,372be4ee0292996b431bb8af68aa81383f13fa85a38234024da87c219d7ba348,402864,numericid-WORD,1,False
part_5/7390966156473324-FIRE.mp4,part_5/7390966156473324-FIRE.mp4,fire,75c153bbda1c324a93aea765e8bfd8b5479547c60b92d9618a9f10d15b819d00,537049,numericid-WORD,1,False
part_5/7391350877622198-TWO.mp4,part_5/7391350877622198-TWO.mp4,two,4899da2328beba19f410bc6d36c47182bbbd7e7c3e70ae427fb4e0bd0713194a,272092,numericid-WORD,1,False
part_5/7393964002256637-MUSCLE.mp4,part_5/7393964002256637-MUSCLE.mp4,muscle,c49d3a6044e41730b166897ea075fdcafd44ce7b92f1b81cd231503c40993797,469679,numericid-WORD,1,False
part_5/7398048680821319-seedSTILL.mp4,part_5/7398048680821319-seedSTILL.mp4,still,7c1b9597f93b8f5f96732b598f93d93a9861e0edcd98f0b85b8a9826c70534e2,589789,numericid-WORD,1,False
part_5/739896592398043-seedSOPHOMORE.mp4,part_5/739896592398043-seedSOPHOMORE.mp4,sophomore,969ee912472760f00087aabf9c472d73505e5c98c2c73bc3b163ec1bc880615f,679387,numericid-WORD,1,False
part_5/7407541022614605-AMERICA.mp4,part_5/7407541022614605-AMERICA.mp4,america,ad721ed93af338a1f7492b0117dd467c2feed240b3f83ea29a1576a42438f9cd,493395,numericid-WORD,1,False
part_5/7409663262626625-EASTER.mp4,part_5/7409663262626625-EASTER.mp4,easter,a10eb1bf591bfb9ad511a47aae096e5e0883e96b38d94cc3cd647c0d45da2556,291811,numericid-WORD,1,False
part_5/7409774545540122-CARVE.mp4,part_5/7409774545540122-CARVE.mp4,carve,1c5b93ee5b7f343132c16cfa18dcb167aba1cefe62c532278f1efc737c1b5564,569086,numericid-WORD,1,False
part_5/7414236047407246-WISE.mp4,part_5/7414236047407246-WISE.mp4,wise,c572d29d59c26e54e61fe2d4f8335db0a7a8a7cc12630b69929b10b36aa3d258,380993,numericid-WORD,1,False
part_5/7414975897417961-ENOUGH.mp4,part_5/7414975897417961-ENOUGH.mp4,enough,cb434941ef9c55617f39bb5c69e10b76ab15e5ba0ebbbde4510ca6d318e18372,453943,numericid-WORD,1,False
part_5/7416766344210868-CHANNEL.mp4,part_5/7416766344210868-CHANNEL.mp4,channel,892cfcd2a6b1a2849229e13b1513a395d77d635b69fe15370d887955e20d401e,556136,numericid-WORD,1,False
part_5/7421243803581963-seedWATERDROP.mp4,part_5/7421243803581963-seedWATERDROP.mp4,waterdrop,42f2500503372a8fdcc84da980d7400c01ae1bfe99b255d6a31b2c4953f4f8d7,825503,numericid-WORD,1,False
part_5/7430076587467422-SMELL MONEY.mp4,part_5/7430076587467422-SMELL MONEY.mp4,smellmoney,b8b6a7469d156ea389e8e8fff653be815398aa83320aace7ebc8a6c68274034c,591809,numericid-WORD,1,False
part_5/7431397568277758-SCULPT.mp4,part_5/7431397568277758-SCULPT.mp4,sculpt,64ab189fdc94aef7021318f506fd756a12d30518442ea92c3ffbd80c583e5f14,474871,numericid-WORD,1,False
part_5/7432407220043384-THESE.mp4,part_5/7432407220043384-THESE.mp4,these,a8081420a5c41e5d6c764e3e258a2d53b5dc4b7c57b6c909d123e08eef92fa96,572506,numericid-WORD,1,False
part_5/7439666867089261-PERMISSION.mp4,part_5/7439666867089261-PERMISSION.mp4,permission,5dc7a0273b83d41b1fc816b1d2892ec62d8a2481424e93d68ee099ea1836a684,352283,numericid-WORD,1,False
part_5/7440067813913971-HIGH.mp4,part_5/7440067813913971-HIGH.mp4,high,7c4966cf0bbf402d6d4a3fbec027a0fc67806ba173bc4551ff407a6085c0fce3,271196,numericid-WORD,1,False
part_5/7444758043561372-MORNING.mp4,part_5/7444758043561372-MORNING.mp4,morning,e047bef6b3b5848f098de8e25453dc96f6577d9b9da7155f4acbf2d8858500d5,406754,numericid-WORD,1,False
part_5/7445170951807052-ISOLATED.mp4,part_5/7445170951807052-ISOLATED.mp4,isolated,0c9ae15269d40b168d8d409b62486463271549ecd193289bd66e6ef6e481ddd8,366106,numericid-WORD,1,False
part_5/7448790620079522-ROLL.mp4,part_5/7448790620079522-ROLL.mp4,roll,d040200218cc7fb5e692f59704476aacaa421e0e80411a246d824fe5bfaf9ccd,1062359,numericid-WORD,1,False
part_5/7449165483490445-OFFHAND.mp4,part_5/7449165483490445-OFFHAND.mp4,offhand,8b40d0ce044ad4588e04f2c6462e8e435449d4209856d2187ee94202d7e355ec,638068,numericid-WORD,1,False
part_5/7450392207540715-RESULT.mp4,part_5/7450392207540715-RESULT.mp4,result,3fb2174270e0a7d8a70a5443f45f3c9532489a72cf616132f4f824b897ce581a,622718,numericid-WORD,1,False
part_5/7453065880681551-UNIVERSE.mp4,part_5/7453065880681551-UNIVERSE.mp4,universe,2696dd11c558406d68b37450fc2c9c5330df2499e0373414d80752267715a735,619022,numericid-WORD,1,False
part_5/745639594525884-ITALY.mp4,part_5/745639594525884-ITALY.mp4,italy,fb53e47c035b982e24ed00f669dc910ce385d2ec5c56415b30293b5dac489dd9,743568,numericid-WORD,1,False
part_5/745675263174697-WASH HANDS.mp4,part_5/745675263174697-WASH HANDS.mp4,washhands,05f925f1ad9ba16dd3ca5d948b0c830d4a84e8939c5a5bba74a4a6105c748187,504464,numericid-WORD,1,False
part_5/7458355614439729-LOLLIPOP.mp4,part_5/7458355614439729-LOLLIPOP.mp4,lollipop,bd3c4b8b0bad70a18a3ffc9ae3bdb2429c8bb501ee1e137bb84682fd2a5f1007,374397,numericid-WORD,1,False
part_5/7458987336981033-DOLL.mp4,part_5/7458987336981033-DOLL.mp4,doll,e128c426b507db206834ef29cedc7249fe34f2dd65c1acba0a7eb0e8201d823c,513631,numericid-WORD,1,False
part_5/7459120796811722-EARRING.mp4,part_5/7459120796811722-EARRING.mp4,earring,3cf49b3b8fa9e320caf978b86550569c609bba863283fed96facea78a854ccf2,629445,numericid-WORD,1,False
part_5/7463563170502587-RECORDING.mp4,part_5/7463563170502587-RECORDING.mp4,recording,562053f8b03d097236204abd3a30fe4af1dd3225e941a9a38b77950542981a3d,546126,numericid-WORD,1,False
part_5/7471204195418937-BEST.mp4,part_5/7471204195418937-BEST.mp4,best,abc179895776c3ec278b11f359bd887f147418d89b85b1b3fa0650147177a797,983120,numericid-WORD,1,False
part_5/7472272328376817-HOE.mp4,part_5/7472272328376817-HOE.mp4,hoe,72a7226740b9829aca472b527ed0c9885ec8c308ee0d1486939a70ce569624b3,569835,numericid-WORD,1,False
part_5/7478878982813382-MONTH.mp4,part_5/7478878982813382-MONTH.mp4,month,6c799a7888c3e7790ad222774af5091fe00c67d645cd60aee750fedc5228f680,429055,numericid-WORD,1,False
part_5/7479859486433018-RESPECT.mp4,part_5/7479859486433018-RESPECT.mp4,respect,0db4c26ee2840e2cf515f2e822d27b678fa5664864de9df3ac715a485e8e17bb,464189,numericid-WORD,1,False
part_5/7482790508587511-GIVE UP.mp4,part_5/7482790508587511-GIVE UP.mp4,giveup,fcecb02991f961dcecd9119419bb28dcc14770b4caa372df473416d5bd720342,984638,numericid-WORD,1,False
part_5/7486439188211713-LAW.mp4,part_5/7486439188211713-LAW.mp4,law,cf14fb17b4f2a5888079481244b761a36209db258c495c478cd4e70d72600221,484643,numericid-WORD,1,False
part_5/7489397758558725-CHIN 2.mp4,part_5/7489397758558725-CHIN 2.mp4,chin,b72de248707be5f2e47da7ea89d3ee73d0540f34663c859ac528a2dbde169a2e,508115,numericid-WORD,1,False
part_5/7490928078300687-FRONT.mp4,part_5/7490928078300687-FRONT.mp4,front,90ff277c6d1febfa273162797c8d074f1f1ca09acf0078399b5156a7f3f4f631,525563,numericid-WORD,1,False
part_5/7491483830245602-PRESIDENT.mp4,part_5/7491483830245602-PRESIDENT.mp4,president,614e010069a04d7aaf3f03492d4468a8f1914da2d22e7ffd299d04befec0870c,332822,numericid-WORD,1,False
part_5/7492155827826377-CAPE.mp4,part_5/7492155827826377-CAPE.mp4,cape,0f7948cbef61ed931e95f64e75eff41f8db106c620c375c145856c99833003b7,874975,numericid-WORD,1,False
part_5/750381853974804-HEARING AID.mp4,part_5/750381853974804-HEARING AID.mp4,hearingaid,f77a77a10e483a44006fb268b3cb27bb90aaea510124df68cb04dce2f1df907f,413163,numericid-WORD,1,False
part_5/7512417128553919-CANADA.mp4,part_5/7512417128553919-CANADA.mp4,canada,364232450d52f853541398607db9d65a98a9ef68015e048da435f6b11dcab758,893555,numericid-WORD,1,False
part_5/7523461039906467-WORD.mp4,part_5/7523461039906467-WORD.mp4,word,b168e30ab555b018bf577bb20f8d3b9c8be76583ee23a5f192357561bf6804cb,440646,numericid-WORD,1,False
part_5/7527029229359257-STARBUCKS.mp4,part_5/7527029229359257-STARBUCKS.mp4,starbucks,b6994e4102e5b97f703e14fb48295a3a7a359e847126fba8e5fec96344a73400,575678,numericid-WORD,1,False
part_5/7540291860771398-LANGUAGE.mp4,part_5/7540291860771398-LANGUAGE.mp4,language,6e3d2c4c49d9020987e5dce5861015069d440feb17613e188cc11e0dff38b714,539376,numericid-WORD,1,False
part_5/7544706755856794-PLAYGROUND.mp4,part_5/7544706755856794-PLAYGROUND.mp4,playground,9d3c35f0cfd5cb144292eb2ad42db88f351446bca6612606658c566c23885117,922939,numericid-WORD,1,False
part_5/7547178557316228-COUNSELOR.mp4,part_5/7547178557316228-COUNSELOR.mp4,counselor,a66dd40b98f48d9ec8594ba2eb7fdfef2a931a45191cf7b0f694ad22c2425533,554970,numericid-WORD,1,False
part_5/7550572181460327-ZOOM OFF.mp4,part_5/7550572181460327-ZOOM OFF.mp4,zoomoff,55b6851e0e3614ed7dbc74ecf3489e2d8fb1b7b1e0d785740cd8028d8c41044d,444325,numericid-WORD,1,False
part_5/7553294238415724-POPE.mp4,part_5/7553294238415724-POPE.mp4,pope,2086e2c14e88c6ec922a479f564826bec792f4a11d2592c81872eacc106ced91,1099490,numericid-WORD,1,False
part_5/7553779633092266-HERE.mp4,part_5/7553779633092266-HERE.mp4,here,ad697d044afa2a33aa1cf2d534988deab514633bc91101005ab8282e1f63b604,646308,numericid-WORD,1,False
part_5/7561801326116206-CAREFUL.mp4,part_5/7561801326116206-CAREFUL.mp4,careful,1b724d4364e0d805c55dd39a965004c9a66511581c352d6ba0bb21628c66c31a,1030746,numericid-WORD,1,False
part_5/7563947192059512-seedMACHINE.mp4,part_5/7563947192059512-seedMACHINE.mp4,machine,6c36414f7d0c6de51d4f062d66f1575358fc7c2e9dc9b1723a808e818440569d,1040543,numericid-WORD,1,False
part_5/7564072772343171-ISOLATED.mp4,part_5/7564072772343171-ISOLATED.mp4,isolated,d6672f7955d1f57273f991956e7b588554acffd9d267bbe89185a0eaa8f5e101,730891,numericid-WORD,1,False
part_5/7581636047431053-FEW.mp4,part_5/7581636047431053-FEW.mp4,few,46717b4bc8ceaac84a407bcaccbeccd08d73303e0cb4f2bb19352ae06a757d84,761181,numericid-WORD,1,False
part_5/7582575156980083-FOX.mp4,part_5/7582575156980083-FOX.mp4,fox,40ef5f78bcfff5cff1d282d61aead40f1488ed1f5608bb668e66325e9b67d401,391632,numericid-WORD,1,False
part_5/7584460413589513-SET UP.mp4,part_5/7584460413589513-SET UP.mp4,setup,da83bdb4e0fb49d55a4a18e2bf9a8ace665d80b2a41ae376971b27f50386a5a4,583085,numericid-WORD,1,False
part_5/7588425489738773-CLICK.mp4,part_5/7588425489738773-CLICK.mp4,click,6b78b0541a81997177a0038ef136427fec6f0a5dd2ba404d497dcd62d8cee591,403838,numericid-WORD,1,False
part_5/7588767223084245-HURRY.mp4,part_5/7588767223084245-HURRY.mp4,hurry,5561ecaea27a1b0f0c8b5eb4447fe230305e39fac63cedb3c78d571f00c80578,458841,numericid-WORD,1,False
part_5/7590810442864921-HEAVY.mp4,part_5/7590810442864921-HEAVY.mp4,heavy,48c1bec3ef902875fae8fa65124341ac283ce79c83b5d8f9973fe1e1b46305bd,484333,numericid-WORD,1,False
part_5/7592899366330832-EVERY NIGHT.mp4,part_5/7592899366330832-EVERY NIGHT.mp4,everynight,b4c33d304e08f260abd650769c24c239f37d83829fb03d9c70368a6e9745c8ce,537468,numericid-WORD,1,False
part_5/7594303316212625-CHILD.mp4,part_5/7594303316212625-CHILD.mp4,child,7f03c81848fe83e83503f1521abe49c34e03cf07faa57e9efb94b98daf183163,357477,numericid-WORD,1,False
part_5/7603542118991584-CALIFORNIA.mp4,part_5/7603542118991584-CALIFORNIA.mp4,california,c5b6a3e856d4ca8b14c8689782f3d5d6f05b0144ba72acd53c96ecdd2e43dc6d,329847,numericid-WORD,1,False
part_5/7605506405338134-WAITER.mp4,part_5/7605506405338134-WAITER.mp4,waiter,249e2e1251e92b0d69d2962302d3e7f39f607cbe11ee8e48ee042bed6b33cfa6,510814,numericid-WORD,1,False
part_5/7613696736100914-HELLO.mp4,part_5/7613696736100914-HELLO.mp4,hello,8fd04d5154e4fad1701977b54b1433d4611ed5a92613b858207ab8e33ee87a1c,534129,numericid-WORD,1,False
part_5/7615310870981122-TRACTOR.mp4,part_5/7615310870981122-TRACTOR.mp4,tractor,0011107afd0ddf6f2d21acbcf723a7665576741626fd35d1f41c788b491db71a,316705,numericid-WORD,1,False
part_5/761622248999501-CAROUSEL.mp4,part_5/761622248999501-CAROUSEL.mp4,carousel,c007a4e218b9abfcdc58c3aeb002a4307e795f8271d2b12d666c9a4740835d96,649608,numericid-WORD,1,False
part_5/7622043647524928-PANCAKE.mp4,part_5/7622043647524928-PANCAKE.mp4,pancake,8273687ad16d943f9c78124c98108273e2e54dc405df8a7f7982ba6146741a86,629501,numericid-WORD,1,False
part_5/7629087348006736-BATTERY.mp4,part_5/7629087348006736-BATTERY.mp4,battery,6f878d10324200b85ac235e5cc75d335851380cb822027088a283e3765af00b7,423205,numericid-WORD,1,False
part_5/7634160961141707-COME.mp4,part_5/7634160961141707-COME.mp4,come,5563d23ff7a2dce722f048b3db1b90c970ce2cdc1524bc3fb57d8533cfa6a6a1,121657,numericid-WORD,1,False
part_5/763498941361828-ALL WAY.mp4,part_5/763498941361828-ALL WAY.mp4,allway,91eab097a97555213a118829539424acad4cf39056a01969b4e32f4ab019f1a2,435762,numericid-WORD,1,False
part_5/7638272252110807-FORMER.mp4,part_5/7638272252110807-FORMER.mp4,former,d306e4e9bf5d2c75b954f87ab8b3bb2c7f459989a300d79731acc51b8502e3e7,368309,numericid-WORD,1,False
part_5/7638446466856583-CLUELESS.mp4,part_5/7638446466856583-CLUELESS.mp4,clueless,13d99f4c79573bbf1d3314d8a9b071b7d5057e006110dab7060ce8395abfd51b,1095624,numericid-WORD,1,False
part_5/763990382031744-SELF.mp4,part_5/763990382031744-SELF.mp4,self,6e468a309bae11f9cdef6f3f1d66620d4e44992cf7ea55489e282426d61ab17e,530241,numericid-WORD,1,False
part_5/7642293204520254-BOILING MAD.mp4,part_5/7642293204520254-BOILING MAD.mp4,boilingmad,b93fbf9886d7e1b59ae841c717a092cf2b1dd4b83accbf5dfd5ed3d7e5e58f3b,1224333,numericid-WORD,1,False
part_5/7649422761687801-BITCH.mp4,part_5/7649422761687801-BITCH.mp4,bitch,14984a329c503f5331a227e6ae34e91d48e5282872b429147322913bfb1e3b16,367890,numericid-WORD,1,False
part_5/7650015175499278-KITCHEN.mp4,part_5/7650015175499278-KITCHEN.mp4,kitchen,183d14609cc5fdda3bde879c23f474d003cce971dd01245b16dc4c6d7c9fcade,267464,numericid-WORD,1,False
part_5/7651310665861342-BREAK.mp4,part_5/7651310665861342-BREAK.mp4,break,cddaef1bffc017b613149d17d519a8f29fe9bb6dd31b3588caf1d705e063aca6,409400,numericid-WORD,1,False
part_5/7662283228623028-INTERNET.mp4,part_5/7662283228623028-INTERNET.mp4,internet,977942c288d7afdd13684d2e07d4c0691f2bea14cf216698da728d5706b6b3c3,572124,numericid-WORD,1,False
part_5/7665344568774906-STRONG.mp4,part_5/7665344568774906-STRONG.mp4,strong,9c8d01fbe1b6a76ab7569a36330242c850e977408776723d9306b7b8ecad47ef,393741,numericid-WORD,1,False
part_5/7673357080101844-THINK CONNECT.mp4,part_5/7673357080101844-THINK CONNECT.mp4,thinkconnect,a0a3a2dcb9a9ff43c824339e482b5435550306486a47230ea64e2882da4edb55,692196,numericid-WORD,1,False
part_5/768074718134518-CONFIDENTIAL.mp4,part_5/768074718134518-CONFIDENTIAL.mp4,confidential,83c2df060aaffe114d8bdd0d4ae796fe87030166309fa78e004f69bc3ffeb6d2,582527,numericid-WORD,1,False
part_5/768134805612114-HEAD GRIND.mp4,part_5/768134805612114-HEAD GRIND.mp4,headgrind,fb0e6d388f8894ce6ab4fb20ca1e4128ebd3f6d860a7d3a003826e7e857136a6,897466,numericid-WORD,1,False
part_5/7687587074918798-EXAMPLE.mp4,part_5/7687587074918798-EXAMPLE.mp4,example,a09d8f7687aaedf593f6707fc16178807563ee2f49ae33791e44503f4a0c03cc,377416,numericid-WORD,1,False
part_5/7689272619693217-PROPELLER 1.mp4,part_5/7689272619693217-PROPELLER 1.mp4,propeller,1beb3526f580e641abed9b3ea1031722929b3dd0cdb08197d58d3405b1b6c0d3,610040,numericid-WORD,1,False
part_5/7689789349084961-FREEDOM.mp4,part_5/7689789349084961-FREEDOM.mp4,freedom,19f964e329a27c100a3045c413d6551a78a3f54074936c0d5d2b1dfe2c5a7b39,352125,numericid-WORD,1,False
part_5/7697724236967516-PENNY.mp4,part_5/7697724236967516-PENNY.mp4,penny,898750f970e0424af03bdf00c79e357e63c57c85a7ea7acb110530e81bb5f085,265810,numericid-WORD,1,False
part_5/7698583145088012-TURN KEY.mp4,part_5/7698583145088012-TURN KEY.mp4,turnkey,9e8f2e80db1ef60efd26e5bdba420904d2b3fb1c4955e4339b7669f1f415a836,562950,numericid-WORD,1,False
part_5/7708415466243606-BIB.mp4,part_5/7708415466243606-BIB.mp4,bib,5b4aad7aba4e3b1dac346b28319e72f70c47d4d8a7a1c3c81861702caecaca89,728549,numericid-WORD,1,False
part_5/7709413638313658-PEACE.mp4,part_5/7709413638313658-PEACE.mp4,peace,dea23c064087f1b0275f150d20e456f0e832baf81593ab80ff375da50c043e5e,483302,numericid-WORD,1,False
part_5/7710478852038607-LIPREAD.mp4,part_5/7710478852038607-LIPREAD.mp4,lipread,82c92b1c9e684b81eae1d61105b5cb32623d945d1bf6013ad93b5fdd809eece7,1324888,numericid-WORD,1,False
part_5/771263431622891-INTERVENE.mp4,part_5/771263431622891-INTERVENE.mp4,intervene,a1ba703d5710725bb730ded5f9f27dc09a659ec53bac5a384d5dab603c23756b,708960,numericid-WORD,1,False
part_5/7714794969926679-BOUNCE.mp4,part_5/7714794969926679-BOUNCE.mp4,bounce,9c265eab647ebc597bcf2ebfe8e6cd1d916ba9eca075701bc342386757feb2ef,447552,numericid-WORD,1,False
part_5/7719463054713409-BACON.mp4,part_5/7719463054713409-BACON.mp4,bacon,2c7ba967f2aae2296b514f6af58c899636b16313a7693ff51662470c320a7828,753143,numericid-WORD,1,False
part_5/7723586035505543-seedANNOUNCE.mp4,part_5/7723586035505543-seedANNOUNCE.mp4,announce,fc8a30a3faf7c3c74eac1fffbe23ee82e01f0965fa4295387a231d22efd3eafe,1052045,numericid-WORD,1,False
part_5/7727005527667479-SOCIALIZE.mp4,part_5/7727005527667479-SOCIALIZE.mp4,socialize,a08a81494134382e66bd16ede2e59e6f11c5a284832117b0d95a30cdeb126c0a,502011,numericid-WORD,1,False
part_5/772760678275781-WAND.mp4,part_5/772760678275781-WAND.mp4,wand,052c8c316a9a172fe53415fc49e8290145a78f3b63d63c479d5fe4fbc2e8e580,512396,numericid-WORD,1,False
part_5/7731471390779165-HUMMINGBIRD.mp4,part_5/7731471390779165-HUMMINGBIRD.mp4,hummingbird,ff365f113f6ae243efd893642b0a4ba56f4c56508144abe1787d9de91afecf00,963520,numericid-WORD,1,False
part_5/7735255588945722-OOH.mp4,part_5/7735255588945722-OOH.mp4,ooh,379c7a95df75795f5036f4376b3f833007080cddf1ac45ae6f0e8720e4269617,1083044,numericid-WORD,1,False
part_5/7736054014473708-BEARD.mp4,part_5/7736054014473708-BEARD.mp4,beard,b7a3c9cb18092221640e2b69142811297d854d7fdf4d675797e1fae879a9255b,428314,numericid-WORD,1,False
part_5/7740108257847211-PRIDE.mp4,part_5/7740108257847211-PRIDE.mp4,pride,a3bff34b44b03044f0ae3a5bdef9f3e8d9e0c2abc16a864a8714a5b39acd20dc,446948,numericid-WORD,1,False
part_5/7744756142346709-CLOTHES.mp4,part_5/7744756142346709-CLOTHES.mp4,clothes,8df830cc99649fcdc8d067f7b284df5d43cc30220384f1d5639496ed03e366c6,399871,numericid-WORD,1,False
part_5/7745857790794899-DEFEAT.mp4,part_5/7745857790794899-DEFEAT.mp4,defeat,041647d64a9d4b5d8785756d3b383f1ee0b65733bad81bd951719837f31fb198,413071,numericid-WORD,1,False
part_5/7748741818745393-WHATEVER.mp4,part_5/7748741818745393-WHATEVER.mp4,whatever,d26ab84ee8333d64a8216992e665b99fc2739d22405e74c0129e6aeb602c2914,734146,numericid-WORD,1,False
part_5/7754911280572665-DRIBBLE.mp4,part_5/7754911280572665-DRIBBLE.mp4,dribble,68b9b879db4657db00d0edceb299fd5a170136d319bb8517984662ce66404a08,362536,numericid-WORD,1,False
part_5/7757384717963021-SOCKS.mp4,part_5/7757384717963021-SOCKS.mp4,socks,bf85bdbd73c8ef95581d00f78aa4b09cc09e59e8cb9bf43de35b263c180ea8e6,468000,numericid-WORD,1,False
part_5/775934637445302-LESS.mp4,part_5/775934637445302-LESS.mp4,less,680bd1b8f39ad048a3cf765b861a7040ceec2df8b9137589e66d0238639466f3,544425,numericid-WORD,1,False
part_5/7761426176662873-INTENTIONAL.mp4,part_5/7761426176662873-INTENTIONAL.mp4,intentional,0132fa67536bdac5f9c3bf33cf17670aa0e3d772b038e7911dd4e40441c6b7af,1161698,numericid-WORD,1,False
part_5/7761860667786462-KEEP.mp4,part_5/7761860667786462-KEEP.mp4,keep,a478286782ce7431a35ce41f5cc2deec58c890c45b52b55a0cfe016aa6036748,559464,numericid-WORD,1,False
part_5/7764626910348973-ADDICT.mp4,part_5/7764626910348973-ADDICT.mp4,addict,9346094a3f99fe21e7fe9c4f514afb69d632d0f94b010e9d5479b577e2ca9a3c,373066,numericid-WORD,1,False
part_5/7768118547167553-MENTION.mp4,part_5/7768118547167553-MENTION.mp4,mention,7d4eebd786aa052d0df67c65ae25a5dad50fb97461f4921762cdbbf666003554,1212191,numericid-WORD,1,False
part_5/7772718521290904-CRAZY.mp4,part_5/7772718521290904-CRAZY.mp4,crazy,00da1b6b8a252477f762e67c8ffbc22fcdcbd117abc5e76b3a036daeb778f77f,645744,numericid-WORD,1,False
part_5/7779185868411755-TICKET.mp4,part_5/7779185868411755-TICKET.mp4,ticket,60f01259465028a5b76e316bc8a65ce2401545aa7a395d3e068b798f9a46a44e,675173,numericid-WORD,1,False
part_5/7779556414604709-STIMULATE.mp4,part_5/7779556414604709-STIMULATE.mp4,stimulate,1c8f182f884c1b31fa4ed4b7abbb5304ee7f7bd26bd0c54a2d0b1bc1f912ff45,644725,numericid-WORD,1,False
part_5/7785134573856558-UNCERTAIN.mp4,part_5/7785134573856558-UNCERTAIN.mp4,uncertain,a4c2e208e580be80aaa0da599187e4b02ae73c97ca29b6bdb66e30eb2eb58243,573254,numericid-WORD,1,False
part_5/7786100367371376-BOWTIE.mp4,part_5/7786100367371376-BOWTIE.mp4,bowtie,74ac373dbe3ba65f6edb3e3ab1d579bc846c0e90abb1cb649b8d24d13b983b3d,612028,numericid-WORD,1,False
part_5/778726103802567-SMELL MONEY.mp4,part_5/778726103802567-SMELL MONEY.mp4,smellmoney,5b4984c18aeaee5a7e82fbf0b3128e1789e18474ae4df9711f1be4eae5350ace,535172,numericid-WORD,1,False
part_5/7788272014565771-BACKYARD.mp4,part_5/7788272014565771-BACKYARD.mp4,backyard,d36bd5c8ab057994ddd2cf3eeec9ce23214de508293af75fca0c34662879357f,671226,numericid-WORD,1,False
part_5/7791558174544222-SHOOTING.mp4,part_5/7791558174544222-SHOOTING.mp4,shooting,a7902eedd1e41400e589509e17655c6416c8e8a9a16a2216378f3cd760bc88c3,311428,numericid-WORD,1,False
part_5/7794220901854785-UDDER.mp4,part_5/7794220901854785-UDDER.mp4,udder,b16586baa288e768224f06060613f06e27a52d43d119df2ee2c473677d6593ba,941669,numericid-WORD,1,False
part_5/7798893370763214-ESCAPE.mp4,part_5/7798893370763214-ESCAPE.mp4,escape,643b40b0d5e9b25f44d75a76c7becd967bfd30361eb146b4baadd0264514dd6d,1016110,numericid-WORD,1,False
part_5/7807725765829832-BLOOD.mp4,part_5/7807725765829832-BLOOD.mp4,blood,7b131ca8d6f0f81ac1d016836c6dbb4f31c3f0930ba4a03f8206bddc5474d239,399846,numericid-WORD,1,False
part_5/7811975350293594-SEQUENCE.mp4,part_5/7811975350293594-SEQUENCE.mp4,sequence,d1208b463bd76d0a8b03de0bdb3f0922c05c656bce1c90061465c7a33b74a800,582893,numericid-WORD,1,False
part_5/7813798378617343-BINOCULARS.mp4,part_5/7813798378617343-BINOCULARS.mp4,binoculars,41b45ed2bd93ff051f4168cb4cce5f59febf06e9419ded9e2d3afd1733e233dd,831410,numericid-WORD,1,False
part_5/7815792220536741-SEE SEE.mp4,part_5/7815792220536741-SEE SEE.mp4,seesee,a10464214f03ed5ceb526d4110eacca620e159a8254806e3964583e61a246c5a,431264,numericid-WORD,1,False
part_5/7825531227659273-BASEMENT.mp4,part_5/7825531227659273-BASEMENT.mp4,basement,a22a608d9db47aed7a47ccdc4db1e8e75096ed641335afa789497a0da566de04,579696,numericid-WORD,1,False
part_5/782893538691495-ADD.mp4,part_5/782893538691495-ADD.mp4,add,d00887e65e12367c550b98fb08ee5a29bdf56aa374cef8bac4581785bb5742df,440348,numericid-WORD,1,False
part_5/783486619539832-SCOOP.mp4,part_5/783486619539832-SCOOP.mp4,scoop,0646690cc540c2b4f20058b11ba613dafeb04d9e34869cf8d86c7e744c6299c9,811310,numericid-WORD,1,False
part_5/7837484396084797-DEAF SCHOOL.mp4,part_5/7837484396084797-DEAF SCHOOL.mp4,deafschool,3fe83ee9f65e18a2c20228249956a51e08121d4ba338eb4056932f3d6f12dcaf,508236,numericid-WORD,1,False
part_5/7845501993740875-SWEATPANTS.mp4,part_5/7845501993740875-SWEATPANTS.mp4,sweatpants,c30a4297f867c3a9474457de060682bae80ce4511fcbcbfb2b8b097630cf7450,1043414,numericid-WORD,1,False
part_5/7850894061058351-ROOMMATE.mp4,part_5/7850894061058351-ROOMMATE.mp4,roommate,02fd040c11c32ec8e9d308ac2db12e10ba34943f58c559a3e2d415868e07d075,533690,numericid-WORD,1,False
part_5/785703399180971-BRICK.mp4,part_5/785703399180971-BRICK.mp4,brick,dd5add54ad1e0b783f21ae52adeeb9f7c77f76d5cb3889687abf1942d912c3db,752070,numericid-WORD,1,False
part_5/7863709260122529-VISION.mp4,part_5/7863709260122529-VISION.mp4,vision,9f0ad0839c5bb4414df67f53eac47964d9029fd92868aee644883b24669da439,559394,numericid-WORD,1,False
part_5/786634973152029-STAIRS.mp4,part_5/786634973152029-STAIRS.mp4,stairs,3563a9eb4951cd0f5c310a9f566eda9391336cb9a32f0147c7c95eb053b30e8d,564928,numericid-WORD,1,False
part_5/7868496581211555-BOOK.mp4,part_5/7868496581211555-BOOK.mp4,book,fbec4d266738027c4b908a0bb5353d152361993f724aa75dc106ca736aba7363,359921,numericid-WORD,1,False
part_5/7871589392560625-PROMISE.mp4,part_5/7871589392560625-PROMISE.mp4,promise,5ddb99a25e0f666b9f5b4512454f81517d2cd9ef0c19604f598e926a96021219,493784,numericid-WORD,1,False
part_5/7882046931519788-FINALLY.mp4,part_5/7882046931519788-FINALLY.mp4,finally,5099d3170a3e65dd06fa641326f0798de48258a5fc8f557633f1a9b9def37fbf,1587741,numericid-WORD,1,False
part_5/7882668493607337-DISPATCH.mp4,part_5/7882668493607337-DISPATCH.mp4,dispatch,b20dc477137a8e067e5d5d1001616693684171d88fd5e4e82c41e3a06f5d7e3c,596986,numericid-WORD,1,False
part_5/7890951943609676-BUG.mp4,part_5/7890951943609676-BUG.mp4,bug,4e91c092d3a902b15bb78d2f589a19fbd360587acea86d62ed095d815a7cc352,321616,numericid-WORD,1,False
part_5/7891619936847691-PRINCIPAL.mp4,part_5/7891619936847691-PRINCIPAL.mp4,principal,edefca3b8004cb79aba43de01580c55e7fdbac6e88073c0b14a33fb598f4b8d9,496020,numericid-WORD,1,False
part_5/7891741905381562-TURBAN.mp4,part_5/7891741905381562-TURBAN.mp4,turban,83625a31fdec2e7efaf9b43110313e8a246f1554d92e839cd6099050dcaee88e,773951,numericid-WORD,1,False
part_5/7892864031885056-BRAILLE.mp4,part_5/7892864031885056-BRAILLE.mp4,braille,4218f6e9bb67990386f008690d6e5324297984ad15008bc03984b41bb444bff4,548003,numericid-WORD,1,False
part_5/7896521856740983-SOCKS.mp4,part_5/7896521856740983-SOCKS.mp4,socks,16e8ff6e343fe8da707c83a5f9dafe8222806109637800caa3e56100b174baee,543433,numericid-WORD,1,False
part_5/7898922199956833-BEAR.mp4,part_5/7898922199956833-BEAR.mp4,bear,16e4321f6dfe0997286acf9b9e3ff2aa60cdc9fe20b7082424087668c208b12a,676175,numericid-WORD,1,False
part_5/7903045631495873-WIND.mp4,part_5/7903045631495873-WIND.mp4,wind,a0ef94d62b31fee6e83b9debcd2cce51108f8f46c592f8c2107b9cd2f008c8f5,492329,numericid-WORD,1,False
part_5/7903893233633115-UNDERSTAND.mp4,part_5/7903893233633115-UNDERSTAND.mp4,understand,0aa92ea8545c6fffe6a9295632032206745da324428c75b2821cd4a4270a4b7f,810178,numericid-WORD,1,False
part_5/7904005136959702-SPONTANEOUS.mp4,part_5/7904005136959702-SPONTANEOUS.mp4,spontaneous,5164c9c666fefc1777f2b26501b6fad934ebdb268a237d0502ccba145e7172fa,383898,numericid-WORD,1,False
part_5/7908307098233258-PHILOSOPHY.mp4,part_5/7908307098233258-PHILOSOPHY.mp4,philosophy,e87c894f1752f454dd08ef943107bdb32ee758706883f2fa3a286fe2605b9152,819690,numericid-WORD,1,False
part_5/7914888284581945-HOLY.mp4,part_5/7914888284581945-HOLY.mp4,holy,7eae86bb26530a356838b379ce8e7080100ecd57f13fbb4a3384b088633a8d06,612393,numericid-WORD,1,False
part_5/7917764178879947-FUTURE.mp4,part_5/7917764178879947-FUTURE.mp4,future,cc72d1c02b494c57342cd1d49fd6f216ac6eaca07c331057036e065990a111c8,560505,numericid-WORD,1,False
part_5/7921459983875652-BLEED.mp4,part_5/7921459983875652-BLEED.mp4,bleed,34545f408297e600d455b96acc2898d65a3521321381b76f106f35eb8a242c18,900977,numericid-WORD,1,False
part_5/7924736335453846-YOU.mp4,part_5/7924736335453846-YOU.mp4,you,1e5898f61cdb958a48d412a2f489e2be163225dc69f72e91c2dba449ca77ce13,739420,numericid-WORD,1,False
part_5/7925221797991369-A LITTLE BIT.mp4,part_5/7925221797991369-A LITTLE BIT.mp4,alittlebit,01ec66f58e7da2aa97aeea4953c430291e8c62f72d6591cac3600475be56ed3e,579033,numericid-WORD,1,False
part_5/7927031689417372-CHIMNEY.mp4,part_5/7927031689417372-CHIMNEY.mp4,chimney,3df85492a4f01c71e8d9393c86540e122170cc1bf0aa2e822ee07f08d83a5ba2,508194,numericid-WORD,1,False
part_5/7937864760203208-MUSHROOM.mp4,part_5/7937864760203208-MUSHROOM.mp4,mushroom,d8509767f6af7f07a8796eec7599cdc18df04b888a4f1649dfdc571183334c3b,258602,numericid-WORD,1,False
part_5/7944051533441829-TAKE NOTES.mp4,part_5/7944051533441829-TAKE NOTES.mp4,takenotes,b4879f8214e5ae209e0216a48330479af5b4ceb013af059a7180e34d6cee3a02,526312,numericid-WORD,1,False
part_5/7952936346877606-SURF.mp4,part_5/7952936346877606-SURF.mp4,surf,7aec36289d31a8af2e3f32417fbbdd078f4dbbf7c543cccbe3a2f13a0002055b,372046,numericid-WORD,1,False
part_5/7954619989999274-VALIDATE.mp4,part_5/7954619989999274-VALIDATE.mp4,validate,194f061ab38393401905e585f9d1f34dba1b523f2b29fc126f3a0e3eaa29d18a,367011,numericid-WORD,1,False
part_5/7959297646314938-STEAM.mp4,part_5/7959297646314938-STEAM.mp4,steam,e0dc000a1d9aee115501d3bd8e712c39b7d6c1e2803c7bb5c4521f474cca224d,838025,numericid-WORD,1,False
part_5/7964077639125973-WILL GO.mp4,part_5/7964077639125973-WILL GO.mp4,willgo,ed79b524ad6e6691b81fc5d3f70f4984c14e962fb122e2e7dc4fd926e7129d50,197674,numericid-WORD,1,False
part_5/7964108813774637-HOPE.mp4,part_5/7964108813774637-HOPE.mp4,hope,a7ad535ce86dd7e458c029609a096ac806119d6c156ebdb2852b24a4a24262b3,1138500,numericid-WORD,1,False
part_5/7966919382563009-NEGATIVE.mp4,part_5/7966919382563009-NEGATIVE.mp4,negative,736ed86ca401bf36c72da917dc21464c04169d71049b3e6f9c66750e6d2ba4f5,728053,numericid-WORD,1,False
part_5/7968285166549758-SPEAKERS.mp4,part_5/7968285166549758-SPEAKERS.mp4,speakers,e92f7defabc66dfd9d7c9c1405b2a77ca35f689cad00b8795e8fc510c567b127,705565,numericid-WORD,1,False
part_5/7969650056912201-WINTER.mp4,part_5/7969650056912201-WINTER.mp4,winter,906a2f43c7f5dd1757a5bceee099f58c3f094fe8cc9fc22a0b594b7ab8bb6dc2,380604,numericid-WORD,1,False
part_5/7970610398604256-OPEN.mp4,part_5/7970610398604256-OPEN.mp4,open,049d465d1e1f10503c8cd3b62cefe6498cac40e5252d9bc4384f582f5758b947,460367,numericid-WORD,1,False
part_5/797112690704878-FRECKLES.mp4,part_5/797112690704878-FRECKLES.mp4,freckles,d0e2d523b6f8db1348a046d634ff33f9c9a224bd8c4d38c3724177c6f0ce59b1,573587,numericid-WORD,1,False
part_5/7974012481346346-BUILDING.mp4,part_5/7974012481346346-BUILDING.mp4,building,260760791407c78383fcac28e4060cebaaacdcef2249f65531bead86b513cdb0,500149,numericid-WORD,1,False
part_5/7977634970502872-DONT FEEL_LIKE.mp4,part_5/7977634970502872-DONT FEEL_LIKE.mp4,dontfeellike,93a913aa127880b1750c19d44e0436e9b7d42e7b2e058853c8b6128fbeb26568,676092,numericid-WORD,1,False
part_5/7982624362084811-FROM.mp4,part_5/7982624362084811-FROM.mp4,from,3d47b59d0143cf114aca8948820e99bae3add604c69899a0d9a864239262d39e,340472,numericid-WORD,1,False
part_5/7982676856318318-STUDENT.mp4,part_5/7982676856318318-STUDENT.mp4,student,cb0c570aab8ad44e5b2aecacaaed9246b7b91cc1e256e23c5f40fc6306aa8a01,482850,numericid-WORD,1,False
part_5/7996297339802731-MAGIC.mp4,part_5/7996297339802731-MAGIC.mp4,magic,e2d2f97889a6688411a65452e5c6a088d82d2c4b7b647150e5b0e7f92738e045,552201,numericid-WORD,1,False
part_5/8002818498054054-INTERESTED.mp4,part_5/8002818498054054-INTERESTED.mp4,interested,594416b9b92f279141ba2ac233969a5aff3a0c9dd653974c59db011f9cd08c72,566576,numericid-WORD,1,False
part_5/8005924976053496-SCAN.mp4,part_5/8005924976053496-SCAN.mp4,scan,967d2ba5e33e2ce565f1efaf336877190e54060baae3ee211671a47380665744,773802,numericid-WORD,1,False
part_5/8007270485753197-ITCH.mp4,part_5/8007270485753197-ITCH.mp4,itch,cac78acaee3f89ad3ba3318156b9d644561ab002c727805ba3933f084dc751ab,928382,numericid-WORD,1,False
part_5/8007639597218466-CELERY.mp4,part_5/8007639597218466-CELERY.mp4,celery,651fd34aa53da1955efff6c69ba4bf99600fa16a950a2680b5799b51f4f4bfb3,845692,numericid-WORD,1,False
part_5/8009848891932896-INTUITIVE.mp4,part_5/8009848891932896-INTUITIVE.mp4,intuitive,6558dab57e600483b0008a94e61734864be6e74c6e0678c8c23c060d05f32675,819268,numericid-WORD,1,False
part_5/8010326230741247-EIGHT.mp4,part_5/8010326230741247-EIGHT.mp4,eight,aab5bf3c9998895280674c5d911861cbddcca30170b4fd6070aaa1d2af9da1fb,468626,numericid-WORD,1,False
part_5/8019382322404995-NAIL.mp4,part_5/8019382322404995-NAIL.mp4,nail,2c2037fa032848304ed5dbe78a3e221312061b7b396271adb22269bcf32e139b,820252,numericid-WORD,1,False
part_5/8022209797799162-NEED.mp4,part_5/8022209797799162-NEED.mp4,need,54586df5e18eff2b060feeeec1a3277872cc9723298c86a6510c371ee5866722,448403,numericid-WORD,1,False
part_5/8032180358658938-LUNGS.mp4,part_5/8032180358658938-LUNGS.mp4,lungs,99b1ec3c6dc49e52d18cdcb885f43d20c8613dcaee513bc76cd65b0b7c30b757,793971,numericid-WORD,1,False
part_5/8035766172480758-SPOON.mp4,part_5/8035766172480758-SPOON.mp4,spoon,cfaee7a5dffd0eef16328b74bb5b5bdf0619fbb9f5d76ca8db5a3239238c6102,360460,numericid-WORD,1,False
part_5/8040413047655517-WHO.mp4,part_5/8040413047655517-WHO.mp4,who,838f46af7ecdfe782ea537df147d6052504e6bbecda9aef351cf846fa9deca22,421587,numericid-WORD,1,False
part_5/8046236006339196-NOISE.mp4,part_5/8046236006339196-NOISE.mp4,noise,09879b3bac2b03da32c234e17c65364964b024bd0fb4c62cde85388146d82ae5,315523,numericid-WORD,1,False
part_5/8058855343928406-TEND YOUR.mp4,part_5/8058855343928406-TEND YOUR.mp4,tendyour,b6dc20431628fb613540fc3db8085926bc183b64fca37f925c7f762fccb9a16e,561846,numericid-WORD,1,False
part_5/805978190305658-IGNORE.mp4,part_5/805978190305658-IGNORE.mp4,ignore,0d7ddbea37c099899af43cdc428694286bc71ca9cf231bdbe0dbf2325254642b,345214,numericid-WORD,1,False
part_5/8059821810106005-UDDER.mp4,part_5/8059821810106005-UDDER.mp4,udder,9973d9c9a1dae8dc63dbd2b3e0e2a4c838631f516fe6270cdc527a472b8b5a19,420607,numericid-WORD,1,False
part_5/8061621260738869-SKI.mp4,part_5/8061621260738869-SKI.mp4,ski,f82bd81cd88e1d77aa2810c8d4c5a492af7102dcb3413e8933b974c0e1bc87f2,1014044,numericid-WORD,1,False
part_5/8063710107033566-RESPONSIBILITY.mp4,part_5/8063710107033566-RESPONSIBILITY.mp4,responsibility,cb3da0e41757b6a8965bfff19fe07881f1b8f2a77d41993408e046648c199f41,1108864,numericid-WORD,1,False
part_5/8066048833516137-WANDER.mp4,part_5/8066048833516137-WANDER.mp4,wander,16b416c28e45eac23d814cfb9417a81d32caa007eb6353f2b86b42c9433a8348,585204,numericid-WORD,1,False
part_5/8066288865216531-SHOW.mp4,part_5/8066288865216531-SHOW.mp4,show,c4c7f85aff8356617a7aaa7504bdf969f0642f7ba1a042026d91abfb3d5bc0b6,660286,numericid-WORD,1,False
part_5/8074695653882442-FADE.mp4,part_5/8074695653882442-FADE.mp4,fade,eea6cb6c56b38809a9501c9768ce99369ec60bfc53191e589e4e40be63e8b748,905517,numericid-WORD,1,False
part_5/8076883250822422-BUG.mp4,part_5/8076883250822422-BUG.mp4,bug,87f20e14cacaa49e996ca07e3274e3e42744761e91095ab2c8a717b347bda7c2,504481,numericid-WORD,1,False
part_5/8086805786312896-WARM.mp4,part_5/8086805786312896-WARM.mp4,warm,380fac8fb76c73658b2155848458193f30209d48f9e4103e55eccfde3d1068e6,1034844,numericid-WORD,1,False
part_5/8092475217643142-ITCH.mp4,part_5/8092475217643142-ITCH.mp4,itch,5cac25b92be368f09b65e7a5fd7f28ef7d4e498071adc89acd251a639a4bdf6f,413942,numericid-WORD,1,False
part_5/8102249642212314-TRAIN.mp4,part_5/8102249642212314-TRAIN.mp4,train,db7a997bdac5f5a956b89549da3f2ba2d259efd52665bb287c2633262367890b,659420,numericid-WORD,1,False
part_5/8106294932578488-BRUSH.mp4,part_5/8106294932578488-BRUSH.mp4,brush,1a8336e01665153b436bc70a072c6d9a192d1c77c974809a8ec5fdc27a2d849a,625281,numericid-WORD,1,False
part_5/8108313164566641-TWO MORE.mp4,part_5/8108313164566641-TWO MORE.mp4,twomore,61e27b6a1829d2521dd6f0d502859591d413468ed4974db8b4191d734018cc71,502026,numericid-WORD,1,False
part_5/811396261446274-FAINT.mp4,part_5/811396261446274-FAINT.mp4,faint,317cc1224aeded434a202221e98a2d517ba278fc01a49fd57aeb90942c5f7fdc,1734046,numericid-WORD,1,False
part_5/8122344601646359-LOOK AT.mp4,part_5/8122344601646359-LOOK AT.mp4,lookat,797931e053c1e526a3a3f15e90f8772f1b75db4b93161dc27f6efe21d92123ed,470271,numericid-WORD,1,False
part_5/812390941200497-YELLOW.mp4,part_5/812390941200497-YELLOW.mp4,yellow,7f38e42d6eb4e88ed59ce2929d269b9d7d03e972cf22fe307fea5b629d6b6127,524938,numericid-WORD,1,False
part_5/8124698377062092-ROAD.mp4,part_5/8124698377062092-ROAD.mp4,road,60873ce2f16257fe1564f8555ff6518a677e416e7970c61d7e0ef4f4bf7d0a4f,424823,numericid-WORD,1,False
part_5/8129039218162171-FRIENDS NO_MORE_1.mp4,part_5/8129039218162171-FRIENDS NO_MORE_1.mp4,friendsnomore,d75fa8a60e5a2b914420989a4e6e6159d73a43f1afd200e98c06f9e6f10f30eb,315762,numericid-WORD,1,False
part_5/8130283725011924-CERTIFICATE.mp4,part_5/8130283725011924-CERTIFICATE.mp4,certificate,b9ae05ec0aa6a9899d85fe030466ca37a9c283a5a1fee3c067fcd147638a1a7f,528765,numericid-WORD,1,False
part_5/8131903140457912-INDEPENDENT.mp4,part_5/8131903140457912-INDEPENDENT.mp4,independent,af2e99ff3a14737e7cc1a9afa0074efecea71488b2998e748e470551c99ccac2,582598,numericid-WORD,1,False
part_5/8136548546361551-HEAVY.mp4,part_5/8136548546361551-HEAVY.mp4,heavy,5928b3f53d0138271f579ca227ce834597624d831d4c11170b1aae01a821d01a,274818,numericid-WORD,1,False
part_5/8138860875027172-WRITE ON_WALL.mp4,part_5/8138860875027172-WRITE ON_WALL.mp4,writeonwall,64908eacf6f654cc342b3f8ae04d56642fa2ba8a2609aea187df3bb69bc70be0,518761,numericid-WORD,1,False
part_5/8141552709919084-EARN.mp4,part_5/8141552709919084-EARN.mp4,earn,f43b241b7bc40a9faeb61c6855492195c14105c9a47475debb06cbb60408118b,535365,numericid-WORD,1,False
part_5/814500245636661-CAR BATTERY.mp4,part_5/814500245636661-CAR BATTERY.mp4,carbattery,f5f70a1c22ee52b7bd5e7dc6b54d29705a902a4faea35feb73bf36c5397a276a,1025810,numericid-WORD,1,False
part_5/8145597868594192-LION.mp4,part_5/8145597868594192-LION.mp4,lion,204256f268ff64132cbbe146acbfd631a7948752bd2197d807d2d11d2f8567f7,1672031,numericid-WORD,1,False
part_5/8146145505335132-PASS OUT.mp4,part_5/8146145505335132-PASS OUT.mp4,passout,b29aa507e18c6bcee83041d9acc2368f98ae71447445b7641b96e47f68a7e01e,382904,numericid-WORD,1,False
part_5/8146811480950145-GOING THROUGH_A_HARD_TIME.mp4,part_5/8146811480950145-GOING THROUGH_A_HARD_TIME.mp4,goingthroughahardtime,adcf819537a79eefd63e80b1bbfcf80248477d47aecbb6e3eaaad870551f4ece,759437,numericid-WORD,1,False
part_5/815874736400386-VALLEY.mp4,part_5/815874736400386-VALLEY.mp4,valley,22beae567bdc798a86190510a8a546d8e63637ae68327d775ecc1acd6de5ef90,598063,numericid-WORD,1,False
part_5/8166775639657509-DONT KNOW.mp4,part_5/8166775639657509-DONT KNOW.mp4,dontknow,77dd1ebef38ac5712c0d6de7c8629393a20e2a240d1e3a053fe01b8496a93c14,474998,numericid-WORD,1,False
part_5/816808112104978-JUNIOR.mp4,part_5/816808112104978-JUNIOR.mp4,junior,bd3125506b942e9bf9a59aecd6e65fb9d58baef07a637e7582edbba32e91044f,466790,numericid-WORD,1,False
part_5/8169849976665617-HOWL.mp4,part_5/8169849976665617-HOWL.mp4,howl,7440e0f39498965359da852ca5ab38014c2729404bb1c9b4276756798735b78b,921021,numericid-WORD,1,False
part_5/8170669057172821-DONT MIND.mp4,part_5/8170669057172821-DONT MIND.mp4,dontmind,6b637a13c30b0dbd75974f3df4430d0f4ea70cf6aaaf66462b7e73ff4b03fdd8,381072,numericid-WORD,1,False
part_5/817706326550818-ATHLETE.mp4,part_5/817706326550818-ATHLETE.mp4,athlete,5073f4a7c1f98d62d161934c1b6d44a1424da2d5e65a316f1bb71a2881f72a63,412043,numericid-WORD,1,False
part_5/81819704613424-WIN.mp4,part_5/81819704613424-WIN.mp4,win,7334aefd7fce0332ccf310d08a310f14df16e4670b3e3e15e39cedaa33034f03,744722,numericid-WORD,1,False
part_5/8182499302703765-BEND.mp4,part_5/8182499302703765-BEND.mp4,bend,39dcdda2bf383d06d9de40e06a80cd3e57e6f1579413789caf5e4debbb70696d,749245,numericid-WORD,1,False
part_5/8183789400425716-TEA.mp4,part_5/8183789400425716-TEA.mp4,tea,e385e68ee26d712cdf992991ce3dccf60858809076457c1497edafa798469c56,855935,numericid-WORD,1,False
part_5/8184709006523805-PICNIC.mp4,part_5/8184709006523805-PICNIC.mp4,picnic,2e777e7b4a26fd4214836813dda2810d4fb0ac9b2ee6a11192f8487b28cdbbf5,574322,numericid-WORD,1,False
part_5/818775415339164-INSTINCT.mp4,part_5/818775415339164-INSTINCT.mp4,instinct,e5b3adb4da883bb788f66a126263739c4456c7d237f6a08ccc98beea47ba2c07,1268199,numericid-WORD,1,False
part_5/8188412216226328-INSURANCE.mp4,part_5/8188412216226328-INSURANCE.mp4,insurance,8f7e58613f307f4f206f2ebda4571478eaece3db34be9d83c13c873fb5cb8387,298779,numericid-WORD,1,False
part_5/8190700633049739-DIVE.mp4,part_5/8190700633049739-DIVE.mp4,dive,df0f7a0cff3a7b9b80954499198816239f040fa31a52733536014877fc0b23dc,501616,numericid-WORD,1,False
part_5/8205773121223954-POWER.mp4,part_5/8205773121223954-POWER.mp4,power,6d2cac3d6894850c779de8b433f4c95fcd75457b244cedd730d82c6cb89839cb,556565,numericid-WORD,1,False
part_5/8210462187869705-BLOW MIND.mp4,part_5/8210462187869705-BLOW MIND.mp4,blowmind,323728dfb6a2de2dcc040148b7e7c02262c6363b44a582fec2aa2a40b6ec7e6b,416478,numericid-WORD,1,False
part_5/8212055107925722-BLOUSE.mp4,part_5/8212055107925722-BLOUSE.mp4,blouse,07aa613c64ab7edf9161a72b82f9c42f7b7bfe501e30892daa43002cd11fb7e3,445427,numericid-WORD,1,False
part_5/8212600923134266-STUCK.mp4,part_5/8212600923134266-STUCK.mp4,stuck,ce9a4f242b8a26e7c5e54be0cef7de1ee6e8ca28ee82c8edd46c8628a13aece1,397125,numericid-WORD,1,False
part_5/8213420013877373-OBSESS.mp4,part_5/8213420013877373-OBSESS.mp4,obsess,6d270a5f16a43a357762dc955eaaf3d29aa1e328fab53b81f910035e276b9936,626630,numericid-WORD,1,False
part_5/8213813824042293-FOOTBALL.mp4,part_5/8213813824042293-FOOTBALL.mp4,football,92702e83820e0521dd7edb4f51342604e6bf03ee1fccc65c332b7b0cbf856e92,499775,numericid-WORD,1,False
part_5/8215964391296668-ASSIGN.mp4,part_5/8215964391296668-ASSIGN.mp4,assign,aa4a46d1a55e7c96adb8baf620360345fbe825314f4672d956ddbb43a8c918d1,581948,numericid-WORD,1,False
part_5/8221969382671432-SCOLD.mp4,part_5/8221969382671432-SCOLD.mp4,scold,2af1d615ad48a6357960f62d7f8fb9cfca67adfe03c2a526ca90e98593260c28,556491,numericid-WORD,1,False
part_5/8227831990208962-5 DOLLARS.mp4,part_5/8227831990208962-5 DOLLARS.mp4,5dollars,1625bec1296cc790de3de07e4d02751ea720a9c6b22379c3234397a2f3455054,15049,numericid-WORD,1,False
part_5/8230794042753584-BLANKET.mp4,part_5/8230794042753584-BLANKET.mp4,blanket,85881423fb52bad6b7d91f6b7d9672a2d107461991284680c9487c97b7183bf1,572396,numericid-WORD,1,False
part_5/8234800651096137-OVERTAKE.mp4,part_5/8234800651096137-OVERTAKE.mp4,overtake,68a523cd7e370364b60fc84ebc88a6347df4ac56c5628aa5dd72ba7d4ff8989d,740607,numericid-WORD,1,False
part_5/8235310753213219-BRAINWASH.mp4,part_5/8235310753213219-BRAINWASH.mp4,brainwash,8086436441c1d229a76923ea34208f7d360254e77e3e9b4b3185fa52f4b24715,514513,numericid-WORD,1,False
part_5/8237664401687623-FUN.mp4,part_5/8237664401687623-FUN.mp4,fun,9575a08610af2bd73310542bbd154d80e37da292e817f7a74efc089038002449,653333,numericid-WORD,1,False
part_5/8239577266637659-IMPACT.mp4,part_5/8239577266637659-IMPACT.mp4,impact,3c2d4a26b905a2a9006b3f1bcc701929a41acce58010e37dd4113da90c697544,757227,numericid-WORD,1,False
part_5/8241384431718983-HANDCUFFS.mp4,part_5/8241384431718983-HANDCUFFS.mp4,handcuffs,2fccf16d7598f0f10a65fc274523d9a56e83634f660fa1646918330bc4910c86,536786,numericid-WORD,1,False
part_5/8248092191130476-TUESDAY.mp4,part_5/8248092191130476-TUESDAY.mp4,tuesday,bd9e093e9984885b4166ab98610a281a2e105d0bcd4aa1b8952c6297fdf91996,442873,numericid-WORD,1,False
part_5/8248419321040747-PROTECTION.mp4,part_5/8248419321040747-PROTECTION.mp4,protection,eb5b0a7579956772bcc2f85c612a71775d0dac36b8b7dd53c8971af58276654d,479721,numericid-WORD,1,False
part_5/8252872177970572-HAVE.mp4,part_5/8252872177970572-HAVE.mp4,have,1a2ce5a1dc5678668f8c1011eac7b41628b65f8492cb3edfa1c0a560d326effe,471934,numericid-WORD,1,False
part_5/8256750472046561-GREAT.mp4,part_5/8256750472046561-GREAT.mp4,great,e8a911c4e14bea0fcff39903f51a0dc4d5424bb42950928cc1a314825fb98fab,564527,numericid-WORD,1,False
part_5/8261495725724408-WALRUS.mp4,part_5/8261495725724408-WALRUS.mp4,walrus,96bf809290e0f7d5073d55af8abcfd269ec363a78df7e6b97cc710f6e5756c7c,683065,numericid-WORD,1,False
part_5/8261892193930467-MARRY.mp4,part_5/8261892193930467-MARRY.mp4,marry,5ad2a11863d476d16a21dd99ed89c6c78a3ef1f53c67bc765399aacdfd3dc7bf,373000,numericid-WORD,1,False
part_5/8262299304164866-SLEEP.mp4,part_5/8262299304164866-SLEEP.mp4,sleep,a94a2620ef47b1cc2209b32fb8a97abe43a259818e603e635908232fac4e1963,769846,numericid-WORD,1,False
part_5/826287172670046-BRAVE.mp4,part_5/826287172670046-BRAVE.mp4,brave,469f1afe23e47d2f23ff767771b137ffe92ded20cf780f720f724d39b0b480e4,457817,numericid-WORD,1,False
part_5/8268071690304826-HUNGRY.mp4,part_5/8268071690304826-HUNGRY.mp4,hungry,d34cd90e487b25f7762d34e53255e864b377d3980c89c15bbd48b2c80997baac,736102,numericid-WORD,1,False
part_5/8270409786931296-WAIT.mp4,part_5/8270409786931296-WAIT.mp4,wait,1f02394fdbbb6282ce93ef156a1e2f3e66e3f27472369a386d719cbf30641e36,295135,numericid-WORD,1,False
part_5/8283977272549146-US.mp4,part_5/8283977272549146-US.mp4,us,351267ec77663a4970c755c9dae24ff1001e06aa3199c572355b6ad17d0c2707,593066,numericid-WORD,1,False
part_5/8285722836345848-ICECREAM.mp4,part_5/8285722836345848-ICECREAM.mp4,icecream,80b29885d30edc727fa30e4caf44eadc0b3b92c2fb0d5d841701ee3042ea8a78,656110,numericid-WORD,1,False
part_5/8290133791939913-LAW.mp4,part_5/8290133791939913-LAW.mp4,law,8c6018f82fd31b1e1291e28ce50276c9f25c32a6bae1ff664d1068cd9463d38c,603684,numericid-WORD,1,False
part_5/8299290667631187-PURPLE.mp4,part_5/8299290667631187-PURPLE.mp4,purple,21d4adaa3d1a53dce0d98fa9a652d13fbf1f16fac8a8cb9749cf1633d4a7f7fe,250819,numericid-WORD,1,False
part_5/8300218570273903-PENIS.mp4,part_5/8300218570273903-PENIS.mp4,penis,35291d3bf0caf0ae539dd5de777f6be46008da3d78b014fd86eeaeb9d0a6e77a,440806,numericid-WORD,1,False
part_5/8300596933486175-seedWEST.mp4,part_5/8300596933486175-seedWEST.mp4,west,e0e45964f64e0ff88ac594d9cb972201eb1e623e69ec66c588ae2bf42f21ff64,1041831,numericid-WORD,1,False
part_5/8302351765731029-TIRED OF.mp4,part_5/8302351765731029-TIRED OF.mp4,tiredof,fa4069e0de46a703a156ff178c509d4927ec4be280d91c3d7279e919c7a1bef9,509804,numericid-WORD,1,False
part_5/8305263540161902-LOUSY.mp4,part_5/8305263540161902-LOUSY.mp4,lousy,cafc2f00dd6ea5792bc3b4a215b9f58f4aa9c2fcb8a80e2e902cdf3a09cac400,466380,numericid-WORD,1,False
part_5/830820846298649-seedWOOD.mp4,part_5/830820846298649-seedWOOD.mp4,wood,799626c8e1cfc91f7f905eec47d07f29820030366e4af64d05a47bbd69c84985,937241,numericid-WORD,1,False
part_5/8308912697239315-GIVE.mp4,part_5/8308912697239315-GIVE.mp4,give,89fcda05d32aa18417288191fb37496ee0bfd1627b8399d8340349257ae67178,312712,numericid-WORD,1,False
part_5/830943775589045-LOOK AT.mp4,part_5/830943775589045-LOOK AT.mp4,lookat,c029df3adf2d4cc7d3af9fbf08f2362c9158fb931ff6bb74c824f5558a1b2b64,409027,numericid-WORD,1,False
part_5/8315022055723575-MEETING.mp4,part_5/8315022055723575-MEETING.mp4,meeting,fe83b53711c9870e11790eb700d348f4c07a39aff286b8018cc64818fab81082,1233670,numericid-WORD,1,False
part_5/8316176400665405-TOGETHER.mp4,part_5/8316176400665405-TOGETHER.mp4,together,59ae71064ac1466c40e8e77bdc5aa8d3fc03af3323b8d1532dc4820e1de47e47,493282,numericid-WORD,1,False
part_5/8317354999733653-FORGETFUL.mp4,part_5/8317354999733653-FORGETFUL.mp4,forgetful,d178472f4bbb68c2370debabb9e6111b1c192c4db2edf240ddb6902125fa09db,327070,numericid-WORD,1,False
part_5/8318313600438163-VIEW.mp4,part_5/8318313600438163-VIEW.mp4,view,64d643c2b9a18b57d954fdd03bb4873a36d191e1871ab40a9dcd259f0db3d732,413200,numericid-WORD,1,False
part_5/8321589788988195-LOSE GAME.mp4,part_5/8321589788988195-LOSE GAME.mp4,losegame,8ff4e4b46a6e71aa79cd6c8e0a56970038ccacfd0fe394de26ebdee3ee61b034,582609,numericid-WORD,1,False
part_5/8322599304215745-LONELY.mp4,part_5/8322599304215745-LONELY.mp4,lonely,8248ccaa8535c550e988504c088641f9806cab6868227ffa20b73ab593465646,556939,numericid-WORD,1,False
part_5/8324098934706567-ON.mp4,part_5/8324098934706567-ON.mp4,on,2c797f9b6ea1fdf52fbde7410f47d5a1536c4f6e393be8c294bb83cd67d02fc7,284080,numericid-WORD,1,False
part_5/8329783926843606-EARRING.mp4,part_5/8329783926843606-EARRING.mp4,earring,8c6b7fcde1294e6627d35f47f942a34af6a217440628efb3f4157c6830049e39,1031371,numericid-WORD,1,False
part_5/8329852027760176-BODY.mp4,part_5/8329852027760176-BODY.mp4,body,fab8da62eb151d39929dd80e8dd20f902d77ff21841f08cd5d96277e4c5cd4cf,440202,numericid-WORD,1,False
part_5/8332210145211638-BEACH.mp4,part_5/8332210145211638-BEACH.mp4,beach,b787444bff4ca914c1569606b42baf22884b7ee3128f16bf66b7bfb13822a9f7,762528,numericid-WORD,1,False
part_5/8337247032758022-ATTENTION.mp4,part_5/8337247032758022-ATTENTION.mp4,attention,201534d48a57e36779d9c88aa3e7c1ada8d7971c9e2b576cd1cf48af121567ab,549342,numericid-WORD,1,False
part_5/8340912640326554-STRIPE.mp4,part_5/8340912640326554-STRIPE.mp4,stripe,e055f7fd307f5a996d842fd1659d025162935d54d23609044f2ff3875e156738,587663,numericid-WORD,1,False
part_5/8342259238668124-POWDER.mp4,part_5/8342259238668124-POWDER.mp4,powder,9efa1637c6b6f00acf63bea40246f8e1317913eb5dd11344f75e224d22f0c9ab,1167574,numericid-WORD,1,False
part_5/8342342809172125-SINK.mp4,part_5/8342342809172125-SINK.mp4,sink,ecc85840e747b7d2d344882b9c3f5b77eb44a247e8d1007bc4d86a54d9991025,873701,numericid-WORD,1,False
part_5/8342410352892276-MOCK.mp4,part_5/8342410352892276-MOCK.mp4,mock,81603d5cebf3b7aba463866b6d9eb7a4ae9b07002addffdbc38147265565cb62,472794,numericid-WORD,1,False
part_5/8348149026254514-SMART.mp4,part_5/8348149026254514-SMART.mp4,smart,6f86aec6eec15fd5af096a24e6c7d1a9cab3a64e881c418407b2b1c370b2d13a,588481,numericid-WORD,1,False
part_5/8353293127917796-DOCUMENT.mp4,part_5/8353293127917796-DOCUMENT.mp4,document,b54b54a6eaaa429bfff22732e970fed58f035e5deaf8b2afe95938d98d369af2,598787,numericid-WORD,1,False
part_5/8354410716389704-GO.mp4,part_5/8354410716389704-GO.mp4,go,6f70f8c3b738a0d2bbce4a0542ee0f03e0f4c9153f1c0b69a9c3d3bb30425c55,374224,numericid-WORD,1,False
part_5/835590735705803-COWBOY.mp4,part_5/835590735705803-COWBOY.mp4,cowboy,d43d3f3d692fde628efaef659e234c31d3bb8a42b965f19e763164f9d67250fe,537021,numericid-WORD,1,False
part_5/8358916356218851-VERB.mp4,part_5/8358916356218851-VERB.mp4,verb,e0f48ad862eae62596047f2d78a30bf037f5fc67dac3d3ee878a189f89dd18ad,397547,numericid-WORD,1,False
part_5/8362232667336218-WRITE ON_WALL.mp4,part_5/8362232667336218-WRITE ON_WALL.mp4,writeonwall,b7bdee45a7eca4bb6ff79417dc83f5a2a7c4d93576de9eefa84107326ece5a8d,1027429,numericid-WORD,1,False
part_5/8366576122149043-NOSE.mp4,part_5/8366576122149043-NOSE.mp4,nose,8c1d6973c4004cadbbadd96aa426939be93796eb8e43063885455239f5746329,607314,numericid-WORD,1,False
part_5/8375949091211665-JIGSAW PUZZLE.mp4,part_5/8375949091211665-JIGSAW PUZZLE.mp4,jigsawpuzzle,9f86deeb0099d2da928c18638e09aae74203d19f3f8f73baf2e26f6cbffcb85b,1287350,numericid-WORD,1,False
part_5/8379768724841927-GUM.mp4,part_5/8379768724841927-GUM.mp4,gum,b01468dc9621099457968d24aab6260455572052452620f71b1560f2cce695ca,373004,numericid-WORD,1,False
part_5/8381017909446813-COINS.mp4,part_5/8381017909446813-COINS.mp4,coins,a3c69ebab78932ebbc69138f6fca8828d1dd5da3c6ca0905cc91843f7c817841,289654,numericid-WORD,1,False
part_5/8381374496787943-TEAM.mp4,part_5/8381374496787943-TEAM.mp4,team,00755b4245e4ec45da065a54419840b416175ca8cc847e58e816dfad34b3c88c,957163,numericid-WORD,1,False
part_5/8382711777828724-BACON.mp4,part_5/8382711777828724-BACON.mp4,bacon,d170e360dae63f087ae96c7b7771c38becc0fd914746d083ca35a4ad1c172e9b,1153767,numericid-WORD,1,False
part_5/8388360897776719-HOPE.mp4,part_5/8388360897776719-HOPE.mp4,hope,bfe2a9295054abe45b5937fd31758704917d9618ffbd61c422107885742a12e4,451046,numericid-WORD,1,False
part_5/8388624178421817-seedCELERY.mp4,part_5/8388624178421817-seedCELERY.mp4,celery,fdfda7050074c2bda378b1ceb1a95604264eaebcfb0e9d8b8338c589b3d3aab2,725763,numericid-WORD,1,False
part_5/8390833735368983-BUILDING.mp4,part_5/8390833735368983-BUILDING.mp4,building,0547e49818f242d7a938ecf3da6f0a785346268cc1a5895e8d3286d86fe9fd18,463454,numericid-WORD,1,False
part_5/8399316048555681-COME HERE.mp4,part_5/8399316048555681-COME HERE.mp4,comehere,ec71b05fb300a1c685b370aed174ac363c758061345ac239801ffbfa83d2eccc,375221,numericid-WORD,1,False
part_5/8405128045414143-HOCKEY.mp4,part_5/8405128045414143-HOCKEY.mp4,hockey,8f3158d879390ab74d4d35affb38b9790d5ddc93201832ed4e44f834566e8870,416636,numericid-WORD,1,False
part_5/8405889792310692-CREDIT CARD.mp4,part_5/8405889792310692-CREDIT CARD.mp4,creditcard,25f6a3b9bf9bf44671720a9f7824658d819481a4065d7b441de385db45dd623a,399072,numericid-WORD,1,False
part_5/8406942268873892-SCRATCH.mp4,part_5/8406942268873892-SCRATCH.mp4,scratch,bdcc0b7955ed2fa4fd039fc4dcafa0093b1a50252796bd016753d2b33947404d,558823,numericid-WORD,1,False
part_5/8410349218008399-YEAR.mp4,part_5/8410349218008399-YEAR.mp4,year,66b9838b2a05eb531371b0b60472a5e7554b75bf842b7baaa5959a5bc8253bff,365854,numericid-WORD,1,False
part_5/8412582026001008-seedSTARS.mp4,part_5/8412582026001008-seedSTARS.mp4,stars,3c9cd859cc640d6d1aee95d8bcc31780658cf36921538bdb37b7f2b32a50eaae,1051009,numericid-WORD,1,False
part_5/8416501321598842-seedJOURNEY.mp4,part_5/8416501321598842-seedJOURNEY.mp4,journey,40ff9cc4ef29eca49f4f07fbfd790fc7c9c1ec7832fca39217a429599fcf7612,748832,numericid-WORD,1,False
part_5/8417956151135104-NONE.mp4,part_5/8417956151135104-NONE.mp4,none,8120aecc8b2ec1355f6d7a1c16aa62c5774e1cadaca2bb2f36d02fdf9273cbfd,584836,numericid-WORD,1,False
part_5/841822640179104-JOURNEY.mp4,part_5/841822640179104-JOURNEY.mp4,journey,ce4f68ba62ddb5f8379cf5a9d4a3cadaa52859a6f00863370e1a7e33e23c883f,432463,numericid-WORD,1,False
part_5/8419054809855409-HOLD HANDS.mp4,part_5/8419054809855409-HOLD HANDS.mp4,holdhands,b44021a98a5c2612ddec36b079f612d59b9159f7bf5532faf7062d7913d0ab8c,593795,numericid-WORD,1,False
part_5/8425270346773122-CANDLE.mp4,part_5/8425270346773122-CANDLE.mp4,candle,51016eb9878bc0e2a98034dfef4c5afbd3318ab4c83a46225a8a375274fb86d4,477346,numericid-WORD,1,False
part_5/8428189850668126-HEN.mp4,part_5/8428189850668126-HEN.mp4,hen,dd4d9fa222662b69ec563de036d292e84a068297c6643212fb3074fc46f71024,349613,numericid-WORD,1,False
part_5/8428969268838955-STEAK.mp4,part_5/8428969268838955-STEAK.mp4,steak,a20fe43ad94f8fe50bac8369eb82844db8efef3e6b48446d7945fa177f3deb9c,476486,numericid-WORD,1,False
part_5/8434759125297933-UNDERGRADUATE.mp4,part_5/8434759125297933-UNDERGRADUATE.mp4,undergraduate,a0bf0cb359801a14ec0023fa04dd4d6ae2899d0de949aa2fbed9e8e01a9bad5b,664270,numericid-WORD,1,False
part_5/8442383524622044-FIGHT.mp4,part_5/8442383524622044-FIGHT.mp4,fight,ee67da5da5cf45de75543264669a599cbfedabded641c3e23ecb1cdbb793241c,527112,numericid-WORD,1,False
part_5/8443975795179439-KNOW.mp4,part_5/8443975795179439-KNOW.mp4,know,d6f51bbb1489bff6438545de2adcea6a1ed9cdba32b5591f398baae8e0dfb9a7,529907,numericid-WORD,1,False
part_5/8444725475943711-TRUE.mp4,part_5/8444725475943711-TRUE.mp4,TRUE,dea20797f5b95066b4ce988f166a6b38d92fb084e7842ac7c9395c40a4697bad,432330,numericid-WORD,1,False
part_5/8446889783685227-LAND.mp4,part_5/8446889783685227-LAND.mp4,land,1f8f3490ab42528b42905cb62f9d4a4b901d29cecdeb3546aa6511bbddf81eed,521061,numericid-WORD,1,False
part_5/8449589047629031-SNAP.mp4,part_5/8449589047629031-SNAP.mp4,snap,7defc6529b5e1cea15f2ab7a77d65f8ba2c6ec5a36ea0132d93f9722da363cc2,446378,numericid-WORD,1,False
part_5/8453711741111225-OVERLOOK.mp4,part_5/8453711741111225-OVERLOOK.mp4,overlook,1b52d8f14c5f38c9971b333f0998c33887e9dab62d1515f13f1252ba3795cef4,402965,numericid-WORD,1,False
part_5/8459730936195968-GOLF.mp4,part_5/8459730936195968-GOLF.mp4,golf,7b0f1110fd5191a1a64b952fc968bae7569593f4a1a634adb6b3cbf108a84dc2,447349,numericid-WORD,1,False
part_5/846152375716311-TREE.mp4,part_5/846152375716311-TREE.mp4,tree,589ffbaa6618ae1bac532162e2fa14652623c998f8165d1ac230287846c3f2bc,368743,numericid-WORD,1,False
part_5/8462169466967213-NICE.mp4,part_5/8462169466967213-NICE.mp4,nice,8c99ff272ab95cf996653642893188c9eab78cfdc0bae1b450b4a90bc5da1c65,832605,numericid-WORD,1,False
part_5/8465208745383512-PLANET.mp4,part_5/8465208745383512-PLANET.mp4,planet,9d8f189b568943299dae52fb9b185c326d227b3fd85ee09959b88ac2452c145b,426512,numericid-WORD,1,False
part_5/8467838419281637-TRAFFIC.mp4,part_5/8467838419281637-TRAFFIC.mp4,traffic,731b3be7ca6fa33fecbe784f096c451719e465a488ca874dc2093442ab2f0fed,556084,numericid-WORD,1,False
part_5/8467929388420512-POPULAR.mp4,part_5/8467929388420512-POPULAR.mp4,popular,9d8929f12aef8d6281f6956fdd64e0c5091550b67ca045ea4a80e1a3e373c605,508150,numericid-WORD,1,False
part_5/84682263164256-BLANK.mp4,part_5/84682263164256-BLANK.mp4,blank,ff76ce6e03ecce014f2a54a09f4a6817b1c21a796c8f155d213b49230be3a913,406650,numericid-WORD,1,False
part_5/8470723155711255-ANIMAL.mp4,part_5/8470723155711255-ANIMAL.mp4,animal,ad0f9a8ebee873296d15b7d4fe0cd054f57cb11c9fbd4ff00c9868239fb76e5a,631376,numericid-WORD,1,False
part_5/8471553256217637-SYSTEM.mp4,part_5/8471553256217637-SYSTEM.mp4,system,ba9edcb193214c932189a905c1319a2a6fcec05f9826b5c438095d17b2f87201,467486,numericid-WORD,1,False
part_5/847695878934771-CHEESE GRATER.mp4,part_5/847695878934771-CHEESE GRATER.mp4,cheesegrater,18dd7b548ac03b3d512a9194c34396b9c2f0f7ef422fcf03333d3168c5a8eb4c,922193,numericid-WORD,1,False
part_5/847771335330531-UNAWARE.mp4,part_5/847771335330531-UNAWARE.mp4,unaware,8af59446a2cc96574b806222423d21bdffb73a95c78383625782d22074beae58,355324,numericid-WORD,1,False
part_5/8478160589016772-STUDY.mp4,part_5/8478160589016772-STUDY.mp4,study,904f041204def6602c8611a961d01a41096b542191e0338be058ee0744f9e701,282921,numericid-WORD,1,False
part_5/8478656185820408-WALK-TIGHTROPE-CL.mp4,part_5/8478656185820408-WALK-TIGHTROPE-CL.mp4,walk-tightrope-cl,549839da5a2aa981dfdf11937dfc9b62ee812cadb565392f1663f1d504663432,498175,numericid-WORD,1,False
part_5/8483818345337271-FRIENDS NO_MORE_1.mp4,part_5/8483818345337271-FRIENDS NO_MORE_1.mp4,friendsnomore,8c086cc597e57d683cfc88909c7a17d6a9fb3931f4a31a1e4d85ee08780a7f4e,459937,numericid-WORD,1,False
part_5/8485835265917068-OBSESS.mp4,part_5/8485835265917068-OBSESS.mp4,obsess,23246aaf871c58dd159d58e76fad6a151c1edad8c1914909bdae7ef458ec2412,1424800,numericid-WORD,1,False
part_5/8491701758363834-SCREAM.mp4,part_5/8491701758363834-SCREAM.mp4,scream,1c07f93edeb5a7550dea858939fc387620f0a354ea16bde07901d13b284c1eb7,330067,numericid-WORD,1,False
part_5/8499231164577814-LONG LINE.mp4,part_5/8499231164577814-LONG LINE.mp4,longline,08066a5a05a82947c17dbe9f498118bb0c3e9668f261dc88fccfaea7ed90b3b9,1207007,numericid-WORD,1,False
part_5/8502184579374021-SPECIALIST.mp4,part_5/8502184579374021-SPECIALIST.mp4,specialist,89498b53845923a80cc621dc5c19b26dd069ccff270223fd20d74b9f01cfdbf3,910249,numericid-WORD,1,False
part_5/8507571508633947-RULER.mp4,part_5/8507571508633947-RULER.mp4,ruler,e496095f97f3154fcb2f3bcbf5e255b9a0eecf3deef379178de10e73ab29ec46,820217,numericid-WORD,1,False
part_5/8508712903708244-DOWN.mp4,part_5/8508712903708244-DOWN.mp4,down,72330ca4e37a6b389ac5a36c8f46c92126383d440095b687de67994441069d35,529069,numericid-WORD,1,False
part_5/8512872921181995-MEMORIZE MEMORIZE.mp4,part_5/8512872921181995-MEMORIZE MEMORIZE.mp4,memorizememorize,3929bae3bb223d43b779be754dfa79312cf7c8132fbd292b32bb4a25ad56140a,437967,numericid-WORD,1,False
part_5/851295603065974-BRAIDS.mp4,part_5/851295603065974-BRAIDS.mp4,braids,4f82aa3c6c1fe2baee524402acffac253e2af3462bb932ac4bc054ae5de444cb,464892,numericid-WORD,1,False
part_5/8516777186517894-DIAPER.mp4,part_5/8516777186517894-DIAPER.mp4,diaper,97c0a74afb77018201f2afb54ca8769d86328f57048ff03831af2bef0b92a4f0,655497,numericid-WORD,1,False
part_5/8528797172921572-RESENT.mp4,part_5/8528797172921572-RESENT.mp4,resent,6253d94bc674a3c85c4e0a4d617fefa64f7b5d0c2554c8be9e98ae63e92fe6f2,677109,numericid-WORD,1,False
part_5/8535866426058569-THINK PONDER.mp4,part_5/8535866426058569-THINK PONDER.mp4,thinkponder,b883c1c1cfaa475998dcbd24ef20e352f9af9d5ec6b173359745016a3c158848,496652,numericid-WORD,1,False
part_5/8543917608864493-ARGUE.mp4,part_5/8543917608864493-ARGUE.mp4,argue,904db2e8817bcc81cfadc18ee4c8fdc702a430d7e1fdfc8bac97fd09a8987771,684423,numericid-WORD,1,False
part_5/8544555379103123-WEIGH.mp4,part_5/8544555379103123-WEIGH.mp4,weigh,582c25384228af7464a030ebcf6371db9306d38069c30a9704e05ae1017e805d,321540,numericid-WORD,1,False
part_5/8545363405007698-FLIP SWITCH.mp4,part_5/8545363405007698-FLIP SWITCH.mp4,flipswitch,a599c1018ab4fe865622d52e666b3e04429cec752a8489b2ca6780953c764165,466307,numericid-WORD,1,False
part_5/8546219501477439-ORANGE.mp4,part_5/8546219501477439-ORANGE.mp4,orange,a86dab89a0bbd9102c78c763d94882b42208c907d3cd10c97c1802c7cba15e1b,460160,numericid-WORD,1,False
part_5/8549492244783126-BENEFIT.mp4,part_5/8549492244783126-BENEFIT.mp4,benefit,4f68f763e17c7396c15ae111e49dd06303eda4fe9c43f41a72fc680d73cdcb58,504325,numericid-WORD,1,False
part_5/8554902350602769-HEADCOLD.mp4,part_5/8554902350602769-HEADCOLD.mp4,headcold,a991fd673da9e8fde159f728f751a3987c0cb55da9f0bd3f487000fd45debc18,2049591,numericid-WORD,1,False
part_5/8557233873852952-BREAD.mp4,part_5/8557233873852952-BREAD.mp4,bread,a24dcaf87775f1c5cdb526274aa87d3a71baaffdaf9364b68f3aaf002ef24b5f,417091,numericid-WORD,1,False
part_5/8561080865990032-HEARING.mp4,part_5/8561080865990032-HEARING.mp4,hearing,c2321ff907d9177215fea48110bc4da9cb9f7fb55b37255efe7c0b79dcc57d24,580609,numericid-WORD,1,False
part_5/8562508875782384-FOX.mp4,part_5/8562508875782384-FOX.mp4,fox,1ad1fa26cdc5f5afffb96f4904da25e5fbbce033a0eefadc07bf39cd8d45afc3,379254,numericid-WORD,1,False
part_5/8562857816473985-CALL ATTENTION.mp4,part_5/8562857816473985-CALL ATTENTION.mp4,callattention,65c2283375c202b6bf28673460393e004f6542fa18e1998b91d3dcded1a3ea80,707349,numericid-WORD,1,False
part_5/8565231572205234-SURE.mp4,part_5/8565231572205234-SURE.mp4,sure,9fd329b1c859977f287e4b8f511d3e12f1c5af6839b1af5bcbbce31014b8fdb0,602148,numericid-WORD,1,False
part_5/8570838225319799-AT.mp4,part_5/8570838225319799-AT.mp4,at,3542ae6360179633c26ad17dfeda8121ad8ee501da0a884909b47c08800d5994,533031,numericid-WORD,1,False
part_5/857303910466829-GARAGE.mp4,part_5/857303910466829-GARAGE.mp4,garage,987ff33dad9fc67866d3c7ab70bdbbf74607df1b4c065894fec57a68b80f0347,496631,numericid-WORD,1,False
part_5/8574210597765108-EVERYDAY.mp4,part_5/8574210597765108-EVERYDAY.mp4,everyday,6c0c48c31765cd2af0661aaaa86b229f271a91d38a58d8336f168b479c080a94,587189,numericid-WORD,1,False
part_5/8584565930052828-PLAYERS.mp4,part_5/8584565930052828-PLAYERS.mp4,players,d42a5f06c227f93a40d03e709ccd2b460d981286ba62b6fcc61b115763d5a390,617945,numericid-WORD,1,False
part_5/8584795698719989-TENT.mp4,part_5/8584795698719989-TENT.mp4,tent,34b2edaab5cf6d79aa26f6941e0825e1cd06f8dad407d0b573de44de6f312448,337509,numericid-WORD,1,False
part_5/8601391713136628-ACCENT.mp4,part_5/8601391713136628-ACCENT.mp4,accent,dc5ef95f5de6ee85e55674aff0125cbcef461a33e415e7f667314232c1a423e3,500533,numericid-WORD,1,False
part_5/8607021289923507-DICE.mp4,part_5/8607021289923507-DICE.mp4,dice,87802afb79e6cbe9ae47bfb666a68db63713e4c8e2138b2bc8987152ade47ff8,267894,numericid-WORD,1,False
part_5/8607670807410235-TOO MUCH.mp4,part_5/8607670807410235-TOO MUCH.mp4,toomuch,12ddf42c8f0b701f82be0e0f69e19bb37a290eadae7aacf286951532d9eda565,377877,numericid-WORD,1,False
part_5/8615573644845795-GOLF.mp4,part_5/8615573644845795-GOLF.mp4,golf,1899d2b5d289dc69eea2e371927f510a523fa02114189d73aeb3f81c3d42ef57,403241,numericid-WORD,1,False
part_5/861943373105919-DILEMMA.mp4,part_5/861943373105919-DILEMMA.mp4,dilemma,f947cf647a88dfdc17778ac9c27743c9b7e998c85d099832c3173651893e6232,604445,numericid-WORD,1,False
part_5/8620925796823589-seedEIGHT.mp4,part_5/8620925796823589-seedEIGHT.mp4,eight,d449d2633756de532c88b03a4c0264aeed1bd7a590d2f420ded27c38e7372322,616751,numericid-WORD,1,False
part_5/8625172690258509-EGG BEATER.mp4,part_5/8625172690258509-EGG BEATER.mp4,eggbeater,e8769c5707df628d764b9dfa5b822de88dd98b4c9130d99423b6ab4f32853397,407882,numericid-WORD,1,False
part_5/862885538812086-OCEAN.mp4,part_5/862885538812086-OCEAN.mp4,ocean,0e524e68302a9318fd0ec32e5c7e9fe124cda81f4d7d1b2f245174ed8470161b,564314,numericid-WORD,1,False
part_5/8630323737077767-FIRST.mp4,part_5/8630323737077767-FIRST.mp4,first,d4cf6123804235779e164b98a5f100cf619279b9c3c8b1c8483beb516eeab140,468962,numericid-WORD,1,False
part_5/8631506472137154-DEFLATE.mp4,part_5/8631506472137154-DEFLATE.mp4,deflate,dc96029d3bf8e027d0a6929539d1ef442b973f19b0b16770c6bae6ec49ef95fc,520130,numericid-WORD,1,False
part_5/8633200280530218-SHEEP.mp4,part_5/8633200280530218-SHEEP.mp4,sheep,dfc39c029f9fb5d709c88b6a036f393528d35b92e5a99d9b125d2d19dae10a5d,396018,numericid-WORD,1,False
part_5/8633906244621417-WATER.mp4,part_5/8633906244621417-WATER.mp4,water,67412b4caebf43d2a30b4f95a5dcc9da368d483366a2919c122886d39e34bc21,608168,numericid-WORD,1,False
part_5/8636891644600095-ABOVE.mp4,part_5/8636891644600095-ABOVE.mp4,above,97d68382d0b8ac693efa419de6337cc563b2449d00f9c998e3d9d6e96ebd9d52,581369,numericid-WORD,1,False
part_5/8641906132122146-LUNGS.mp4,part_5/8641906132122146-LUNGS.mp4,lungs,624d45c88c16847ed44c23a6da2bfa4196149ae649d642b996d3bd0d7014d4e5,642816,numericid-WORD,1,False
part_5/86475700969934-SPACE.mp4,part_5/86475700969934-SPACE.mp4,space,092013433cb90b212fa41f5e933d976d0e82ba7d1fcdd73f65748c6ce0a2a01e,382322,numericid-WORD,1,False
part_5/8656492779276159-CHEESE GRATER.mp4,part_5/8656492779276159-CHEESE GRATER.mp4,cheesegrater,0ea0a85403fffe0e998afb7d69801e042a89bf4c4b04ec9cc7df7f484b4de97f,429511,numericid-WORD,1,False
part_5/8662941047778925-EXPLANATION.mp4,part_5/8662941047778925-EXPLANATION.mp4,explanation,d519787966db191c002e5fc92c4e7b5b633e720ecbeaacfd94307477a180c99c,730091,numericid-WORD,1,False
part_5/8665280601243064-TUBE.mp4,part_5/8665280601243064-TUBE.mp4,tube,45a283d8c8a38478133b300969e00ddd26e0a0e149c1f2fa31572b55b442d865,767675,numericid-WORD,1,False
part_5/8667883005600749-SEQUENCE.mp4,part_5/8667883005600749-SEQUENCE.mp4,sequence,b22db0c36bf01f3596dbfb97bbf795faadf25308bd8e3c1ffe51adbe3dea37e4,598669,numericid-WORD,1,False
part_5/8670896998361473-SET UP.mp4,part_5/8670896998361473-SET UP.mp4,setup,b747131b1e3fff8a5c99506c84904054bb413ff9b9d947630b8d3c216c0089a9,532237,numericid-WORD,1,False
part_5/8673308540057565-THINGS.mp4,part_5/8673308540057565-THINGS.mp4,things,b3a1a4fb7e70eeca92eae995e5013568db5c47ef3356a0adc592e60b0ccf36b1,192852,numericid-WORD,1,False
part_5/8674629987627873-EXPLANATION.mp4,part_5/8674629987627873-EXPLANATION.mp4,explanation,c952db5fd36ffae37ecaa714381291ad947e84395466531a2aa8d9f349005198,604716,numericid-WORD,1,False
part_5/8674676223346431-FRISK.mp4,part_5/8674676223346431-FRISK.mp4,frisk,0542abcbf5069cabbf41a805078e0ee028c49460a6a3c25c75e78d6991c90dc2,559348,numericid-WORD,1,False
part_5/8676131054151137-SUCK.mp4,part_5/8676131054151137-SUCK.mp4,suck,17462c170d5562f5a8f85b8b9af4838e72ead791f253a85d875b1dd28ae7f107,503769,numericid-WORD,1,False
part_5/8679140560847323-GUIDE.mp4,part_5/8679140560847323-GUIDE.mp4,guide,a11386bb2dde18741db909e21f99bf89187d3be67cf5b33cf0b9d219f29a6e8e,614682,numericid-WORD,1,False
part_5/8679784931591357-FALLING ASLEEP.mp4,part_5/8679784931591357-FALLING ASLEEP.mp4,fallingasleep,058a916675eae61aef34eeb1dce50f3f93145853dbd7be8041b24b12231234f5,747643,numericid-WORD,1,False
part_5/8679847374335452-READ.mp4,part_5/8679847374335452-READ.mp4,read,5a4fb0879f1af3b686d1aa9d7a2a1895d7006189ae8f55e464c9bd79b4b1adcf,603859,numericid-WORD,1,False
part_5/8679999504638329-DISRUPT.mp4,part_5/8679999504638329-DISRUPT.mp4,disrupt,ef3d7399c3ed206723330b2fdbc9e9da6d267fd8bc22b10502fd9e84128a0971,546347,numericid-WORD,1,False
part_5/8684886420670839-VALIDATE.mp4,part_5/8684886420670839-VALIDATE.mp4,validate,3c6d559dcba7d55d6b9339a373ca7ed3b9675247ecc81dc18c6006d5050a7fad,663052,numericid-WORD,1,False
part_5/8685800603107479-ACCESS.mp4,part_5/8685800603107479-ACCESS.mp4,access,56f3c56aea6de9d8b1faa44f577ad619df9f856896d97f37646c82454054f295,431902,numericid-WORD,1,False
part_5/8686922353055204-NOT YET.mp4,part_5/8686922353055204-NOT YET.mp4,notyet,e47194d4e31faf0b47ea945cadb4c05b8c94c38404a4a3da022dc4a0404ddba0,438135,numericid-WORD,1,False
part_5/8688746790398141-seedMAID.mp4,part_5/8688746790398141-seedMAID.mp4,maid,740c59cd9662d9208788da4b4ae56af7e74c731955f49392fb5c5f19a533324e,625952,numericid-WORD,1,False
part_5/8693777963619582-PRIDE.mp4,part_5/8693777963619582-PRIDE.mp4,pride,f617c0b1667229a071ce56f4b484e19fdc6ceb1f2e85bda23ee22d878c1bdafd,451255,numericid-WORD,1,False
part_5/8694140509767512-NOOSE.mp4,part_5/8694140509767512-NOOSE.mp4,noose,bf2b43131860c5b3c24487dfb0dc287aec9565a1da8966ef892bb477b16b30ff,1294053,numericid-WORD,1,False
part_5/8696305530592072-POOP.mp4,part_5/8696305530592072-POOP.mp4,poop,2e89666355427932c91a7ce3731c40abc9a87674e96a4c953bc162d585b32555,766696,numericid-WORD,1,False
part_5/869684727328712-WISH.mp4,part_5/869684727328712-WISH.mp4,wish,bcb20890881aefe6d24d9c55d437c1a8bd1c24e7461b7245e32ef0c21da7fe01,484949,numericid-WORD,1,False
part_5/8696982421124293-EVERYTHING.mp4,part_5/8696982421124293-EVERYTHING.mp4,everything,f14ce77b1d2c6d4409f44956c4a3584a1cab3ab44a7f8b10a6583d2f0c4112dc,483092,numericid-WORD,1,False
part_5/8699210337284036-NOW.mp4,part_5/8699210337284036-NOW.mp4,now,a8f16a68c8f65368dfebb6239d9b9e9b064a03256de83d4a7303d1b8a70d64a5,282528,numericid-WORD,1,False
part_5/8702489292382782-DOUBLE.mp4,part_5/8702489292382782-DOUBLE.mp4,double,1c798d8957b456c8ab5a061490fce3e5ee71c8f9af8aac57e12b410ce60355ab,529922,numericid-WORD,1,False
part_5/870652211340813-INTUITIVE.mp4,part_5/870652211340813-INTUITIVE.mp4,intuitive,be03669bcb741a18745d110c5964215b2922a16424b3fc99911dbba7b33ab242,561443,numericid-WORD,1,False
part_5/8710294613452771-CHINA.mp4,part_5/8710294613452771-CHINA.mp4,china,e86d4c41f4af01f2e37111c6b5f60764a326eb95776b0fc8245f13d2e6039563,759067,numericid-WORD,1,False
part_5/8714071069688005-POSSUM.mp4,part_5/8714071069688005-POSSUM.mp4,possum,4306ed6f06f8aee6657f83555ac985074e41b137cdeb1d48cb94b18a36b7adc6,523997,numericid-WORD,1,False
part_5/8716553509140552-seedBOILING MAD.mp4,part_5/8716553509140552-seedBOILING MAD.mp4,boilingmad,d8c59ca02964cd69f43bf1a8ab75de3c93b952c1fc3d676faec251fbb41b41a5,769095,numericid-WORD,1,False
part_5/8720763871218964-INSURANCE.mp4,part_5/8720763871218964-INSURANCE.mp4,insurance,03867636bf49670d90ffba463bcffa6f6c98cf6f5eb8dccf2b6a46cf56f483cf,481210,numericid-WORD,1,False
part_5/8726238653025118-EQUAL.mp4,part_5/8726238653025118-EQUAL.mp4,equal,5037baa7e0b5c9b0a010c63cabcaec59c70525f3ec2b6095300ecffcc7d5bf54,295048,numericid-WORD,1,False
part_5/8726950146311769-PLUNGER.mp4,part_5/8726950146311769-PLUNGER.mp4,plunger,2d771f9898a5e0e47ff3ab62323fc93f6d546d25084580f48cfcaa46d7ef9107,841625,numericid-WORD,1,False
part_5/8727218770843088-RICH.mp4,part_5/8727218770843088-RICH.mp4,rich,f726fc6b0b3febf5735c10b54393b0530130417a756d63a4fee6e1e3e24f0ac0,526240,numericid-WORD,1,False
part_5/8734214522542973-PERSUADE.mp4,part_5/8734214522542973-PERSUADE.mp4,persuade,cb873c1c8f2ee7c7211d85d175c86d6324731944d60892e1e1f3e5992d65ab1c,502209,numericid-WORD,1,False
part_5/8738294912791575-GET TOGETHER.mp4,part_5/8738294912791575-GET TOGETHER.mp4,gettogether,c2c33fd7abab0fc90dc212ed82dec67963e93d3d0e7ddfd4601b0a3f2fe965ca,505642,numericid-WORD,1,False
part_5/874254463987109-LEAD.mp4,part_5/874254463987109-LEAD.mp4,lead,d66923b99d6afd03441e0d1df72cb2c7aacb7d3b838a5ad39f99f87b6825704e,792393,numericid-WORD,1,False
part_5/8752921740758894-OBVIOUS.mp4,part_5/8752921740758894-OBVIOUS.mp4,obvious,b2b0c581869529a1e6198761c6e0d5359a7452d0cec370e6383d3b9a18e09112,382071,numericid-WORD,1,False
part_5/8753167270516746-PRESS.mp4,part_5/8753167270516746-PRESS.mp4,press,8d350f4778d45832436e01bd8fbaa35b4372b527ff0eb84d95d3ce7b80ec088b,488353,numericid-WORD,1,False
part_5/8754407246359903-GREECE.mp4,part_5/8754407246359903-GREECE.mp4,greece,3a118968b78fe6f1282eaa8feafd0bc7457f05ad7b49b35e025c8bfeb06e3cc6,399647,numericid-WORD,1,False
part_5/8756443977057402-AREA.mp4,part_5/8756443977057402-AREA.mp4,area,9a29507406a51c12e4861558a65f4347484962c8d8473bbe3e9597eadc929d17,299525,numericid-WORD,1,False
part_5/8756543991409855-seedFILL OUT.mp4,part_5/8756543991409855-seedFILL OUT.mp4,fillout,b56caa9f54f3b74eac52e957537280d8938326cf6dd9facb82b9efe8cfdc5750,822269,numericid-WORD,1,False
part_5/8759129523620577-PROPOSE.mp4,part_5/8759129523620577-PROPOSE.mp4,propose,49ba0f22598981e28eaa784b447864d1e1c7e788cf18dfbc007f1dd67304b9b0,487129,numericid-WORD,1,False
part_5/8759690473866555-MUMMY.mp4,part_5/8759690473866555-MUMMY.mp4,mummy,a6a78747172cd3dbca6e4a6a1d5e5605e3301cb3ab64d6ba751ce6e0904d3729,592180,numericid-WORD,1,False
part_5/8762740499189581-BOSS.mp4,part_5/8762740499189581-BOSS.mp4,boss,5eab6f3a2db0d4bef5d5a1376866e85fecbb12e191167608d4d437ecd580ba47,271536,numericid-WORD,1,False
part_5/8764129814637727-TWO.mp4,part_5/8764129814637727-TWO.mp4,two,b6bbb5b52c31ff24c4cfdba8edc754fff20327742e95b99327aaa8d696ab23d3,353105,numericid-WORD,1,False
part_5/8765271595524837-KILL.mp4,part_5/8765271595524837-KILL.mp4,kill,7d2ca68390324648c699950ae15b44fe4f7b62a2fbb16dc022689b2c0d95fc0b,493033,numericid-WORD,1,False
part_5/8765379179357844-WASH MACHINE.mp4,part_5/8765379179357844-WASH MACHINE.mp4,washmachine,6367f3880e54b61b0667cb024724d1dd56ca06fe304054af055ecdccca4c49e2,442856,numericid-WORD,1,False
part_5/8766883347750865-DANGER.mp4,part_5/8766883347750865-DANGER.mp4,danger,f1a2ef5084142681d2d47ea955002a2b8323a677cf83c435e2df73bd3de4b090,509435,numericid-WORD,1,False
part_5/8771685364164121-COCAINE.mp4,part_5/8771685364164121-COCAINE.mp4,cocaine,f18cf15da65921e1210d8d44c5fe1c707d685a51dde16e7a79c85ac8e88c1c99,439330,numericid-WORD,1,False
part_5/8774968471358-POLE.mp4,part_5/8774968471358-POLE.mp4,pole,4833d29f1d90007cb5ac9ab49febff6da5afe92dee53e5e3ad50e15047817a8a,596704,numericid-WORD,1,False
part_5/8778046791266789-ACTION.mp4,part_5/8778046791266789-ACTION.mp4,action,a4e084aae39aaded49940977466ab0caf6aa829fd497e3bac16e6c7192a4962d,1035615,numericid-WORD,1,False
part_5/8782764153522997-SOCIETY.mp4,part_5/8782764153522997-SOCIETY.mp4,society,9c4286f4a39055699f9fc9aa2f05abb4014f03d6fc8aa74df3f0a4e3f3631938,604494,numericid-WORD,1,False
part_5/8785832730738978-HAND SOAP.mp4,part_5/8785832730738978-HAND SOAP.mp4,handsoap,011229ad3bf77feda304175b1efaec5e58662aa5d608aaca4438a4f18e61f4f4,485536,numericid-WORD,1,False
part_5/8788542983119336-BERRY.mp4,part_5/8788542983119336-BERRY.mp4,berry,220d66bc03688559f543c583e5062ed4da301ea3e15e701d4783a049cae94f92,508342,numericid-WORD,1,False
part_5/8789305254600346-CURTAIN.mp4,part_5/8789305254600346-CURTAIN.mp4,curtain,1e017691783aa035cbe7ef8f911b17335b3ab5852cfb4d2751da1324d65eaa3a,542651,numericid-WORD,1,False
part_5/8790138383097685-WRESTLE.mp4,part_5/8790138383097685-WRESTLE.mp4,wrestle,e6230f578a9e5f794d7d8d1c6f70afedecb0ee916b0a3b46ec15caa8dec376ed,595785,numericid-WORD,1,False
part_5/8792365321169198-CLOSE.mp4,part_5/8792365321169198-CLOSE.mp4,close,ad4e63e47bc4abd84643ef73c9ea3b47aaf5e195dc22ef3c2a5abfc8ad97aa43,650296,numericid-WORD,1,False
part_5/8792539783717879-seedBOY.mp4,part_5/8792539783717879-seedBOY.mp4,boy,e9d73cb33938289438349f002b8b3da95f4d2752ca822e778a03d28ff8983c29,1057424,numericid-WORD,1,False
part_5/8793969410491562-TIME TO_TIME.mp4,part_5/8793969410491562-TIME TO_TIME.mp4,timetotime,9b5632819c5106369689432b5209cf25e1186b24a3711c9cac02ede3ebdded68,608589,numericid-WORD,1,False
part_5/8795654845145602-ENJOY.mp4,part_5/8795654845145602-ENJOY.mp4,enjoy,b474d77e6e0f8b6f5dab02adde542acd443164c3342958c9565c710f625bea4a,487367,numericid-WORD,1,False
part_5/879764766565525-CATEGORY.mp4,part_5/879764766565525-CATEGORY.mp4,category,45019a83f0a829a70c78c4ca17211b4647f3fe49ac38a0e52865fb5e2f3dc6dc,595039,numericid-WORD,1,False
part_5/8801122812632831-EMBARRASS.mp4,part_5/8801122812632831-EMBARRASS.mp4,embarrass,f344a0ac8378646be97c1b03459cf5648f912ebd3b498253c6d6a069fc799de8,364211,numericid-WORD,1,False
part_5/8801508364149226-PREACHER.mp4,part_5/8801508364149226-PREACHER.mp4,preacher,186ddc1bfa253f72be4e4a553a6851bae0ef3413f918eeb656b7cb4bdaefa008,618641,numericid-WORD,1,False
part_5/8802489676217098-FLIPFLOPS.mp4,part_5/8802489676217098-FLIPFLOPS.mp4,flipflops,be69847710dffc8c1f03201dd94dac6f6071e1c416937ff9c18ada69e7919c58,408053,numericid-WORD,1,False
part_5/881109779025814-VEST.mp4,part_5/881109779025814-VEST.mp4,vest,9731e0e2657f8df16660b38249232d03ccd58d4a3e0f6f4e473d99f341c4519f,449884,numericid-WORD,1,False
part_5/8819469349352005-RAISIN.mp4,part_5/8819469349352005-RAISIN.mp4,raisin,ce75017225acb2e6d826bc44a5d97494ff37b26c8b1bca0acdf980722265b549,584781,numericid-WORD,1,False
part_5/8820315059845052-TORNADO.mp4,part_5/8820315059845052-TORNADO.mp4,tornado,5c291d58e8285129aaffbf22f757937dadc14a87471ba6172f8016fc9a02132d,589855,numericid-WORD,1,False
part_5/88212363001045-TODAY.mp4,part_5/88212363001045-TODAY.mp4,today,8dd2d20627f42af5be9b1e56c49bc00fd4e21353b3c79ef9f5469b771ca4930d,676897,numericid-WORD,1,False
part_5/8825809251775667-BUS.mp4,part_5/8825809251775667-BUS.mp4,bus,a5fe00507fdb10d247f6b4b75fac4438e2a97800824cb1a15dfbc8fef5fa5b70,219232,numericid-WORD,1,False
part_5/8830124407529862-PLANT.mp4,part_5/8830124407529862-PLANT.mp4,plant,688fb38582dac213581cecfd0d476dd8ce2d230b5045dee72605f636c0a88a27,508608,numericid-WORD,1,False
part_5/8830783433641365-QUIT.mp4,part_5/8830783433641365-QUIT.mp4,quit,606ed59c718ab9fa273da65aebe873fce02575d4aeeed89f8414d4ee223bb178,706245,numericid-WORD,1,False
part_5/8835249307418074-BUFFALO.mp4,part_5/8835249307418074-BUFFALO.mp4,buffalo,da8dc5cb11d595d55687c98f15e6fa2bb4f9d47dd49a74c166a840778dcf52fb,457216,numericid-WORD,1,False
part_5/8841029270048923-OVERNIGHT.mp4,part_5/8841029270048923-OVERNIGHT.mp4,overnight,9f00a4fa7602ab67fa36739e4d31c779d11a450bf94fa79d867a48ee8171f69f,533409,numericid-WORD,1,False
part_5/8841886333943738-SPOON.mp4,part_5/8841886333943738-SPOON.mp4,spoon,44e73d26ee2f25ce0ae20c2db3bcea4e8266be3e14c7c9965062f3a8c92e5d52,571784,numericid-WORD,1,False
part_5/8842194027785473-HANUKKAH.mp4,part_5/8842194027785473-HANUKKAH.mp4,hanukkah,1cc7856cf9f4f6b6373724889b6a6420cd02065e2c51a5c633d81801b170c8a3,1158094,numericid-WORD,1,False
part_5/8844856639977923-BRICK.mp4,part_5/8844856639977923-BRICK.mp4,brick,43db42edb56ebb032259da710d9d8234d16283f27f38d34d84fd3ca7de470535,470989,numericid-WORD,1,False
part_5/8860308707960689-ROOF.mp4,part_5/8860308707960689-ROOF.mp4,roof,922bd0b3ef70c4a970b16b732f887416909d175fa5265f53a274db6c878b10c3,500915,numericid-WORD,1,False
part_5/8864781146850087-GRAMMAR.mp4,part_5/8864781146850087-GRAMMAR.mp4,grammar,d1c47b03f345f30fbc992a2d87a4bf192482fce4b98eb46f611d6607f283bdae,634292,numericid-WORD,1,False
part_5/8865841351039696-STICKY.mp4,part_5/8865841351039696-STICKY.mp4,sticky,2b51f5a40032519f8366feeb9bde78bec9ea107b11a07b6c20e44ccb5feca746,655309,numericid-WORD,1,False
part_5/8867515333072293-ACT.mp4,part_5/8867515333072293-ACT.mp4,act,f8fdf7b62efdbd69e92cb5e57a1a3ffc21cecb8af1523dd342cad131820f01af,824952,numericid-WORD,1,False
part_5/8873964892311108-SAXOPHONE.mp4,part_5/8873964892311108-SAXOPHONE.mp4,saxophone,b0e1d58853ef7d5cfb1a7f7c05736120a9c9f53b1850e515745ce3b168b6eac5,528360,numericid-WORD,1,False
part_5/8876638287648129-VACUUM.mp4,part_5/8876638287648129-VACUUM.mp4,vacuum,8da032af4de3afd0ff0ed49fabbad0b29cc46c6cd364ba395d66332ece9229dd,615239,numericid-WORD,1,False
part_5/8885915598928231-CARRY.mp4,part_5/8885915598928231-CARRY.mp4,carry,ccfb672567ee923aa446d72aa7dccbbeb296ec77d8632b30717cb8a7e567d10e,438911,numericid-WORD,1,False
part_5/888614784762559-POPCORN.mp4,part_5/888614784762559-POPCORN.mp4,popcorn,ca73cabdd2c018f8b11c11d52e4f76236cbac5e2ba7d24997a7b1c39dec83ec6,419189,numericid-WORD,1,False
part_5/8888684132386102-ASK.mp4,part_5/8888684132386102-ASK.mp4,ask,8b385ba708f6ec203e9655ffe71db10fb53dbec93d05bf80cdb1f58094b632e7,1112201,numericid-WORD,1,False
part_5/8894801652604905-SNEAK ADVENTURE.mp4,part_5/8894801652604905-SNEAK ADVENTURE.mp4,sneakadventure,bcfddd67940d30ee06fb783b97bd432eb022e2eddbde20925f6cada8c0520228,1143725,numericid-WORD,1,False
part_5/8895836371924806-NOT INTERESTED.mp4,part_5/8895836371924806-NOT INTERESTED.mp4,notinterested,b429d6b013a23cf1f16937fa3c56a56ca1ac162718c0a3c0d816fd8547834769,794152,numericid-WORD,1,False
part_5/8898715289966257-STUDY.mp4,part_5/8898715289966257-STUDY.mp4,study,c32bf98231c07524e4ea12bee778f19fc734f568199c6c03b06196240d0ca0a7,322622,numericid-WORD,1,False
part_5/8899030774657288-CROSS HEART.mp4,part_5/8899030774657288-CROSS HEART.mp4,crossheart,38b59ed6e00d3576d5f9732d862caba69135ddc2942ef156f35ec77928a3e9c1,680114,numericid-WORD,1,False
part_5/8899763590369401-ROUGH.mp4,part_5/8899763590369401-ROUGH.mp4,rough,b9f84a507f8dffa2a0ca2161fe2f5682fa43b5bb0dc1a007b9e8cc8520e1dff1,300775,numericid-WORD,1,False
part_5/8902823729691933-VERY INTERESTED.mp4,part_5/8902823729691933-VERY INTERESTED.mp4,veryinterested,a293f8ab12b29d345dcfbbd442b85e966754f0fb021bdfa730d5ab8c51e45567,506699,numericid-WORD,1,False
part_5/8903716457023132-FILTER.mp4,part_5/8903716457023132-FILTER.mp4,filter,38eb5f636b2219cc3c39180727f79fccdf008ee0821972f9129cab54f8c9223a,707021,numericid-WORD,1,False
part_5/890398204625956-RUIN.mp4,part_5/890398204625956-RUIN.mp4,ruin,db2671b55e2957025972953895d1ab82085235a4f99e3316427341929761e59f,612414,numericid-WORD,1,False
part_5/8909248449374083-LONELY.mp4,part_5/8909248449374083-LONELY.mp4,lonely,47691285c2e10824494afecd2021032b8a4d1e1342205fb241bb2c9f46fcf0fc,855361,numericid-WORD,1,False
part_5/8914507219870214-AMERICA.mp4,part_5/8914507219870214-AMERICA.mp4,america,1c6a5612c0f8ad8025b05b01acb096be630b3b11ed0498f389a1d58681135a38,373642,numericid-WORD,1,False
part_5/8914968718031042-seedDRAGON.mp4,part_5/8914968718031042-seedDRAGON.mp4,dragon,29b26eda12319202f42343361d0bdd9c5d34ad9cbbfdde9c02fe745fdfb7f759,769248,numericid-WORD,1,False
part_5/8916797121794564-QUALITY.mp4,part_5/8916797121794564-QUALITY.mp4,quality,d85d8f173fe90fbb5c929bc3071d7f8e857fc01ec92750be22155f2c22efb25e,397075,numericid-WORD,1,False
part_5/8917019991674742-8 HOUR.mp4,part_5/8917019991674742-8 HOUR.mp4,8hour,8619b9426be43d3029fb1e25792c52615e00c2ddde40c4c6471426d91cb0e260,568321,numericid-WORD,1,False
part_5/8919548889591642-STOCKINGS.mp4,part_5/8919548889591642-STOCKINGS.mp4,stockings,4584934b44fdb014c8d3ab59a4ede1b21780aae585785bdf66ae5e7f3b768db3,613785,numericid-WORD,1,False
part_5/8921639389985982-DISTRACTED.mp4,part_5/8921639389985982-DISTRACTED.mp4,distracted,7253218913e466e2a0b6daa58cbdb48aa5185b5ea2e1cea150613e20df56cc00,393589,numericid-WORD,1,False
part_5/8923422468814945-APPEAR.mp4,part_5/8923422468814945-APPEAR.mp4,appear,685c052cac6c9efa337fe12870fe582ba100e378d99b3ea50d9e73c56031a18a,530978,numericid-WORD,1,False
part_5/8931436912060677-LIST.mp4,part_5/8931436912060677-LIST.mp4,list,a7f85b2d849a342800cb413d7d540735380c73c09b0a87c63a801cbfcc935034,844078,numericid-WORD,1,False
part_5/8935673196518124-DONUT.mp4,part_5/8935673196518124-DONUT.mp4,donut,7085281fbc6442b208854304ec5cb7494409f0de57515564ca299fbbe9b2f466,501982,numericid-WORD,1,False
part_5/8938451388383415-KID.mp4,part_5/8938451388383415-KID.mp4,kid,799310fe4c03792b2b1d3d63e57ff203dfe92f3f20532bcdbf35f4bfdd581f4a,605608,numericid-WORD,1,False
part_5/8942999888746439-CLUELESS.mp4,part_5/8942999888746439-CLUELESS.mp4,clueless,3ca5cd76b3a7960fb36258a7151cea6ae12ef21ea55baff651977d2db4947c96,341065,numericid-WORD,1,False
part_5/8943085679831104-DEFLATE.mp4,part_5/8943085679831104-DEFLATE.mp4,deflate,d011548ffa30fcb6c104010db78faf16f5215bc7a097c230619010ea6ff87743,463169,numericid-WORD,1,False
part_5/8946235229173873-CHAIR.mp4,part_5/8946235229173873-CHAIR.mp4,chair,3b6afef3ce08e9a927d0fbc0a1ee8d7841e92bd82b939f7433abae49ba26be72,307639,numericid-WORD,1,False
part_5/8951290047249718-HELL.mp4,part_5/8951290047249718-HELL.mp4,hell,2abfed06a5354bf3ce6611ca03ed23ffc13f94f94df714cb190fba91c7692706,756646,numericid-WORD,1,False
part_5/8953075518220837-COMMUTE.mp4,part_5/8953075518220837-COMMUTE.mp4,commute,0bcb795f2ab535b9ef2f51a0a5b23cd17c9ab86b3238d68df54efe2902ec946f,1602862,numericid-WORD,1,False
part_5/895774270343501-PENNY.mp4,part_5/895774270343501-PENNY.mp4,penny,9baad95f729bd3af890b3d9c29a08e417d072307ab6aea89b866e1c721f7eb27,361840,numericid-WORD,1,False
part_5/8969706484663369-HARMONICA.mp4,part_5/8969706484663369-HARMONICA.mp4,harmonica,79393d2ed66821969f2cf275a278edfbd9258d4b5806f34053b5c8acb1e1835d,612255,numericid-WORD,1,False
part_5/8974660354440616-TAKE CARE.mp4,part_5/8974660354440616-TAKE CARE.mp4,takecare,60b2060de312e1e9e676f784b8a288a3c39386227ca8951313c7b94687113146,698921,numericid-WORD,1,False
part_5/8975615819101181-LET GO.mp4,part_5/8975615819101181-LET GO.mp4,letgo,94c42338043f79c70160b09bece98ea9c38346a58775c8d62c640e0d9f974404,422634,numericid-WORD,1,False
part_5/8977104701979994-FRECKLES.mp4,part_5/8977104701979994-FRECKLES.mp4,freckles,50d89b6a5eed52e2f8fab4a211809699df2a4aa064ac5ede54d9d835941a6572,297512,numericid-WORD,1,False
part_6/8986998726266588-OR.mp4,part_6/8986998726266588-OR.mp4,or,45ffad44263f1f0252c1b728efc99f0c9d64959e2e4af2424103692dbdc79115,455235,numericid-WORD,1,False
part_6/8988100187454251-HIGH SCHOOL.mp4,part_6/8988100187454251-HIGH SCHOOL.mp4,highschool,7dc141b35c68af08a8a74d47ed6dd6f092e9212b93070b646abf94a98d6c649c,368112,numericid-WORD,1,False
part_6/898847225318828-STARS.mp4,part_6/898847225318828-STARS.mp4,stars,f01ca74f5b48bf0ccbf5bca3677ddc109aec03d1c373e409b81951fdd6815a40,2124328,numericid-WORD,1,False
part_6/8999226458272809-seedHAIRDRESSER.mp4,part_6/8999226458272809-seedHAIRDRESSER.mp4,hairdresser,8c3683c97d7b0b2d3c6693166586198d57fabfa9cade4bd78e6c9629ff2b3b15,755170,numericid-WORD,1,False
part_6/9001663609516171-FLIPFLOPS.mp4,part_6/9001663609516171-FLIPFLOPS.mp4,flipflops,a0bfc7adc63691fb9c6f16d362a883c3604230aefcfbe0b212d14baa0f5d28d0,424250,numericid-WORD,1,False
part_6/9006099074294658-OFTEN.mp4,part_6/9006099074294658-OFTEN.mp4,often,424c24303e5d106dd9634bfce6daf37e4f3f3bcde8a4c03b02bfc942c74806c6,567704,numericid-WORD,1,False
part_6/9007589901712383-SILVER.mp4,part_6/9007589901712383-SILVER.mp4,silver,96ab59a06ee6b3ac351e05ec0d42595a87bf1a50dd37b16e31fb10221d06f132,310229,numericid-WORD,1,False
part_6/900949174809696-PHONE.mp4,part_6/900949174809696-PHONE.mp4,phone,3c3950215ce9fa32bad840035591ad832d5ededdf7621df8dbfd1028f20c0235,497175,numericid-WORD,1,False
part_6/9010430715549747-FIANCE.mp4,part_6/9010430715549747-FIANCE.mp4,fiance,0b09c10c7fe2ac228d70d51cfa451552e6b3c917c94f22bce22c4e6f9aa81304,644610,numericid-WORD,1,False
part_6/9011569050076182-HOTDOG.mp4,part_6/9011569050076182-HOTDOG.mp4,hotdog,9163101c3839c70ae2660c6532c134882daf5978e9de03fbc59ffdf0afd204e3,1021193,numericid-WORD,1,False
part_6/9014717712599731-TENDENCY.mp4,part_6/9014717712599731-TENDENCY.mp4,tendency,3f655c2136d18904a741ac9610a789f2fef6b1847df29e17aae4ce5e55303765,490745,numericid-WORD,1,False
part_6/9022647882602894-EXCUSE.mp4,part_6/9022647882602894-EXCUSE.mp4,excuse,afa81acd4bd6b949b22af5a05552e0f2e9d5004e479b5509b500d0ccaf4ae533,469441,numericid-WORD,1,False
part_6/902402413182124-TRY.mp4,part_6/902402413182124-TRY.mp4,try,f9e7694263bffbd21d793cbb76f5d15edbc653ab66115661d507e041d84463ce,515825,numericid-WORD,1,False
part_6/9025539797038711-COMMUNICATION.mp4,part_6/9025539797038711-COMMUNICATION.mp4,communication,030b8b496c9ff122bc3f08dc183ea07994062fa36cb0390538b613e15259ced4,447131,numericid-WORD,1,False
part_6/9029111515933583-LEAGUE.mp4,part_6/9029111515933583-LEAGUE.mp4,league,c75de549f81b9ebae3200dcf019ec18183890e95c4c3935de39fda0fd98fa15a,593042,numericid-WORD,1,False
part_6/9036149331863652-seedTHURSDAY.mp4,part_6/9036149331863652-seedTHURSDAY.mp4,thursday,8cf6fe7869ffe7a338d777190a07e82527b45b5903dce9480ae364d92bee6f8e,1103650,numericid-WORD,1,False
part_6/9037005559860412-RECORDING.mp4,part_6/9037005559860412-RECORDING.mp4,recording,aea4dc824746895cebee728403c1e891884595fa4ce3436864a59437784871f2,463736,numericid-WORD,1,False
part_6/9037803709185512-DISSOLVE.mp4,part_6/9037803709185512-DISSOLVE.mp4,dissolve,20fe9db0f8e69c531e278b389e1fb6e3440da829517f7a6c4dab1384beab4c0c,561876,numericid-WORD,1,False
part_6/9042313665932824-BURN 1.mp4,part_6/9042313665932824-BURN 1.mp4,burn,e281965903fb0b8a3a6d3db4937ba44187ffc2ad45859bf0d2970b0cda9b73a9,519614,numericid-WORD,1,False
part_6/9045560219783599-DO DO.mp4,part_6/9045560219783599-DO DO.mp4,dodo,8108f287d8c417623c61f095d47274489a0f71f4ccd2af26f777812edcdb0b65,582678,numericid-WORD,1,False
part_6/9045930300472638-NEPHEW.mp4,part_6/9045930300472638-NEPHEW.mp4,nephew,267c951147dd290da3659a6b82cca1cea2092117597836710df93c92c40c3f4e,746933,numericid-WORD,1,False
part_6/905009416067118-STRING.mp4,part_6/905009416067118-STRING.mp4,string,167af72f3594d7e35add87a0a5e1d7821aa6beafbefec097c3303082e9a7dd0d,459064,numericid-WORD,1,False
part_6/9054174350851254-FENCING.mp4,part_6/9054174350851254-FENCING.mp4,fencing,abdf28f5dd3ccdaf64813c5f82504cc65bc5a116e8338e31d7fd9b1ab66a9252,237993,numericid-WORD,1,False
part_6/9059362116989631-TRANSGENDER.mp4,part_6/9059362116989631-TRANSGENDER.mp4,transgender,5d580b05ddd3538c4020840291cfc4c61e455823d7047566c9e991666c39ff14,444212,numericid-WORD,1,False
part_6/906079223645682-DEFEAT.mp4,part_6/906079223645682-DEFEAT.mp4,defeat,f474be5598c640ba6c4ddf9fc30340203ba8cb28384a663d00fc6442a150c205,730020,numericid-WORD,1,False
part_6/9061002807726064-PERSISTENT.mp4,part_6/9061002807726064-PERSISTENT.mp4,persistent,abd0b4335b584d5bd116191cb1c91d488ce46c363026f4738e76e069e8017e40,560193,numericid-WORD,1,False
part_6/9061752761485327-CURIOUS.mp4,part_6/9061752761485327-CURIOUS.mp4,curious,85577f1497328239bcc0e66c92488bf95b1009ad82960ed4fcdd59326af50647,135823,numericid-WORD,1,False
part_6/9076139907774032-TOMORROW.mp4,part_6/9076139907774032-TOMORROW.mp4,tomorrow,c2e478bf020c248a886994760c29395a8058abe232dc594775fb701fcb9cf680,346622,numericid-WORD,1,False
part_6/9079978416295513-9 OCLOCK.mp4,part_6/9079978416295513-9 OCLOCK.mp4,9oclock,e19bd7309684534d47c7a9c1ad7052c8e8b609f7d283f1cc527622f3bec3cda4,304959,numericid-WORD,1,False
part_6/9083444482678442-PAGEANT.mp4,part_6/9083444482678442-PAGEANT.mp4,pageant,2f2bddba245cd7ba4f5a773873bf20d056355d38d725e21288d34e01be3e8b82,902813,numericid-WORD,1,False
part_6/9083457961656705-BEND.mp4,part_6/9083457961656705-BEND.mp4,bend,867887606c5d9852da6271dd95c05fcbf2e4bf7c8814680b0ed581baed4cc076,432685,numericid-WORD,1,False
part_6/9083508733318004-STAIRS.mp4,part_6/9083508733318004-STAIRS.mp4,stairs,c43f1373b5fd8b1c8d13c5849cba82f74a4b0253802dbc95df835e7be9847074,583306,numericid-WORD,1,False
part_6/9084539059220444-WHERE.mp4,part_6/9084539059220444-WHERE.mp4,where,fcbb28be43aa346980f2abe42cec940b0feae5092e6eddc43b04e43d57d0859a,323452,numericid-WORD,1,False
part_6/9087549608955505-GET.mp4,part_6/9087549608955505-GET.mp4,get,769fcf4067f4451875d6251e6dab4fa936a3774df45ee9aec515fbb76b19af6b,596114,numericid-WORD,1,False
part_6/9088017970076372-BOX.mp4,part_6/9088017970076372-BOX.mp4,box,165e3454710ddd964154cf978f4b8f86ad2b903735563cca65f3c806d14450cf,1012155,numericid-WORD,1,False
part_6/9089165908468666-LEAD.mp4,part_6/9089165908468666-LEAD.mp4,lead,d3d66c16724d565565ad36b31bdcdbd80eeaa93ae171299c9d111f9381b9277a,669787,numericid-WORD,1,False
part_6/9091013977275411-PEEKABOO.mp4,part_6/9091013977275411-PEEKABOO.mp4,peekaboo,6b07f943909664e9176098f4163209581636728802e52b0cd3a127419c9b43c2,621590,numericid-WORD,1,False
part_6/9100430227499803-WISE.mp4,part_6/9100430227499803-WISE.mp4,wise,b7c2f58d52d7b9e745dd4226b5979720813ad88deb6ec8d8c959ebd7bd0c25f4,1611563,numericid-WORD,1,False
part_6/9101439242572327-GRAB.mp4,part_6/9101439242572327-GRAB.mp4,grab,c10d9b206df17e698941de63b3c66629ddd62901cdf48387492d4b8671989679,441433,numericid-WORD,1,False
part_6/9102289429225916-ATHLETE.mp4,part_6/9102289429225916-ATHLETE.mp4,athlete,9e54324b3e4502ec9123db7d7241ebd6bd630546255c214930dd53d84cc81a18,569909,numericid-WORD,1,False
part_6/9106484216705377-WAITER.mp4,part_6/9106484216705377-WAITER.mp4,waiter,9d055a4d5330e9969876c63665debea641287d9984360e946f2dd287469dddef,366339,numericid-WORD,1,False
part_6/9110010217683278-LECTURE.mp4,part_6/9110010217683278-LECTURE.mp4,lecture,dafe6d2266e2835e6b30e6e5b396ff9f7b4a9dbd11a91c4cdf45c8bd18a3351d,423892,numericid-WORD,1,False
part_6/9110725231993742-HEAVEN.mp4,part_6/9110725231993742-HEAVEN.mp4,heaven,eb3205059801a2c7874ce19eb6ff8323da4a3c225a934fa1e61e31d0c6d90988,449247,numericid-WORD,1,False
part_6/9112603238031598-ATLANTA.mp4,part_6/9112603238031598-ATLANTA.mp4,atlanta,130fd5c064690c3af94d041396dce4c8a9fce12a49bff48d85059f51e3cef858,405827,numericid-WORD,1,False
part_6/9113997848529549-FINS.mp4,part_6/9113997848529549-FINS.mp4,fins,d99a7a3d3bdae590220ce1770b8e26677d5c6140f690c29dba4daadcf260a17b,656846,numericid-WORD,1,False
part_6/9116897977316643-IF.mp4,part_6/9116897977316643-IF.mp4,if,29ef4859ec3f6ccabbd55d24c0c1bfb940bd458116f63d9747074752215eeb09,3324053,numericid-WORD,1,False
part_6/911699672594428-PEAR.mp4,part_6/911699672594428-PEAR.mp4,pear,aec97cf2baf8927862918eb6cd980702e58195a5033c0506a7a1e95a9c07b129,524985,numericid-WORD,1,False
part_6/9117047483562963-PLEASE.mp4,part_6/9117047483562963-PLEASE.mp4,please,9f10296060c8a88a9928a0506757e53841d9590dfe0e0f85341123b9b274ba78,509223,numericid-WORD,1,False
part_6/9117085110639471-CHAIN.mp4,part_6/9117085110639471-CHAIN.mp4,chain,737c63ebf058d88198746303744c196d538a8e771797954d4f9573991bf039d7,815200,numericid-WORD,1,False
part_6/9119089584743578-WATER SKI.mp4,part_6/9119089584743578-WATER SKI.mp4,waterski,4a69e6c3a477d11ef158c6ca86aacdc6edea98009f7e638e44a6fd724e2a8124,605207,numericid-WORD,1,False
part_6/912242177512294-JUMP.mp4,part_6/912242177512294-JUMP.mp4,jump,5d723e71b1dbf7c63064f4d59a40d69e00fa3d0f714f42bf29fdd924a887d62a,406321,numericid-WORD,1,False
part_6/9124929111701665-NECK.mp4,part_6/9124929111701665-NECK.mp4,neck,dcec5317972459fefdd3f3d83ce8a237e4246fc5af10f373fd58691013d69549,1447656,numericid-WORD,1,False
part_6/9125117637454339-PEPSI.mp4,part_6/9125117637454339-PEPSI.mp4,pepsi,5b5252802e3d66cc0d39ff5b6368e39a6e3ef22e49adfdc3b561737653aa36ed,392384,numericid-WORD,1,False
part_6/9128159121913213-HOLIDAY.mp4,part_6/9128159121913213-HOLIDAY.mp4,holiday,2bf4041934681c4b0d01982aaf9583aaa7f392ac719312a2d9ebb9405a85d587,410896,numericid-WORD,1,False
part_6/9129719528736404-GOODY GOODY.mp4,part_6/9129719528736404-GOODY GOODY.mp4,goodygoody,b80c5ccbbc97340d937fde70bd474250a95dded21bf083c99ca9660e41f64e06,436236,numericid-WORD,1,False
part_6/9136251870153704-SEAL.mp4,part_6/9136251870153704-SEAL.mp4,seal,c637b0ffbebaefef71dc3aaa6a461bb18abc70a045f7a8126a96a2a6ea4a814f,916804,numericid-WORD,1,False
part_6/9137575399806512-TOUGH.mp4,part_6/9137575399806512-TOUGH.mp4,tough,06abf6c3df0e155c70cc9b995b89c7d672baf027f0adc122d86a851de8c06094,709755,numericid-WORD,1,False
part_6/9141931551586939-seedPOTATO.mp4,part_6/9141931551586939-seedPOTATO.mp4,potato,33cd0f39a1fbae26191241ccbeef64db0799d3d66db94691ec73ca574c0cf3f6,897743,numericid-WORD,1,False
part_6/9144105497827937-WE WILL_SEE.mp4,part_6/9144105497827937-WE WILL_SEE.mp4,wewillsee,bf8e9e9e08f8c2d8161189d0222ef190a5981c9006100c29cb19974621a51222,310204,numericid-WORD,1,False
part_6/9146085216576842-SENSITIVE.mp4,part_6/9146085216576842-SENSITIVE.mp4,sensitive,7c333f533b27b7376f63b27fc9cdceb5c260184f55654e128ae19314cdcb56f0,322931,numericid-WORD,1,False
part_6/9150676102617621-ANNOUNCE.mp4,part_6/9150676102617621-ANNOUNCE.mp4,announce,390af89199f66e47b238f4b9c8948c446bd28ba0915c4bff6dd498c301a06f3f,662052,numericid-WORD,1,False
part_6/9152245074699332-INSTAGRAM.mp4,part_6/9152245074699332-INSTAGRAM.mp4,instagram,4812bbe5cc851e0ceab4f4eb92cb1059cd5e970fb89dbf699269ba60fccc61e8,395792,numericid-WORD,1,False
part_6/9157856988714534-PAPER.mp4,part_6/9157856988714534-PAPER.mp4,paper,882ab547c8c752ac6222c13cc3fa282564cc0e86486d4e33a4307b370cca3c33,941699,numericid-WORD,1,False
part_6/9160200161897563-DISLIKE.mp4,part_6/9160200161897563-DISLIKE.mp4,dislike,daabc5340a4df49f7f04a9794f33f55caeeca07b6a5eee41cc1a5093438f3515,431704,numericid-WORD,1,False
part_6/916286415627332-OUTSIDE.mp4,part_6/916286415627332-OUTSIDE.mp4,outside,cbdef5e2ddaf2a5c02a1c740524679eb0852b0179ca1ae75c11666798a49af9a,1141588,numericid-WORD,1,False
part_6/9163616296413108-QM.mp4,part_6/9163616296413108-QM.mp4,qm,1db8c91a9731c386e47450f903e849512f55c62309b430edab5bf9f7868798e9,340661,numericid-WORD,1,False
part_6/9165946119253423-HITCHHIKE.mp4,part_6/9165946119253423-HITCHHIKE.mp4,hitchhike,8cd438d0721d446d76ca943ed87829fa23c07ea3f2be3db5b19b657689233304,386345,numericid-WORD,1,False
part_6/9166220101554237-NEAR.mp4,part_6/9166220101554237-NEAR.mp4,near,cfbf2da1a6ccbf32308adae14b89df8fb5a65fde91e07ac5a1f1a75aebf949e9,462466,numericid-WORD,1,False
part_6/9167901328389056-KITTEN.mp4,part_6/9167901328389056-KITTEN.mp4,kitten,16a862d173b72e68256278feacdb4531f2edb6977f512f1cbb6770abb356d7f3,402935,numericid-WORD,1,False
part_6/916929144720219-AUDITORIUM.mp4,part_6/916929144720219-AUDITORIUM.mp4,auditorium,e53c6601e6d9ac0b0567320954183cf80fd1a07d5e37d43bb02b4560a1ab837a,668560,numericid-WORD,1,False
part_6/9170453263665774-ESCALATOR.mp4,part_6/9170453263665774-ESCALATOR.mp4,escalator,be96ca7ef47e3c08d96e7cd808d109d220bfefec0eae916d9385db2eea16020b,795719,numericid-WORD,1,False
part_6/9177014993952604-KISS FIST.mp4,part_6/9177014993952604-KISS FIST.mp4,kissfist,3b6dbd8d91a1cc9ff3a97632c7fd9f7af64eb4a332038979a4872ae7cca68067,584781,numericid-WORD,1,False
part_6/9177648052148584-GIFT.mp4,part_6/9177648052148584-GIFT.mp4,gift,cc1d756916981a45574771592fad54b015e911aca530727d975a0512594ad656,974784,numericid-WORD,1,False
part_6/9184586311725065-GRASS.mp4,part_6/9184586311725065-GRASS.mp4,grass,0455892c512e49b457bbe1534e7304affa9ffe76ff0ebbaab8e8440dc65c2348,851084,numericid-WORD,1,False
part_6/9188111127533987-BOX.mp4,part_6/9188111127533987-BOX.mp4,box,0318d27049c5c211de4388b5570f6df589d1ae4ac86f401f881df862b2faaf27,561966,numericid-WORD,1,False
part_6/919873336324361-PLATFORM.mp4,part_6/919873336324361-PLATFORM.mp4,platform,b5660a56fc7190d7f10b8f68d85b7c86a43d37fb33cdf8a8684f0808b9fb029c,549863,numericid-WORD,1,False
part_6/9199655806799358-COOPERATE.mp4,part_6/9199655806799358-COOPERATE.mp4,cooperate,b7c3dbb68f32f7bd32d7ae1648ec0467996148685d8540ef74ed10f266acfae4,469875,numericid-WORD,1,False
part_6/9202609076180219-SPEAKERS.mp4,part_6/9202609076180219-SPEAKERS.mp4,speakers,449a300dc845881777412db87ac631079560c9a230b838f6a0101f84c919555b,401931,numericid-WORD,1,False
part_6/9206704878494671-KNEEL.mp4,part_6/9206704878494671-KNEEL.mp4,kneel,e03b559703e8dc1f6005f393003161c3af52667ca309177af0a9dcb14e5335db,359925,numericid-WORD,1,False
part_6/9214230709540736-BITE ON_ARM.mp4,part_6/9214230709540736-BITE ON_ARM.mp4,biteonarm,bace21bc2aacdffaa304cb73bcdab5706edfc9620db8b8f308fc7bde2186f8db,487542,numericid-WORD,1,False
part_6/9216049743419545-EUROPE.mp4,part_6/9216049743419545-EUROPE.mp4,europe,a1ec0935f5e97566cf515b622e717f56c581d8798b1bb6dbb51edecd4f63300d,360157,numericid-WORD,1,False
part_6/9216744084707416-CURLY HAIR.mp4,part_6/9216744084707416-CURLY HAIR.mp4,curlyhair,c664885a105308d587bd36224e21729b92f39d3fdd951725ea6c9760a500aa78,429445,numericid-WORD,1,False
part_6/9225802407671602-BATH.mp4,part_6/9225802407671602-BATH.mp4,bath,e99f4e31ad64b76349384c3ca987903e3a22919dd2144709415bfc54a3ce7ca9,707708,numericid-WORD,1,False
part_6/922802570685832-seedMATH.mp4,part_6/922802570685832-seedMATH.mp4,math,940c4b31584cbe8dabdae8445111c6b04879e0e252ddb28ce230f61207280e92,950426,numericid-WORD,1,False
part_6/9228824086747911-FIGHT.mp4,part_6/9228824086747911-FIGHT.mp4,fight,22684981472a0e31348f1354027c44da9c7375357cb23a91d7a4903eb76c70db,574665,numericid-WORD,1,False
part_6/9229609412318638-BREAKTIME.mp4,part_6/9229609412318638-BREAKTIME.mp4,breaktime,69daacc327dbbb595f051755df9623eb5bbe6cc50365ee601c96c6c25b0d4f92,565041,numericid-WORD,1,False
part_6/9231284036574918-MCDONALDS.mp4,part_6/9231284036574918-MCDONALDS.mp4,mcdonalds,932400b77419712d71ce3e751a7afab64e88fbb070b959083a5070b9ee82e77d,923425,numericid-WORD,1,False
part_6/9234536788339944-DEPTH.mp4,part_6/9234536788339944-DEPTH.mp4,depth,2ccfe58c085d74e69249b792703d20c5e30e3b42786953c13bdd8410311d443e,698751,numericid-WORD,1,False
part_6/9235697757267594-BISON.mp4,part_6/9235697757267594-BISON.mp4,bison,a541e129dd46bea23a792f6b1af149dabd166b8779d6af1507ff5d9760a624d9,1177741,numericid-WORD,1,False
part_6/9238133915776792-MISCHIEVOUS.mp4,part_6/9238133915776792-MISCHIEVOUS.mp4,mischievous,279dc4e9beab64c3c97a4cad507d13a5c1636bcf452c5093d9b06bd248690cdd,908093,numericid-WORD,1,False
part_6/9240620788956599-seedREFRIGERATOR.mp4,part_6/9240620788956599-seedREFRIGERATOR.mp4,refrigerator,b8f533933cc1901db1124d486bdd20114dec62ea37e83461f12e0683c2a25c4c,841657,numericid-WORD,1,False
part_6/9249741371593849-SLIPPER.mp4,part_6/9249741371593849-SLIPPER.mp4,slipper,e9a358883ce35c56a36d7c5e1b6676bfcba443c079d04b9ba1921ad9302f2d87,507397,numericid-WORD,1,False
part_6/9260383471979989-SHRIMP.mp4,part_6/9260383471979989-SHRIMP.mp4,shrimp,b2e145ff0a89031a146caf0b313451f7ae24c5bb921359ba659900d57fffe1a4,179422,numericid-WORD,1,False
part_6/9265869776877644-FATHER.mp4,part_6/9265869776877644-FATHER.mp4,father,34ffc6e383b4a445ba872d7395cc15367e7efb11f2e0dee53166056c0a6d4a71,534529,numericid-WORD,1,False
part_6/9267279530352368-CATEGORY.mp4,part_6/9267279530352368-CATEGORY.mp4,category,933f265f45f9c3495ef6a69a94dba12ea2aaf7977bac2402d324e391bb62eb77,479267,numericid-WORD,1,False
part_6/9267349429455154-SUPERVISOR.mp4,part_6/9267349429455154-SUPERVISOR.mp4,supervisor,05ae3e8646eaf2e54447b8b279e8561e56e556733ad8713df649dd7fb3a7f47c,927093,numericid-WORD,1,False
part_6/9268534907068866-YOURSELF.mp4,part_6/9268534907068866-YOURSELF.mp4,yourself,5541e623a87ad60b0419a81c45ef9b1dfe284a96f77eb00a07a09fcbc668147f,348887,numericid-WORD,1,False
part_6/927095782965432-STUBBORN.mp4,part_6/927095782965432-STUBBORN.mp4,stubborn,e86f24c6bc2182e93e44d1cb71d7e24ab689892f593d56795615e76af7bc5c39,455639,numericid-WORD,1,False
part_6/9271543226842556-MOUSE.mp4,part_6/9271543226842556-MOUSE.mp4,mouse,557d217b8d8a796427522e56954267198cdee469be48a1bfb7c5172f695bedf9,453015,numericid-WORD,1,False
part_6/9278651456757845-FASHION.mp4,part_6/9278651456757845-FASHION.mp4,fashion,37bdb7dbaa02f40cb9f5e9445b0c89924ef622acff1c5ce9cb4d24a5cc6b746b,806245,numericid-WORD,1,False
part_6/9280491319774942-NOT YET.mp4,part_6/9280491319774942-NOT YET.mp4,notyet,1db5a225bb79aed94b102eb53ecd1fba22ff3e5724541363efe9fb9b9a9e0b27,513735,numericid-WORD,1,False
part_6/9280997352000961-ADVERTISE.mp4,part_6/9280997352000961-ADVERTISE.mp4,advertise,6487d0691a0436dd2efdb314ee9400657d11cdfa722fa339facf04b381d42f9b,435794,numericid-WORD,1,False
part_6/9284636627704901-STRICT.mp4,part_6/9284636627704901-STRICT.mp4,strict,e9576edbb4c7b47ee1f5d4aa74ba0f8cd32a2f084683aa925f6c1498b0dd4f65,688061,numericid-WORD,1,False
part_6/9289745363892583-SCAN.mp4,part_6/9289745363892583-SCAN.mp4,scan,ca360601b8740d2f48700a014f881b300c4d3dd0b207cd684de06ae2680a779d,452266,numericid-WORD,1,False
part_6/9293574730316452-PHONE.mp4,part_6/9293574730316452-PHONE.mp4,phone,b5fd41a7eb0fb3d59c625d4e0460b3969b799abe23c30d447cd2b4bac7a97995,546807,numericid-WORD,1,False
part_6/9295530959630687-MEGAPHONE.mp4,part_6/9295530959630687-MEGAPHONE.mp4,megaphone,3f27f56c2c270d5526656fc917267608c3bdf288932f4e568ec0ed626a16e821,760446,numericid-WORD,1,False
part_6/929892595638057-PUZZLED.mp4,part_6/929892595638057-PUZZLED.mp4,puzzled,2e53f12612afa92cef1c162c7b94c9cee932073541f70a88840c77bda24033e7,180722,numericid-WORD,1,False
part_6/9309391863461314-SHAPE.mp4,part_6/9309391863461314-SHAPE.mp4,shape,86d2c1abc06cc15121a2389977d345fb715260899591aa3701d3c4b6a373ccd8,901854,numericid-WORD,1,False
part_6/9328886745425553-THINK CHIN.mp4,part_6/9328886745425553-THINK CHIN.mp4,thinkchin,7df2f5fd5fa583f3aaa41ff94029558935f7e014df6ead1a2b0a3753b3498a15,938650,numericid-WORD,1,False
part_6/9329041594904617-HEAVEN.mp4,part_6/9329041594904617-HEAVEN.mp4,heaven,f4544212880da941e3c255c730bb228de21eebcaf2118950dc62982c331fc656,402218,numericid-WORD,1,False
part_6/9334431776767438-FASCINATED.mp4,part_6/9334431776767438-FASCINATED.mp4,fascinated,35c4ea99ecf5fc08aca29276737b62863fef863ab03e8a8fbccbe068a39ec2a3,970567,numericid-WORD,1,False
part_6/9340526233167323-DUTY.mp4,part_6/9340526233167323-DUTY.mp4,duty,1119bb3b7686dc8e4145519a9bdfb940e9281558dddf629836c085806c5c0e11,619276,numericid-WORD,1,False
part_6/9340538190167809-EVERY YEAR.mp4,part_6/9340538190167809-EVERY YEAR.mp4,everyyear,6b51d167266a4c55da16e0379d91149e13e6b939404ed98ae35a88a2d2f071c5,600160,numericid-WORD,1,False
part_6/9345133610766025-DELICIOUS.mp4,part_6/9345133610766025-DELICIOUS.mp4,delicious,b159f69d72325e992706fd4106ec95a519212c59142f9dd6357fdad6fd3b18b1,858015,numericid-WORD,1,False
part_6/9346193415975794-SAD.mp4,part_6/9346193415975794-SAD.mp4,sad,f2dff8499d449b75b79f96abede15945294cead1224ed7f89ed0df2cebc67461,493879,numericid-WORD,1,False
part_6/9346226403907103-PROTECTION.mp4,part_6/9346226403907103-PROTECTION.mp4,protection,5b4f266de79c9edd38ce3d1e6f46b889b2830d6ad10f062349c7bd01454975a0,538513,numericid-WORD,1,False
part_6/9351690172034859-SMOKE.mp4,part_6/9351690172034859-SMOKE.mp4,smoke,3bdfac708ccb346efe1129f8ad9386e9a87dfc097cbbe7fddebae94dae17f96a,768024,numericid-WORD,1,False
part_6/935236990562061-ARMY.mp4,part_6/935236990562061-ARMY.mp4,army,52bb5985940cb1e11d06551d3f9f47508aedf3ae455fd1ca0e257f248d4db087,262137,numericid-WORD,1,False
part_6/9352677927623119-ERASER.mp4,part_6/9352677927623119-ERASER.mp4,eraser,75132b949595edec667beb46a3b1bac5ee2adb2998cd75d515aa660e25f181ba,649136,numericid-WORD,1,False
part_6/9354715454887605-GREEN.mp4,part_6/9354715454887605-GREEN.mp4,green,fac941ce03c94a5f9c08a2dfe12e046eb8f55773907c9ba47e30993cf5a81c5e,466348,numericid-WORD,1,False
part_6/9359211738598516-INSTINCT.mp4,part_6/9359211738598516-INSTINCT.mp4,instinct,c2d41fa21e41354c4e258be35e16d5b9550aab94276ba3ecd1f79b000ace9387,769551,numericid-WORD,1,False
part_6/9360594608322135-ALARM.mp4,part_6/9360594608322135-ALARM.mp4,alarm,1feeb8f5e14eedd1b1ee1f170b2bcf1698555933fd818dcb45cf7471c274b45f,440899,numericid-WORD,1,False
part_6/9367751623432383-SAME TIME.mp4,part_6/9367751623432383-SAME TIME.mp4,sametime,a8aa548df090cc24be12d0e9f7976ec22a3b6ec2286131365d46759b24a0d0b1,452183,numericid-WORD,1,False
part_6/9368540135693042-seedTOUCH.mp4,part_6/9368540135693042-seedTOUCH.mp4,touch,24f65d13fd251884874a4630b71a10e2d06d62277f7d549db36904fa717cbac9,672964,numericid-WORD,1,False
part_6/9369072893718153-DISCONNECT.mp4,part_6/9369072893718153-DISCONNECT.mp4,disconnect,d183be8b90e865931c0a67df529a338c638dce9da64b54ea94a6d91f495b95c5,704746,numericid-WORD,1,False
part_6/9369415458910506-PAGE.mp4,part_6/9369415458910506-PAGE.mp4,page,a65ac745810cbe0b2388d179e8f4a2f1cb6fb8f0cc823f02c0b09ba74941a4ed,497675,numericid-WORD,1,False
part_6/9370195923678168-LABEL.mp4,part_6/9370195923678168-LABEL.mp4,label,49adca306f67a100a1f6bd3b3c08399570a6b4ef7c76f23400836c5503b08e8b,869131,numericid-WORD,1,False
part_6/9371945361904381-HALF.mp4,part_6/9371945361904381-HALF.mp4,half,31df79d8b51675fe8cfc9f3780f09a34d28792eeb42f052bd2c06f573ba9876d,580438,numericid-WORD,1,False
part_6/9374088689873499-SEVERAL.mp4,part_6/9374088689873499-SEVERAL.mp4,several,1228e050aaf1d87d6fb01eb10802d2143ce8f14066613e91f4be5d3f579fcb17,614574,numericid-WORD,1,False
part_6/9376363226153179-GRENADE.mp4,part_6/9376363226153179-GRENADE.mp4,grenade,aca9b88f5a244ae38d0c5f9ff067f9e3924417c8418719ee9d3b60e3a37125ad,16743,numericid-WORD,1,False
part_6/9381162300805386-VOLUNTEER.mp4,part_6/9381162300805386-VOLUNTEER.mp4,volunteer,b3e864c531071c8464a9a7a8453acf0fbe70a0bfc1bc256f1ba26bd72a74c7f8,448240,numericid-WORD,1,False
part_6/9383898598024172-BOXING.mp4,part_6/9383898598024172-BOXING.mp4,boxing,d7267b18e18128dab0dedf20c17e820bfe08e8d44d891eacb4ffdfba6f45dd26,576874,numericid-WORD,1,False
part_6/9384115347893336-EVERY YEAR.mp4,part_6/9384115347893336-EVERY YEAR.mp4,everyyear,f48cac22fd3010295eeda67ec52f0007c956388ca2b8defc106e542241dd270a,396347,numericid-WORD,1,False
part_6/938633700882832-ENTER.mp4,part_6/938633700882832-ENTER.mp4,enter,070b1d9b8dac0ac5ae8b87c74978f76d36ec25af7c33d374d8407345cd4f7994,365517,numericid-WORD,1,False
part_6/9387022474506177-9 OCLOCK.mp4,part_6/9387022474506177-9 OCLOCK.mp4,9oclock,9ebfdbb8fcd528e667aa6508b49c60c314b14ad030440bb8849a61e28f11afef,676161,numericid-WORD,1,False
part_6/9387521253167541-DONT FEEL_LIKE.mp4,part_6/9387521253167541-DONT FEEL_LIKE.mp4,dontfeellike,b3b51f5ce9540060bfc97a97da2ce173d732bf45be51e5a49276075e3af1ab21,516844,numericid-WORD,1,False
part_6/9388294032104914-GAS.mp4,part_6/9388294032104914-GAS.mp4,gas,b9c7b6deb1603c4750818469449b3804ca2d15b300a6b61d8371ab0f4ef61605,489169,numericid-WORD,1,False
part_6/9396478601534008-OTHER.mp4,part_6/9396478601534008-OTHER.mp4,other,f7cdef93e98314ae2f24cb90b0ed93054f126864ca5170a337662e0ae81fc453,316829,numericid-WORD,1,False
part_6/9398884140712938-HOME.mp4,part_6/9398884140712938-HOME.mp4,home,699f161824c4843aa5a9031ffcb23589c5186f1ee8697900e3c81cdeb543d1fa,698886,numericid-WORD,1,False
part_6/9399396720739477-PAST.mp4,part_6/9399396720739477-PAST.mp4,past,724cce678ce294e74f21fb920fb58ae26abac42f819a05cb0f8da6f1c764ee2a,560982,numericid-WORD,1,False
part_6/9401245269462799-IDEA.mp4,part_6/9401245269462799-IDEA.mp4,idea,0660665fb9c31177fbb13cee16a90767bd152a89d806497d9d0df7eff351a375,608685,numericid-WORD,1,False
part_6/940276773741981-seedVAMPIRE.mp4,part_6/940276773741981-seedVAMPIRE.mp4,vampire,b092b3db716fef3085aba45167dbeed8348b2d33f5758cc513d3ef1de1f9db5e,821684,numericid-WORD,1,False
part_6/9407855177746578-PAIN.mp4,part_6/9407855177746578-PAIN.mp4,pain,d64ace08f542a32f36767fac86f77056a759ef93763931ec0af88ee1b47bbd84,555450,numericid-WORD,1,False
part_6/9420492625722177-SENATE.mp4,part_6/9420492625722177-SENATE.mp4,senate,2c8d8a17e21a6af9b243107769ffef3b379963bc9eaf4397b1e66883709769cd,336374,numericid-WORD,1,False
part_6/9431640847782232-CASUAL.mp4,part_6/9431640847782232-CASUAL.mp4,casual,be68cba3debaa96e2cad99875b963e6b31e0c493f3b418a49bcc8adcc1cdfad2,592919,numericid-WORD,1,False
part_6/9434616943387211-DANCE.mp4,part_6/9434616943387211-DANCE.mp4,dance,77820854b148bcafcbfe22af187157a6b63e80222768555bc6f4b3614a1e62a8,908958,numericid-WORD,1,False
part_6/9439168798514366-EXCITED.mp4,part_6/9439168798514366-EXCITED.mp4,excited,b57b4a40d59e45643b0f9088ee67aefd8370bf06624f20e6a69f69dad0a74363,1157800,numericid-WORD,1,False
part_6/9440436913994852-GROW.mp4,part_6/9440436913994852-GROW.mp4,grow,49b2c6be2e45f64c063d667f06325ffcb33d50ed01a31e83c99bef95db802953,406439,numericid-WORD,1,False
part_6/9441078313462758-GAMBLE.mp4,part_6/9441078313462758-GAMBLE.mp4,gamble,a473f833db329977a8abb62094c7f7d6f08c30e3da8610f525c6845b5a084d5e,800741,numericid-WORD,1,False
part_6/9443252778158697-HERE.mp4,part_6/9443252778158697-HERE.mp4,here,8e0028e9ca5e61343c5ca09c9211ec3dedfbca807bcf1a365c3119b84b2742fd,364145,numericid-WORD,1,False
part_6/9444202783785229-SKATE.mp4,part_6/9444202783785229-SKATE.mp4,skate,061da3272d2a2183d365b62a6d0d96aeeb4b5a7c71ae9dad6542611b0272a53a,599048,numericid-WORD,1,False
part_6/945595010493804-seedSHAMPOO.mp4,part_6/945595010493804-seedSHAMPOO.mp4,shampoo,8dec5fa32c354a63fe53de44ac781d4ddf00bcfe96b716f362725ae6b7079d24,1286300,numericid-WORD,1,False
part_6/9465011320995556-LEARN LESSON.mp4,part_6/9465011320995556-LEARN LESSON.mp4,learnlesson,7446621e86b96126393fa2de56917254cf110ee7bec8be5a841b1b0001914a85,381992,numericid-WORD,1,False
part_6/9467330243270573-seedMUSIC.mp4,part_6/9467330243270573-seedMUSIC.mp4,music,45639bdb731ead5d54ed8844c35fdf601c8660ad8f3eb275c326131fb17be007,941685,numericid-WORD,1,False
part_6/9467535744773914-MAPLE.mp4,part_6/9467535744773914-MAPLE.mp4,maple,2f7b91e29b5b3bc3741b638fd504a25b3276763de504f76c5d8ea1f6db38696f,1368591,numericid-WORD,1,False
part_6/9467689723654071-COMMITTEE.mp4,part_6/9467689723654071-COMMITTEE.mp4,committee,03f1333d1f4401f974297219b1c2c4b8d11cca6c5930686274097faf4ca80f27,917158,numericid-WORD,1,False
part_6/9468945982728585-EVALUATE.mp4,part_6/9468945982728585-EVALUATE.mp4,evaluate,19674beb7ac7000ac4dfdde7a3ef9a55f69769e8ca1f5ad67496894f93f86615,489701,numericid-WORD,1,False
part_6/9469327065533588-NOSE BLEED.mp4,part_6/9469327065533588-NOSE BLEED.mp4,nosebleed,1f8f39adbb6bfd4009e58440f34c0512695a0af5d7f63f839811dfc2696cf34b,359183,numericid-WORD,1,False
part_6/9469937489412126-UNCLE.mp4,part_6/9469937489412126-UNCLE.mp4,uncle,40470d85699a86e84db43a6644e76a14fc026d1f20dfda2edbfcc37644ec623d,472508,numericid-WORD,1,False
part_6/9474479231438555-AVERAGE.mp4,part_6/9474479231438555-AVERAGE.mp4,average,e31f54dd3ebe37dfe3107358d5cc77dfd6e46e0a3ad7ccb6a2c749e85941275e,426504,numericid-WORD,1,False
part_6/9474631795822526-5 DOLLARS.mp4,part_6/9474631795822526-5 DOLLARS.mp4,5dollars,9f2028b57e5f1d7da025d1dcb349f47fe9673c34dada28ff3a833419a40091a6,852313,numericid-WORD,1,False
part_6/9475658580958672-HOMEWORK.mp4,part_6/9475658580958672-HOMEWORK.mp4,homework,015eabba8cdbe8599aeb8b23b9ada27dd60f5f3458ff6a65dc0d79fd4d2b0b4a,1861108,numericid-WORD,1,False
part_6/947954875256692-ASSEMBLY.mp4,part_6/947954875256692-ASSEMBLY.mp4,assembly,a567ef018482712b078359eb95f0cb1b5f4c33b017ac89e09a3e0174d48ace58,419841,numericid-WORD,1,False
part_6/9482107533596877-FINGERSPELL.mp4,part_6/9482107533596877-FINGERSPELL.mp4,fingerspell,9b43367455e4eb8809447594f2ed61afe02f67eeb7d7b143db6f9da2a7c8de20,342384,numericid-WORD,1,False
part_6/9483511875606008-SINGLE.mp4,part_6/9483511875606008-SINGLE.mp4,single,d281009b971ecd9b13a675392e981a8030687065b78cd0a5d46615fae29b2fae,468900,numericid-WORD,1,False
part_6/9487582988599914-PEACOCK.mp4,part_6/9487582988599914-PEACOCK.mp4,peacock,fc198a530f457c60112aa765cafe2119d9fd02dd64dcc28cb08de3d4fe33b012,490341,numericid-WORD,1,False
part_6/9491636443930247-REDUCE.mp4,part_6/9491636443930247-REDUCE.mp4,reduce,c996081ac338ba1120ce40f693cd0bf98ad535a21acf6df01275816f0b381164,502081,numericid-WORD,1,False
part_6/9497784582138018-RAISIN.mp4,part_6/9497784582138018-RAISIN.mp4,raisin,395bbdd2ad3d5af69abe56768a05884d8197fb833fee3a7bacb7488732316ea0,747221,numericid-WORD,1,False
part_6/9504749022893753-BETTER.mp4,part_6/9504749022893753-BETTER.mp4,better,47671ec3e295704e85258393d0e382c9b84d6141ff18fd35d7a5652549e01ca8,344706,numericid-WORD,1,False
part_6/9507501771257567-FINANCE.mp4,part_6/9507501771257567-FINANCE.mp4,finance,59a4a46a28fd306aa196259c2e6db2db28edafdd426f40aaf702578ab6ec833f,426151,numericid-WORD,1,False
part_6/9510950748168263-SAME SAME.mp4,part_6/9510950748168263-SAME SAME.mp4,samesame,eb3d4187feb48abb2239bcc0df4f6e5199db9781639eeb021d70b279646dffb6,494422,numericid-WORD,1,False
part_6/9519644599310157-ESCALATE.mp4,part_6/9519644599310157-ESCALATE.mp4,escalate,980ae430bd8102728e633ea0e0e0b7576a9bfaa54435b6aa159377fb9f2ab286,456798,numericid-WORD,1,False
part_6/9526064113854951-COUCH 1.mp4,part_6/9526064113854951-COUCH 1.mp4,couch,870c84384793b23917609bab950ef87f20fdcc9037906788ab13e8070bd0af0c,566720,numericid-WORD,1,False
part_6/9526586847511649-TWO MORE.mp4,part_6/9526586847511649-TWO MORE.mp4,twomore,c51680719da521216d31f61c39d87df4b0d7a9ad46a279f7381220d1d2ff3ca9,729670,numericid-WORD,1,False
part_6/9533463436287619-LUCKY.mp4,part_6/9533463436287619-LUCKY.mp4,lucky,ecb2d4b761d75a3ce718993f3aef883526c537a87af936451d8aaff62b9484a8,753611,numericid-WORD,1,False
part_6/9537661978224965-CELEBRATE.mp4,part_6/9537661978224965-CELEBRATE.mp4,celebrate,48d7d52dba01fa4b064cb5162307f5eaac95d97ec631b1c7126e49941e637633,481346,numericid-WORD,1,False
part_6/9540549470345112-seedHEARTBODY.mp4,part_6/9540549470345112-seedHEARTBODY.mp4,heartbody,fa5ae6392c7bf61c96e1b580acb05998b7599357ba4082606928ef1ce2118f09,975711,numericid-WORD,1,False
part_6/9548419990208963-SCARED.mp4,part_6/9548419990208963-SCARED.mp4,scared,392ae439fc1ab8c3dde4528205f3505f1c246f06c2f82fd9e790797444307b8a,450232,numericid-WORD,1,False
part_6/956025106373187-COLLEGE.mp4,part_6/956025106373187-COLLEGE.mp4,college,dfd716d0d60f61d07ff9581df68824f60f0c4043c01af16925d57cc0a8e03666,549331,numericid-WORD,1,False
part_6/9574216076966533-ACCORDION.mp4,part_6/9574216076966533-ACCORDION.mp4,accordion,a3e646df4701011526a9d360f37e7319d3655437a2c579cd09c8e643e630e9e7,795647,numericid-WORD,1,False
part_6/9584457487810747-HEARING.mp4,part_6/9584457487810747-HEARING.mp4,hearing,b6f421fe2530f07121c87741c598d306ff645ef93850b1b7deff7158d75cd583,355506,numericid-WORD,1,False
part_6/958606201846079-PHARMACIST.mp4,part_6/958606201846079-PHARMACIST.mp4,pharmacist,dac389fd6fb1a3061ec9019f7846780d727af4eaae62d9c49832024d2d7613ac,934340,numericid-WORD,1,False
part_6/9588976859568643-TURTLE.mp4,part_6/9588976859568643-TURTLE.mp4,turtle,704ca3d62a44ce1a4f4052b97fec03f943a9b795399553bb592e921bda570c83,877517,numericid-WORD,1,False
part_6/9589508719435043-TOWEL.mp4,part_6/9589508719435043-TOWEL.mp4,towel,220736e8817f913e7d00342bfefb3b127a66563165360e22641119cf680a170b,505228,numericid-WORD,1,False
part_6/9592972476186636-CONFLICT.mp4,part_6/9592972476186636-CONFLICT.mp4,conflict,46a1d64ac642e1f402a8338ee1c4054b2029b554ab22d0a41cec85bd179855ec,672823,numericid-WORD,1,False
part_6/960325374891432-WALLET.mp4,part_6/960325374891432-WALLET.mp4,wallet,c0f62657eda236cf1e9548a13d5c54bb3409b982f1957a39cdb000d8445ad1ee,556842,numericid-WORD,1,False
part_6/9608485404881124-FRAME.mp4,part_6/9608485404881124-FRAME.mp4,frame,7a32b80e01805302b1a83b4411294e4b938c1b6d846ef09732a6090f7f376e15,478439,numericid-WORD,1,False
part_6/9610718548345951-DEER.mp4,part_6/9610718548345951-DEER.mp4,deer,cf37095501b1cd7e474bfed4b1baf6d13d3d2b4cde2435aac44586ecddda99b2,299169,numericid-WORD,1,False
part_6/9615919808662414-VERY INTERESTED.mp4,part_6/9615919808662414-VERY INTERESTED.mp4,veryinterested,99e9fb7602fd1397117bfbeff2bef4ee4885ec94d0dc2fc54bcb436f5a13946c,292678,numericid-WORD,1,False
part_6/961662367710197-MAINSTREAM.mp4,part_6/961662367710197-MAINSTREAM.mp4,mainstream,10444670c91e03d508cc1e603bfc1d2f7c1b133fba915260c4e62aa13c84cfa1,610958,numericid-WORD,1,False
part_6/9621038230197452-SAUCE.mp4,part_6/9621038230197452-SAUCE.mp4,sauce,377e1fdf7f928500830e38cdfd7a2ebe456c16207cf5fe422c5189ce66b00d30,669292,numericid-WORD,1,False
part_6/9627247187565338-BRIDESMAID.mp4,part_6/9627247187565338-BRIDESMAID.mp4,bridesmaid,c39e29560f265fbb1d7b8b7a136de7b3ef84232673897512e68729a4d4eb8d6c,453770,numericid-WORD,1,False
part_6/9629974704309989-EYES AWAKE.mp4,part_6/9629974704309989-EYES AWAKE.mp4,eyesawake,1b8d51395b246720f86da6a5b52eace5157bd228cc3f96d2f767e9d542d90d0e,420963,numericid-WORD,1,False
part_6/9630861129708574-CAMPING.mp4,part_6/9630861129708574-CAMPING.mp4,camping,15f832afe2b0a99ae90c1b41c225a08ab5444e73d1aa9639b411e9c23fb80b78,541894,numericid-WORD,1,False
part_6/9636828569119571-AWKWARD.mp4,part_6/9636828569119571-AWKWARD.mp4,awkward,75f63ecff6964142ecf32d25543323efb14af10211cd2ad96344057e2df75509,453743,numericid-WORD,1,False
part_6/9639796450051754-FUTURE.mp4,part_6/9639796450051754-FUTURE.mp4,future,c89bf5b6d9943f49bfcb6616cc6f901291a9a7af4c5ff267ecffa9124e69fb6a,506830,numericid-WORD,1,False
part_6/9641716767561754-COUNT.mp4,part_6/9641716767561754-COUNT.mp4,count,6916d6e04c498c30baddf73da076d0613ccf684893675623576e93baf151e84b,561573,numericid-WORD,1,False
part_6/9650276065724674-BRICK.mp4,part_6/9650276065724674-BRICK.mp4,brick,08918a43bf6d0fcd60f3f11719cb08b91d560e388537a61462cdf7d5905d34e1,558329,numericid-WORD,1,False
part_6/9654296103105799-CHEEK.mp4,part_6/9654296103105799-CHEEK.mp4,cheek,8a5a81a0a9731b6d3e8c56a84614eaebf0c80348000812ecfb8bbd64272854fc,490353,numericid-WORD,1,False
part_6/9657174310496357-SHORT PERSON.mp4,part_6/9657174310496357-SHORT PERSON.mp4,shortperson,e83e89f6659c7969d4ccc95c132f481eb191d045be30f7c9c08b4c21020fd0c4,705030,numericid-WORD,1,False
part_6/9659098991486657-DONT FEEL_LIKE.mp4,part_6/9659098991486657-DONT FEEL_LIKE.mp4,dontfeellike,4ed1a073f8da68537fa3381602f43b4ffa5aa6fbcc9d1ced6cfb2f3728f89a19,888476,numericid-WORD,1,False
part_6/9659476318304188-MOOSE.mp4,part_6/9659476318304188-MOOSE.mp4,moose,84128e91aa25a54df6b87ea6cbeb4a64eb4ec00dc066ded67380326e30b10e45,405417,numericid-WORD,1,False
part_6/966817927080009-GESTURE.mp4,part_6/966817927080009-GESTURE.mp4,gesture,3e355699d26102f224b7b48cee08efdfcc2c5f25febae5e7ca04db04d361e460,431568,numericid-WORD,1,False
part_6/9669925098479593-ZERO.mp4,part_6/9669925098479593-ZERO.mp4,zero,024c270d367948135a15e8aec9010f8ae27b52f2e1897e5d5a27cea4cc48982a,373730,numericid-WORD,1,False
part_6/967924247226988-EASEL.mp4,part_6/967924247226988-EASEL.mp4,easel,ee1881e719ec55d3954ec5c5413b051f0074372a124fe70a6402a9882eae48c5,960792,numericid-WORD,1,False
part_6/9681062745057387-CAMCORDER.mp4,part_6/9681062745057387-CAMCORDER.mp4,camcorder,4b3c923bcae4e5cf7a1b95941355e0bdbdb319f9ada1e3815d1520805b91b7bf,648806,numericid-WORD,1,False
part_6/9681724811813193-WELL.mp4,part_6/9681724811813193-WELL.mp4,well,1f8d60ad2dd4ec8f69d619015200264b00aafc247fbf174aae049b2719c82d2c,735528,numericid-WORD,1,False
part_6/968185019787583-BACKYARD.mp4,part_6/968185019787583-BACKYARD.mp4,backyard,e6c8b2db07e83dc7884e6cc1a79a7c44b020081b03aff228d9a04d27c747a144,1109301,numericid-WORD,1,False
part_6/9681853783680789-SNOWSUIT.mp4,part_6/9681853783680789-SNOWSUIT.mp4,snowsuit,2762941ba4fb740b08edffb1ce7d9c5772f75388b564727ee21f1946086813a2,1530791,numericid-WORD,1,False
part_6/9687463829364669-ALL OF_SUDDEN.mp4,part_6/9687463829364669-ALL OF_SUDDEN.mp4,allofsudden,846a325a30d50592f0aa4bde3350ab1fbf976b22fafcd9e293821eed45f79f1b,420186,numericid-WORD,1,False
part_6/9693306524089746-ADVANTAGE.mp4,part_6/9693306524089746-ADVANTAGE.mp4,advantage,f15b7911e9c1c9677820a8b76255bae057f946e9d6cd9a6c6129b2cd6ca2d94e,581297,numericid-WORD,1,False
part_6/9695686579199725-AGENCY.mp4,part_6/9695686579199725-AGENCY.mp4,agency,34f6832c0f253806f76d8f471d27a623d2e9fbcec90bcbd4ff3c50d7fa1685c7,448546,numericid-WORD,1,False
part_6/9695744923373977-seedSPIT OUT.mp4,part_6/9695744923373977-seedSPIT OUT.mp4,spitout,6cf4cbec215ea32292e980e0f6f17d71051d23c9757c580c088c6668c00133c9,860184,numericid-WORD,1,False
part_6/9706391893134168-BITE ON_ARM.mp4,part_6/9706391893134168-BITE ON_ARM.mp4,biteonarm,736c3e490a7ab554c579ea06b6990f6771c6608f7e080e2abb7c137be9120f88,1097403,numericid-WORD,1,False
part_6/9715318084790794-PEPPER.mp4,part_6/9715318084790794-PEPPER.mp4,pepper,461f97923be43f99e3c0ecb175663400cc98011cef602d0dcfe2dbd413f674de,579636,numericid-WORD,1,False
part_6/9715320948620612-LAWYER.mp4,part_6/9715320948620612-LAWYER.mp4,lawyer,fd521ee9812ab66402bf4a76cbaf0b4b052b3204e44fe2a2f0673e16d7d178c0,486941,numericid-WORD,1,False
part_6/9716061793265816-seedARGUE.mp4,part_6/9716061793265816-seedARGUE.mp4,argue,ba2b1fd3c188bbb342416722a7198a4901887d5b058d16a12e44be60b1745bcc,895468,numericid-WORD,1,False
part_6/9720480632034718-SYSTEM.mp4,part_6/9720480632034718-SYSTEM.mp4,system,9698175387a36148b7b4ce9dcad4ee717846aaec02eb374c08da2c8e9430720f,624612,numericid-WORD,1,False
part_6/9725831928055877-POLE.mp4,part_6/9725831928055877-POLE.mp4,pole,318e1e2066c4053e0ca58ff93819edd767b9c2a1e906bc77e4cf85e644cf5b7a,429574,numericid-WORD,1,False
part_6/9726236249048961-HYPOCRITE.mp4,part_6/9726236249048961-HYPOCRITE.mp4,hypocrite,19a24fa62e3ed4c48f790d1fa700f04be20a8827b91af446dd09ef16ba26bfbc,580101,numericid-WORD,1,False
part_6/9726947826813801-DIG UP.mp4,part_6/9726947826813801-DIG UP.mp4,digup,4ff37148e29d9b10b88880ac8a9a32fc9bd08db5810c9816c5084f40518c0ad1,443448,numericid-WORD,1,False
part_6/9738124822287095-CANNON.mp4,part_6/9738124822287095-CANNON.mp4,cannon,95d47996395e9d9551ecf5326c1bd5332d8756bfcffbc9b407adbfc21cc275b2,483562,numericid-WORD,1,False
part_6/9738874434589104-SURGEON.mp4,part_6/9738874434589104-SURGEON.mp4,surgeon,cf42eb0e5bbc8ca6c4b73fe8800888605ecccdbc000eb2735986715d63b87a28,426231,numericid-WORD,1,False
part_6/9739598443063118-seedMETAPHOR.mp4,part_6/9739598443063118-seedMETAPHOR.mp4,metaphor,454de10f6d1e7ae5bfabc8a65237d40a3351e2538a03069463916a8737e79a23,658699,numericid-WORD,1,False
part_6/9739619129066301-VISUALIZE.mp4,part_6/9739619129066301-VISUALIZE.mp4,visualize,8badc1723da3cf0cc5e79bff93d08d11d63ad6bc191bd3ee1f4576ae254550eb,689683,numericid-WORD,1,False
part_6/9744914593958067-STARBUCKS.mp4,part_6/9744914593958067-STARBUCKS.mp4,starbucks,9894671f6b5993494ce7251e4d661058e6a79fe6b8ab4102cd22bb30c2c4fdec,522006,numericid-WORD,1,False
part_6/9745084309745231-seedCOINS.mp4,part_6/9745084309745231-seedCOINS.mp4,coins,266ee4a651e2c2566cf0404bee56d05fb69de7865a8d10d90cf0ed5501bd938d,749462,numericid-WORD,1,False
part_6/9750609324903228-WET.mp4,part_6/9750609324903228-WET.mp4,wet,34419d59af533a7f7498e0fe6e267db1c13bdfcb6d6795ad05d7181683fc9bef,580231,numericid-WORD,1,False
part_6/9752030835719785-BOSTON.mp4,part_6/9752030835719785-BOSTON.mp4,boston,3b3abb061a1a62666cf3a919ee40075ad8695253c40483cda02e310ec5e925b1,490507,numericid-WORD,1,False
part_6/9756898650736014-PIRATE.mp4,part_6/9756898650736014-PIRATE.mp4,pirate,8fc7977032692d96e0ca3312d74fea5c2fe6997411bc141399816765366ad41f,645825,numericid-WORD,1,False
part_6/9760717795603517-CAKE.mp4,part_6/9760717795603517-CAKE.mp4,cake,f2d51b35f850a6a6a2ef84676aceb1f35947532d288b208b29ae93c519216677,519471,numericid-WORD,1,False
part_6/9761395597258882-JIGSAW PUZZLE.mp4,part_6/9761395597258882-JIGSAW PUZZLE.mp4,jigsawpuzzle,7bdbce97b008f852be7a9f41157eb7f9695df8e49d87933268111add3248ad63,462786,numericid-WORD,1,False
part_6/9761549583403137-STAR.mp4,part_6/9761549583403137-STAR.mp4,star,e9f97d601ac797919c697d357f510a1cdb85b19ba7eccf3251cfcf8c807d851b,557122,numericid-WORD,1,False
part_6/9768746362774403-FASHION.mp4,part_6/9768746362774403-FASHION.mp4,fashion,850eb63c5104c456b35f43bb3871454082a661062c49b6240bd103a139f8bc53,444532,numericid-WORD,1,False
part_6/9769917325972981-LIBRARY.mp4,part_6/9769917325972981-LIBRARY.mp4,library,3d99a8c7053639394863567559d55fff482aa26486f88ebd290b9615f8a2e1e8,409508,numericid-WORD,1,False
part_6/9772004004889832-BARELY.mp4,part_6/9772004004889832-BARELY.mp4,barely,5df0817bdbfabe73bd4305b51dddc714ae5022560e9be7e9b834a1f22374dc5b,901119,numericid-WORD,1,False
part_6/9774986467910176-GULLIBLE.mp4,part_6/9774986467910176-GULLIBLE.mp4,gullible,8ddb38f5198cbe9f78ba97f7ef4f7c412e25927f425526f537d21a51fc83694f,493576,numericid-WORD,1,False
part_6/977843503491413-PREFER.mp4,part_6/977843503491413-PREFER.mp4,prefer,a01ed78d655062616dc194f9eab1a522c13b8af02b9ad07cfb1813caf29c41f0,368545,numericid-WORD,1,False
part_6/9790302153060182-WHO.mp4,part_6/9790302153060182-WHO.mp4,who,965b87880b9ff0801c546710bc1b0fbf286bd574e50f9f66e90acd9ced09b510,311299,numericid-WORD,1,False
part_6/9795294817135527-WHEEL.mp4,part_6/9795294817135527-WHEEL.mp4,wheel,3f344d995015c287b7bb8d7990aeb48a65474a570d6aaa50204cf422ee829235,646153,numericid-WORD,1,False
part_6/979743163278618-BRAVE.mp4,part_6/979743163278618-BRAVE.mp4,brave,3d9efa5d752ce4023b76e4d6b945a1685198f2f94981874c2b2ddd0f8475bb19,578903,numericid-WORD,1,False
part_6/9797579977381494-DESSERT.mp4,part_6/9797579977381494-DESSERT.mp4,dessert,d42be63b1be4f0add6c8bc880356eaec8d5f3739f59e8220cb6b5e4efca85840,392528,numericid-WORD,1,False
part_6/9801750310880526-JELLYFISH.mp4,part_6/9801750310880526-JELLYFISH.mp4,jellyfish,8b1eef7231d217a75b4b65e6f8fc7c7f449b5e05d0030824ec778ddb250fa446,898626,numericid-WORD,1,False
part_6/9804579791560171-IN.mp4,part_6/9804579791560171-IN.mp4,in,d7990809e49385c3da3bca7d3e661c8abb57fe4b2df7999d4ed5776fa9fedacf,229765,numericid-WORD,1,False
part_6/9810377484871167-CABINET.mp4,part_6/9810377484871167-CABINET.mp4,cabinet,b4b316db994a8162a67745d09b5626f654e7088a9a975d037dd5837cb36c44d2,1941572,numericid-WORD,1,False
part_6/9811327691983442-GRIND.mp4,part_6/9811327691983442-GRIND.mp4,grind,d880c0fec5d8b5fdfadc9f7350a32815265b9996727ba90713578c6700a80a76,257464,numericid-WORD,1,False
part_6/9812831938147757-GO THROUGH.mp4,part_6/9812831938147757-GO THROUGH.mp4,gothrough,e37921f49817d8a79a58577ec8b017e7f85c8bb1526945093310e51a65b88bb0,731976,numericid-WORD,1,False
part_6/9815282981404085-PERMISSION.mp4,part_6/9815282981404085-PERMISSION.mp4,permission,b48b6079979ab8c9561b0901186c29fee6918352a12329db7104f1faacbb573c,358650,numericid-WORD,1,False
part_6/9819041208235313-seedAUSTRALIA.mp4,part_6/9819041208235313-seedAUSTRALIA.mp4,australia,d03efc284b2425cd620900b5ba7874b723141a3d4dbe33997e36f31746c28a5d,663799,numericid-WORD,1,False
part_6/9819880833945527-HANDCUFFS.mp4,part_6/9819880833945527-HANDCUFFS.mp4,handcuffs,b2296beebc1f06df88686423430437be2f85b176c6c12a8cd2fcb30aa6a9f858,769272,numericid-WORD,1,False
part_6/9829233615930562-HARMONICA.mp4,part_6/9829233615930562-HARMONICA.mp4,harmonica,a3fa95bbbc40fea91ebf6a81287fab39d4795358bc6c4bafe3dc083b74a668c4,632095,numericid-WORD,1,False
part_6/9830579380879516-SELL.mp4,part_6/9830579380879516-SELL.mp4,sell,4c72aa6558069c71088c037a3e82565ab982800f581f5765e5f01457cff7e9ae,1006883,numericid-WORD,1,False
part_6/9831703013259718-FLIP SWITCH.mp4,part_6/9831703013259718-FLIP SWITCH.mp4,flipswitch,56337a789ce21bceac079bbecbee927469690a7c9c52b932215af71f37bf42be,459717,numericid-WORD,1,False
part_6/9843979772144966-CHILDREN.mp4,part_6/9843979772144966-CHILDREN.mp4,children,c692744c09293894dbee53aeefbb3c26a7ce996a1570e877f8642541a3e72671,461049,numericid-WORD,1,False
part_6/9845660015904845-TURBAN.mp4,part_6/9845660015904845-TURBAN.mp4,turban,3bb06fb241d79cb2179c1cce52ca06eb61f346094f61def8fad67b6c365cc275,457149,numericid-WORD,1,False
part_6/9847509193749933-CRUMPLE.mp4,part_6/9847509193749933-CRUMPLE.mp4,crumple,861733492d9c815681481a4373067bf5423ac0c77357402b664a59441148a36e,1238717,numericid-WORD,1,False
part_6/9850872261495947-CONCEPT.mp4,part_6/9850872261495947-CONCEPT.mp4,concept,79a28b89d1882e929692ce2be69da014b285a9a2fa8deb905587e96603a4044a,350269,numericid-WORD,1,False
part_6/9853094630259003-A LITTLE BIT.mp4,part_6/9853094630259003-A LITTLE BIT.mp4,alittlebit,f1700068adeeb433c9a8407522ad1ce66be099228b92289bb36baa4ddb9718f4,366822,numericid-WORD,1,False
part_6/9854374515568751-VERY.mp4,part_6/9854374515568751-VERY.mp4,very,4ab06d15458d2d2b42bedcf38d9e773fb3b6fa56336a216de3f0caa2bd642fa7,569212,numericid-WORD,1,False
part_6/9859438685021533-ALPHABET.mp4,part_6/9859438685021533-ALPHABET.mp4,alphabet,d3b9c2b65ded56b2b493296c84d5a14a4ef456b461df64b5662f35f5cfd12da8,913728,numericid-WORD,1,False
part_6/9862882272897495-DRY.mp4,part_6/9862882272897495-DRY.mp4,dry,ee53633996679b4022be063c8c018b4c8713f32b09c5c81056fc4bb8f3b40231,305663,numericid-WORD,1,False
part_6/9863078318212655-DO DO.mp4,part_6/9863078318212655-DO DO.mp4,dodo,999f25ae9142d4061c4038f2c272c23439536697c6e0e854d724b8ebb89d471f,575041,numericid-WORD,1,False
part_6/9867246876380695-LOSE GAME.mp4,part_6/9867246876380695-LOSE GAME.mp4,losegame,d5c93496dcf028d8a2cf58dfac9cf76f39fc44ad437a5b3c2e2db25ad79a4346,1565813,numericid-WORD,1,False
part_6/9870925988949069-CELEBRATE.mp4,part_6/9870925988949069-CELEBRATE.mp4,celebrate,fa6f88408c613a2e03587dd788bd58da96724cbf66a2c2ce6317437fe9a49926,388532,numericid-WORD,1,False
part_6/9871348073839943-ANALYZE.mp4,part_6/9871348073839943-ANALYZE.mp4,analyze,56d451eaebc59037cdd577a7c5cd724422e4c4d299711244fbbc646a6058d04d,520087,numericid-WORD,1,False
part_6/9871698372610154-CHANNEL.mp4,part_6/9871698372610154-CHANNEL.mp4,channel,328dbb236ec9b022da1cdba880bdff371b0045db4971724206af6d244c523bd5,586994,numericid-WORD,1,False
part_6/9873350412583777-ICECREAM.mp4,part_6/9873350412583777-ICECREAM.mp4,icecream,398f9c0992d15024864422e12d0f5d406a6f07fbc756696d9694081a85e1f505,643692,numericid-WORD,1,False
part_6/9876674962965541-GRASS.mp4,part_6/9876674962965541-GRASS.mp4,grass,5fdea39fc85d82257a6f200e77a0e3d7885a1d4278a33b0fc1398ddaf8a50d01,631971,numericid-WORD,1,False
part_6/9881108433993293-WIFE.mp4,part_6/9881108433993293-WIFE.mp4,wife,ec830e64f46e289a76be645aea4e9cddeda5b27d992facf289ca39f1f7c5963a,481112,numericid-WORD,1,False
part_6/9884236451336463-SNOWMAN.mp4,part_6/9884236451336463-SNOWMAN.mp4,snowman,aa9846b35d6f2b04b0b003f3e25eb1691c9693e68b1124d7f68fa4229e7dc19b,670134,numericid-WORD,1,False
part_6/9891955765130152-SHAMPOO.mp4,part_6/9891955765130152-SHAMPOO.mp4,shampoo,486b8d6e4bcfbb3e6637d4b50ed9bfe639c01fd110d5f080beec191b59bbba0f,549651,numericid-WORD,1,False
part_6/989516810898259-MATCH.mp4,part_6/989516810898259-MATCH.mp4,match,7c6c84e7bab9e72ed3f53bcbd5e3d67dc87d039d5c424f01c9660ab51543f0bc,504072,numericid-WORD,1,False
part_6/9896352739608667-PIZZA CUTTER.mp4,part_6/9896352739608667-PIZZA CUTTER.mp4,pizzacutter,2e59c8058cebe2d9479901541a5b2becf6f88cd96610c012e65228cf818fe5f8,557894,numericid-WORD,1,False
part_6/9898985707134531-DEPRESS.mp4,part_6/9898985707134531-DEPRESS.mp4,depress,3fc866d471ed8c95b60c2e78b6f8a6b790d9edcd54176608abeb42a6811152cf,328575,numericid-WORD,1,False
part_6/991031504351187-BOAT.mp4,part_6/991031504351187-BOAT.mp4,boat,c7d75744c4154ad2778ef53d4a214c60b061752468ebf9c46928236eb068251d,565674,numericid-WORD,1,False
part_6/9919647830425613-SCOOP.mp4,part_6/9919647830425613-SCOOP.mp4,scoop,4df0b9a078232d916410f389a939d36486a9f62982165fe40cd091ba6a05dd6b,666550,numericid-WORD,1,False
part_6/9924250046736427-SOW.mp4,part_6/9924250046736427-SOW.mp4,sow,3a48ccb658fb7d13d89582acb11fb7931d59a8da54a36e19ac0c1eaea927aa0e,1472486,numericid-WORD,1,False
part_6/9930137053923829-EVERY NIGHT.mp4,part_6/9930137053923829-EVERY NIGHT.mp4,everynight,a929b2ddd439ca89f89912c515bd2d03302a360d5784332b5d531d768afa584b,486577,numericid-WORD,1,False
part_6/993304501913798-WORKSHOP.mp4,part_6/993304501913798-WORKSHOP.mp4,workshop,252ef3568784a17517ecf73f1d5de74f4917d330c03831856619285bdeb1d530,392501,numericid-WORD,1,False
part_6/99391505188804-MELON.mp4,part_6/99391505188804-MELON.mp4,melon,816ca0021eb270f0e9d3c4ff1ab2c4b8ae62607679f6e631ad5e5750b2f0552d,626243,numericid-WORD,1,False
part_6/994288282584332-KITCHEN.mp4,part_6/994288282584332-KITCHEN.mp4,kitchen,c6e1dbab7e21d480f06ef6d7f6beabd3864c27c1b38a26ae3fa8339cc3620fe9,524601,numericid-WORD,1,False
part_6/9943201493950751-BET.mp4,part_6/9943201493950751-BET.mp4,bet,a10e3edebc59272418c8b60eb0038006ccbcc0c1ca185cfe6e704d4c51cd6015,371836,numericid-WORD,1,False
part_6/9947186155808527-ORGANIZATION.mp4,part_6/9947186155808527-ORGANIZATION.mp4,organization,3d8a13536e3e9307c72598498f42c94158cbbddfaf72f7be2d6a021bfbe8b7cb,574194,numericid-WORD,1,False
part_6/9958784280094466-SCIENTIST.mp4,part_6/9958784280094466-SCIENTIST.mp4,scientist,7e4c899cd5c95e201accc3c37ea040a92bfe009eea6b7aa705a769faef5abe3a,476145,numericid-WORD,1,False
part_6/9963858360484934-WONDER.mp4,part_6/9963858360484934-WONDER.mp4,wonder,03858fb9ef2acf5c0db34a63f0ca9c941d0d3b76a82c82cff4a0bde8792d6a2c,596132,numericid-WORD,1,False
part_6/9964601084801226-HOLIDAY.mp4,part_6/9964601084801226-HOLIDAY.mp4,holiday,5e42a564e96292788270d9a4040006baf18e1356a198014a7504e23bafe33df7,594881,numericid-WORD,1,False
part_6/9971342114927344-GUM.mp4,part_6/9971342114927344-GUM.mp4,gum,a582d1b560de356bfc94d357757ff4691d8bc83344b86200251f6cd40ffbb0fb,675532,numericid-WORD,1,False
part_6/9978442343622909-IMPOSSIBLE.mp4,part_6/9978442343622909-IMPOSSIBLE.mp4,impossible,f025f1d6ed1268c324a669bd71574a8b0d227d16a43cfadae4abaa7edb17d936,770363,numericid-WORD,1,False
part_6/997883238386003-BELL.mp4,part_6/997883238386003-BELL.mp4,bell,7c10167bc1bbd7cece780ffee6edd3edea44d1fa8b236d721af1fcfbafdcce56,504811,numericid-WORD,1,False
part_6/9980634184206538-SAFE.mp4,part_6/9980634184206538-SAFE.mp4,safe,f53c34819c4493fe0477000d7a01f5c7ace673974e4a43956c14276593ccf3c5,546973,numericid-WORD,1,False
part_6/99807997710766-PLUMMET.mp4,part_6/99807997710766-PLUMMET.mp4,plummet,1099405e8d2e18f71d55a027b83f7c1dcaeb475d666d7a9e8e98184758b19336,480232,numericid-WORD,1,False
part_6/9981758389001885-FIX.mp4,part_6/9981758389001885-FIX.mp4,fix,5d0eec35446a53ebb80d0b173804b0b12ea637586b274192ce8069b6f6987101,456969,numericid-WORD,1,False
part_6/9984633646517553-1 DOLLAR.mp4,part_6/9984633646517553-1 DOLLAR.mp4,1dollar,7021277d72d18ccd26962bfba4f8ad9af5f5289e25e519b339c2d4a2d093df18,520716,numericid-WORD,1,False
part_6/9986771625070636-NAVEL.mp4,part_6/9986771625070636-NAVEL.mp4,navel,d66a4652fb905333a9c09e611e7eace90b453feea1f356b6ecad38936979da97,487312,numericid-WORD,1,False
part_6/9992542474830444-EARN.mp4,part_6/9992542474830444-EARN.mp4,earn,94cf9b7f6f797ecdf603bef1fe02ed35b740e2a323770f2dd9343d01dbac8e29,436827,numericid-WORD,1,False
part_6/9999181221026603-SPEND.mp4,part_6/9999181221026603-SPEND.mp4,spend,df3ecad721b7c7eeb4012f1d9aabf93e0b565e2a23cd62cacb49b539d6c71cc1,598307,numericid-WORD,1,False
part_6/9999788504770488-PINK.mp4,part_6/9999788504770488-PINK.mp4,pink,b74396857e0343eed3fe28a75dd2f96cd5972b717bbef3f82f4edd45634010a5,854221,numericid-WORD,1,False
part_6/A_video_2_a_aug_22.mp4,part_6/A_video_2_a_aug_22.mp4,a,e3dadf50fccb3d76b3ff8be968500ca8d75ccb4321a680348e180b8e296e737a,387454,word_n,1,False
part_6/Alaska.mp4,part_6/Alaska.mp4,alaska,26f2b3239572dd93879d6510e44ea1c781595c290128704c5e15772ffcb9e70b,257839,word_only,1,False
part_6/B • ASL Dictionary.mp4,part_6/B • ASL Dictionary.mp4,b,fda7e189c8fb228da1ab3ba0f4ddedff33579ad34391c331467a7648fb4bba31,45602,word_only,1,False
part_6/Board.mp4,part_6/Board.mp4,board,2822e9cec0fb5bcd4e5b56f8f4ed4486ffc7c5742dff2dc3d2085e599f0a3e4a,124022,word_only,1,False
part_6/California_video_0.mp4,part_6/California_video_0.mp4,california,1a4f4c3a724605126395380793363f024aa16edc17c0f6dfc9f5985a7e963322,210330,word_video_n,2,False
part_6/Catholic_video_0.mp4,part_6/Catholic_video_0.mp4,catholic,5f72dd5870f6fd24abf931639b57ae3b4d8c118924990383b35d800be194a1ce,144505,word_video_n,1,False
part_6/D_video_2_d_aug_1.mp4,part_6/D_video_2_d_aug_1.mp4,d,7ca488cd1bd68fa80c539685521512cfab911cef3a5810f995da817ece43cc2c,406997,word_n,1,False
part_6/E.mp4,part_6/E.mp4,e,a0de88170a8e7a6c07c0def183459e2f62ee285414b04218443190e62af1baba,66876,word_only,2,True
part_6/E_video_2_e_aug_24.mp4,part_6/E_video_2_e_aug_24.mp4,e,5a42149cc936684f19fc65367fbcb1d13728014ba7e354bd470e3f03e9937299,389642,word_n,1,False
part_6/Earth_video_14.mp4,part_6/Earth_video_14.mp4,earth,7a982cf715ab80b408cfb573b36ecbb30970a1313cb44cb61e6561130d5678f4,556941,word_video_n,2,True
part_6/Egypt_video_11.mp4,part_6/Egypt_video_11.mp4,egypt,201d3387aa760910d13e9e6dcd072cb4e1a54372dcbb5ddada92cc824ba89355,343611,word_video_n,1,False
part_6/F • ASL Dictionary_f_aug_15.mp4,part_6/F • ASL Dictionary_f_aug_15.mp4,f,0766e6f7b55dc605ddede52d89da09f015f20ca70f9c8b45b351372dd8a64a54,164367,word_n,4,False
part_6/Gallaudet_video_1.mp4,part_6/Gallaudet_video_1.mp4,gallaudet,dc41698729d751ef49390053049c819df8517763f039062c3cc74ffeabc59b61,108950,word_video_n,1,False
part_6/Germany_video_5.mp4,part_6/Germany_video_5.mp4,germany,54c591867d041130d1f87f636d49014f23af0d65f151fe4052d9e49cdb079c6a,249114,word_video_n,1,False
part_6/God_video_3.mp4,part_6/God_video_3.mp4,god,e33d148db6676c677e8b4c7c486d0254e60d999576094f11b232043433f9d01b,112020,word_video_n,1,False
part_6/H2O_video_10.mp4,part_6/H2O_video_10.mp4,water,9169b5381b2506e247163d20b941d97601c74ea5146e20527efcc3b035cf0770,334455,word_video_n,1,False
part_6/H_video_2.mp4,part_6/H_video_2.mp4,h,a5d095cd7adaa4d83eff5b7d6c65e0840c942461c68a436be9244cf8833875c3,377872,word_video_n,1,False
part_6/H_video_2_h_aug_14.mp4,part_6/H_video_2_h_aug_14.mp4,h,d34076f561e658945b13db5bdcac19e94a840be2b93cdb4f2780acc32282d970,372319,word_n,1,False
part_6/Hawaii_video_4.mp4,part_6/Hawaii_video_4.mp4,hawaii,9ae722cc713ad4c0249c44481eff092e163bb8739f58cdea3e995e2ed42d71b0,357132,word_video_n,1,False
part_6/Holiday.mp4,part_6/Holiday.mp4,holiday,e46a6f8a27e4adc160d3e2dd89adff915919f6a75b971a15ac6609d68d9fed20,131528,word_only,1,False
part_6/I_i_aug_11.mp4,part_6/I_i_aug_11.mp4,i,a9dce9e7619241ec139a5170c28a312f52fa71e1eb6d828eef560071f950d4df,90486,word_n,1,False
part_6/Israel_video_6.mp4,part_6/Israel_video_6.mp4,israel,ce3b48b84ba24cd3182f0b7b6e611a2f06ac2c13139848f48def320092714e08,493608,word_video_n,1,False
part_6/K_video_0_k_aug_24.mp4,part_6/K_video_0_k_aug_24.mp4,k,f5dabdf5e5f3a715afee91643951fa0a20ba98f30a2f0a0bc8bdc198dc2c070c,157743,word_n,1,False
part_6/L_video_2_l_aug_18.mp4,part_6/L_video_2_l_aug_18.mp4,l,70eec5891154b20d8ac2f820cb03268e994a9646ebd2cfdd5735bea54fade9d3,382086,word_n,1,False
part_6/Monday_video_2.mp4,part_6/Monday_video_2.mp4,monday,35187627502b4ef06d9859b86de835c820e8f00aee7c2332c30150c3e59410e0,112808,word_video_n,1,False
part_6/N_video_1_n_aug_30.mp4,part_6/N_video_1_n_aug_30.mp4,n,5c4142217fc1bc2bd0bbad940ee8522819afd1e91944e418e62bb7d4f2c7810a,358302,word_n,1,False
part_6/O_video_0_o_aug_15.mp4,part_6/O_video_0_o_aug_15.mp4,o,966f1b72a35a07a633e53badcaabc6db7bc9dacede07d1d1911b1580b602e0f1,150344,word_n,4,False
part_6/P_video_1.mp4,part_6/P_video_1.mp4,p,285e157ead80e287cb5922e31becb2011ff2d453931a8ec55bab82c22232d501,136814,word_video_n,1,False
part_6/Panthera_tigris_video_0.mp4,part_6/Panthera_tigris_video_0.mp4,tiger,5d6fd0d2aa16f39dc639f696f4430cb0b2c0f683bf03eb557b69d4340dd650ad,213229,word_video_n,1,False
part_6/Panthera_tigris_video_2.mp4,part_6/Panthera_tigris_video_2.mp4,tiger,bcfa514ea4cc5f5ee6f546cc9ba9d0c7551c235862554af7e990db72c4b1c8db,276330,word_video_n,1,False
part_6/Q_video_0_q_aug_1.mp4,part_6/Q_video_0_q_aug_1.mp4,q,5894293c1e07aad3f24d7745d3d3796ba97c4bb878eaadc840efe64603a9a6b5,127164,word_n,1,False
part_6/S_video_1_s_aug_17.mp4,part_6/S_video_1_s_aug_17.mp4,s,c1fb8ec7d46078c53b6a8341e0ed0a1d9cf317efadbd8be64d555d9a00a15d0c,232463,word_n,1,False
part_6/Saturday_video_6.mp4,part_6/Saturday_video_6.mp4,saturday,1f3560ec5744bae35d4805c5a094b93d39d33f864e177642ab26412bd133346c,182131,word_video_n,1,False
part_6/South_video_1.mp4,part_6/South_video_1.mp4,south,5e9a27c7f71d5fa948c152640c5f4cf9f81f8e4c82902cd4a6e3ac88e1b79f9c,134840,word_video_n,1,False
part_6/TV_video_8.mp4,part_6/TV_video_8.mp4,tv,7c0717f94654929d805fbfe4384f356cfb5fe9016af1627e49a0529313fd48c9,332617,word_video_n,1,False
part_6/T_video_0_t_aug_27.mp4,part_6/T_video_0_t_aug_27.mp4,t,c502dc3af2bfc880b6786d8fefaa2996c73ecb1fdfa40d20f52c917514e0347f,152208,word_n,1,False
part_6/Thanksgiving_video_4.mp4,part_6/Thanksgiving_video_4.mp4,thanksgiving,4b0499ae4e79ccd604ba6b129970b65da6e0a7e36c4a18c95a95fd3291a6e63a,561600,word_video_n,1,False
part_6/V.mp4,part_6/V.mp4,v,6b12133d0a5885b0f4067c2acf2c1ece51e903e799c7d0cf10f6d6fc35d17972,256265,word_only,4,True
part_6/W • ASL Dictionary_w_aug_1.mp4,part_6/W • ASL Dictionary_w_aug_1.mp4,w,2e8c5de072d38f82d86b2a2ec8c00b9952fd2d229e3649357bbe59f4629a109d,125518,word_n,1,False
part_6/W_w_aug_18.mp4,part_6/W_w_aug_18.mp4,w,cc79dbe1215a5429dfa98392713c6a4766ca1c9601f5d40ddf82a9a90c1e6861,377995,word_n,1,False
part_6/X_video_0_x_aug_20.mp4,part_6/X_video_0_x_aug_20.mp4,x,c924912f5edf2b23090ddcccadb217870e921f401d220788d56780d0a49028a9,131071,word_n,1,False
part_6/X_video_2_x_aug_27.mp4,part_6/X_video_2_x_aug_27.mp4,x,585aa76eb55082136068c130650a39ba96b60ac6a555f6124d8c2f940137e1a6,377319,word_n,4,False
part_6/Y_video_0.mp4,part_6/Y_video_0.mp4,y,157aea8e41f7edb32c9048e9ed6295bf814c74a34b695553738f6ecc5700c89b,164266,word_video_n,1,False
part_6/Y_video_1_y_aug_22.mp4,part_6/Y_video_1_y_aug_22.mp4,y,dd09b86bb6c7b525ef8162274207f323d38b8b1e5e1b30712482bfd0d67cb009,156625,word_n,2,False
part_6/Yay_video_0.mp4,part_6/Yay_video_0.mp4,yay,563509c9a096b1a4c6aad744ed0245cc9748392df826a38290b16e454771c861,53695,word_video_n,1,False
part_6/Z_video_0_z_aug_12.mp4,part_6/Z_video_0_z_aug_12.mp4,z,5b47d1c718fc03bdd123d231f52192df28c2a9a2b7222c663623363c2a90967a,152761,word_n,1,False
part_6/Z_video_2_z_aug_7.mp4,part_6/Z_video_2_z_aug_7.mp4,z,3fac620b748da89963e6d4b9657b8dd7c524028a1745a5ec06def169f648e777,170155,word_n,2,False
part_6/a_7.mp4,part_6/a_7.mp4,a,58b8f0dfb7494a0996bc966983763777a9af8144170fda2eb61b7eab89397eaa,79969,word_n,1,False
part_6/about_20241119_172633_35.mp4,part_6/about_20241119_172633_35.mp4,about,d485febc9031db477584e4e7caf31d9ba389b0a12d54e01ff632cd7104be1b08,458676,word_timestamp_n,1,False
part_6/about_20241119_172633_36.mp4,part_6/about_20241119_172633_36.mp4,about,ab12814b9a193aa7aece4b84894145f7bdbadabf1b8273f4a35f99a8a6e5e5b6,584922,word_timestamp_n,1,False
part_6/about_20241119_172633_54.mp4,part_6/about_20241119_172633_54.mp4,about,6ecf1002cf2e7ae4b2ab8d5fb9f18086ec1526c1484d88ce38bf72d365b88658,499608,word_timestamp_n,1,False
part_6/above_video_4.mp4,part_6/above_video_4.mp4,above,79dc2d03818b4d33887e99f25e531961a1491486163aff634d861e4a2ca15d1a,201156,word_video_n,1,False
part_6/accept_12.mp4,part_6/accept_12.mp4,accept,811d05de71134cff609b86df54399432907121fcf5614ec956bf403160ceb535,197214,word_n,2,True
part_6/accident_9.mp4,part_6/accident_9.mp4,accident,263a889c692d905f72c018b34acd54f117bf4fb2dbca52bc1bde585071c626e2,79593,word_n,2,True
part_6/accomplish_3.mp4,part_6/accomplish_3.mp4,accomplish,77279b383e6d45861ffeac2fe02161f1aeb7360e9eb014e58f200ec85d870806,371371,word_n,1,False
part_6/accomplish_video_1.mp4,part_6/accomplish_video_1.mp4,accomplish,ae3ce56e2c294d2c575244db2b79c822c06547cb0b560cd5c42e17a0e0393512,318370,word_video_n,3,True
part_6/accountant_7.mp4,part_6/accountant_7.mp4,accountant,59f85a32036997f6a313449aa734f3c59e8d5dbf042e324e3e2059ef0421bbf6,258351,word_n,1,False
part_6/achromatic_video_19.mp4,part_6/achromatic_video_19.mp4,achromatic,d2bbf4af7bf50948e4861cf78ad0e4299b941bc829996105d1e9fbdea07f5676,117351,word_video_n,4,True
part_6/achromatic_video_24.mp4,part_6/achromatic_video_24.mp4,achromatic,6bbcb81ac3c6e19c9f939528f779cd1256c644fd34381425d4debd842f3c32a2,199686,word_video_n,1,False
part_6/achromatic_video_4.mp4,part_6/achromatic_video_4.mp4,achromatic,1a84b613e63f79376d9a1994593795d8ed13f99888c7b5faa97b2cd59d75d029,235621,word_video_n,1,False
part_6/acquire_video_14.mp4,part_6/acquire_video_14.mp4,acquire,067314d728db8f685d570a58e22f58a95a0cc2de441c7c42b0ac005e4cb8e072,189422,word_video_n,2,True
part_6/actor_3.mp4,part_6/actor_3.mp4,actor,44c54d916bff5bb8eb133040dbc827a2c3a7b4b8d215ead625ac6849b50612de,261852,word_n,1,False
part_6/add_video_14.mp4,part_6/add_video_14.mp4,add,2e134389da93f5c70c5ecb5cdbfd4512535a42c2bbcfeee287e46c6c345174be,499262,word_video_n,4,True
part_6/address_video_2.mp4,part_6/address_video_2.mp4,address,583804f48021caa4a15e19b2ef3bc43a1180e2bc7dd048491d50bec7b6d44ea8,164839,word_video_n,1,False
part_6/address_video_8.mp4,part_6/address_video_8.mp4,address,e74a91f6e749d5eccca6091b2e8baac9fc243045ab6de56e307066440e655e67,134246,word_video_n,1,False
part_6/adjust_video_15.mp4,part_6/adjust_video_15.mp4,adjust,e9b8e3faf747069cd459be9f544cbafac48606e70b92f4ab5e837d8c72025110,799204,word_video_n,3,True
part_6/adjust_video_19.mp4,part_6/adjust_video_19.mp4,adjust,5ec527f9856d4a9a8c864f82925929939aef667414dbca318c38b10201b52544,300063,word_video_n,3,True
part_6/admire_video_3.mp4,part_6/admire_video_3.mp4,admire,4ca58c018c809c2c18ed31fadffc934d53eb35dea0e3d6a970b2572cc23f8f76,179557,word_video_n,1,False
part_6/adopt_6.mp4,part_6/adopt_6.mp4,adopt,25b255bd0513bc5e8388b1b061df84bfcb1a89f1e200d6df0f8f64cd4843ddcb,29892,word_n,3,True
part_6/adopt_video_1.mp4,part_6/adopt_video_1.mp4,adopt,d728c13b93be64849ef3b4ae1c4112ce924e02b86f398f6fe71fece9aa2939d6,98594,word_video_n,1,False
part_6/adult_5.mp4,part_6/adult_5.mp4,adult,566fec63b34df7f122abc6924ef0a8925fec262910fadc522426aa2bddb0c788,40576,word_n,2,True
part_6/advantage_video_2.mp4,part_6/advantage_video_2.mp4,advantage,0dabc459989a1a16c90e044d59bd5ab8ab040d179cab1ed9b9d06a5d9bad6c07,168842,word_video_n,1,False
part_6/advertise_video_3.mp4,part_6/advertise_video_3.mp4,advertise,998a60c9fca313c40bf6dc9f76a3998c5af354ef8e45d2920b08d1583a53d563,551137,word_video_n,1,False
part_6/after_10.mp4,part_6/after_10.mp4,after,61ab0b2fcf2f864a7c4f40eae6d3db7e05ce32e193ce7ed8d4f0361e3b4611ba,280119,word_n,1,False
part_6/afternoon_6.mp4,part_6/afternoon_6.mp4,afternoon,74f6ceaf9590791f3dd2e9a2982f20f45dc414c9a802287b4162486686db3454,276759,word_n,1,False
part_6/afternoon_9.mp4,part_6/afternoon_9.mp4,afternoon,7022b187569d43bdc16c9638bb733c32753d98ffb1d7ac8ef43d0be9be9fae7d,870243,word_n,1,False
part_6/against_video_0.mp4,part_6/against_video_0.mp4,against,bd4c0c09ff2220feffff228ccf0bd0b3ae03835c7c70389f5653ed584bffd755,276293,word_video_n,1,False
part_6/against_video_3.mp4,part_6/against_video_3.mp4,against,b0b8d2d8cdec21d66c1820ba545fbd679b4cdc2b72545b9db3f82812c9933afa,179235,word_video_n,1,False
part_6/age_10.mp4,part_6/age_10.mp4,age,90b4c28fd833cabe46aae0dd2fe2798bb519732e1ea8931448cf41cca0836e94,567497,word_n,1,False
part_6/age_video_6.mp4,part_6/age_video_6.mp4,age,972c77c9686b3a9142fe877789da253ba874d5f78f1a1bc0153c2072bc00621e,241517,word_video_n,1,False
part_6/agreement_5.mp4,part_6/agreement_5.mp4,agreement,c3ebc56ef9ff5f0636cf607993141ae10f6be752a109bfbc0468be6a8c60a245,44360,word_n,1,False
part_6/alarm_video_0.mp4,part_6/alarm_video_0.mp4,alarm,5d4ec1a99a63a1a3c30ea779d10a5affab11f43eb7a893b5f5af78d0d02fd7eb,248347,word_video_n,2,False
part_6/all_but_video_32.mp4,part_6/all_but_video_32.mp4,all but,5f2ec8ed7d271b199d62a2d55d33e8c2969f84a2fcbb77cbbc6380d9e4c51719,179923,word_video_n,9,True
part_6/all_but_video_4.mp4,part_6/all_but_video_4.mp4,all but,97f54497e274f11645ea1dac40b5aec3237cf1fd68ed628f47fb053895d1be4d,401604,word_video_n,10,True
part_6/all_video_1.mp4,part_6/all_video_1.mp4,all,925d17c99775254a495dc4707432e5a54fd219b2f51ab470849dade9d534b343,281658,word_video_n,2,False
part_6/almost.mp4,part_6/almost.mp4,almost,74d09acf8476c8677163ced6428d7f6d1c40dbb3f8b0ea1743882cce326a56e2,347566,word_only,1,False
part_6/almost_video_4.mp4,part_6/almost_video_4.mp4,almost,97f54497e274f11645ea1dac40b5aec3237cf1fd68ed628f47fb053895d1be4d,401604,word_video_n,10,True
part_6/alone_6.mp4,part_6/alone_6.mp4,alone,a56e6897bf5ab8cdd86dd344593e17df602cdc9559bafc6c954e40e5adca3041,220070,word_n,1,False
part_6/alone_video_9.mp4,part_6/alone_video_9.mp4,alone,f4e736db07a83ee9f331bd7351631cf72859acc2734bbc300f1a9e0c3b3c9f2f,176853,word_video_n,1,False
part_6/always_video_1.mp4,part_6/always_video_1.mp4,always,bfb00e6eafa7483185aaa5d8b903d2f11e961be03565797ff06522e3f2a79918,87555,word_video_n,1,False
part_6/amazing_video_13.mp4,part_6/amazing_video_13.mp4,amazing,5f9ea8c456292e7d9e73c3fd822fa790b8cffa687c56d486aa912f1357b33881,286990,word_video_n,1,False
part_6/analyze_3.mp4,part_6/analyze_3.mp4,analyze,ff885ea63b7bc3ad89c66d40bf5c1fd5b8e8d04d18547fa1e65c6c183d96f8e3,283656,word_n,1,False
part_6/animal_13.mp4,part_6/animal_13.mp4,animal,60f1a676060e2c03e3ec883be8a8bf2ee29f0e2bdc3d7a484b8136bf381f27c3,57262,word_n,1,False
part_6/animate_being_video_13.mp4,part_6/animate_being_video_13.mp4,animate being,921faf447c233aee6b38bef56a26096b2986f6de3746fd964afc1c2d94a17fa3,209085,word_video_n,6,True
part_6/animate_being_video_49.mp4,part_6/animate_being_video_49.mp4,animate being,09f30a3fded3e68d2ccdebb577f89bedab170dff7244e7a7473ec9866c2008dd,341388,word_video_n,5,True
part_6/answer_video_12.mp4,part_6/answer_video_12.mp4,answer,8c1397edad50d21b1c0a4245250dc5a5720f7d320db9b5a5192ad5442fa8ec2c,370470,word_video_n,2,True
part_6/apparel_video_12.mp4,part_6/apparel_video_12.mp4,apparel,7db9681038575f9d183dd5ce72b8cdb8ab36b243e5ec20a3e2ba8176acaf851b,150769,word_video_n,3,True
part_6/apparel_video_14.mp4,part_6/apparel_video_14.mp4,apparel,d0da80af55eb87ce1118e7909e311fb67fdf911a632f367c31e8e434237dcd42,227698,word_video_n,3,True
part_6/apparel_video_18.mp4,part_6/apparel_video_18.mp4,apparel,9cf54f9ba9c41e4111b355ddb48915a259dd64ef07adcb98382e4bd352f3171f,145528,word_video_n,3,True
part_6/apple_10.mp4,part_6/apple_10.mp4,apple,4177b8eea6072dcae49a293d1de20231ed0b1abeb2bca611b034eb3005cf12ce,248157,word_n,2,False
part_6/apple_video_11.mp4,part_6/apple_video_11.mp4,apple,b3211c9791b14e4c42549df3dd9f290a934f314995a1073b2c6e4b0937ee927e,319220,word_video_n,1,False
part_6/area_video_23.mp4,part_6/area_video_23.mp4,area,c7507397110fa7b272ec5e51071650c63026e94bce592ba500074a339138deea,259006,word_video_n,2,True
part_6/arm_20241119_172633_104.mp4,part_6/arm_20241119_172633_104.mp4,arm,6cae268280e0ec17ae2d6eda41d41225f5cbeb78adda2f2e9eb88913dcbda7bf,454618,word_timestamp_n,1,False
part_6/arm_20241119_172633_48.mp4,part_6/arm_20241119_172633_48.mp4,arm,e1d6db3ce3b0499ce8b9f9d4523a99d9676e5fdb4f8315c2e6bd2f63ffa31317,586686,word_timestamp_n,1,False
part_6/arm_20241119_172633_71.mp4,part_6/arm_20241119_172633_71.mp4,arm,a3e6803357c4b9f6428c9d495e4c3093710d08b269bd49b52b411ac93b3d1c98,687790,word_timestamp_n,1,False
part_6/arrest_20241119_172633_13.mp4,part_6/arrest_20241119_172633_13.mp4,arrest,12e71e2baa03b38a65979cc04cd414af23d07cbba6049fc9c0f76439f305deab,359436,word_timestamp_n,1,False
part_6/arrest_20241119_172633_87.mp4,part_6/arrest_20241119_172633_87.mp4,arrest,393536cc478597804271db648245a8b3f0291f8ec569aa5a0405db09686fad6a,508828,word_timestamp_n,1,False
part_6/arrest_20241119_172633_99.mp4,part_6/arrest_20241119_172633_99.mp4,arrest,4470722fa6fbbf63264ee78d937931b6fa11a8f57bc492596f53d45123078741,462587,word_timestamp_n,1,False
part_6/arrive_video_4.mp4,part_6/arrive_video_4.mp4,arrive,04168dd093f78cc0a806392e80f51686d41d3ea611a1eb1f495f25ab5a08efe1,898181,word_video_n,2,True
part_6/art_video_4.mp4,part_6/art_video_4.mp4,art,41499f5a28ea78213a41cd5d90d21ccfb6a293b6f25c624196fb3a4f2ff6a160,62388,word_video_n,1,False
part_6/article_5.mp4,part_6/article_5.mp4,article,d488d7673a0db41974e7a7975ab34adcfb350631158cc26cafc1215437017703,39292,word_n,1,False
part_6/ask_video_16.mp4,part_6/ask_video_16.mp4,ask,387ff9d3a42f4c4dd0a47a259581248ee7036eae47e156c67c2b12b2a8c72d73,252707,word_video_n,1,False
part_6/assembly.mp4,part_6/assembly.mp4,assembly,04cfc2dcd4032e8b214b36375a762ecb0d5be9ea91d21ae892a79fd2082d8f48,343161,word_only,1,False
part_6/assist_8.mp4,part_6/assist_8.mp4,assist,f01c17e6204fe8814a25e555bee3ec88c553a90d84c3cbbd12f5824071c61ac9,183149,word_n,1,False
part_6/assistant_video_2.mp4,part_6/assistant_video_2.mp4,assistant,7889c0634686345a5fdcf1e19afb626964f0205cbaafaaf4f372996cac7e3c25,96308,word_video_n,1,False
part_6/audience_12.mp4,part_6/audience_12.mp4,audience,a5a87e36eae90d83b8f82806a0332aa387363aee2f1653358c00cdbc286fdeac,773409,word_n,1,False
part_6/aunt_video_1.mp4,part_6/aunt_video_1.mp4,aunt,f06c18c3d810b9ae5ceebed2c8585857c33c2d8e1aea535a04de9b8b0527c8f2,261333,word_video_n,2,False
part_6/autism_20241119_172633_49.mp4,part_6/autism_20241119_172633_49.mp4,autism,c959b0684c1e9cff19959a77c7d16133efb934106fcb09964c8df7a0fb66d633,463002,word_timestamp_n,1,False
part_6/autism_20241119_172633_8.mp4,part_6/autism_20241119_172633_8.mp4,autism,63190947bd9cbf6f1c54690ac3b16302eedde6dcebb02ec08f35b6c49c30df09,634338,word_timestamp_n,1,False
part_6/awake_video_1.mp4,part_6/awake_video_1.mp4,awake,6295e52ca9a179c3f0fbdceb815d3707d5582e073df54bd831ec46a16c2b192e,246631,word_video_n,1,False
part_6/away_video_18.mp4,part_6/away_video_18.mp4,away,dd3cd4f5f85b78a6c38f281eee658c3df7a2be1328663b2c039aefcb056a0158,268006,word_video_n,2,True
part_6/awkward_video_12.mp4,part_6/awkward_video_12.mp4,awkward,d465bda2226ba271ce4bc25573cd246ac9ea87f65f849290ee9a6bff3a954dad,364726,word_video_n,2,True
part_6/axe_20241119_172633_52.mp4,part_6/axe_20241119_172633_52.mp4,axe,972434b48db70e6607b1eef597354c5323162519412837455ce15373ed147249,426936,word_timestamp_n,1,False
part_6/axe_20241119_172633_58.mp4,part_6/axe_20241119_172633_58.mp4,axe,7782d9b4179814a7fcb21493e059d42657ea23c6ef01860c8391ef13e60798a9,626326,word_timestamp_n,1,False
part_6/b_3.mp4,part_6/b_3.mp4,b,dc9670dc5c16a31ac9920869d515e3e5f086cc98877786855b3cffa6cda94876,864161,word_n,1,False
part_6/baby_20241119_172633_26.mp4,part_6/baby_20241119_172633_26.mp4,baby,cea3859be7a5c5563d514d65369f56d840cf940a7aa062175e3c1b8964ee1974,671457,word_timestamp_n,2,True
part_6/baby_20241119_172633_60.mp4,part_6/baby_20241119_172633_60.mp4,baby,103ce2c8e08c94de908f41f13778b84c86402720a9f70eb9f6b7955f9ccae266,750818,word_timestamp_n,1,False
part_6/baby_20241119_173205.mp4,part_6/baby_20241119_173205.mp4,baby,61a235e4abab9b73996a45352df4006af28375ee34d0de9f01dd0ec4ca432aad,631032,word_n,1,False
part_6/back_video_13.mp4,part_6/back_video_13.mp4,back,f23657b28d37a7f639be3fd2f74277029f9feebb48af1506463507a7a16e8d8a,109593,word_video_n,2,True
part_6/back_video_8.mp4,part_6/back_video_8.mp4,back,75ac15c978c58d09bfcfe982eb225cd09308be4980c75dec0434c7f4020e07ec,61873,word_video_n,1,False
part_6/backbone_video_22.mp4,part_6/backbone_video_22.mp4,backbone,36ef42dc724c9e6a74e422f087a28b392edc599be0210c9ea581c3035f130cd9,364770,word_video_n,2,True
part_6/backbone_video_30.mp4,part_6/backbone_video_30.mp4,backbone,fd203d5baeca169fab8b004dc752c9b73f7e211a2056b0648901964acf61d877,220397,word_video_n,1,False
part_6/backpack_20241119_172633_3.mp4,part_6/backpack_20241119_172633_3.mp4,backpack,e251ac0cdfcee0af15c0a561340602eb27538959ff4b2595030fb466fa687de6,173492,word_timestamp_n,1,False
part_6/backpack_20241119_172633_47.mp4,part_6/backpack_20241119_172633_47.mp4,backpack,15ed8248489bc39867837c8872e85bfd7cb353f85f6012f2af827007ff0eaa39,892313,word_timestamp_n,1,False
part_6/backpack_20241119_172633_60.mp4,part_6/backpack_20241119_172633_60.mp4,backpack,e58e5dcf048fefc3f809d6c84cb83a1e49f9fccbd34b3a415a2f86dac0f995f6,726291,word_timestamp_n,1,False
part_6/backup_video_0.mp4,part_6/backup_video_0.mp4,backup,606871cbc8615b579a44e7895edaeadd190ac090d92786b9275c8200db5b91d6,78726,word_video_n,3,True
part_6/backup_video_6.mp4,part_6/backup_video_6.mp4,backup,9bf06cbef9719424a440364c6c46d95250a6542df4e914cd6a1a28b6383aaab1,115966,word_video_n,2,True
part_6/bad_10.mp4,part_6/bad_10.mp4,bad,ef9b6e7f1a04a5fda3e4d9e4081656cb95a5895091faa900c3e4fa620d4c78e0,34038,word_n,1,False
part_6/bad_video_5.mp4,part_6/bad_video_5.mp4,bad,b7f0f195054329b99ab9a5f50c07129b3a98cc1bed92aabcddfc116645cb8aea,161774,word_video_n,2,False
part_6/bag_20241119_172633_26.mp4,part_6/bag_20241119_172633_26.mp4,bag,0facd260e178ecbd7dac8b2b09fc744d12bc0a88868f5607dbc75eca6fc8019b,907534,word_timestamp_n,1,False
part_6/bag_20241119_172633_48.mp4,part_6/bag_20241119_172633_48.mp4,bag,b383cf68f172a2ec9a84b817ac2774dda8fcc7cb7b752cb00d6d3364ed481b54,385259,word_timestamp_n,1,False
part_6/bag_20241119_172633_81.mp4,part_6/bag_20241119_172633_81.mp4,bag,36779c38a1be600022208d1b31b205420d5392b07f7fc4e487a6a6d4d4802bd3,723502,word_timestamp_n,1,False
part_6/bake_20241119_172634_20.mp4,part_6/bake_20241119_172634_20.mp4,bake,d6ef7c7c087831c68a26eebb7e89c6b4bf24aee7bc52b39c9e7d5ffc3ba601a3,447981,word_timestamp_n,1,False
part_6/bake_20241119_172634_25.mp4,part_6/bake_20241119_172634_25.mp4,bake,a3a2a02a18523c9aba2bfeb5e28a7f217b3296371f4b374649592bc3d26bb988,279530,word_timestamp_n,1,False
part_6/bake_20241119_172634_4.mp4,part_6/bake_20241119_172634_4.mp4,bake,9cbf882c0313c34e800871c4364d6edb41ca920b896ccb9694f284c284f99d14,480412,word_timestamp_n,1,False
part_6/balance_video_12.mp4,part_6/balance_video_12.mp4,balance,03a18f9634d87ea87ffaaa09239ebdbfba43ae2fe92137d666e55f9575180a77,592828,word_video_n,2,True
part_6/bald_video_0.mp4,part_6/bald_video_0.mp4,bald,721486796ccd45278ffa13bc3407efc1fdb773284c85089956f231c2e4064afc,186736,word_video_n,1,False
part_6/ball_video_27.mp4,part_6/ball_video_27.mp4,ball,a8e59354fceed5df00817aa75d25235f6279fd8d899db78b80f10ed4e07ea431,303944,word_video_n,1,False
part_6/ball_video_5.mp4,part_6/ball_video_5.mp4,ball,6fb6a414df5b25b50e3c9ee8fd5395536a96320fd67d91fd6b73fcd35990a09b,227379,word_video_n,2,True
part_6/banana_20241119_172634_54.mp4,part_6/banana_20241119_172634_54.mp4,banana,6e1c416b4546b512bad24acfa5f61be100d5f6689ebbb524d02fb39ad16549fd,401167,word_timestamp_n,1,False
part_6/banana_20241119_172634_60.mp4,part_6/banana_20241119_172634_60.mp4,banana,555150bfba07cd66b89e2db7f65a6e0e8b20681b1620aa7cdd7e08b6b010b225,804852,word_timestamp_n,1,False
part_6/banana_20241119_172634_8.mp4,part_6/banana_20241119_172634_8.mp4,banana,7f7632941daa7e11f1e42f5fda0cb796cd3cfbbd33eacff5119e35adc151e8fa,286233,word_timestamp_n,1,False
part_6/bandage_video_1.mp4,part_6/bandage_video_1.mp4,bandage,61ce7be1eee049805a6ed4d5c6b294128daf1b2c108017e580daf3f6c9a365ee,58096,word_video_n,1,False
part_6/bandaid_20241119_180303_45.mp4,part_6/bandaid_20241119_180303_45.mp4,bandaid,0b2251d50e587cd0fc33070cc97a31e6bb32098741dfb7e9611f08ade45be781,506040,word_timestamp_n,1,False
part_6/bandaid_20241119_180303_54.mp4,part_6/bandaid_20241119_180303_54.mp4,bandaid,51027ba234e1025a2e3689b24ef20dd49d99282313a7d555422f641ea23bc75c,305042,word_timestamp_n,1,False
part_6/bar_4.mp4,part_6/bar_4.mp4,bar,2c07a4fe65d477700026d9335858402627a4837a1dd77550ff19d9710cf59219,196291,word_n,1,False
part_6/bark_20241119_172634_42.mp4,part_6/bark_20241119_172634_42.mp4,bark,84516adda80f602d7c57967d3fdd8eeb15d831ccaaa35a2cc57f17698f71828d,603345,word_timestamp_n,1,False
part_6/bark_20241119_172634_45.mp4,part_6/bark_20241119_172634_45.mp4,bark,4027e7cad210bb47526af6bcabaff65157e2157c61d9e481ff6c3005ca9ab5b0,502044,word_timestamp_n,1,False
part_6/bark_20241119_172634_66.mp4,part_6/bark_20241119_172634_66.mp4,bark,5b4f1dac8b663bc7daa062c8af2798ac804de54b4b1e90c2fa1aaeb52516f717,503545,word_timestamp_n,1,False
part_6/baseball_mitt_video_1.mp4,part_6/baseball_mitt_video_1.mp4,baseball,9c4219a4fe9c192e1d6baac493bf6d44f27eaf8a06577a9a11a60cff19179eb2,491564,word_video_n,2,True
part_7/basket_20241119_172634_33.mp4,part_7/basket_20241119_172634_33.mp4,basket,fa4b644f005f0571c8b84420ed7da1a4e2258b224612a6210126ada6b40e8c0d,509980,word_timestamp_n,1,False
part_7/basket_20241119_172634_38.mp4,part_7/basket_20241119_172634_38.mp4,basket,e798d988c4056e3509efd1ec44b95cd913eb9797a94b11ec1ecda8944dc7c003,546113,word_timestamp_n,1,False
part_7/basketball_20241119_172634_56.mp4,part_7/basketball_20241119_172634_56.mp4,basketball,da8b7744a503291241216467112a28ed31e34acf2259ef8804137cef9fe1e552,472436,word_timestamp_n,1,False
part_7/basketball_20241119_172634_57.mp4,part_7/basketball_20241119_172634_57.mp4,basketball,5a368c3ba6826d8f36e79b2229adfe8dbae1cad8258c4176ab2c0140de4a4ca9,371123,word_timestamp_n,1,False
part_7/basketball_20241119_172634_74.mp4,part_7/basketball_20241119_172634_74.mp4,basketball,67cddd3382b490a3f948cc481c3fb9aeb731dd058ac6a1a4da7450a9d93e69aa,416281,word_timestamp_n,1,False
part_7/bat_20241119_172634_25.mp4,part_7/bat_20241119_172634_25.mp4,bat,f8abe2a2a7796becbac9c26cefd5f718921366aa302a4add797518f1c37f8819,508565,word_timestamp_n,1,False
part_7/bat_20241119_172634_63.mp4,part_7/bat_20241119_172634_63.mp4,bat,ac7ba0bb8d097ed7595d22d06b47096d96bbfe21a7a6476c079dd3e12166abf4,570702,word_timestamp_n,1,False
part_7/bat_20241119_172634_72.mp4,part_7/bat_20241119_172634_72.mp4,bat,920e37f0724177e406599bfca02456d523aad161733a724c899d6437a5bd8446,333305,word_timestamp_n,1,False
part_7/batch_video_44.mp4,part_7/batch_video_44.mp4,batch,747335bb195bd5f0229b1d580de320638658706226ca6d25b253337ea10828f3,319522,word_video_n,20,True
part_7/batch_video_45.mp4,part_7/batch_video_45.mp4,batch,00489bf914aad9392c3fdf9b35c4d7b5fdf1b8a9f825d6302d9d93a0c8fad5c4,345733,word_video_n,20,True
part_7/bath_video_6.mp4,part_7/bath_video_6.mp4,bath,ba3ccf2559dc7092f0cc78d7a267baab31a576d6fe290e21a163a81562225262,280665,word_video_n,1,False
part_7/bathroom_8.mp4,part_7/bathroom_8.mp4,bathroom,140d49d3d9cb257caa07a397ae11a81a23051948c979b3211fb913593c66dc2f,270348,word_n,3,True
part_7/bathroom_video_18.mp4,part_7/bathroom_video_18.mp4,bathroom,a14144871f7a35ce2ce4362a4c8b5ff79aecd935c2db187ba22f52142c4fe02e,154264,word_video_n,2,True
part_7/battery_video_7.mp4,part_7/battery_video_7.mp4,battery,aaafa5cbe0d54e668ad7e2f7cd1c08097d3c7e061bd23c9f2c54ac06dff087fc,284209,word_video_n,22,True
part_7/beard_video_0.mp4,part_7/beard_video_0.mp4,beard,f9f5e9d96656e0fa874635848e85a217c636331e1dffc2fb468983c682acfeb0,229109,word_video_n,1,False
part_7/beast_video_1.mp4,part_7/beast_video_1.mp4,beast,967327c30554acec7ac0a79d7fc04dac8f7b19124964ef4cb3ab64be57fb1db7,150693,word_video_n,4,True
part_7/beast_video_46.mp4,part_7/beast_video_46.mp4,beast,da02a6039894f592ad644c4320b75f19e23ce6843bcd36ba5f9e90226406cd42,167532,word_video_n,5,True
part_7/beat_video_11.mp4,part_7/beat_video_11.mp4,beat,f71fc20b416ee324a1078332ba5f8c8bff671ae3dac4ee4e73cdad3f36a1bca8,758481,word_video_n,1,False
part_7/bed_20241119_172634_34.mp4,part_7/bed_20241119_172634_34.mp4,bed,e8518d82d423b1cfd60e35262ec9527255b9062e1229ecbead5f9dd7da3e4b81,416332,word_timestamp_n,1,False
part_7/bed_20241119_172634_43.mp4,part_7/bed_20241119_172634_43.mp4,bed,bfba7b091e928c16b2e72bd9682f367ae9118d0ac3dbeb6f7f7528d47ab25d8a,1080774,word_timestamp_n,1,False
part_7/bed_20241119_172634_71.mp4,part_7/bed_20241119_172634_71.mp4,bed,88935f765fe7a8d1a9b7b03daf4b045d2da09fa7a4bc96ecb7739989eccf5fad,463343,word_timestamp_n,1,False
part_7/bedroom_video_6.mp4,part_7/bedroom_video_6.mp4,bedroom,a6b32cf1bddb960941cd117d0c99cb48acb0ea93cd5ab8cf52f93cf9173872a8,600209,word_video_n,1,False
part_7/bee_20241119_172634_10.mp4,part_7/bee_20241119_172634_10.mp4,bee,d2386193ff1f4cf6f73fcce39dd6b7de323e41335ebbadb407acec4d53abf04c,195911,word_timestamp_n,2,False
part_7/bee_20241119_172634_30.mp4,part_7/bee_20241119_172634_30.mp4,bee,7f9a98b3484f706a8e97b8ed50311b10578422b1aa038d7f57608f1b1160be5f,685822,word_timestamp_n,1,False
part_7/bee_20241119_172634_62.mp4,part_7/bee_20241119_172634_62.mp4,bee,e8fd44b7ba0b7a2c26259197c487e938e0e6a4399786221899de276a21b3701d,671124,word_timestamp_n,1,False
part_7/beer_11.mp4,part_7/beer_11.mp4,beer,8bfdb53c34612278ed554cd97e002b4130488134482c6ed611217ef7d3be961f,640111,word_n,1,False
part_7/beer_5.mp4,part_7/beer_5.mp4,beer,49aa8ae53a41c1fa40aa9131720444993e3e7179fa5d27ed8fc2251021f54d7c,258407,word_n,1,False
part_7/before_26.mp4,part_7/before_26.mp4,before,c66ea3488ebb0b538b50536035c5d2b98621f106f12db91b93201c1e85a9b5fe,26007,word_n,3,True
part_7/before_video_20.mp4,part_7/before_video_20.mp4,before,46447336ae874e14a0c2c7990ee8bbcd1114dfa0b443b8bf20bb51c88ae9313d,272077,word_video_n,1,False
part_7/beg_video_3.mp4,part_7/beg_video_3.mp4,beg,0bb93d45bf154779945956c559b234e0fe2ef4c2d830e389351269b4b1629c1c,496828,word_video_n,1,False
part_7/beg_video_7.mp4,part_7/beg_video_7.mp4,beg,85482b4bee0d8a1582684c2854b97ca677a64293cefb73e5ac6b8281ede17709,245239,word_video_n,1,False
part_7/behind_video_5.mp4,part_7/behind_video_5.mp4,behind,51750a1d49db7536ea46509aab6e7fb5895e27d56d5295f4b0b6a35b31b16827,224825,word_video_n,3,True
part_7/behind_video_7.mp4,part_7/behind_video_7.mp4,behind,ffe9660e0eb15a2bf24644cd6fa2015038b4996a92edc58eed8eddb9d77f8e92,226721,word_video_n,3,True
part_7/believe_20241119_172634_43.mp4,part_7/believe_20241119_172634_43.mp4,believe,c72434d0332de749f27d03a4a1d87a7a5483c7629929841ad0ed3d0ca50e07cc,346312,word_timestamp_n,1,False
part_7/believe_20241119_172634_50.mp4,part_7/believe_20241119_172634_50.mp4,believe,794cee8eb718d7ef928af6d526dfd4c52b59c9958852ea0c14d5d8564335fb7f,401355,word_timestamp_n,1,False
part_7/believe_20241119_172634_65.mp4,part_7/believe_20241119_172634_65.mp4,believe,6eb2d2c5dab8b9cd0fbce24761b900a4afd5125ddbd4fdb21bc74974339039f1,1345546,word_timestamp_n,1,False
part_7/belt_20241119_172634_44.mp4,part_7/belt_20241119_172634_44.mp4,belt,3834b497a0eb6e9e5229046d22053fafb24bed6929fda0eb95138be26b5a47a9,479464,word_timestamp_n,1,False
part_7/belt_20241119_172634_57.mp4,part_7/belt_20241119_172634_57.mp4,belt,4503f120cc40472a84d47071182b91bc0890c294bf3ee6b91c140da762d1b342,451825,word_timestamp_n,1,False
part_7/belt_20241119_172634_66.mp4,part_7/belt_20241119_172634_66.mp4,belt,21d6cde69846fc9b3abac01433975ad58036411d54726f801a7533f268aaf3a0,748291,word_timestamp_n,1,False
part_7/benefit_video_6.mp4,part_7/benefit_video_6.mp4,benefit,1c5264ceea0c091278c7f1ccd957ff1b6ebb3eab7aa4a25a9834152656e80366,162304,word_video_n,1,False
part_7/bet_video_7.mp4,part_7/bet_video_7.mp4,bet,3054318d639d8d4fd99b805dbd059890527e31bf732e75b977fa81fd0d2b8031,279910,word_video_n,1,False
part_7/better_video_11.mp4,part_7/better_video_11.mp4,better,0514cde7dd039b1c4148d943ce436369cf462d2bed1a0d99d479fc50ba7712f1,158325,word_video_n,1,False
part_7/between_2.mp4,part_7/between_2.mp4,between,68d082dc71fcbde7ffd550c70252cb4559f85fd87968643ef575d89c106d429d,322345,word_n,1,False
part_7/bicycle_video_15.mp4,part_7/bicycle_video_15.mp4,bicycle,766e2b54c4e85c031d1e61a11c786304543f1431da6a341a2d3fc5a2a28ed895,255136,word_video_n,4,True
part_7/big_video_24.mp4,part_7/big_video_24.mp4,big,3ca6da9017a25b21ad15b549dba0ef72043a7f44a1cc877503efb5d28a677852,182425,word_video_n,2,True
part_7/bike_video_22.mp4,part_7/bike_video_22.mp4,bike,569dd1d8f8e02ec30569d1b68523ac88323c06d5753897260b07b8e2676426a9,455005,word_video_n,4,True
part_7/bike_video_5.mp4,part_7/bike_video_5.mp4,bike,347095ddc7687a6fed3ed0c17c99c8dcc78fadae94890f3169be466179f9fbaa,154398,word_video_n,3,True
part_7/biology_3.mp4,part_7/biology_3.mp4,biology,f60c984ad4a2683490e76da11f42a2eb79e200271157cb5b6bab4b0438957b18,287871,word_n,1,False
part_7/bird_video_5.mp4,part_7/bird_video_5.mp4,bird,5204b1e0a0f579a645509561d1f4360f7a2576239cc4e2e0ab6f164a61deadcc,604511,word_video_n,1,False
part_7/birth_7.mp4,part_7/birth_7.mp4,birth,6c46cc50e0aab7da171a5e30c8b23a353bf3ff53df2511dd6f3628e1620672bc,258074,word_n,1,False
part_7/birthday_video_5.mp4,part_7/birthday_video_5.mp4,birthday,05aa72ef039b7d82969e180099a30f38a52e7f071ba8914d3a2bac503b7ea747,230649,word_video_n,1,False
part_7/bite_20241119_172634_4.mp4,part_7/bite_20241119_172634_4.mp4,bite,611c4f5a343ac9a442f6cf95e21b81658938869d048b7d662a433848dbc85222,198021,word_timestamp_n,1,False
part_7/bite_20241119_172634_47.mp4,part_7/bite_20241119_172634_47.mp4,bite,d1ac085064d4d4a4df899f27962def28562fccd00b8c705620ababdbb0613a7f,556101,word_timestamp_n,1,False
part_7/bite_20241119_172634_51.mp4,part_7/bite_20241119_172634_51.mp4,bite,1fcaad36ebb64c4fef1374fb7d547f59f2a5f11638b0e813fa5f0d667ac4f3d5,602525,word_timestamp_n,1,False
part_7/black_video_16.mp4,part_7/black_video_16.mp4,black,4349aa21bb9b0335c8cfcc8e332663a56fe31efc469ff63a03cc3394fcd168b4,318099,word_video_n,2,True
part_7/bless_video_2.mp4,part_7/bless_video_2.mp4,bless,1748a52746e1160ef7268db4d0e76503bc23b878f66644091985ad3736520782,123680,word_video_n,1,False
part_7/blinds_20241119_180303_25.mp4,part_7/blinds_20241119_180303_25.mp4,blinds,acc5d6fa5b771eb4f33e7d51b3d6147e0ad38af2d60943cbc944390d58b1e1f1,1113768,word_timestamp_n,1,False
part_7/blinds_20241119_180303_40.mp4,part_7/blinds_20241119_180303_40.mp4,blinds,7749a984e803251543fbbf03424fa46a144e2fabfb6bb855e4f82e9c688c415e,669072,word_timestamp_n,1,False
part_7/blood_2.mp4,part_7/blood_2.mp4,blood,dc07e0302b2fd1b02d37290ff4f3a3ae6f706bfc410167971c36152d8d2abfcd,181935,word_n,1,False
part_7/blouse_video_1.mp4,part_7/blouse_video_1.mp4,blouse,96234bde17a299c0653c409bdc5b3a2a53c0628bb2b1d99f0b853dc0c12cce7e,43337,word_video_n,1,False
part_7/blow_video_1.mp4,part_7/blow_video_1.mp4,blow,c56c93815943cacc8ea20683f0397a12b6a9d50ef5caaa073f86e9762d33dc1b,184696,word_video_n,2,True
part_7/blow_video_40.mp4,part_7/blow_video_40.mp4,blow,ff2fe31f0381850f02a4eee63cce109684444f0dd7be42fd4490b0cc6c6f8a78,376995,word_video_n,1,False
part_7/blowcandle_20241119_180303_40.mp4,part_7/blowcandle_20241119_180303_40.mp4,blowcandle,4a8151788f580706bd177ce96bef27b34bfedf01e87784aa79823e8f5db0b830,487656,word_timestamp_n,1,False
part_7/blowcandle_20241119_180303_9.mp4,part_7/blowcandle_20241119_180303_9.mp4,blowcandle,35c5eb5d3ee14ceceff01c0cb822a39714fbc3be0a824d7da20abd978dc959a1,546711,word_timestamp_n,1,False
part_7/blue_4.mp4,part_7/blue_4.mp4,blue,2931c0730d43604b9e78e209cf00541497f12ce378abc3f45441edfe3eafdd17,522844,word_n,1,False
part_7/boat_10.mp4,part_7/boat_10.mp4,boat,150a56f9cb6d0fa06a38e2f382f9bdbb3f5733ce156e7c905bec86a52f4a8457,41139,word_n,1,False
part_7/body_video_14.mp4,part_7/body_video_14.mp4,body,a66c09fd2538a9b32a9be37dbc48287d2732ba3d5ad9196016a8a1d5e7f396b1,383176,word_video_n,1,False
part_7/boil_20241119_172634_19.mp4,part_7/boil_20241119_172634_19.mp4,boil,f5821d24d7893121e4dfc7ddc360d875eb2ab36f296d59d8a8280c15cbc36e3b,495024,word_timestamp_n,1,False
part_7/boil_20241119_172635_21.mp4,part_7/boil_20241119_172635_21.mp4,boil,4bd7561c5a915b1e6222cd5aea1c4d94377dc697caa7d0c08bd0816074d4bc1e,649269,word_timestamp_n,1,False
part_7/boil_20241119_172635_27.mp4,part_7/boil_20241119_172635_27.mp4,boil,fe26c2ea877186aaa308fa570994c1e35ee1e62536c7f510c3ce6423908dcdbb,816298,word_timestamp_n,1,False
part_7/bolt_video_5.mp4,part_7/bolt_video_5.mp4,bolt,1a07c0f398b10a85a02a86b332fd28279b1210f888716453f85f47d094a81fb2,762508,word_video_n,1,False
part_7/bomb_video_2.mp4,part_7/bomb_video_2.mp4,bomb,a7151b29ffd838d6c65b5e5c551e5b8e483cd8057c20eff766581c0f839a5f7d,189762,word_video_n,1,False
part_7/bonanza_video_5.mp4,part_7/bonanza_video_5.mp4,blind,124daa901d2402010ac73dedd9caa9849a92939b3f4ad038aa869874df3a7b30,227325,word_video_n,1,False
part_7/bone.mp4,part_7/bone.mp4,bone,7be34a53a8228269a961d0178437403fa8a82ea1f3f1a3369e227f57adeca7d3,322545,word_only,2,True
part_7/boots_20241119_172658_33.mp4,part_7/boots_20241119_172658_33.mp4,boots,cbcaa7607a64fb0c70906972e32c4466b3f91777946119cb9a21fb463144fe6b,670395,word_timestamp_n,1,False
part_7/boots_20241119_172658_57.mp4,part_7/boots_20241119_172658_57.mp4,boots,8a907433ac178f73c04f2367fc897ae70b201790fdd1309fd03067f6adcd3b6f,468369,word_timestamp_n,1,False
part_7/bored_20241119_172635_2.mp4,part_7/bored_20241119_172635_2.mp4,bored,b225bb372f43c4a253ed1787c48d56773840a000762667d3ef69a70aa44905da,197661,word_timestamp_n,2,True
part_7/bored_20241119_172635_21.mp4,part_7/bored_20241119_172635_21.mp4,bored,14d8453899f2f9775115b88d55067c5b6265b2b2dcfc479cf068d1c4885b0fd8,511562,word_timestamp_n,1,False
part_7/bored_20241119_172635_22.mp4,part_7/bored_20241119_172635_22.mp4,bored,c793ec909446082abd5f9e5e109ac157d350f6e0cc3913da3caee322dc792043,356931,word_timestamp_n,1,False
part_7/borrow_8.mp4,part_7/borrow_8.mp4,borrow,da1d994e59c6fef2cd146a3b5527c83908bb2a95da3659fa47f17e70500c4bad,47593,word_n,2,True
part_7/boss_video_2.mp4,part_7/boss_video_2.mp4,boss,52c838209025c5d41015b01bf4a8f3d10849e4e33588eecb30471aa482eb5a75,151013,word_video_n,1,False
part_7/both.mp4,part_7/both.mp4,both,7bfca8233f69736deeebeecc850c13f108cf343ee8b7eeca76965b241bb30ae8,162241,word_only,1,False
part_7/bother_10.mp4,part_7/bother_10.mp4,bother,71ed00ac01955e634dd2fb2360f301edc3566bf7bc27c5929616608366c5dede,93681,word_n,1,False
part_7/bother_video_3.mp4,part_7/bother_video_3.mp4,bother,b1b0b61caf3d08bee115b17eb6fbb08058be476822006ec59f4b599007848570,107383,word_video_n,3,True
part_7/bottom_15.mp4,part_7/bottom_15.mp4,bottom,4e809395a85892369299e0a89a44d045c3b7e8a55e362b0fbce2ee95e7b83c67,153494,word_n,1,False
part_7/bottom_video_5.mp4,part_7/bottom_video_5.mp4,bottom,3f4c3fe381552dc0aedf9205f27fc0460a09afa9b9fed9bb44b6ef055400bf41,112270,word_video_n,1,False
part_7/bound_video_30.mp4,part_7/bound_video_30.mp4,bound,d203d0244f0575e1dd8780bca6e8822e51ecbdac820a4d471144909958d42b6e,246836,word_video_n,3,True
part_7/bound_video_36.mp4,part_7/bound_video_36.mp4,bound,e5f97a7017a9ad6501c130f66537df7dc10f8749afdf38a89f9a5837fc784103,183116,word_video_n,3,True
part_7/bow_20241119_172635_45.mp4,part_7/bow_20241119_172635_45.mp4,bow,16bc2be87049683e3561f68a470360b7e645926d859ec4abdd1ccdc7baead563,1718098,word_timestamp_n,1,False
part_7/bow_20241119_172635_67.mp4,part_7/bow_20241119_172635_67.mp4,bow,98d15aee7ce55719e4e33174bfcf4e59069b883791698b315cad3d8e6efb070b,671358,word_timestamp_n,1,False
part_7/bow_20241119_172635_73.mp4,part_7/bow_20241119_172635_73.mp4,bow,f80c785bc54b9fd04b1955cde15d98c1260c4ab290e4a7d347bbee5c94a1b146,361398,word_timestamp_n,1,False
part_7/bowling_20241119_172635_25.mp4,part_7/bowling_20241119_172635_25.mp4,bowling,d5006a74b11ec14de7ac64ea2b74d4edf2b82c90f4298a6d8026a928fea558d6,722938,word_timestamp_n,1,False
part_7/bowling_20241119_172635_64.mp4,part_7/bowling_20241119_172635_64.mp4,bowling,16fc42d8439653f2b75e47e14a6c9a5f8a9fcf1a8d8787c08fcec887074d2c26,498874,word_timestamp_n,1,False
part_7/bowling_20241119_172635_65.mp4,part_7/bowling_20241119_172635_65.mp4,bowling,0810c7f8097ee70ce8a4a8b4ac3004064535d7487171bcacd8990fe2d8fb0ae0,516399,word_timestamp_n,1,False
part_7/bra_20241119_172635_55.mp4,part_7/bra_20241119_172635_55.mp4,bra,a6543e62915115e932d304cf8b5d3de68565d43c52be5cf259a4349ef3cf7ae1,815997,word_timestamp_n,1,False
part_7/bra_20241119_172635_79.mp4,part_7/bra_20241119_172635_79.mp4,bra,da0c5efd597abf04dd22365bc257c1cd1025f1105ad72059344ede5a61e6fa68,980556,word_timestamp_n,1,False
part_7/bra_20241119_172635_87.mp4,part_7/bra_20241119_172635_87.mp4,bra,9d3321c777e53d94b290f36ca4c38b812d8feffec96ad1a9ea69d1d08851d1b2,646325,word_timestamp_n,1,False
part_7/bracelet_video_1.mp4,part_7/bracelet_video_1.mp4,bracelet,0b2718fc2e7d9476c8dfcdefdc9bce3b8b1448c06a4c44da23b42beee4e39f3c,195957,word_video_n,1,False
part_7/bracelet_video_3.mp4,part_7/bracelet_video_3.mp4,bracelet,9a7c22d835a6eba0d88144f52bb7eae8e24b643e9d7b93c20903ad69d7943309,434948,word_video_n,1,False
part_7/brain_1.mp4,part_7/brain_1.mp4,brain,0c76909f66cb05fc5e653222ab1e89d7221b0201d8c7c87b38c34b30575e03df,270648,word_n,1,False
part_7/brain_video_11.mp4,part_7/brain_video_11.mp4,brain,f9dd94b2591dd2544ced0522b47b908ba5e60dd1957caf56de94bbc785bc0212,228963,word_video_n,3,True
part_7/brain_video_12.mp4,part_7/brain_video_12.mp4,brain,94b21d5fb9a2e65883402cf4d29d04850e48b4162f3508a5f1ca2e3fc840e057,777192,word_video_n,3,True
part_7/brainstorm_video_4.mp4,part_7/brainstorm_video_4.mp4,brainstorm,8d7a714cd2d8690c300ce18fd0c1dad0d068ae9ac6b4fb51132550071b4e48ef,259209,word_video_n,1,False
part_7/break_video_16.mp4,part_7/break_video_16.mp4,break,4e04196b6e91be7e1ab836997f4f1fbcc5ec217412c75c278337806455e3eed8,158799,word_video_n,1,False
part_7/break_video_3.mp4,part_7/break_video_3.mp4,break,ca2392f0b4c2f35fc593b48c81d557a391491dfbfc12500c71971fd2031c0d6b,123345,word_video_n,4,True
part_7/breakdown_20241119_172659_19.mp4,part_7/breakdown_20241119_172659_19.mp4,breakdown,f2bae316ff0878574cdf33609b1d0e4aa7cd20fd352e9d8b955ea551aa12b7d0,863967,word_timestamp_n,1,False
part_7/breakdown_20241119_172659_43.mp4,part_7/breakdown_20241119_172659_43.mp4,breakdown,e5317e4cba423a1dcd950268d0d7daaa9c667a15b490fb25f1c498ac5f08d28d,523997,word_timestamp_n,1,False
part_7/breakfast_20241119_172635_59.mp4,part_7/breakfast_20241119_172635_59.mp4,breakfast,7ca35cba25392ce056af3443bb581e2e44447d31aaef2b1df35da0eae8749b46,503842,word_timestamp_n,1,False
part_7/breakfast_20241119_172635_6.mp4,part_7/breakfast_20241119_172635_6.mp4,breakfast,ff97a4db1d0e60ca5030a008aa719769225b41e466b4bdf7af7356a97d20e926,191475,word_timestamp_n,1,False
part_7/breakfast_20241119_172635_69.mp4,part_7/breakfast_20241119_172635_69.mp4,breakfast,b0140b81c7ee94825dfcf38a59b734084f3a793ca6f2c1c30848b746d9b6f831,831191,word_timestamp_n,1,False
part_7/breathe_video_1.mp4,part_7/breathe_video_1.mp4,breathe,0010fe25b32124253936c8572e5ee8ec3a9c03d7f56b2963f6048bf869eade96,206135,word_video_n,1,False
part_7/breathe_video_4.mp4,part_7/breathe_video_4.mp4,breathe,7054ad6f5415ec07a009cdd1cda8a9f4d924733fc47d05f6648f6c15871a0a79,254826,word_video_n,1,False
part_7/bridge_20241119_172635_24.mp4,part_7/bridge_20241119_172635_24.mp4,bridge,17a155eba89a3e91b525ceaf09652ae73fba3fd89158bb6e835323bc970c4051,454644,word_timestamp_n,1,False
part_7/bridge_20241119_172635_36.mp4,part_7/bridge_20241119_172635_36.mp4,bridge,8f18647cf5df49a0296845a4e8a933c3f4ea3ccd9aa2916ca63e206ef8962598,414011,word_timestamp_n,1,False
part_7/bridge_20241119_172635_64.mp4,part_7/bridge_20241119_172635_64.mp4,bridge,4c030ae02267ad47e5e5e53927202cb3bb9ccb486ad037864a47e5a93e7fb719,578871,word_timestamp_n,1,False
part_7/bring_down_video_22.mp4,part_7/bring_down_video_22.mp4,bring down,0c1d0eb9997ae0c3057e187103445fa49c703406564e26133c4e9635ac42adaa,626151,word_video_n,8,True
part_7/bring_down_video_29.mp4,part_7/bring_down_video_29.mp4,bring down,ae3289531baf8c87e5e98e8bdf9976b4ae6930cf4c3ec2578fcd1d0077e9ba97,694331,word_video_n,8,True
part_7/bring_video_4.mp4,part_7/bring_video_4.mp4,bring,8305bf677dbb8244bf8769b03d15d15ca44f8d9d6ad60222c1476162b8962127,118976,word_video_n,4,True
part_7/brother_video_14.mp4,part_7/brother_video_14.mp4,brother,4ce1d13c0de4ec41db46102a2dd7a52bfea2a1e1fdddbc3c812ac022ddecdd4f,711837,word_video_n,1,False
part_7/brown_video_15.mp4,part_7/brown_video_15.mp4,brown,6f6768b55e124e78db3d8f7ae84ee376dde1a61784bd6ee0156f20edf7b6b82b,151388,word_video_n,1,False
part_7/brush_video_4.mp4,part_7/brush_video_4.mp4,brush,bb950d957aa89dd335a7544ca07bf7e36aeddb9759627f32e65abb5dc412ec71,174921,word_video_n,1,False
part_7/brute_video_21.mp4,part_7/brute_video_21.mp4,brute,351dd35b3c0f34e896c0ae07a858f580b770ae74c379211fefabb4dc578e8c49,188140,word_video_n,5,True
part_7/brute_video_38.mp4,part_7/brute_video_38.mp4,brute,275a41797610800b2ce363f015a8d5ff5f08429664a81a6793712c92c0f89b13,148430,word_video_n,5,True
part_7/buckle_20241119_172635_37.mp4,part_7/buckle_20241119_172635_37.mp4,buckle,e9f0484476a849575be9ac70230526029e586bd6eeddeb12f0ca5df5de6f3d1d,506701,word_timestamp_n,1,False
part_7/buckle_20241119_172635_41.mp4,part_7/buckle_20241119_172635_41.mp4,buckle,e2a0a612f30b423ed2d383907ac7f1a1bb8757aeb620fbc190ae54918f00b641,779875,word_timestamp_n,1,False
part_7/budget_video_3.mp4,part_7/budget_video_3.mp4,budget,6fdc43239a0c04dcadea8d2abc44ff79396597aa1f4c725e9c8d09a4585e0a4a,139798,word_video_n,1,False
part_7/burn_video_1.mp4,part_7/burn_video_1.mp4,burn,95c7911151fef0ac3edc59d16b5a550f142f0f368319003093492b2fe026de4f,182132,word_video_n,1,False
part_7/burp_video_1.mp4,part_7/burp_video_1.mp4,burp,d9f9f625768028c61d2beefe66b6bf78af206be5efc6c0e8062dc92ec0a1fbd0,263479,word_video_n,1,False
part_7/bury_20241119_172635_108.mp4,part_7/bury_20241119_172635_108.mp4,bury,290ffe674adea0574742611d550fd1f706c38f7b371960e5d820e1228bcfc2dc,612874,word_timestamp_n,1,False
part_7/bury_20241119_172635_50.mp4,part_7/bury_20241119_172635_50.mp4,bury,a19afa8025a3b8b349d38aaecf383ae3538703d0c7a1263a0ace631019000d46,585766,word_timestamp_n,1,False
part_7/bury_20241119_172635_60.mp4,part_7/bury_20241119_172635_60.mp4,bury,ab5501d607a2d0d36602e5c5c0585aceb44ea134c6721c6c9eb55e3a1b3f83b4,574088,word_timestamp_n,1,False
part_7/business_video_14.mp4,part_7/business_video_14.mp4,business,0a2cc496a166f5f19e3aa5720f5692e24114ffb1e9a7a97f726b17632cd87b47,725022,word_video_n,3,True
part_7/business_video_18.mp4,part_7/business_video_18.mp4,business,423663a5dc405d87acfdbec067f724ec5a9981921fc9f1dd3f51d258ed750cdb,261184,word_video_n,3,True
part_7/busy_video_2.mp4,part_7/busy_video_2.mp4,busy,17a167b05b8b0ea659ef0404fc8ff4b749dd69ce1872c671e029742b90620d6c,189153,word_video_n,1,False
part_7/butter_video_7.mp4,part_7/butter_video_7.mp4,butter,5d881cae991095876781ee7687563aee7aed157fdca4ca08b28474116c1f0ac2,533893,word_video_n,1,False
part_7/butterfly_video_0.mp4,part_7/butterfly_video_0.mp4,butterfly,6739c2cbe39705c59d71f1b426bd8020828bf7be8d18f168c65d5f47ef5d70dd,187343,word_video_n,1,False
part_7/buy_8.mp4,part_7/buy_8.mp4,buy,1d46edd4a4ce073942855993762ffd87047da0c50c8145d9c98cdc32d9eab027,256502,word_n,1,False
part_7/buy_video_1.mp4,part_7/buy_video_1.mp4,buy,643121cced9d6b711cc2dba5935ce9e94ee1eeb8f4846942c64bcef91295a62f,385738,word_video_n,2,False
part_7/bye_video_7.mp4,part_7/bye_video_7.mp4,bye,e5e33cae7fb778263832f07976fd0d4c7e47663196762525d6971ac038678e05,465407,word_video_n,1,False
part_7/c_6_c_aug_22.mp4,part_7/c_6_c_aug_22.mp4,c,8b340114f095241111b7fd5412defa90afeebefb2a5168780c075dab3917d72c,382262,word_n,3,False
part_7/c_6_c_aug_36.mp4,part_7/c_6_c_aug_36.mp4,c,8b340114f095241111b7fd5412defa90afeebefb2a5168780c075dab3917d72c,382262,word_n,3,False
part_7/cabinet_video_6.mp4,part_7/cabinet_video_6.mp4,cabinet,5b4bca82d6b3bfd1d7e302ad4e76a132ed2eec69d5ea1e5839899ce0c82ed99a,494423,word_video_n,1,False
part_7/cake_video_10.mp4,part_7/cake_video_10.mp4,cake,598170c9da820f749aad068d61a61827984fff18416025059bf14d2a650d44a2,110494,word_video_n,2,True
part_7/calendar_20241119_172635_22.mp4,part_7/calendar_20241119_172635_22.mp4,calendar,9e8a8fff340786e9732fe0be881a7591835e894075f126fc34ba3dc332ce224c,554553,word_timestamp_n,1,False
part_7/calendar_20241119_172635_28.mp4,part_7/calendar_20241119_172635_28.mp4,calendar,9a1c3d0de37e90fffc1ee64215e43329c930cec83d00a0c3b90e35fbdf802b67,462819,word_timestamp_n,1,False
part_7/calendar_20241119_172635_62.mp4,part_7/calendar_20241119_172635_62.mp4,calendar,058a0d62f9cf8f8f7f48086f107fa2cffc8ad6d95dff3c9f427244d5c2018c53,788132,word_timestamp_n,1,False
part_7/call_20241119_172635_14.mp4,part_7/call_20241119_172635_14.mp4,call,0c6d14e9c93eba7ce701bec8d790ff9905db0408d580bf3542b254933298d922,185523,word_timestamp_n,3,True
part_7/call_20241119_172635_3.mp4,part_7/call_20241119_172635_3.mp4,call,73e2984e26546ace942cb8e97488f5fe87549a4ce68f9161490af6f44e35cc5c,289226,word_timestamp_n,1,False
part_7/call_20241119_172635_9.mp4,part_7/call_20241119_172635_9.mp4,call,e4db9c56e117a8f002cf5f1ef2ed5d0bfb8cb607c087161bbf54bd8df9288848,209234,word_timestamp_n,4,True
part_7/can_20241119_172636_16.mp4,part_7/can_20241119_172636_16.mp4,can,29a3d53a21d013fad5db74ab05172195119fccea72cac04f2bb25693907dcb98,169240,word_timestamp_n,1,False
part_7/can_20241119_172636_3.mp4,part_7/can_20241119_172636_3.mp4,can,5b850c77fe4b66981d1e4c64aa4364be1fb4e03a3d04f56adcef1a31df5981a2,218998,word_timestamp_n,1,False
part_7/can_20241119_172636_65.mp4,part_7/can_20241119_172636_65.mp4,can,023db1c711cd67da200a20f298fff2335dc4c2d2017d7bba564651c9f777290b,288834,word_timestamp_n,1,False
part_7/canada_3.mp4,part_7/canada_3.mp4,canada,85ebed67a31fc01ccf7b7a774344df376bdb3fd05c1455e631896ab59fb1365b,208906,word_n,2,False
part_7/cancel_20241119_172636.mp4,part_7/cancel_20241119_172636.mp4,cancel,23ed0d8a2570e3de0c2e7f43a611920bb448f2b92e596a63160ecac902f30f6b,199870,word_n,1,False
part_7/cancel_20241119_172636_29.mp4,part_7/cancel_20241119_172636_29.mp4,cancel,0157a548c6bd55a11983a641d5fdce14e2c0a759f56de1d85e6db895d1116995,1200769,word_timestamp_n,1,False
part_7/cancel_20241119_172636_56.mp4,part_7/cancel_20241119_172636_56.mp4,cancel,92da5aa98996292394021b85573bd2c368b9e067a87ff8f32e1d98f1ac260b0b,519178,word_timestamp_n,1,False
part_7/cancer_20241119_172636_34.mp4,part_7/cancer_20241119_172636_34.mp4,cancer,2e309be02c47f12c728bc1cd21629168fb70714cd0000033df272d9d18a6e2ab,712658,word_timestamp_n,1,False
part_7/cancer_20241119_172636_55.mp4,part_7/cancer_20241119_172636_55.mp4,cancer,c661f70494f55190571c89afd74023f3666bdc61b9a239e64d55a4d7cb9b923a,805057,word_timestamp_n,1,False
part_7/candy_20241119_172636_16.mp4,part_7/candy_20241119_172636_16.mp4,candy,edf9f0753ffb9f5eac537c9255ad5ff8d000ee232e9588b9859d45d0d3d3d851,93645,word_timestamp_n,1,False
part_7/candy_20241119_172636_59.mp4,part_7/candy_20241119_172636_59.mp4,candy,d9ec881defcfc0a68e0f8ba9b52129f888827d7ff228ce7dd6a631335cc2b2f1,484178,word_timestamp_n,1,False
part_7/candy_20241119_172636_69.mp4,part_7/candy_20241119_172636_69.mp4,candy,4b42416f5cf6ab27f0b725af8a03f559b0ad5801cec17f0b246ac12678ac8662,391722,word_timestamp_n,1,False
part_7/canoe_4.mp4,part_7/canoe_4.mp4,canoe,6da43a6bb475bb3bf0345a2e23d8b32dd7939214e1735f432a33c890f5b65baf,257153,word_n,1,False
part_7/caption_7.mp4,part_7/caption_7.mp4,caption,63a6875e5e8ffc10355c3744f03912f473aed1892a5fdfb448c89f97434db0fb,53257,word_n,2,False
part_7/capture.mp4,part_7/capture.mp4,capture,2bb7d99995f23c77dc818f6bd37e52885181725179b0623336eb14c9518c77ad,226004,word_only,1,False
part_7/car_video_14.mp4,part_7/car_video_14.mp4,car,672d6f1e3721004233ce9927003f20d0f26a6f88d6204db223f8b94f1bf58a4d,216641,word_video_n,2,True
part_7/cards_8.mp4,part_7/cards_8.mp4,cards,9f4f45db61f98f13429a505d0d4505df18377f257b21aa827965694f4243b219,230580,word_n,2,False
part_7/careful_video_1.mp4,part_7/careful_video_1.mp4,careful,54369ea6cf0a71612428f13393c49759073cf9e812828ee4d999b09fa27786c3,158914,word_video_n,1,False
part_7/carrot_20241119_172636_65.mp4,part_7/carrot_20241119_172636_65.mp4,carrot,3342f2db6cf618baf3d3f5aa4df7c62f68d8163dd3ef6177918e00ab0f2e978b,345721,word_timestamp_n,1,False
part_7/carrot_20241119_172636_75.mp4,part_7/carrot_20241119_172636_75.mp4,carrot,b6ca06722db6fdfeaacdb376ed559fa47aca05f028124e46a428ecff96338028,349346,word_timestamp_n,1,False
part_7/carrot_20241119_172636_92.mp4,part_7/carrot_20241119_172636_92.mp4,carrot,b57c9359d76517013853784d8c9008281dcbcbefda35efed0073f7efea9a8d0e,712200,word_timestamp_n,1,False
part_7/castle_20241119_172636_107.mp4,part_7/castle_20241119_172636_107.mp4,castle,db33ea57b9ef4f280db6c7546d0d2e6e462b511d6183acbca2e4cec90f3fb37c,1261648,word_timestamp_n,1,False
part_7/castle_20241119_172636_37.mp4,part_7/castle_20241119_172636_37.mp4,castle,54ee7592d760c3b95c469d3071ef6da70d5dc6fab7c67a133e2f0cdb49539447,578174,word_timestamp_n,1,False
part_7/castle_20241119_172636_43.mp4,part_7/castle_20241119_172636_43.mp4,castle,e94aade8c4a894599695f5abc7419ffabd4fb4e59f33b83447c55e9724ae812c,522686,word_timestamp_n,1,False
part_7/casual_video_3.mp4,part_7/casual_video_3.mp4,casual,d20950d32d622f8f300a21f5c19f0ea5716d255c4a7800433e8caa0e9533aacf,337363,word_video_n,1,False
part_7/cat_20241119_172636_17.mp4,part_7/cat_20241119_172636_17.mp4,cat,1a3a6e8e05e1132bea3150dce0b9e5b6690d21e91e28c65c14b683a1850880e5,369319,word_timestamp_n,1,False
part_7/cat_20241119_172636_29.mp4,part_7/cat_20241119_172636_29.mp4,cat,f45ad586e0d9b233eb33eb6ca417107c28856f01c2772dae6d36adea495acdb5,453851,word_timestamp_n,1,False
part_7/cat_20241119_172636_30.mp4,part_7/cat_20241119_172636_30.mp4,cat,a883f053ae11e5da2b79023bc727fad702b3034d3bd1a9632c7401a92b995e4b,381553,word_timestamp_n,1,False
part_7/catapult_video_0.mp4,part_7/catapult_video_0.mp4,catapult,9a703e36f51ad76c42ef125630b0abcd750bd309b9fd937dd75b1e0f1b0c6c4d,65467,word_video_n,2,True
part_7/catch_20241119_172636_13.mp4,part_7/catch_20241119_172636_13.mp4,catch,2e86bf57062c7fa0297152482db42b1bf072e1ed0f2829a7629f2eac49a7734f,98424,word_timestamp_n,2,True
part_7/catch_20241119_172636_68.mp4,part_7/catch_20241119_172636_68.mp4,catch,0ba0e92f10c37e8e1d31f05cbcf0f5b91bd6f298e2c71d01a0afa10abcc1f3ef,673471,word_timestamp_n,1,False
part_7/catch_20241119_172636_89.mp4,part_7/catch_20241119_172636_89.mp4,catch,e138d9b6eb8852402d412fe8465b86e680846fb8818800178d1665f9550568f0,505998,word_timestamp_n,1,False
part_7/cause_9.mp4,part_7/cause_9.mp4,cause,5bbe8ed9fda6f58bdf65ce7b7d42f6264fc0ecb75b5ac0826aa42a68a7e4add9,54541,word_n,1,False
part_7/cellphone_video_5.mp4,part_7/cellphone_video_5.mp4,cellphone,769a03b542b6a6d78a64d3431a642cba8cea060a9698d632632f8fe5ab79e2eb,341399,word_video_n,1,False
part_7/center_15.mp4,part_7/center_15.mp4,center,78f9ce46b949c6219fbbbb81e5e8910f12709191a28eed96de1bfdd3702c0557,237790,word_n,2,True
part_7/center_video_18.mp4,part_7/center_video_18.mp4,center,38dca1ff653889aa1a93325fb2e8bf4754d9c636f17abbf3e55ec5ad13cf009c,326689,word_video_n,1,False
part_7/cereal_video_11.mp4,part_7/cereal_video_11.mp4,cereal,1954f770efbdb630e70a231b8372c199f88b1dae1910034731a2096c6013c74d,110586,word_video_n,1,False
part_7/cereal_video_8.mp4,part_7/cereal_video_8.mp4,cereal,33d6c5b9761ffb252ba24fd848256f6175718c099130c1f93c34f106ae031b16,431528,word_video_n,1,False
part_7/chain_video_0.mp4,part_7/chain_video_0.mp4,chain,49c067212bd09ffbf15530d9074a65036acb9b04213b190c105f32164c18bbb4,234262,word_video_n,1,False
part_7/chair_15.mp4,part_7/chair_15.mp4,chair,2c8629e4724d877753687e7fd9b9705bcff099be8394a9e7fb58d8cbb42cc91a,246827,word_n,2,False
part_7/challenge_3.mp4,part_7/challenge_3.mp4,challenge,7575fc9a3cceaef27794eea55bbe00653628cc0a6d86ff409777aa8d10c257d4,234385,word_n,2,False
part_7/chance_4.mp4,part_7/chance_4.mp4,chance,79763034effd7bde133cf795271d8ec6f76b11b604edb800c2e1c4d400dc720f,210785,word_n,2,False
part_7/change_5.mp4,part_7/change_5.mp4,change,d85bda310b04d9f074b92e8c3b037565c40f395b5de57637e69affaa5ea72acf,201347,word_n,1,False
part_7/chaos.mp4,part_7/chaos.mp4,chaos,edea51b54b1510c23b8e5f68b6207197a99f087a1459259efb5bc5c52880c072,323293,word_only,1,False
part_7/charge_video_2.mp4,part_7/charge_video_2.mp4,charge,4fe1ded2b8264b6290dd5b045d9ba19b0dbf1b56c9436495602fbeae3d9731e8,267160,word_video_n,1,False
part_7/cheat_20241119_172637_27.mp4,part_7/cheat_20241119_172637_27.mp4,cheat,19f969d04b656764c0bd24096deed879a0b6ca5c84533d0aa6efa7aff159941b,647081,word_timestamp_n,1,False
part_7/cheat_20241119_172637_41.mp4,part_7/cheat_20241119_172637_41.mp4,cheat,80360b3a67ed139e57f0f870590306299e15daaad4a4205daf4f61a529619b24,365249,word_timestamp_n,1,False
part_7/cheat_20241119_172637_52.mp4,part_7/cheat_20241119_172637_52.mp4,cheat,8872a9b8512647687da75b10df69961995ca47183b7c9ebff6fc248ea1201251,514847,word_timestamp_n,1,False
part_7/check_video_12.mp4,part_7/check_video_12.mp4,check,923023e2cd515dcdf0ee74611eb3c3111dd434584d9a6bd16e7ffcd340c6e22b,433727,word_video_n,1,False
part_7/check_video_16.mp4,part_7/check_video_16.mp4,check,a9562ebbe665097a059ea3691e1fb0054919a6d6ef5fb836cdb8344089b1fa4d,658003,word_video_n,1,False
part_7/cheer_video_4.mp4,part_7/cheer_video_4.mp4,cheer,224e69d4be114cbd330f4dcd08de35447e0775719620442370c345cc1e6655f4,214216,word_video_n,1,False
part_7/cheer_video_5.mp4,part_7/cheer_video_5.mp4,cheer,3db4d05a98dcec27a1ccfe0575ab6f60b8246031cae88a7e491af8b06514ee59,335646,word_video_n,2,True
part_7/cheerleader_20241119_172659_11.mp4,part_7/cheerleader_20241119_172659_11.mp4,cheerleader,8955e417cafcbfff3464a039b2cce90feb072ae0eed722f16ce9ac5b05187869,761080,word_timestamp_n,1,False
part_7/cheerleader_20241119_172659_5.mp4,part_7/cheerleader_20241119_172659_5.mp4,cheerleader,3c4250bc42b7297f8e72748038a9ecbfa86962d96f326bfdaaf0f352280ef72f,428129,word_timestamp_n,1,False
part_7/cherish_video_0.mp4,part_7/cherish_video_0.mp4,cherish,3c957efa18fd695fafd1d297f85fe0c5c410341b1eae889d98bd23df414e16fd,61565,word_video_n,1,False
part_7/cherry_20241119_172637_20.mp4,part_7/cherry_20241119_172637_20.mp4,cherry,ba5992ef972475c8af3b97b0db38cf39c8fdbde89519b043fe416e2c3f1e4025,498875,word_timestamp_n,1,False
part_7/cherry_20241119_172637_37.mp4,part_7/cherry_20241119_172637_37.mp4,cherry,6fd6b1b18b894992e0abc7514f5e5fb04955bb826470e020dbda5dedda676b9b,1004226,word_timestamp_n,1,False
part_7/chew_20241119_172637_25.mp4,part_7/chew_20241119_172637_25.mp4,chew,751670c253dc3c9c9f26661a757d6d6325e07ea955cb95c04ab3e7dbe94ff154,458853,word_timestamp_n,1,False
part_7/chew_20241119_172637_62.mp4,part_7/chew_20241119_172637_62.mp4,chew,cdf0b7eec5dcb5de42e0d0050c62df561692e2ce062091e86164e344644ada3a,788471,word_timestamp_n,1,False
part_7/chew_20241119_172637_70.mp4,part_7/chew_20241119_172637_70.mp4,chew,dae8d9e9d631d11158951a97b9d3c0c47248eded91fbae5d0ddfaf113007a852,1534240,word_timestamp_n,1,False
part_7/child_2.mp4,part_7/child_2.mp4,child,07c9a61b94c94b609bba9ed260f7bcaae813ccc2a4304d06c94dceb70353d110,31450,word_n,1,False
part_7/child_video_1.mp4,part_7/child_video_1.mp4,child,aa8340a7574e0674e9b83570255788dad5b05f9d16fc7352f86e9438c6bc4c5d,185335,word_video_n,2,False
part_7/chocolate_4.mp4,part_7/chocolate_4.mp4,chocolate,356200908e4a6b9cf4bf4da2de40928b7b381bddd1e945274589e934b5155170,315044,word_n,1,False
part_7/chocolate_7.mp4,part_7/chocolate_7.mp4,chocolate,a5a3b44cbce9b68d2985958d7aad57a82802c754239461f637cadf1893cb6217,671703,word_n,1,False
part_7/choke_1.mp4,part_7/choke_1.mp4,choke,7c9bb49b39196167bd1f55f409b9e5206956fcaf542d1d270683909f0ff20863,135466,word_n,1,False
part_7/christmas_20241119_172637_41.mp4,part_7/christmas_20241119_172637_41.mp4,christmas,b2c2c04b3218231a7216f411988a7d6dd632c03409efdc1e0a5d9115a750c00b,446583,word_timestamp_n,1,False
part_7/christmas_20241119_172637_56.mp4,part_7/christmas_20241119_172637_56.mp4,christmas,9d17c3922521f6cf9799404fb31efd5cbc89d9fbade0d9e753465d984b783bd5,544097,word_timestamp_n,1,False
part_7/christmas_20241119_172637_74.mp4,part_7/christmas_20241119_172637_74.mp4,christmas,d24000a6c23e0fdc6dca4299ee8a7b2fcce55e3530d0fe2ce611e21aa8013cc1,309918,word_timestamp_n,1,False
part_7/church_8.mp4,part_7/church_8.mp4,church,b7542348e10b757057873f5e47e0e606742ffffe6a27c4eda5b1f589442c4d4f,239321,word_n,1,False
part_7/churn_video_0.mp4,part_7/churn_video_0.mp4,churn,f5a6153384a1599f2e1aca1704ea3be91b45defb9a6df67ec8a018ff64fe365c,173733,word_video_n,1,False
part_7/circle_video_17.mp4,part_7/circle_video_17.mp4,circle,5659be96f3592e516520baa3fb6e26d6799240dd38995c3abd839e825c12feb2,532025,word_video_n,1,False
part_7/city_20241119_172637_10.mp4,part_7/city_20241119_172637_10.mp4,city,a2a376e9f389836acba69f91302383e1be2638847883f5d7043bcfc9c2796613,195734,word_timestamp_n,1,False
part_7/city_20241119_172637_24.mp4,part_7/city_20241119_172637_24.mp4,city,2ead386141fda739396614eaa9da356c4557c1ef2f8250362dceb6d2e7d17ca8,509302,word_timestamp_n,1,False
part_7/city_20241119_172637_64.mp4,part_7/city_20241119_172637_64.mp4,city,07cb488ce11cc1146878088fe0423e3e97931fe286cb2c63adc315af9380fac7,534335,word_timestamp_n,1,False
part_7/class_video_29.mp4,part_7/class_video_29.mp4,class,28d7e6cc28b6fa632b137559e96905b5d9ea5a8bdefbe932cc6749d63536bcaa,351967,word_video_n,1,False
part_7/clear_1.mp4,part_7/clear_1.mp4,clear,2c3504e018bb0df6d45bc0904d29fc71f636dbf03ccb97e196e266dcdad98b09,204736,word_n,1,False
part_7/clip_video_16.mp4,part_7/clip_video_16.mp4,clip,7ff4a14695cdc395400459a202db9b49c004b55b6e486d5139f836c39bb989e5,445439,word_video_n,2,True
part_7/clip_video_2.mp4,part_7/clip_video_2.mp4,clip,279b3191cb94cd0da3847f47296f9e01f18f5255cb36991adf948def2aaeaa8c,149488,word_video_n,3,True
part_7/clip_video_22.mp4,part_7/clip_video_22.mp4,clip,99298c26b983265c5456d10e72e75a348f8601690b9cddb871b980c20ea7496a,425140,word_video_n,2,True
part_7/clock_20241119_172637_14.mp4,part_7/clock_20241119_172637_14.mp4,clock,9a4c228b38e7feda88461316a19a153b5cf0f95164cc06e947852544cc9a5485,663424,word_timestamp_n,1,False
part_7/clock_20241119_172637_58.mp4,part_7/clock_20241119_172637_58.mp4,clock,0a20f7f0ca67a26257a1581418da3d75858912bdb88138e48537161d97b8a431,686081,word_timestamp_n,1,False
part_7/clock_20241119_172637_8.mp4,part_7/clock_20241119_172637_8.mp4,clock,280cc651526a0ca44a5ae6f081fa93932687404936911362bdfe3bc45565f853,882554,word_timestamp_n,1,False
part_7/close_video_29.mp4,part_7/close_video_29.mp4,close,75ee84cbb3debbd0861bcff210b83ffb3f4ab4fa9b6b2e82c9e9a04d5b42cc6b,495427,word_video_n,3,True
part_7/closet_20241119_172637_19.mp4,part_7/closet_20241119_172637_19.mp4,closet,649085fece5ad02fbe035a565cb7de86911fb4afcfd0a21b7b1f445050706ac8,652479,word_timestamp_n,1,False
part_7/closet_20241119_172637_3.mp4,part_7/closet_20241119_172637_3.mp4,closet,30cce4834b46ddaafc9f3a5c3ee6a62c6a1ab959b83c36466921a85a01732ce7,182949,word_timestamp_n,1,False
part_7/closet_20241119_172637_4.mp4,part_7/closet_20241119_172637_4.mp4,closet,7200344b0f6ca8d82d14f5a0b66638d3949689b88af908a0ed4be716ec3a1a1b,207148,word_timestamp_n,1,False
part_7/clothes_video_14.mp4,part_7/clothes_video_14.mp4,clothes,d0da80af55eb87ce1118e7909e311fb67fdf911a632f367c31e8e434237dcd42,227698,word_video_n,3,True
part_7/cloud_20241119_172637_15.mp4,part_7/cloud_20241119_172637_15.mp4,cloud,2e1e68e37250e484ab9aa6048a28bbbf9a71618893bcb1ec2b726af10ad52807,1359291,word_timestamp_n,1,False
part_7/cloud_20241119_172637_50.mp4,part_7/cloud_20241119_172637_50.mp4,cloud,8916c13d3578896535498987cd9f3269e9103c191559afe4ee7d138d9e6b4f00,606851,word_timestamp_n,1,False
part_7/cloud_20241119_172637_95.mp4,part_7/cloud_20241119_172637_95.mp4,cloud,e7f414b543630f74fd2bae4f9216c53614e33532925f776411404e4c31326b6d,647735,word_timestamp_n,1,False
part_7/clown_video_3.mp4,part_7/clown_video_3.mp4,clown,5e9314324356688bef23c929d4a7f7871781554e85ed2ce58007670db870f0f5,143893,word_video_n,1,False
part_7/coach_5.mp4,part_7/coach_5.mp4,coach,a38a154734531b20f61f00f4b0792f399f8c5a9afad6466fbdbf9dd2a9b44aff,48324,word_n,2,True
part_7/coconut_9.mp4,part_7/coconut_9.mp4,coconut,54a9cde18e7476c02ad6842414a6be58f54f2afadcc6ecbc02a3e62ee871750d,241193,word_n,1,False
part_7/color_6.mp4,part_7/color_6.mp4,color,8701a7006841c38d1ac3252580fef80c52fa54d6d72c34525d3b3dfd2de47605,54017,word_n,1,False
part_7/comb_20241119_172637_37.mp4,part_7/comb_20241119_172637_37.mp4,comb,61097fffb6934784dcc82045a976aa85228b5b2d89738c7e2deb607707a5db39,420345,word_timestamp_n,1,False
part_7/comb_20241119_172637_42.mp4,part_7/comb_20241119_172637_42.mp4,comb,79a2e57ba338699d4c3ba03fefe6685ec4db099cf21c748ae730e7816879100b,223543,word_timestamp_n,1,False
part_7/comb_20241119_172637_5.mp4,part_7/comb_20241119_172637_5.mp4,comb,2c8ab0e5dadd03717b9c4230bcaddda869f567a49d87d8f517b457799c01cb2e,432339,word_timestamp_n,1,False
part_7/come_5.mp4,part_7/come_5.mp4,come,ed87b9bbcaf7bb7630517bf436be17e2c5efe0cbf9688f00ad25d3b31ed27759,184920,word_n,1,False
part_7/comfortable_8.mp4,part_7/comfortable_8.mp4,comfortable,a71e7488a5bb1c8fa262c8df276bfea8f752e87f6ccde957db9d715e862b2f96,70670,word_n,1,False
part_7/comment_video_6.mp4,part_7/comment_video_6.mp4,comment,d643aaf0c777025b66549e7654df09b4bd74557830eb07eced91e327258b6807,208228,word_video_n,1,False
part_7/communication_video_0.mp4,part_7/communication_video_0.mp4,communication,fe6ab69d3263af35b3378e4387728c0a68b64eeece9049b97a115e3600e6cb5d,141501,word_video_n,1,False
part_7/community_8.mp4,part_7/community_8.mp4,community,4493e3d190d31a3d5afd3749c38b7d81cb5f0a1f0fcfaa0c6d10694bd336b108,49896,word_n,1,False
part_7/compass_video_0.mp4,part_7/compass_video_0.mp4,compass,3783a6da6a0b0be8de3ee30fe49e865c3f8ac2364b006f03186945ed327976a6,168824,word_video_n,2,True
part_7/complex_video_3.mp4,part_7/complex_video_3.mp4,complex,380e7c8ed71b9c0023904f44ccffb7085ff3e1f90673c3ca03dacfd279f700d1,179425,word_video_n,1,False
part_7/computer_30.mp4,part_7/computer_30.mp4,computer,5212b8d98213ceb82fca70a6f39f81eb3fb0d1b7565aa310358fd52c0663a4b9,77235,word_n,1,False
part_7/computer_programmer_video_0.mp4,part_7/computer_programmer_video_0.mp4,computer,e061042e86a7729614647c5f0e18163fad387c41275460adeb9f79d88b0d0289,291114,word_video_n,1,False
part_7/conduct_20241119_172638_1.mp4,part_7/conduct_20241119_172638_1.mp4,conduct,885e26fb0722367721a6e81212f5181fd0444d551240891531f0fe0c62676874,553624,word_timestamp_n,1,False
part_7/conduct_20241119_172638_39.mp4,part_7/conduct_20241119_172638_39.mp4,conduct,15b4c523e98919e4151793e93445bc651453db60e870acf0766fa47efcdbcc22,691822,word_timestamp_n,1,False
part_7/conduct_20241119_172638_64.mp4,part_7/conduct_20241119_172638_64.mp4,conduct,eef65590e44bc5de6daa77976f1bff63128c1f702ac920a4ee98f6e688fc23b5,420045,word_timestamp_n,1,False
part_7/conflict_5.mp4,part_7/conflict_5.mp4,conflict,ec27dc8bc6bda6298075320ac265b04b0e880f823f0d2a8443a4216d5fd2a560,321539,word_n,1,False
part_7/confused_20241119_172638_15.mp4,part_7/confused_20241119_172638_15.mp4,confused,971f1b867e90c37f050cee52256760975fa752a6620bbeeb15711af473a76f2d,595202,word_timestamp_n,1,False
part_7/confused_20241119_172638_58.mp4,part_7/confused_20241119_172638_58.mp4,confused,d7193105419505f158d63c74e5e9d486caee638d1da2a8beac7620727b7371d1,357163,word_timestamp_n,1,False
part_7/confused_20241119_172638_68.mp4,part_7/confused_20241119_172638_68.mp4,confused,997f260d4d8bfb8926de9529d6f673e75c8c4cfde22fa258dd0f6736e34bb215,665963,word_timestamp_n,1,False
part_7/congratulations_video_3.mp4,part_7/congratulations_video_3.mp4,congratulations,b4f7d2f32a7d1cee5fda228d98256bee1864e70c905bf813b3e1868703945bc6,186134,word_video_n,1,False
part_7/contact_video_4.mp4,part_7/contact_video_4.mp4,contact,ca0fd96f2beb6f73baa30c7c458dfa68f173495a5cd2b428ed7d0a9b253ecc8e,98367,word_video_n,1,False
part_7/continue_video_6.mp4,part_7/continue_video_6.mp4,continue,80f455da07e3e6790dc0c3ea7d87216c6c9428e0983f7a91d4d0ad6452f6937a,408540,word_video_n,1,False
part_7/contribute_video_12.mp4,part_7/contribute_video_12.mp4,contribute,9c35f7a6afdb7d4461759b4e4d30014e392945d46fbfdc6e12e98ef245ebaa16,285245,word_video_n,4,True
part_7/contribute_video_15.mp4,part_7/contribute_video_15.mp4,contribute,bcefa10e24d3164f14a067ce838648d7b3bbee4251bd4cf313ee477c3bd3939c,299346,word_video_n,4,True
part_7/contribute_video_4.mp4,part_7/contribute_video_4.mp4,contribute,8305bf677dbb8244bf8769b03d15d15ca44f8d9d6ad60222c1476162b8962127,118976,word_video_n,4,True
part_7/convince_20241119_172638_23.mp4,part_7/convince_20241119_172638_23.mp4,convince,aa057d0893d353713c15ef8bebf5c6e2a53fbaa191e9d2eb0bd53b9b82dc0e01,463532,word_timestamp_n,1,False
part_7/convince_20241119_172638_52.mp4,part_7/convince_20241119_172638_52.mp4,convince,105e69a773d08ae2777f5073555252630a65dd00b0fd13536e0d149bb3814412,413339,word_timestamp_n,1,False
part_7/convince_20241119_172638_55.mp4,part_7/convince_20241119_172638_55.mp4,convince,7cd671ed48355d1bcd8bd3a139c46ce8bb50e9f2d5fc6b504d406775b29eb07e,1116384,word_timestamp_n,1,False
part_7/cook_video_1.mp4,part_7/cook_video_1.mp4,cook,ee24cdf55a5372220faa04caa5289f4e28574ab35742f3b5bcf9535bbe189c56,62318,word_video_n,2,False
part_7/cookie_video_13.mp4,part_7/cookie_video_13.mp4,cookie,79bb886f31da85535e86494c9178a7a5c7681aeef289ed4ebb6cd71200b1f115,416720,word_video_n,1,False
part_7/cool_20241119_172638_110.mp4,part_7/cool_20241119_172638_110.mp4,cool,7ff3aa6981dbf46112624fe171ae2ef9d9c135bc5af8767e3b6c7b33b3c9508b,392271,word_timestamp_n,1,False
part_7/cool_20241119_172638_46.mp4,part_7/cool_20241119_172638_46.mp4,cool,9ca665d064e168799a798cb93bc3904268b17f26a5824f0183674eac465dc483,157880,word_timestamp_n,1,False
part_7/cool_20241119_172638_60.mp4,part_7/cool_20241119_172638_60.mp4,cool,fc5f327b4e766945fed011390b5d17c0fbc8081b8f0d3a61c9039fc5950176e5,426206,word_timestamp_n,1,False
part_7/copy_video_8.mp4,part_7/copy_video_8.mp4,copy,7f674b615c336f8809e7dd69ee0e6b37e9ae192d3c4d9051dc59b12a56f03acb,360520,word_video_n,1,False
part_7/corkscrew_20241119_172638_17.mp4,part_7/corkscrew_20241119_172638_17.mp4,corkscrew,34a760d533221959558c315486ce789e5366e280da9b4f7301c9eea69a493137,742193,word_timestamp_n,1,False
part_7/corkscrew_20241119_172638_6.mp4,part_7/corkscrew_20241119_172638_6.mp4,corkscrew,dbd24a32a9a5748af969b9bde29d4866eae08180624f5521bfc8503b5f8cd7b6,623023,word_timestamp_n,1,False
part_7/corn_20241119_172638_57.mp4,part_7/corn_20241119_172638_57.mp4,corn,3f9288217c9b3f0cd9f7e105ee3aecf22754cf041728171b9c5b935069b63e33,321772,word_timestamp_n,1,False
part_7/corn_20241119_172638_78.mp4,part_7/corn_20241119_172638_78.mp4,corn,4fc73377b16e37b1a269bfdebfd02a90fba81e3db85dc443b509492053812d4d,582888,word_timestamp_n,1,False
part_7/corn_20241119_172638_99.mp4,part_7/corn_20241119_172638_99.mp4,corn,eab47e349f56c4fcd8a437a1641797cca179e83cf7a6a6368eb38f9aee809bc7,630366,word_timestamp_n,1,False
part_7/correct_video_26.mp4,part_7/correct_video_26.mp4,correct,e31fc652fa84e614bc8f73d4f2ea58c6f5e64d62dc471a1475fdb29ca50e4d01,132765,word_video_n,1,False
part_7/correct_video_41.mp4,part_7/correct_video_41.mp4,correct,f28971296db2e711cee475de6df8d8b3451715b6d92ed34170a3e3ffe4987512,455420,word_video_n,1,False
part_7/cough_8.mp4,part_7/cough_8.mp4,cough,099ebf0e08057bd6f7161bd88d14f0c934e30fd13653a5f13a35caa8445606ff,178770,word_n,1,False
part_7/cough_video_4.mp4,part_7/cough_video_4.mp4,cough,26bb27a8171293f2b5aefa9770ab71fcda46a12a90c7c475fa046d6305e7c8d5,242969,word_video_n,1,False
part_7/count_1.mp4,part_7/count_1.mp4,count,5b3b4b27a64f9ee1e1dbd63fa89ec5010115f5fd4514bf920eea6a0c8fcc09b4,189931,word_n,1,False
part_7/country_video_19.mp4,part_7/country_video_19.mp4,country,3fc639daa9c9f2af92d46c5468107253e5de8a102089ace84c2175e7d95e1b7d,216901,word_video_n,2,True
part_7/cousin_16.mp4,part_7/cousin_16.mp4,cousin,b47ec14367276b1bc794884703d3d808243324e795980269be9f73eb5448e406,58451,word_n,1,False
part_7/cow_3.mp4,part_7/cow_3.mp4,cow,7ec989852a7fef3773ba41987ee64b83b56ee83c99f12eb57b8335cd7727c099,168556,word_n,1,False
part_7/cow_video_8.mp4,part_7/cow_video_8.mp4,cow,e605acdb235b36b2dabca37a96eb3308e7c72a89ec789a7f54623870b7a77e25,164901,word_video_n,1,False
part_7/cracker_20241119_172638_25.mp4,part_7/cracker_20241119_172638_25.mp4,cracker,fb9e9189ed33229d09a0cbb73df622c52ce1186017dfed13b6e66154530a8041,295100,word_timestamp_n,1,False
part_7/cracker_20241119_172638_53.mp4,part_7/cracker_20241119_172638_53.mp4,cracker,f3e790dc0840a6159cf54834320ad81613f0e4e766e6fd5565859c66801163d0,442194,word_timestamp_n,1,False
part_7/cracker_20241119_172638_63.mp4,part_7/cracker_20241119_172638_63.mp4,cracker,d001a4ad1d2dcc32ef6a34a04a882fbd33d2ce476f9c158d4792d6ff5358064f,420578,word_timestamp_n,1,False
part_7/crawl_20241119_172638_28.mp4,part_7/crawl_20241119_172638_28.mp4,crawl,e1429d3332cb3f1ee445d21ba195167dfe37a38144579defa687a413ff01a540,501735,word_timestamp_n,1,False
part_7/crawl_20241119_172638_50.mp4,part_7/crawl_20241119_172638_50.mp4,crawl,8cf3ed5f516fb1566e08d5d42567655ea47ccc6ab783c489691a1ccf3fd5d218,615689,word_timestamp_n,1,False
part_7/cream_20241119_172638_20.mp4,part_7/cream_20241119_172638_20.mp4,cream,290fd707c822bd36fcb1f29b9bfdecb046093362571071ee1bfe598d3e712b3d,372102,word_timestamp_n,1,False
part_7/cream_20241119_172638_3.mp4,part_7/cream_20241119_172638_3.mp4,cream,daf294d589c1a856cdc3050cb1633f8569335b40730c628fd4e92f4be6bdcc53,406428,word_timestamp_n,2,True
part_7/cream_20241119_172638_37.mp4,part_7/cream_20241119_172638_37.mp4,cream,f0e029f4adf6cd9971f45fe85c77343c917e6903e4211ee263de82760899aed3,266746,word_timestamp_n,1,False
part_7/create_video_2.mp4,part_7/create_video_2.mp4,create,6d3a0081e512b219fcec23c6984e220dc2f9a1f710939803ea0544923949b0d8,149459,word_video_n,2,True
part_7/creature_video_0.mp4,part_7/creature_video_0.mp4,creature,cc4f5764c36edaf61c7a15f85663439c70dd1fc1dfbcd30a8802839a5bb20f7f,128302,word_video_n,4,True
part_7/creature_video_4.mp4,part_7/creature_video_4.mp4,creature,76a98cf2940a02fc4bbcb3d4d53f94bd9f452e72064ae3554490dd6dc759ce4b,232813,word_video_n,6,True
part_7/cross_20241119_172638_26.mp4,part_7/cross_20241119_172638_26.mp4,cross,5cb2ec8a2377e6bb6500595a556d4d9cfdb05bd69e82de7bbba0d2b4a3599d57,163981,word_timestamp_n,1,False
part_7/cross_20241119_172638_35.mp4,part_7/cross_20241119_172638_35.mp4,cross,a179bd8b04033efe3cc92729b0abea905e2982a585a83ededa7808286585f70f,390802,word_timestamp_n,1,False
part_7/cross_20241119_172639_9.mp4,part_7/cross_20241119_172639_9.mp4,cross,e5d3fc330c3416e33c87914169c367a3853285593778337b2dea71f531e45b4f,469155,word_timestamp_n,1,False
part_7/crown_2.mp4,part_7/crown_2.mp4,crown,b96172b7f8a0deba07ba12d5eaa2bb43926746ef2e5e1e2433017e6d53df12fc,420178,word_n,1,False
part_7/cry_20241119_172639_55.mp4,part_7/cry_20241119_172639_55.mp4,cry,a644365a351208572176f18c95b6f74d2c20e1f5b4d4a4f697fd9ccb7ab94bfd,437669,word_timestamp_n,1,False
part_7/cry_20241119_172639_68.mp4,part_7/cry_20241119_172639_68.mp4,cry,fbcd7efa5360c04b2678f6af1580a96e82029a578d4ed4d955a2fe0f33ebb172,485241,word_timestamp_n,1,False
part_7/cry_20241119_172639_88.mp4,part_7/cry_20241119_172639_88.mp4,cry,e573af512c1deeca53b445aa97052b825ca90d1eb17c70b7a2c62d174c6d96c9,429611,word_timestamp_n,1,False
part_7/culture_6.mp4,part_7/culture_6.mp4,culture,f08078fd77dea95a8a3052fec5d80e702a10fd14f15f88e0bc8dfae4bc7d00ab,405358,word_n,1,False
part_7/cup_video_7.mp4,part_7/cup_video_7.mp4,cup,d498c7321a82c85322b77b84e032c292d795c1533deebbb3725a2b27c50faee7,401150,word_video_n,1,False
part_7/curl_20241119_172639_55.mp4,part_7/curl_20241119_172639_55.mp4,curl,df75fa244b91032f68d67a3493bfa8fa39063ad9a3a9cef6e77294f605e09442,845634,word_timestamp_n,1,False
part_7/curl_20241119_172639_61.mp4,part_7/curl_20241119_172639_61.mp4,curl,78b5c2ccb9d82a0e21f3817c3367a6510dc2d6eb399b399dac3e3945d544883d,278261,word_timestamp_n,1,False
part_7/curtsey_20241119_180303_40.mp4,part_7/curtsey_20241119_180303_40.mp4,curtsey,2d17dedea2e4487e9afa0fc9ec7302f64a7e9ad0fdd68f0625f7ff45504632b0,884560,word_timestamp_n,1,False
part_7/curtsey_20241119_180303_41.mp4,part_7/curtsey_20241119_180303_41.mp4,curtsey,f3fc3475ed7629951bca59d609e717b47fe3e284c7b690c7443ae44d9ccea278,477760,word_timestamp_n,1,False
part_7/cut_17.mp4,part_7/cut_17.mp4,cut,f31b983014fbc359fb45c7d538c68906195595b142e34530aa687eaab4b3a560,36465,word_n,2,True
part_7/cut_2.mp4,part_7/cut_2.mp4,cut,00fb078f4e3d6fb9b317348c630f6e50649b35a5a1356332a8b6208946b4a2f5,105461,word_n,1,False
part_7/cut_back_video_14.mp4,part_7/cut_back_video_14.mp4,cut back,ce956109da23a079888dcb455c91f61db234a526b8522932322fb55ebce328fc,288660,word_video_n,8,True
part_7/cut_back_video_23.mp4,part_7/cut_back_video_23.mp4,cut back,6a9b5b4e8a5f7bd4ccbfe030a203298522722174148e5dcd119b91c006b84af8,382525,word_video_n,8,True
part_7/cut_back_video_32.mp4,part_7/cut_back_video_32.mp4,cut back,f202e3a28655d3ee0d8567a9c35b9e0d426edb5fcff6189732fe6538185e5474,763669,word_video_n,4,True
part_7/cut_down_video_26.mp4,part_7/cut_down_video_26.mp4,cut down,163da7a4b29d8416510f7b2d3f5ed6d8774eb8a971572903533a7972e2957d54,689557,word_video_n,8,True
part_7/cut_down_video_33.mp4,part_7/cut_down_video_33.mp4,cut down,6e381880f2a7e0f06a9ffffa2a531a0cb06aee7568e6f74697c075a94bf600b8,285320,word_video_n,1,False
part_7/cut_video_18.mp4,part_7/cut_video_18.mp4,cut,f4ab8b53f4eee4e070fe1b3a7d8becd30f801ada88695a7f583f8ee5ca97348e,173055,word_video_n,8,True
part_7/cute_20241119_172639_17.mp4,part_7/cute_20241119_172639_17.mp4,cute,2d4f0dced8f4d056326e10acb55ff2a61475e0825d13ec0398474f548e71e074,389075,word_timestamp_n,1,False
part_7/cute_20241119_172639_2.mp4,part_7/cute_20241119_172639_2.mp4,cute,7ca48980736cef7a598dae44e8842a1ecb13c9c7b299126998b64ae559f068c8,271727,word_timestamp_n,2,True
part_7/cute_20241119_172639_24.mp4,part_7/cute_20241119_172639_24.mp4,cute,b5b47b210acc609069e8ad2f44c03edecaf132626ed800aaaddac9bd2b2e5244,660997,word_timestamp_n,1,False
part_7/cycle_video_11.mp4,part_7/cycle_video_11.mp4,cycle,9208bf20f52ecf96e68a14438637d7bf59b812e94f260ecd8a96148a22873494,373847,word_video_n,4,True
part_7/cycle_video_12.mp4,part_7/cycle_video_12.mp4,cycle,8ddb266f4e17ba2b04d799381dcef7ae36d547bca8e8829ce45e2e25de92a3a1,760971,word_video_n,4,True
part_7/cycle_video_25.mp4,part_7/cycle_video_25.mp4,cycle,79bd87456b1aa45e8436aa006278216b65466cc0260c8ff663c130ecbcf70b67,307569,word_video_n,4,True
part_7/d_2.mp4,part_7/d_2.mp4,d,b99ffee62366bc637d1860de35d66209744eebf9eabd37cdbada806fc908853f,670565,word_n,1,False
part_7/damn_video_6.mp4,part_7/damn_video_6.mp4,damn,f6eb74481462ed72dc74ecf93415a799aacbe83ec322880f9ad14718b53f15f2,557499,word_video_n,2,True
part_7/dance_video_10.mp4,part_7/dance_video_10.mp4,dance,21ee82d5b79fad1423d43cc52a94251e8ebc67384ee9f652eb719db50bd00c3a,317491,word_video_n,1,False
part_7/dancer_3.mp4,part_7/dancer_3.mp4,dancer,5e6f361691bd6643bccc8845b659f73d973fa3069a301470ac6173400263b04e,235313,word_n,1,False
part_7/danger_video_0.mp4,part_7/danger_video_0.mp4,danger,1064391190e9baf6be0a646e1bea730c4e60bab0764fcff2b4301343bf82bc83,212741,word_video_n,1,False
part_7/dark_20241119_172639.mp4,part_7/dark_20241119_172639.mp4,dark,21deb50ebf19a5d1b84b95e1ede12571fd128583fda3012ce32c7b076583bed3,183907,word_n,2,True
part_7/dark_20241119_172639_15.mp4,part_7/dark_20241119_172639_15.mp4,dark,e4638fe64742061d8ce557a8d2e08126ce19e89580ebb5e04342e4a80c738a58,252329,word_timestamp_n,1,False
part_7/dark_20241119_172639_63.mp4,part_7/dark_20241119_172639_63.mp4,dark,1a9ab6f65635f4924fbd901aa64c4bcddfbb5cd41f015cf26c9a606213424b20,500954,word_timestamp_n,1,False
part_7/dart_video_7.mp4,part_7/dart_video_7.mp4,dart,cfe07c5ee93f21299e810e2795c00355e73dde77eb17804f4c6dae082fca00e5,180274,word_video_n,1,False
part_7/daughter.mp4,part_7/daughter.mp4,daughter,0d2bc880811f12c96f01a61e38c31f80decb17fd1d8375a9d89bb127bb169c1e,130045,word_only,1,False
part_7/day_video_18.mp4,part_7/day_video_18.mp4,day,c1dec55d0e1d6fc4deae58969ee3da0d43556a69ef0389ff3a90937d057f46f3,281818,word_video_n,1,False
part_7/day_video_20.mp4,part_7/day_video_20.mp4,day,14cc21e138d76ab22dad280b51e2de72cb1eba260f184d39ecb9855d5cadcb49,209835,word_video_n,1,False
part_7/deaf_20241119_172639_26.mp4,part_7/deaf_20241119_172639_26.mp4,deaf,0a5c5527b4d76b866dc3952a1470f4b28719c4c435b4353082f3ba8142a686fa,37821,word_timestamp_n,1,False
part_7/deaf_20241119_172639_35.mp4,part_7/deaf_20241119_172639_35.mp4,deaf,e41191a5a5621be67328ae6cbfb5e02c158092afb887c08023d95d6a804baddc,547053,word_timestamp_n,1,False
part_7/deaf_20241119_172639_87.mp4,part_7/deaf_20241119_172639_87.mp4,deaf,23c42674786e352a005299c17f5fdc91d7efce618558e86957a7e14900c79e38,1068399,word_timestamp_n,1,False
part_7/deal_video_19.mp4,part_7/deal_video_19.mp4,deal,b6d147b63127b5ea008cdbc4ff3871319da48e1370690a2c11d1aa3b621c787d,275974,word_video_n,20,True
part_7/deal_video_64.mp4,part_7/deal_video_64.mp4,deal,0f308538f6fd252cba3da8fc92bf4a947942bf78d7a13feacfbf70dbbf4d6dc2,404297,word_video_n,2,True
part_7/deal_video_68.mp4,part_7/deal_video_68.mp4,deal,058180c9544a98d150147ab230b9011130472ba7572406ff413c311e8225223f,436853,word_video_n,2,True
part_7/death_video_2.mp4,part_7/death_video_2.mp4,death,cd53cf2b561086309b8276c99e79aa21e7483f621c8008ce49ad1aa95ee51cdd,308689,word_video_n,1,False
part_7/decide_20241119_172639_11.mp4,part_7/decide_20241119_172639_11.mp4,decide,28398ad20881958cc5d63a10cbef8908d9928ca992c67415e7ecf344fea86afe,130352,word_timestamp_n,1,False
part_7/decide_20241119_172639_39.mp4,part_7/decide_20241119_172639_39.mp4,decide,908a76f3821f21a60886b5a5efb0f989f10e03d42e15cafaebf03220cb1965be,819223,word_timestamp_n,1,False
part_7/decide_20241119_172639_69.mp4,part_7/decide_20241119_172639_69.mp4,decide,f770e7fd96bc2da621c615fadaf55794d9603d97df60f378e2d9be2aab697804,873733,word_timestamp_n,1,False
part_7/decorate_20241119_172639_21.mp4,part_7/decorate_20241119_172639_21.mp4,decorate,afc3bfda17ba17844971294cf78f088dd6ba436de065a75d5bfcd31455c3fcd8,735802,word_timestamp_n,1,False
part_7/decorate_20241119_172639_22.mp4,part_7/decorate_20241119_172639_22.mp4,decorate,8eab770514c03babeb0166bf28116b2bfd0fc6c661a8d7cd937eb01a857926b6,336951,word_timestamp_n,1,False
part_7/decorate_20241119_172639_29.mp4,part_7/decorate_20241119_172639_29.mp4,decorate,8e4b1bbcf4e4884cc9afe34a9ca929f0414db8a0879974576bb53d83e503a19f,427941,word_timestamp_n,1,False
part_7/dedicate_20241119_172639_2.mp4,part_7/dedicate_20241119_172639_2.mp4,dedicate,e4c86e7f2efe96174c810bc3e884ee4407fce4df6a832fbbd2472137db9dcf58,330139,word_timestamp_n,1,False
part_7/dedicate_20241119_172639_20.mp4,part_7/dedicate_20241119_172639_20.mp4,dedicate,f57b86c1333c3aaefb0fbe5e916c742bbea946feb4a84f66954bcfe570ec6955,983321,word_timestamp_n,1,False
part_7/deep_4.mp4,part_7/deep_4.mp4,deep,d10895733da7b963ca71de9f539e970e105cf73024b27c20d476e914a67ad5e8,193910,word_n,2,False
part_7/deep_video_7.mp4,part_7/deep_video_7.mp4,deep,bb2be56fdaac0565fb9921263cc6cb6b3ad3f150501289838502b3df08c48743,148591,word_video_n,1,False
part_7/delicious_14.mp4,part_7/delicious_14.mp4,delicious,4008c0a62b6216e9f2483dd1e1ba8437fe080b531fd843d16a60a6328e106bc0,186104,word_n,1,False
part_7/demand_20241119_172639_19.mp4,part_7/demand_20241119_172639_19.mp4,demand,5ec47b639692b6ed5d66890d7041ae63ab77add80a133ca637805d0cd7f9d43e,247502,word_timestamp_n,3,True
part_7/demand_20241119_172639_2.mp4,part_7/demand_20241119_172639_2.mp4,demand,a94da9de83ffe8efe98f2211e9a379013dbc3a82d8c929ac44fe8b894efb3025,175428,word_timestamp_n,1,False
part_8/demand_20241119_172639_64.mp4,part_8/demand_20241119_172639_64.mp4,demand,9fbe1d9780421ec39a37afa15205a2bc98db4e600ff392acad158edc91c2bd11,465319,word_timestamp_n,1,False
part_8/demote_video_3.mp4,part_8/demote_video_3.mp4,demote,636fb1b4ab1c5e0a35e195e781fa79a62e25c2efae855a1ce71067bdeb63e31b,136892,word_video_n,2,True
part_8/dentist_20241119_172639_2.mp4,part_8/dentist_20241119_172639_2.mp4,dentist,e803a506b4178d157329c9f576b6c0e65cff953949ebb30cef15991902a85191,247559,word_timestamp_n,1,False
part_8/dentist_20241119_172639_52.mp4,part_8/dentist_20241119_172639_52.mp4,dentist,58a0f40ac1b611501b658281cbab8f01182e5a076f1aa635ea76a93e72f056ac,484266,word_timestamp_n,1,False
part_8/dentist_20241119_172639_72.mp4,part_8/dentist_20241119_172639_72.mp4,dentist,7fee595635706adf6f6f3c312c3a984def13b4c9cf555ff3f50328489af48d44,399458,word_timestamp_n,1,False
part_8/deny_5.mp4,part_8/deny_5.mp4,deny,0543cca795d0a0a5525e61f95477e5d7b732021bc67f196e2af2e9d07f908cc2,222870,word_n,1,False
part_8/desert.mp4,part_8/desert.mp4,desert,e45f9a15123d3cec00ed89cc8104b9245ea0c36ad3504d31ac310f535c1b9116,173022,word_only,1,False
part_8/design_video_1.mp4,part_8/design_video_1.mp4,design,ed056a82325582066f59ce41c98e4a3e9c7e2acc1348c5c1655032d317a2061f,288914,word_video_n,3,True
part_8/dessert_4.mp4,part_8/dessert_4.mp4,dessert,69030c6796c17942264b6712b3bbdfab03c91fa3e584f7bc91450ee1d5c5d167,194996,word_n,1,False
part_8/develop_20241119_172639_10.mp4,part_8/develop_20241119_172639_10.mp4,develop,f4f2392a4496619f00a75b3909cceab1c7b6950f27bfa66fdc1c32004236a2bf,410525,word_timestamp_n,2,False
part_8/develop_20241119_172639_7.mp4,part_8/develop_20241119_172639_7.mp4,develop,357d58fad090f6733624a2a6da68d552a150b2201557fc34a498985635f211e4,338160,word_timestamp_n,2,False
part_8/develop_20241119_172640_33.mp4,part_8/develop_20241119_172640_33.mp4,develop,9ef0916d1d3f7e574f32dd1a3bc5ffdcb8de8da337e1953b943e6205ff6fe2c7,220002,word_timestamp_n,1,False
part_8/devil_video_13.mp4,part_8/devil_video_13.mp4,devil,ea7d25978419e7747e3251b4e2006df28825b9d919d39f3f61e9cca598ea1ba8,546061,word_video_n,3,True
part_8/devour_video_2.mp4,part_8/devour_video_2.mp4,devour,2d00e822636ef8a1e84dacb3ead81eee9d2f27615c03589557dce09f2560007e,161977,word_video_n,3,True
part_8/diamond_video_12.mp4,part_8/diamond_video_12.mp4,diamond,4600cff9a5def35fc446becbffd1f632f42423dd6deb20ad5f359648b95b94bf,213210,word_video_n,1,False
part_8/dictionary_video_0.mp4,part_8/dictionary_video_0.mp4,dictionary,f2e2a97385e27978492451a429b7d3cb1a5826c9bebf917cc8287722112cb14c,118555,word_video_n,1,False
part_8/different.mp4,part_8/different.mp4,different,e256be0c53db8b6fe0430386b08ff5c6c12a3cf91b6d149d8202db7336883e0c,187664,word_only,1,False
part_8/dinner_20241119_172640_17.mp4,part_8/dinner_20241119_172640_17.mp4,dinner,3d9a76a095ba36273413f73933e927b11319e266776c9b1abcfcf9c827700c59,401615,word_timestamp_n,1,False
part_8/dinner_20241119_172640_77.mp4,part_8/dinner_20241119_172640_77.mp4,dinner,73dc12f9750621cbafc777a76ad61db22fc59e2498809964c5cfb494662cb327,347632,word_timestamp_n,1,False
part_8/dinner_20241119_172640_78.mp4,part_8/dinner_20241119_172640_78.mp4,dinner,aaa3410d92c0e0d1467ad6cf778878038c0b091523cb81c25a5ab096f52e508c,371248,word_timestamp_n,1,False
part_8/dinosaur_20241119_172640_13.mp4,part_8/dinosaur_20241119_172640_13.mp4,dinosaur,b51b087126a507a11894b7f13f546c71e536e4d4000e24dc5c4b675e168d6f38,186595,word_timestamp_n,1,False
part_8/dinosaur_20241119_172640_48.mp4,part_8/dinosaur_20241119_172640_48.mp4,dinosaur,768e7dca93ede063e65251379060e2da68f0499025e13b1d964cbcf168e0e028,558137,word_timestamp_n,1,False
part_8/dinosaur_20241119_172640_54.mp4,part_8/dinosaur_20241119_172640_54.mp4,dinosaur,8a57afac2e35cd638a54e15f1a8c1a29ce59c9999a17c72f797756e0b005da62,425108,word_timestamp_n,1,False
part_8/dip_20241119_172640_14.mp4,part_8/dip_20241119_172640_14.mp4,dip,7b01efac27032439d5614f87c1597f03cf1ef90dcb4a788b8ca8ba4e52b87a13,407640,word_timestamp_n,1,False
part_8/dip_20241119_172640_17.mp4,part_8/dip_20241119_172640_17.mp4,dip,311aa8cc97200b93d54f20755b29ffefcf5c7d117b0f7feb10901fdf551f573e,572877,word_timestamp_n,1,False
part_8/dip_20241119_172640_29.mp4,part_8/dip_20241119_172640_29.mp4,dip,96648e8be7005190c0d8c16984c29f6d1c11a8e05b029f02e55ce0ce8b22b190,660087,word_timestamp_n,1,False
part_8/director_video_11.mp4,part_8/director_video_11.mp4,director,e294884586ef74f45fb632ea38a594a7bc80dc7a8f0d1dcf2bdae58aeb499aee,1059412,word_video_n,1,False
part_8/dirty_video_9.mp4,part_8/dirty_video_9.mp4,dirty,6c40bd864b7e985ed032e42b9074b82ad8cf0692771eaa1d33449362d0aa0a12,469710,word_video_n,1,False
part_8/disappear_16.mp4,part_8/disappear_16.mp4,disappear,fb8e82667398c1d1700d9bcc39bee81c7226fafa06156b082706a7b36f376cf9,174063,word_n,1,False
part_8/disappoint_video_2.mp4,part_8/disappoint_video_2.mp4,disappoint,a43aa5b3ea1f2aaf9d5576665bb927851286dea67c563cedb0570bdcc87beae7,351647,word_video_n,1,False
part_8/discuss_7.mp4,part_8/discuss_7.mp4,discuss,3e71c4c045f01c99fd0927da9df73792f3b4fcefd66861539d9144a95112f556,198218,word_n,1,False
part_8/dispatch_video_0.mp4,part_8/dispatch_video_0.mp4,dispatch,592635244b2f14621bc643157f0c2c5680d92dc677dd65fa16f806c61f3f13d5,190258,word_video_n,1,False
part_8/dissolve_6.mp4,part_8/dissolve_6.mp4,dissolve,8a718cfee93f722dfec2d7cf449af164bbf500df6f312a18d525e3d051e37649,75103,word_n,2,True
part_8/divide_10.mp4,part_8/divide_10.mp4,divide,bf15f478595d698bd8fa7aa0f48e503e7fbdbbbdb33eb511c23f09c339503c5a,642691,word_n,1,False
part_8/dizzy.mp4,part_8/dizzy.mp4,dizzy,21a66c8ee7b9407995a11f5ea4ad594376ef63d0fab65fcc1b965b6fc773a6e7,93556,word_only,1,False
part_8/doctor_20241119_172640_29.mp4,part_8/doctor_20241119_172640_29.mp4,doctor,b9d06b7444e96b30fe3d65bccd0739588f45ff7fbf9fc34e3eb12b750e3d4ce2,415290,word_timestamp_n,1,False
part_8/doctor_20241119_172640_38.mp4,part_8/doctor_20241119_172640_38.mp4,doctor,c8b2fe468b9af95e778c234bc6e49f0b8713c534eec81a75f076c9cebab27e67,652411,word_timestamp_n,1,False
part_8/doctor_20241119_172640_66.mp4,part_8/doctor_20241119_172640_66.mp4,doctor,9314fa40f44d504fb2b1fcf128f9f2e369f446187f37eaefe33bbb3db05aa94a,450349,word_timestamp_n,1,False
part_8/dog_20241119_172640_77.mp4,part_8/dog_20241119_172640_77.mp4,dog,82955aa8baad1847f65b5cb26b43dec88daa45b5080f9a50f4329e82012dea17,511808,word_timestamp_n,1,False
part_8/dog_20241119_172640_9.mp4,part_8/dog_20241119_172640_9.mp4,dog,3ff2b239b85cb91dc7214a9e3c21f379d13e21e380acecb2513c19ef2dce63b4,165976,word_timestamp_n,1,False
part_8/dog_20241119_172640_90.mp4,part_8/dog_20241119_172640_90.mp4,dog,61c5f2053a5dc5f8e1d9cdf5ab217030d031def7be6350df4d7d2243f0f62c33,514647,word_timestamp_n,1,False
part_8/doll_video_5.mp4,part_8/doll_video_5.mp4,doll,aea748944010bdadfdf11793aaa817670b75a27b1b343213fe489a52d2be43fa,478495,word_video_n,1,False
part_8/dolphin_20241119_172640.mp4,part_8/dolphin_20241119_172640.mp4,dolphin,c0de2472870e25fefa13471d380fd94b4d053ac4d3c262a36bdea32b69ef0546,246355,word_n,1,False
part_8/dolphin_20241119_172640_16.mp4,part_8/dolphin_20241119_172640_16.mp4,dolphin,ba33e232c4fcad40461df3d6ab03141ddfc5365de77a2c99df3e7ca41612d938,1078937,word_timestamp_n,1,False
part_8/dolphin_20241119_172640_45.mp4,part_8/dolphin_20241119_172640_45.mp4,dolphin,1114adec464d55c02876829794a8345ea71d1c4be0f04ba61e905742a5864798,1567680,word_timestamp_n,1,False
part_8/dominant_video_0.mp4,part_8/dominant_video_0.mp4,dominant,da6b8bed79c2908f4dcdf65d3d58211b716e707f5ff5c8a7c62650bf682d8737,505277,word_video_n,1,False
part_8/door_18.mp4,part_8/door_18.mp4,door,9633c188cda26acfec39adbcbd195bf77ab48ccd2592d66d1459d42a793a8712,223989,word_n,1,False
part_8/door_video_8.mp4,part_8/door_video_8.mp4,door,2e2555af7d00be8e48d11c11fa7b823fe7f95f1065fcd3db1e99777c4d949148,391966,word_video_n,1,False
part_8/down_8.mp4,part_8/down_8.mp4,down,c765572612521424cc0b078884a11dc597ee4043c80aab24f3d315de6c4b2a2e,578541,word_n,1,False
part_8/download_video_5.mp4,part_8/download_video_5.mp4,download,4b635e917e4150ce8af6acbd001ff00d405a93d7b16da3870063fd846ead963a,279150,word_video_n,1,False
part_8/downsize_20241119_172658_22.mp4,part_8/downsize_20241119_172658_22.mp4,downsize,1a003992d3bb581fe352009e4b251d9e071bf6ab6b0fb116235e45fd9d159110,362165,word_timestamp_n,1,False
part_8/downsize_20241119_172658_24.mp4,part_8/downsize_20241119_172658_24.mp4,downsize,a0881c9b608f4885dabe666443e62aa355532713a9e5d5f2e7dddbe2420b8e88,1408024,word_timestamp_n,1,False
part_8/drag_20241119_172640_30.mp4,part_8/drag_20241119_172640_30.mp4,drag,13e25f70a7a63b1f9a64a4a241148ab4476a704fd2069011251b89b56ce68882,520611,word_timestamp_n,1,False
part_8/drag_20241119_172640_55.mp4,part_8/drag_20241119_172640_55.mp4,drag,f40bec4196b7c8c098da4bc3d6ccd3a4c222257750937cb211fd4d150a28e076,1303785,word_timestamp_n,1,False
part_8/drag_20241119_172640_58.mp4,part_8/drag_20241119_172640_58.mp4,drag,75eae7bd52b6e664f7a7466616374f34dee0b7001e8d5f2f69ca6014b3007aa8,450960,word_timestamp_n,1,False
part_8/draw_video_20.mp4,part_8/draw_video_20.mp4,draw,951bf7aeb57d774db259447c5cef63c90086d12a13ce08fcaa6154fb31da66c9,288314,word_video_n,2,True
part_8/drawer_9.mp4,part_8/drawer_9.mp4,drawer,9914c3564c482f4847345ddac55b57f441626668e6434b384bb112ca5835db66,49373,word_n,1,False
part_8/dress_video_17.mp4,part_8/dress_video_17.mp4,dress,223d6e411dfba81b2cf2b98b75baa2bdbbb070f1ee64f25997608fe4c57388af,160321,word_video_n,3,True
part_8/dress_video_3.mp4,part_8/dress_video_3.mp4,dress,1d6064ee469ac35b907dd35726617efafe4fd04140188dbf3f272663e99df367,228388,word_video_n,4,True
part_8/dress_video_37.mp4,part_8/dress_video_37.mp4,dress,318e1e1c1857b90d01a22a7edce0921971339f613650a937728a6cbf4c6896d4,188289,word_video_n,1,False
part_8/dresser_video_1.mp4,part_8/dresser_video_1.mp4,dresser,7c18c30b427bf03005d15cfe8a155a7a28cbcf214b8c00a9a27cbcd7f6269f98,52333,word_video_n,1,False
part_8/drill_video_20.mp4,part_8/drill_video_20.mp4,drill,017a6c288288e23b3ff2937e0660b1fb140080a591c6ab27e00e895c4f437f36,138753,word_video_n,1,False
part_8/drink_20241119_172640_30.mp4,part_8/drink_20241119_172640_30.mp4,drink,c6ad70b199fbfd1e159bbfee322fd78c3492d50706eb414e08cc8b09acd80023,794992,word_timestamp_n,1,False
part_8/drink_20241119_172640_33.mp4,part_8/drink_20241119_172640_33.mp4,drink,0478b5aae8fae4d3188a3b7f0bcd0cc22816ffcf71fbd11cfcb733b26ffc547b,313800,word_timestamp_n,1,False
part_8/drink_20241119_172640_72.mp4,part_8/drink_20241119_172640_72.mp4,drink,f47aa34bc4616405b18d004bbd43bfa0902e71b6257d05735536a0eb33ea4113,608472,word_timestamp_n,1,False
part_8/drive_video_12.mp4,part_8/drive_video_12.mp4,drive,ba77eb6e695d71ae2bf9425e83d9d48764109a3c2d504dadf1c6306de98989ba,66347,word_video_n,1,False
part_8/drown_20241119_172640_106.mp4,part_8/drown_20241119_172640_106.mp4,drown,23a8a474c2ebaf6530472d6cf7f33a33fb17e8f335176ce4d4dc98fd8235378d,314116,word_timestamp_n,1,False
part_8/drown_20241119_172640_17.mp4,part_8/drown_20241119_172640_17.mp4,drown,c1964fdb35cc6a7c3a327ce00730a95bc3d5fed32755247d7bdcd67c85113afe,4597877,word_timestamp_n,1,False
part_8/drown_20241119_172640_86.mp4,part_8/drown_20241119_172640_86.mp4,drown,7bf5d6d7b11cb85dd497e16e2bff0b5d4045cbbace39ece7a778560d565b2616,501043,word_timestamp_n,1,False
part_8/drug_video_5.mp4,part_8/drug_video_5.mp4,drug,065bd9970e70782998d455ea32d2537f7ab1ff5fd96c44524c90aee38c79fef8,508536,word_video_n,1,False
part_8/drum_video_7.mp4,part_8/drum_video_7.mp4,drum,ac978b3ffb74c46c1c7b33c85d840c0336b14297c32492e53223e790639f9654,388980,word_video_n,1,False
part_8/drunk_video_0.mp4,part_8/drunk_video_0.mp4,drunk,f443e46f4acb70f0171560e149e8feb8ea46b7936db3cce01ba25fc781a3e1a5,62969,word_video_n,1,False
part_8/duck_20241119_172641_52.mp4,part_8/duck_20241119_172641_52.mp4,duck,412b4406d4be921895e80a4a94cecde83c58f5dfc659d5e0d6e384a3c72cace3,449068,word_timestamp_n,1,False
part_8/duck_20241119_172641_64.mp4,part_8/duck_20241119_172641_64.mp4,duck,f75947e08e8db86d00592c1c25d9c25a0184271e52e60b38369c31c413e2b3b2,441241,word_timestamp_n,1,False
part_8/duck_20241119_173205.mp4,part_8/duck_20241119_173205.mp4,duck,1770550452af651eee3d7ad557be474807593ba5f599d25d22490b8dfe41ebbb,880269,word_n,1,False
part_8/eagle_20241119_172641_10.mp4,part_8/eagle_20241119_172641_10.mp4,eagle,236b13ffa8b1602d9c796110cfb4b6c0ae43d88c501b77b30bb9ad146e7cb595,43232,word_timestamp_n,1,False
part_8/eagle_20241119_172641_47.mp4,part_8/eagle_20241119_172641_47.mp4,eagle,e4823501f79827f1b1927a4a636657573a40d36d32822410ebf7ad84e5ffdf6b,451625,word_timestamp_n,1,False
part_8/eagle_20241119_172641_48.mp4,part_8/eagle_20241119_172641_48.mp4,eagle,f0df4d0f91caaaddbb708ddae68dcc43bd30a9e9f458cfd53b8bc735660b9b2c,395768,word_timestamp_n,1,False
part_8/earthquake.mp4,part_8/earthquake.mp4,earthquake,74c6392e5f80bb974066042638709d97945538aaf328b358e766f5ee536a64a9,220345,word_only,1,False
part_8/earthquake_video_3.mp4,part_8/earthquake_video_3.mp4,earthquake,70fc1ce0819768d2f93b9c7bb3a19f38ca201e72b2fceded564f41151b7f0ae4,440322,word_video_n,1,False
part_8/easy_video_3.mp4,part_8/easy_video_3.mp4,easy,0ff3ace01bd13c3d08785b4b7e542c262a9f96fabfc707c9732b84f4ec0efb12,167127,word_video_n,2,True
part_8/eat_20241119_172641_10.mp4,part_8/eat_20241119_172641_10.mp4,eat,7d8f1c748b8deacdece2be3ac6204223e42de92399ac88fef33ba43eee1980b1,288141,word_timestamp_n,1,False
part_8/eat_20241119_172641_13.mp4,part_8/eat_20241119_172641_13.mp4,eat,2f2e6a8ec17a572e42745ed0dfb34d501b24f9f682b7e107b630d2634a7cc720,229497,word_timestamp_n,1,False
part_8/eat_20241119_172641_24.mp4,part_8/eat_20241119_172641_24.mp4,eat,436469ba6b3ded8d7e4b425a603e2b631a56d1d03744ad1f287a54c45ce908f7,607507,word_timestamp_n,1,False
part_8/edge_video_6.mp4,part_8/edge_video_6.mp4,edge,a9fadd16a74ff2af667ee7719eb792253994e229c004529afdd5f9e4e073f49b,410625,word_video_n,2,True
part_8/edit_20241119_172641_36.mp4,part_8/edit_20241119_172641_36.mp4,edit,d6f856c6f41c81f66ffa2f572fdcaa3660465f21e60076bd53812ef704517ad7,299313,word_timestamp_n,1,False
part_8/edit_20241119_172641_47.mp4,part_8/edit_20241119_172641_47.mp4,edit,2b2674e1182a8f9b53ec6ff372903f139bda9c0ec91d9d73124781590ed58316,396106,word_timestamp_n,1,False
part_8/edit_20241119_172641_57.mp4,part_8/edit_20241119_172641_57.mp4,edit,43cbdad1ac70b358be56fdddc05ae92adab2ffcc73805ad49961aecd208cd377,608631,word_timestamp_n,1,False
part_8/egg_video_2.mp4,part_8/egg_video_2.mp4,egg,bbb2d1be7ce175ede1f010480e7a3697590ad763ac8005b6889b874064d3db14,253707,word_video_n,1,False
part_8/ego_video_1.mp4,part_8/ego_video_1.mp4,ego,6ee8dc94e813ef201155734613552551bac027f05ed76d40eab81f951c8c0bf4,76690,word_video_n,1,False
part_8/either_2.mp4,part_8/either_2.mp4,either,2a34a8893ee7df5e554d1df42c2d40ed262f91e50ff9a4b5f85973785812c48e,349540,word_n,2,False
part_8/either_video_2.mp4,part_8/either_video_2.mp4,either,97bf967ba526d8a67f58c06a6f12e41449c07e61dcccb3ec68347a0ddd770330,63537,word_video_n,1,False
part_8/electrician_9.mp4,part_8/electrician_9.mp4,electrician,f1af43fdbdda11ef04d03c121d004641172a6d1a3d0a600f8cbef10b67094d39,220558,word_n,1,False
part_8/elephant_video_7.mp4,part_8/elephant_video_7.mp4,elephant,92548a4b19ad2ab9fd9c739b84fdbc36e55ef7520eba64a9a95f893870d9041e,315930,word_video_n,1,False
part_8/elevator_20241119_172641_10.mp4,part_8/elevator_20241119_172641_10.mp4,elevator,77662daa1c9801cb073ee2497ea1596d972d7ddcd8486eab782392e490826197,216672,word_timestamp_n,2,True
part_8/elevator_20241119_172641_32.mp4,part_8/elevator_20241119_172641_32.mp4,elevator,301cd6a990fa257d410368bb700a3bfc2e8581f80e4809394d4951823a99b931,1231096,word_timestamp_n,1,False
part_8/elevator_20241119_172641_71.mp4,part_8/elevator_20241119_172641_71.mp4,elevator,5f832dd6017679f8ea3fc651848a019e4b5b730fdba12082a64f1464364f2190,776471,word_timestamp_n,1,False
part_8/email_9.mp4,part_8/email_9.mp4,email,73fcf3179b0d87752d4e0608737c6d1863d069c51aae7d65297cc2f7b6ae259d,42698,word_n,1,False
part_8/embarrass_video_1.mp4,part_8/embarrass_video_1.mp4,embarrass,e9c6f23c5293f7b8a46795783aeab0ed1c1a57c01b4d4b70c30bc9c9023db00c,229910,word_video_n,1,False
part_8/emotion_8.mp4,part_8/emotion_8.mp4,emotion,b692bbd5ea8c432cc3504c54d2fa3a9869c00a801badc0a694541f28c94b1b1f,66871,word_n,1,False
part_8/empty_20241119_172641_30.mp4,part_8/empty_20241119_172641_30.mp4,empty,289f8768b830a141d992e7bc4ec2142168d8d119245d2d4b9c321db3bf0c036a,565062,word_timestamp_n,1,False
part_8/empty_20241119_172641_57.mp4,part_8/empty_20241119_172641_57.mp4,empty,589af0e16d0e1bd81dc57f0748063a10a4c38a63a7e3648939c1d604029cbd2f,484582,word_timestamp_n,1,False
part_8/energy_4.mp4,part_8/energy_4.mp4,energy,d49ef12a358d8aa525a9524118472bc52f5c04fef8475584c06cb9f34b9e11a4,647330,word_n,1,False
part_8/energy_6.mp4,part_8/energy_6.mp4,energy,b7cfc9bbe71bb9e00cc010f31fc89579fd1db1411d1d8b38139a4cee58225cae,39621,word_n,2,True
part_8/engagement_8.mp4,part_8/engagement_8.mp4,engagement,d8ef8413ef888aa8135717f0c3dad9a4388ab042faf221936ab0383d4f6556af,216900,word_n,1,False
part_8/enough_video_2.mp4,part_8/enough_video_2.mp4,enough,a9c8897a84b37a5f40cf0f3424606b6efea21551258827eed50f573193244fef,474610,word_video_n,2,True
part_8/envelope_20241119_172641_121.mp4,part_8/envelope_20241119_172641_121.mp4,envelope,169c18b41a38c53f9cbacc593e60abf411ece100e3af9c646e6dcf8b4fed7f19,1649590,word_timestamp_n,1,False
part_8/envelope_20241119_172641_53.mp4,part_8/envelope_20241119_172641_53.mp4,envelope,7e148e0cfcb5559696f0bcc4ec2a8d63e30d678633398a707c922cb1dff84e33,608280,word_timestamp_n,1,False
part_8/envelope_20241119_172641_80.mp4,part_8/envelope_20241119_172641_80.mp4,envelope,cb0508f8619b27c957276c35515e804eb98a01348cad9e032f1d9bc302bcdb8a,1507523,word_timestamp_n,1,False
part_8/equal_video_1.mp4,part_8/equal_video_1.mp4,equal,5045ebacfc82c5f7a3f7bb7e7a1878b2a70fa0ea916d891697f7e8e53f9fcd3c,59414,word_video_n,1,False
part_8/erase_20241119_172642_103.mp4,part_8/erase_20241119_172642_103.mp4,erase,833f5c292f8673a57fdea9ad4d24e7fc17f4fac3a48f99fb145805631ab25b28,928820,word_timestamp_n,1,False
part_8/erase_20241119_172642_106.mp4,part_8/erase_20241119_172642_106.mp4,erase,4dd4d0eb7a068ea14e6daa7e60e75be2f904746ad969d814bca65aaa3b2bdc0b,550267,word_timestamp_n,1,False
part_8/erase_20241119_172642_54.mp4,part_8/erase_20241119_172642_54.mp4,erase,66c11deb64f76d4afc32cff69015a75b313ee084cb6d68ed5cff191526353584,688602,word_timestamp_n,1,False
part_8/erupt_20241119_172642_16.mp4,part_8/erupt_20241119_172642_16.mp4,erupt,69864a551e1b070ebc194e4f824b512d75ba6204b9800bdf0483ac9512eb4ffa,719539,word_timestamp_n,1,False
part_8/erupt_20241119_172642_30.mp4,part_8/erupt_20241119_172642_30.mp4,erupt,1614ea170a966c77ae48528d87a2d991caa85ee06aa232602c61f965ba736f13,364513,word_timestamp_n,1,False
part_8/evaluate_video_5.mp4,part_8/evaluate_video_5.mp4,evaluate,08619c1123267c6fa2fa659b6c8e9d0bdb5d52d10d38115b24f5b7a4f73b27a5,291647,word_video_n,3,True
part_8/everything_video_1.mp4,part_8/everything_video_1.mp4,everything,510160f4b7e4479f54e631952925e2b5984f8c6115a457adb23f990382255d17,732430,word_video_n,1,False
part_8/evidence_video_1.mp4,part_8/evidence_video_1.mp4,evidence,b03e81aac482e96099858191607e581dd19999f3275b8260217f64c0b97ead78,328418,word_video_n,1,False
part_8/example_2.mp4,part_8/example_2.mp4,example,cb48c2929fe8a847039bf06c5280c0652fb22517585f9ce73a1c4a3f1c32ae26,93914,word_n,1,False
part_8/excited_video_3.mp4,part_8/excited_video_3.mp4,excited,0d09229f77efbcdd5c0f58a6cd3a6311574a35d6d04967e84334f50bdfc3e2f9,1170660,word_video_n,1,False
part_8/exercise_video_22.mp4,part_8/exercise_video_22.mp4,exercise,27005131eced22c467849a1dce1a0e47c3b36e3ca55d48ad3a78bd5f7dc12532,166947,word_video_n,1,False
part_8/exercise_video_4.mp4,part_8/exercise_video_4.mp4,exercise,b81456325dd07544581568dd2d2bdf30ea57d86c1eed3cb79213804ec311ca5c,279756,word_video_n,3,True
part_8/expect_6.mp4,part_8/expect_6.mp4,expect,97abc683cdb9095d0e9f2d27caa61cd340cd44a0c6ed8a12c6450016124327a9,50568,word_n,1,False
part_8/expensive.mp4,part_8/expensive.mp4,expensive,c731636111a6eb3efc12250c5609651a6400ac463736a78c6bdad30ce8e0a8e7,196475,word_only,1,False
part_8/experience_video_15.mp4,part_8/experience_video_15.mp4,experience,8eadd972472aad54720bf53d50edcd4a047d2f416efdc2d516be4e8143391da7,984582,word_video_n,2,True
part_8/experiment_11.mp4,part_8/experiment_11.mp4,experiment,c53c9c1eddbfe6202a7a9d8eb942867d6326aea805fcd86d671724f3b21198b1,625724,word_n,1,False
part_8/expert_video_4.mp4,part_8/expert_video_4.mp4,expert,344fb6e3431fe64586d57369fdcd1d1738362f5a7c5a1f45e0b8b6d088d24cf5,54543,word_video_n,1,False
part_8/express_5.mp4,part_8/express_5.mp4,express,f9f15232ae2c3d910592b853aa469743aa6e8d1401ab16970b2b6918629eb836,66729,word_n,1,False
part_8/eyeglasses_video_0.mp4,part_8/eyeglasses_video_0.mp4,eyeglasses,5d76d8b4d16cdf7c351f7168388ea8a552845c94f2b8fb1a0277a5f77bcc7b0c,271700,word_video_n,2,True
part_8/eyes_8.mp4,part_8/eyes_8.mp4,eyes,fa9db2ab6eaa953adcf09f323467c7eadc23ad6e118dfa3db20c486596bae965,195558,word_n,1,False
part_8/f_5.mp4,part_8/f_5.mp4,f,e53b242a772b801e152128942151eb38a28707bf2d81c674fb1e7c81141cc837,558136,word_n,1,False
part_8/face_video_9.mp4,part_8/face_video_9.mp4,face,9c81dbb7117dcca603ef26cd69192e61598221a72e6e4f7331a910d23b576270,279704,word_video_n,1,False
part_8/faculty_4.mp4,part_8/faculty_4.mp4,faculty,999e934edf2cf00e769a441b38faecc6bb036b47f22a5cf2fd9ba0672230bbe5,588017,word_n,2,True
part_8/fair_video_2.mp4,part_8/fair_video_2.mp4,fair,c58bdaba5de58b221ba814a86477a31d9277c8f0782a90eebff8b1721825a060,644706,word_video_n,1,False
part_8/fair_video_4.mp4,part_8/fair_video_4.mp4,fair,1384d9dbd7f97afd3480eaac89bfed6d51d74cf016c060d74f40882c44f15fa0,124390,word_video_n,1,False
part_8/fake_4.mp4,part_8/fake_4.mp4,fake,784971fb6f87da58d44b9287b2c7d85baca486ceef9eb639eda582b60815879c,36465,word_n,2,False
part_8/fall_20241119_172642_21.mp4,part_8/fall_20241119_172642_21.mp4,fall,e6c806edc55e8f200d7a6efda347f8540d062f58116da50087aab867694d3d4e,987841,word_timestamp_n,1,False
part_8/fall_20241119_172642_50.mp4,part_8/fall_20241119_172642_50.mp4,fall,dc286ea9a2c9c998cc5cf2f1bdc0784352b4880351b046c61b765f3e94eb8d33,810507,word_timestamp_n,1,False
part_8/fall_20241119_172642_61.mp4,part_8/fall_20241119_172642_61.mp4,fall,85a6eaf5a7a7a3766579510ce4bd1aa1cb85235c5f023a4de0ab38bf5644eb2a,579493,word_timestamp_n,1,False
part_8/family_11.mp4,part_8/family_11.mp4,family,0e32727322bd416654bbb1676704cead9269105b673ad27bcabf1f52ce729191,255112,word_n,2,False
part_8/far_15.mp4,part_8/far_15.mp4,far,38ac27905b92899e2974372aa1dadc10e7d62e41202e77830cdf56b101217744,202401,word_n,1,False
part_8/farm_5.mp4,part_8/farm_5.mp4,farm,70473891b6bfad086a07c8bc47699fc3315fd6c568aa85ab6f20e8a7056227db,32250,word_n,1,False
part_8/fat_video_1.mp4,part_8/fat_video_1.mp4,fat,4f761be9d9c5831696498fdb9f6a593423fb77ecc8400df99c95b7eda3551778,208412,word_video_n,1,False
part_8/father_video_0.mp4,part_8/father_video_0.mp4,father,a76814be7d10af38648ce82ef5c8d247d16ad18659109a413aa8e9c237ea6c39,239139,word_video_n,1,False
part_8/faucet_video_1.mp4,part_8/faucet_video_1.mp4,faucet,81ad0188bd1205da7bdda019e3c32849a56bda558336a2287adcd03f375b249a,392429,word_video_n,1,False
part_8/fault_video_9.mp4,part_8/fault_video_9.mp4,fault,2409256e98bf487085b12a840930b56ed24816b371fd6738efe778342d3d89af,398302,word_video_n,1,False
part_8/favorite_2.mp4,part_8/favorite_2.mp4,favorite,0f4c91c4bb9f892ff8bf5bed4eabcce3ef55ae811b57bdb1d86c2bdbbd48e175,50190,word_n,2,True
part_8/february_2.mp4,part_8/february_2.mp4,february,708051b9e1353618452824e4d9df8ece67727ce7ebe569a2cc3fdc77fffa707a,119615,word_n,1,False
part_8/feed_20241119_172642_1.mp4,part_8/feed_20241119_172642_1.mp4,feed,a7777c238ea9a25ce4dc6a14638403caa8042d5f6bdb406ee17b4cfd3a063326,1274031,word_timestamp_n,1,False
part_8/feed_20241119_172642_13.mp4,part_8/feed_20241119_172642_13.mp4,feed,8c6e95a0a1aafeeb185b93944824e4f490a1803724670e38a5bc62d46f578b2e,267885,word_timestamp_n,1,False
part_8/feed_20241119_172642_63.mp4,part_8/feed_20241119_172642_63.mp4,feed,760c0f144a198dbe2e9a9457d0072cc0f42ac99768ba31b40f9484acf8d4ff17,360911,word_timestamp_n,1,False
part_8/feedback_6.mp4,part_8/feedback_6.mp4,feedback,0007c5ceaf8ac6e5eac0d3dcdadc4485842c593e793bc2d87a7fc822547ec192,191606,word_n,1,False
part_8/fence_20241119_172642_15.mp4,part_8/fence_20241119_172642_15.mp4,fence,2410163b50d45f83dbe559ef268b72c26c73674d93459e5cb3e45daf06407890,36206,word_timestamp_n,1,False
part_8/fence_20241119_172642_61.mp4,part_8/fence_20241119_172642_61.mp4,fence,09fd64ac554d87921d78e7ab7e4d297b6683724d3ee243829089d98e01bc5305,579526,word_timestamp_n,1,False
part_8/fence_20241119_172642_63.mp4,part_8/fence_20241119_172642_63.mp4,fence,f8e723ad13d50e853633e133316e75a5d9d32bcf6163b5ae7f90527b66482959,553971,word_timestamp_n,1,False
part_8/fiance_video_0.mp4,part_8/fiance_video_0.mp4,fiance,a17975e54cc76693750f8810ecead93ac71461c29f117e510a1f1699b3f7325c,100538,word_video_n,1,False
part_8/figure_video_1.mp4,part_8/figure_video_1.mp4,figure,bf402e8680723e341996b93598244321a0042a60280c59dffa40fc425de34693,90846,word_video_n,1,False
part_8/file_20241119_172642_43.mp4,part_8/file_20241119_172642_43.mp4,file,086dcde6e445b15a432499426d0f980164bfaae1b6591138ed4a36369545f38c,577695,word_timestamp_n,1,False
part_8/file_20241119_172642_74.mp4,part_8/file_20241119_172642_74.mp4,file,6125731868212d679a2701668498b83cf103abca47f48419ae69a212301a448d,325817,word_timestamp_n,1,False
part_8/file_20241119_172642_77.mp4,part_8/file_20241119_172642_77.mp4,file,331a16050e1b31154bf3244704e11653e1440fdff32f6579c6d320b14cf79e03,1310433,word_timestamp_n,1,False
part_8/finally_video_7.mp4,part_8/finally_video_7.mp4,finally,ee5e2624c55e8ce24839c74e97afe0fffe275c295b2c382e7605f33c15532602,428181,word_video_n,1,False
part_8/find_15.mp4,part_8/find_15.mp4,find,3b2284031a7cfa75eb374c9393db4a4b4b64cfb4f81bd3abf0eadc9f238e812a,496990,word_n,1,False
part_8/fine_20241119_172642_27.mp4,part_8/fine_20241119_172642_27.mp4,fine,5736b200f8c443354e852c5baa91e4f546a567782f68374d12007cf7d02a5de7,228082,word_timestamp_n,1,False
part_8/fine_20241119_172642_63.mp4,part_8/fine_20241119_172642_63.mp4,fine,a766c3b9224e1a5b0684e0fcc2777e3c15daaddaf28f141250a4638e044599a6,415758,word_timestamp_n,1,False
part_8/fine_20241119_172642_77.mp4,part_8/fine_20241119_172642_77.mp4,fine,2ba72b01193e0f8bf973047857be300d9a9b0858c6d90a351a17ed5178242404,824841,word_timestamp_n,1,False
part_8/finger_video_3.mp4,part_8/finger_video_3.mp4,finger,81d7527f59873611d9e149fd3722b714481acba62158e5a1e6ec1be34f08af49,301257,word_video_n,1,False
part_8/fingerspell_1.mp4,part_8/fingerspell_1.mp4,fingerspell,86b930583ea108833bd027cb1006623d3280ca6a93afbb46c70f4a459fe8dc6e,622576,word_n,1,False
part_8/finish_8.mp4,part_8/finish_8.mp4,finish,07c32b1639d09a403bd9ecb69c662f4dafd7726c5d00faec1174df9d2bf0b463,152026,word_n,1,False
part_8/finish_video_23.mp4,part_8/finish_video_23.mp4,finish,a1a757ac23af0a4bb7cc8747efeb8ab223d9c24a79f4f5dbfdb02b04328cd754,598024,word_video_n,1,False
part_8/fire_video_3.mp4,part_8/fire_video_3.mp4,fire,c31a72771af83f7962094cff29041beea7c9fe311f5fd166dbda12224c7235aa,472893,word_video_n,1,False
part_8/fired_video_4.mp4,part_8/fired_video_4.mp4,fired,de12d346a82348ace618708ea98bec76e3342702238551145363aee6d4aa8d3f,139499,word_video_n,1,False
part_8/fireman_20241119_172642.mp4,part_8/fireman_20241119_172642.mp4,fireman,ff19a82deaaf04b5fe4aa860180716168e7802b8f75905323db0af0c380c1628,114635,word_n,1,False
part_8/fireman_20241119_172642_31.mp4,part_8/fireman_20241119_172642_31.mp4,fireman,977d66abe1e7842f92513844b14c516d9a182c8e1e5cbd6148fffd2ba2d7ad0e,341590,word_timestamp_n,1,False
part_8/first_3.mp4,part_8/first_3.mp4,first,87cc39c1a7ea8a9c308833749f17793428693084c6d200c16ad5315f9f8b1a0b,453893,word_n,1,False
part_8/fish_1.mp4,part_8/fish_1.mp4,fish,bdc739c122942afbb71ed078b29d7b0ff2684700d57b8cc92a9df9fc11c0156c,228041,word_n,1,False
part_8/fishing_20241119_172642_36.mp4,part_8/fishing_20241119_172642_36.mp4,fishing,b2e005ec88139bc6a4036072897a02b2fec02d4851aed4140ed07c6a69070ccf,682594,word_timestamp_n,1,False
part_8/fishing_20241119_172642_4.mp4,part_8/fishing_20241119_172642_4.mp4,fishing,d4a416e1357b9714491da8c53bb937dbd010836c2dfffbea208f0e0a93a19d55,265922,word_timestamp_n,1,False
part_8/fishing_20241119_172642_61.mp4,part_8/fishing_20241119_172642_61.mp4,fishing,7e9f6832c576b45a5c9f26eb2e34c0be8e0719ced79b94b427a45658a5c48b1f,1109396,word_timestamp_n,1,False
part_8/fix_video_7.mp4,part_8/fix_video_7.mp4,fix,b1ec6a7b40919d07243ff6aa31470b240dc924b4b32e0c56c3be8662baef45d2,419853,word_video_n,1,False
part_8/flag_20241119_172642_17.mp4,part_8/flag_20241119_172642_17.mp4,flag,9ef2d37b3bb186f94e5f3bc552ed04248c0d541d2962cc068296e6eacfd69a88,441388,word_timestamp_n,1,False
part_8/flag_20241119_172642_25.mp4,part_8/flag_20241119_172642_25.mp4,flag,5f76dcdc146df24da49eb2fe8fc13e15642da70076f34c0c6bd11a16fd94d64f,541030,word_timestamp_n,1,False
part_8/flag_20241119_172642_9.mp4,part_8/flag_20241119_172642_9.mp4,flag,cf1692107142e598dcb2b9cc2ee8dfdcf95cccfb4b3470846367d3be36876aa7,765614,word_timestamp_n,1,False
part_8/flashlight_20241119_172643_11.mp4,part_8/flashlight_20241119_172643_11.mp4,flashlight,6ec09f68e6375dba4b7276f270de5fa82cab5e12742089612839ab533ecfcd79,808329,word_timestamp_n,1,False
part_8/flashlight_20241119_172643_25.mp4,part_8/flashlight_20241119_172643_25.mp4,flashlight,b5085a4968588889c330e63c1f2d87d86614cc8833d017743ae2ea771ee67797,1333552,word_timestamp_n,1,False
part_8/flashlight_20241119_172643_28.mp4,part_8/flashlight_20241119_172643_28.mp4,flashlight,c2c14c31acee76cd416c4c976294a19c287a78b5671eda524dfe109ae61349f3,351453,word_timestamp_n,1,False
part_8/flip_video_2.mp4,part_8/flip_video_2.mp4,flip,22b179f6bc20f83640aea29faa0dcc7e70d4a6665326ab393a1760f0f27903b8,232477,word_video_n,3,True
part_8/float_20241119_172643_39.mp4,part_8/float_20241119_172643_39.mp4,float,f15081df9ec68f915ec6b42562afdab3bfe445e7dfeb0060bd5233344469a34a,590188,word_timestamp_n,1,False
part_8/float_20241119_172643_52.mp4,part_8/float_20241119_172643_52.mp4,float,519a99f309c63c00ba1ad18829a546d271d754dc5bccb92af569d745135e68b6,534934,word_timestamp_n,1,False
part_8/float_20241119_172643_8.mp4,part_8/float_20241119_172643_8.mp4,float,4486d556faf70eba146db27aec3f2ee714646823d23fd702be32e0433b28a252,228387,word_timestamp_n,2,True
part_8/floor_11.mp4,part_8/floor_11.mp4,floor,7528938ea72a07ee204fffda2fafb690119ccd283cc177bf5b3d6ffe263d883b,194525,word_n,1,False
part_8/flute_video_2.mp4,part_8/flute_video_2.mp4,flute,c6f52bcec8fd4cfeffc96efb43641a61e08ad7537682928f1cc718162a81daf8,260938,word_video_n,1,False
part_8/fly_video_8.mp4,part_8/fly_video_8.mp4,fly,6a7e3464e4cae2acfaeb0ba3334ec5fedbab9b7bd8b1a26b10e2d4a43fa5ab17,759885,word_video_n,1,False
part_8/focus.mp4,part_8/focus.mp4,focus,4a83fe86221c16d6f5ff578f3d4cc60045e7bb1ae9e734a45465f51997093c01,63816,word_only,1,False
part_8/fold_20241119_172643_28.mp4,part_8/fold_20241119_172643_28.mp4,fold,9f11ad884a19ed21f91121fa8c9b606cca4bca08ccb0db527cb8606ff7bdb7c6,1197077,word_timestamp_n,1,False
part_8/fold_20241119_172643_54.mp4,part_8/fold_20241119_172643_54.mp4,fold,2c3b289a08a2a69accd0807b6325759a274ed9e651accb2fbc46bd429d12822e,475574,word_timestamp_n,1,False
part_8/fold_20241119_172643_61.mp4,part_8/fold_20241119_172643_61.mp4,fold,8777cd7d2b40a639a2c29a74df68cb2fccc3ad75f59acefa8a4a1144e7044cea,589742,word_timestamp_n,1,False
part_8/follow_20241119_172643_46.mp4,part_8/follow_20241119_172643_46.mp4,follow,dec3d0cb5d9c8c70b9f303a747cc2b45f34e15a1adbb7f70e30ae046b1a40654,503977,word_timestamp_n,1,False
part_8/follow_20241119_172643_61.mp4,part_8/follow_20241119_172643_61.mp4,follow,24972f75e0ba20c7a564e76f94d077cf9020275d3ddb7f9d3c392a4d2570a1e9,392733,word_timestamp_n,1,False
part_8/follow_20241119_172643_75.mp4,part_8/follow_20241119_172643_75.mp4,follow,672ab5d134238faf1d6808cf6e741406bb2cf8179355e44d22b3d28418ac17ee,563568,word_timestamp_n,1,False
part_8/fool.mp4,part_8/fool.mp4,fool,b16b377758cc44b971459115386f7f7cb69b5acaf2d75098b764cc56b143766d,417611,word_only,1,False
part_8/football_video_2.mp4,part_8/football_video_2.mp4,football,05cb314f6a0d318bee5c1942b6a03d809efa2ad08ba8190a83acdb056b9beffc,240916,word_video_n,2,True
part_8/foreigner_20241119_172643_8.mp4,part_8/foreigner_20241119_172643_8.mp4,foreigner,3ceef930a9599149a22d1edb47bd3f235a65aa43974f13e80bbbad4d19c7789b,458194,word_timestamp_n,1,False
part_8/foreigner_20241119_173205.mp4,part_8/foreigner_20241119_173205.mp4,foreigner,834c5cfe34023e4d30cbdf79e59daf9b631ca366f02c48344f2591034778f897,577416,word_n,1,False
part_8/forever_20241119_172642_39.mp4,part_8/forever_20241119_172642_39.mp4,forever,e45c812c941d538ff816ddd742c88d6cd6246569af9c6c6ee745ffa0f0938af0,579151,word_timestamp_n,1,False
part_8/forever_20241119_172642_52.mp4,part_8/forever_20241119_172642_52.mp4,forever,f12ffa0a2a0a3a353fb2ae6ce9139f581945f8e75ea2b42302b0c1ac5bad464d,583313,word_timestamp_n,1,False
part_8/forever_20241119_172642_66.mp4,part_8/forever_20241119_172642_66.mp4,forever,2a750d14fa78c78a4a4ed6bb2893cf1b9ed2483bf51d2a51c3e3323902e4c918,470229,word_timestamp_n,1,False
part_8/fork_20241119_172643_39.mp4,part_8/fork_20241119_172643_39.mp4,fork,04e6506142bbf6ddb21d06f231c5751a272ab99a946b699b2aec3b5725cd5eb6,686046,word_timestamp_n,1,False
part_8/fork_20241119_172643_44.mp4,part_8/fork_20241119_172643_44.mp4,fork,e981f98cfa5bb8894a63e78cb6d958c10de98d5d38eb10297e201453fbe0583f,918350,word_timestamp_n,1,False
part_8/fork_20241119_172643_91.mp4,part_8/fork_20241119_172643_91.mp4,fork,2a784e0d60e91536cc1010bae71742005fa6922cff2a6a7d015858d2c15f757f,784539,word_timestamp_n,1,False
part_8/form_10.mp4,part_8/form_10.mp4,form,7597fd32d9ad0d59b57a6a822bd99a652b54bc1fa1dcefafa438528b7bb00fb2,217439,word_n,1,False
part_8/form_9.mp4,part_8/form_9.mp4,form,c46e377ce2c3c8c40bea6c3bee58cc5faa2f863bf703e3b26f89e240e6e36a3a,183012,word_n,2,True
part_8/form_video_0.mp4,part_8/form_video_0.mp4,form,2f74bcdbd63c87e2d50f176c91c6a01b67ac1afd2cd05596928529fe91bef12e,216166,word_video_n,3,True
part_8/foul_video_26.mp4,part_8/foul_video_26.mp4,foul,955a5b24981ca69d6d6280021741dfc3b7f6143a39dce5ccb26962cfd7e46a58,798942,word_video_n,1,False
part_8/four_video_7.mp4,part_8/four_video_7.mp4,four,f531f23cfb0599f50958073d00511ad2230ae761dd25247bdac4aad5db9f82a1,123672,word_video_n,1,False
part_8/fourth_video_17.mp4,part_8/fourth_video_17.mp4,fourth,859a078f95ed503ba91f2912856d7eb2d8c02446a3c40d82a003c2b90ab4b8a4,235067,word_video_n,2,True
part_8/fourth_video_21.mp4,part_8/fourth_video_21.mp4,fourth,b2172458086dc3a38536947bc7071da2f1bdeceeafa2e944730ab08945f4c9e8,726204,word_video_n,2,True
part_8/frame_video_8.mp4,part_8/frame_video_8.mp4,frame,bad8816b2da9540ea983a86f04b0693bcc3b4612436b35783024cffe44de5c41,161629,word_video_n,1,False
part_8/free_video_10.mp4,part_8/free_video_10.mp4,free,6f6c537c10fcfd71f6c3dfb3d32a83e4d650cfdf4ce02681bc2fd957e7252ff5,184655,word_video_n,1,False
part_8/freeway_video_0.mp4,part_8/freeway_video_0.mp4,freeway,51f653070e4fe3fa8880ef704b74c7627d0bdc745bd94b394522526ef239274c,108356,word_video_n,1,False
part_8/freeze_6.mp4,part_8/freeze_6.mp4,freeze,4bbdf11026debc3f322b00a04562a04eec2c3075f1aba79756472b5918eb89aa,265845,word_n,1,False
part_8/freeze_video_7.mp4,part_8/freeze_video_7.mp4,freeze,d9d61b824685bf9d90c9041dc31f95bef17ea5987732f7fe7e4303dd06cb8cdd,384530,word_video_n,1,False
part_8/friend_video_11.mp4,part_8/friend_video_11.mp4,friend,15285e334590d2a6510231389f07f2381b02a05c5455cb9b7df784f722d18875,408241,word_video_n,1,False
part_8/fringe_video_2.mp4,part_8/fringe_video_2.mp4,fringe,f3dd67d843a6afebd079a90f1e4826f580ce488eca83f707d55c608193a5e2b6,197879,word_video_n,1,False
part_8/from_video_6.mp4,part_8/from_video_6.mp4,from,a36a0a0e043cbeea19e60c8425a612db220e664e41d75e2a6e03a54ce3bd6153,226695,word_video_n,1,False
part_8/front_video_6.mp4,part_8/front_video_6.mp4,front,3c9c6189a6b43514e84e973427f0bc29877b881ef239a145cd00b6f3b9fa6036,543492,word_video_n,1,False
part_8/frown_20241119_172643.mp4,part_8/frown_20241119_172643.mp4,frown,a958349ae440e818a2b112c45f575e6143aa32ee271bfd2bc1af05262c11aa2f,125130,word_n,1,False
part_8/frown_20241119_172643_38.mp4,part_8/frown_20241119_172643_38.mp4,frown,3788d69787af9d3d3641768b084fb2b2a6b8ae29f933c5c65d088e30f15ecb9d,379000,word_timestamp_n,1,False
part_8/fruit_video_9.mp4,part_8/fruit_video_9.mp4,fruit,a79d2da7b98cf1187c084397e0de73a1dda99e3676f0a6ab7ebce71e2b6474b3,241257,word_video_n,1,False
part_8/full_17.mp4,part_8/full_17.mp4,full,bcfc697c356dd12f8863ed5781cecf3e24cad5a2e6b9fa2b8d49e76321a56aa5,274932,word_n,1,False
part_8/fun_3.mp4,part_8/fun_3.mp4,fun,fa711e7644fbfdb388e5f78412cd0064f3b79ecef4505eebfc99227360ab1085,72184,word_n,1,False
part_8/function_5.mp4,part_8/function_5.mp4,function,333bec89cf4dae91b9edfc020474147c5feb5cbda74c3e3cbbbeecc66c61aa58,182181,word_n,1,False
part_8/g_2_g_aug_38.mp4,part_8/g_2_g_aug_38.mp4,g,3de34b449e29905db4ebc247900b7b957e517c6e2a948838fbf7792325be8b1c,55558,word_n,1,False
part_8/g_6_g_aug_13.mp4,part_8/g_6_g_aug_13.mp4,g,b47ce8d217b35b2148b3d96c3022f89118640d4369c844a99e33f7234526060b,953115,word_n,2,False
part_8/game_video_1.mp4,part_8/game_video_1.mp4,game,37bc427a55cbf6578d082ad64dce160c7245e084ab790d1477b7b19c26bb1486,202038,word_video_n,1,False
part_8/game_video_4.mp4,part_8/game_video_4.mp4,game,4d7c6ee00b863543acbbabca8c08e74b99312be3e1b23a9de95e751817ff4907,238341,word_video_n,1,False
part_8/garage_video_2.mp4,part_8/garage_video_2.mp4,garage,0c0a479377405ce4fa37816abad3ca8f74497aaaa46f17fad328b98d7b9802d6,171299,word_video_n,1,False
part_8/get_down_video_11.mp4,part_8/get_down_video_11.mp4,get down,4f7f60501dc085c18fd6d570f65c924997de5c2c7f8ffc177f4dd978bbed61bc,230151,word_video_n,3,True
part_8/get_down_video_35.mp4,part_8/get_down_video_35.mp4,get down,af13b357a18212bf385a9e53ed19119dadd502dc7bb21fbb29818719ec2f4e30,499990,word_video_n,2,True
part_8/get_video_14.mp4,part_8/get_video_14.mp4,get,7a1096cd593c7736739fa818625b814e975fb625ff67aeb0b4acd1eddcbcdc4a,131038,word_video_n,1,False
part_8/get_video_23.mp4,part_8/get_video_23.mp4,get,24d25fd445f77ec43d00921361e30451dfb633c1d2ff695aa9822ec429574a3d,138760,word_video_n,2,True
part_8/ghost_video_5.mp4,part_8/ghost_video_5.mp4,ghost,79893f93774c3cf3183e90af899b404c7bd2914232cc49efd198975a1762b7b9,253404,word_video_n,2,True
part_8/giraffe_6.mp4,part_8/giraffe_6.mp4,giraffe,f9588ad8c513315bcd228f12f4ee8a078fa8c0fcab217f88131ee54ef0ca023f,186697,word_n,1,False
part_8/girl_1.mp4,part_8/girl_1.mp4,girl,26a8839fcbad16456f4e0f89a7c1f1111d22fee80de396a28f2e6e7286c60d84,184638,word_n,1,False
part_8/glass_20241119_172643_5.mp4,part_8/glass_20241119_172643_5.mp4,glass,457209e69997f02f4c34a6e6ea12b359ce4da1f9c49016cea758eee0670a267d,160241,word_timestamp_n,1,False
part_8/glass_20241119_172643_90.mp4,part_8/glass_20241119_172643_90.mp4,glass,5a3650ff082b9b782f0c668f41dbf8c9e0a3529f30b1a7f01a8fae8a954a8765,472519,word_timestamp_n,1,False
part_8/glass_20241119_172643_99.mp4,part_8/glass_20241119_172643_99.mp4,glass,2f8344a105806ecc35ae351c5cc948c9e6e3a89b48d5b3ade44483177c1cfacd,446028,word_timestamp_n,1,False
part_8/glasses_4.mp4,part_8/glasses_4.mp4,glasses,c5f740f41ff579fa640ca32c663654ee50fd4ea1fc202f087de07ff0cb2449f0,503094,word_n,2,True
part_8/gloves_20241119_172643_112.mp4,part_8/gloves_20241119_172643_112.mp4,gloves,ffe3f012139d0780b80697778b052f046a0b8aa39901167860e6756e6fd6ca9b,306396,word_timestamp_n,1,False
part_8/gloves_20241119_172643_122.mp4,part_8/gloves_20241119_172643_122.mp4,gloves,98cc70b0e9ae751485e5ab569c8ec7d4c07dce76d0f62c5c23f95957a0ca3f09,426070,word_timestamp_n,1,False
part_8/gloves_20241119_172643_21.mp4,part_8/gloves_20241119_172643_21.mp4,gloves,cbc7b13c21056c306d4726733380c577976b76bdc9f9bc091ca8171d9d575816,464811,word_timestamp_n,1,False
part_8/glue_20241119_172644_26.mp4,part_8/glue_20241119_172644_26.mp4,glue,772925adae37b6db68c8574168073d8024121e86864f9a53d166a87e48c070dc,1339717,word_timestamp_n,1,False
part_8/glue_20241119_172644_56.mp4,part_8/glue_20241119_172644_56.mp4,glue,41eabb803ebc9e537e4a9d45fc4f54c2f69c46329943c9a1bdfaf87589ebea03,659250,word_timestamp_n,1,False
part_8/go_video_30.mp4,part_8/go_video_30.mp4,go,ca2392f0b4c2f35fc593b48c81d557a391491dfbfc12500c71971fd2031c0d6b,123345,word_video_n,4,True
part_8/goal_12.mp4,part_8/goal_12.mp4,goal,f4c2ed911ea16deedfb771a919da1b425cd7e2203989aea3e819fdf1e013e6bc,72268,word_n,1,False
part_8/goalie_video_1.mp4,part_8/goalie_video_1.mp4,goal,5035484e80d22f524294541c131417c3e8bd669c0d8bc8d690997da9d8de0148,104681,word_video_n,1,False
part_8/gone_12.mp4,part_8/gone_12.mp4,gone,01b6af3445904d8128e9a36dfed5b9ddb8de2daf8b7cbb96d8a9923a3f485f39,209814,word_n,1,False
part_8/good_7.mp4,part_8/good_7.mp4,good,3a689d8cd2fb139f87b281375d2d0d0a116fe79e7046fc812c5b7c5d095fee43,199603,word_n,1,False
part_8/good_deal_video_12.mp4,part_8/good_deal_video_12.mp4,good deal,aa015fc7a28a4d3ce5ab5156ce3ed3fd1f39c2b75b527d9109dadbcef977dd0c,199845,word_video_n,20,True
part_8/good_deal_video_45.mp4,part_8/good_deal_video_45.mp4,good deal,00489bf914aad9392c3fdf9b35c4d7b5fdf1b8a9f825d6302d9d93a0c8fad5c4,345733,word_video_n,20,True
part_8/gossip_video_21.mp4,part_8/gossip_video_21.mp4,gossip,7afc251b0ac4e0e9bdd21d81eb78c7b3af33ad89427d7f1ace304950b13c0db6,149683,word_video_n,2,False
part_8/government_2.mp4,part_8/government_2.mp4,government,650e82df9c766d5540570d098bbc3f9432c8b56a4479e92fda819fa0b7c6fe71,96092,word_n,1,False
part_8/grab_video_27.mp4,part_8/grab_video_27.mp4,grab,0048ceda68fb36cd00200cd0d5cbb106e6cdf97a5e934a8cc75c6924888a3c18,596941,word_video_n,2,True
part_8/grade_video_12.mp4,part_8/grade_video_12.mp4,grade,5f43c6743f3327d072294ac572a542a8e212d5e2ef4b0bc4472a08352a3c89e4,201988,word_video_n,1,False
part_8/grade_video_3.mp4,part_8/grade_video_3.mp4,grade,8b85f51f44ecd2e65b0d6803a51ea9ccffc163b7f4c098c20ddd41aac8a59a5b,156478,word_video_n,3,True
part_8/graduate_9.mp4,part_8/graduate_9.mp4,graduate,a901d7fcfa55732f03e725b80dd5aab862795d41966f7250ed0e836fa54e7009,191960,word_n,1,False
part_8/graduate_video_7.mp4,part_8/graduate_video_7.mp4,graduate,fd38c1a08331ab5160b66e30e64baf99bee7f0f2dc86437b74709be42383df79,257242,word_video_n,1,False
part_8/grammar_5.mp4,part_8/grammar_5.mp4,grammar,4462effae2cac9c1fc8408deca61ee90694d845ea0e1ba388f2f8d24c7befc91,338988,word_n,1,False
part_8/grandfather_video_2.mp4,part_8/grandfather_video_2.mp4,grandfather,23f8280731e9fd8cdccb34290bd1e5959afa104324d3b4b07b197089913486f4,343408,word_video_n,1,False
part_8/grandfather_video_5.mp4,part_8/grandfather_video_5.mp4,grandfather,bf2b5a4b16a566dd68970c88358085d9f2a818d677e3f8936cdc4d66f3dd43c7,403477,word_video_n,1,False
part_8/grandmother_7.mp4,part_8/grandmother_7.mp4,grandmother,b78d00bac917543708df80278f624af2034ea222953897afd446069ef6824aef,184619,word_n,1,False
part_8/grapes_20241119_172659_56.mp4,part_8/grapes_20241119_172659_56.mp4,grapes,c9bb472a33a7ba94fc135c0e2c3a006f17b9f9cbe61d07bce0f4a1caa146d706,899909,word_timestamp_n,1,False
part_8/grapes_20241119_172659_57.mp4,part_8/grapes_20241119_172659_57.mp4,grapes,19fa95ea1877f06cd938f9d467e139af7785297548432280b04270fb7de24c87,712652,word_timestamp_n,1,False
part_8/gray_7.mp4,part_8/gray_7.mp4,gray,50dca0e40a249cbd19775b5903297ff2c3f11f685c36394b276076631b0f5216,657833,word_n,1,False
part_8/gray_video_17.mp4,part_8/gray_video_17.mp4,gray,78b8ace0e2d07c575e20b9bd699db27eee3d84d55c30387c0c858105721248a9,311246,word_video_n,1,False
part_8/great_deal_video_43.mp4,part_8/great_deal_video_43.mp4,great deal,2919a31d306afffd3721c5ffb5aaeb514c5b20d6b902e5abd53204a696fe96fe,981805,word_video_n,20,True
part_8/great_deal_video_45.mp4,part_8/great_deal_video_45.mp4,great deal,00489bf914aad9392c3fdf9b35c4d7b5fdf1b8a9f825d6302d9d93a0c8fad5c4,345733,word_video_n,20,True
part_8/great_video_1.mp4,part_8/great_video_1.mp4,great,9968d58c783934d8f0c1b674da3a563b9243ddc4c68d0dc03783d4903c57c2f0,145394,word_video_n,1,False
part_8/greece_5.mp4,part_8/greece_5.mp4,greece,38056c20c61bc4a68854b127dd18451670bf86d8074a6d7586dc421023af16d5,163850,word_n,1,False
part_8/green_video_0.mp4,part_8/green_video_0.mp4,green,fa272d30c6b60a4f5c32c0fb6bd433d8d1d608b23403c56e327b549e7c16d888,200155,word_video_n,1,False
part_8/greet_20241119_172644_4.mp4,part_8/greet_20241119_172644_4.mp4,greet,e7c904f94abebf4610d982d8719f7e1151eef3212edde7011bf005b64c6f6f32,627639,word_timestamp_n,1,False
part_8/greet_20241119_172644_51.mp4,part_8/greet_20241119_172644_51.mp4,greet,465a1d65bc643bd5c0c145c3620be21901b759332ea593a9bc1ac64322e6d4fe,560259,word_timestamp_n,1,False
part_8/grieve_video_2.mp4,part_8/grieve_video_2.mp4,grieve,2c14c68eca20912f2550c91f07a7e61378fd00785c71b0a14918c1df6cd0710e,772292,word_video_n,1,False
part_8/grind_video_6.mp4,part_8/grind_video_6.mp4,grind,0d820beca0093ef43ca2d5743b35e640dd299def7413df5a3c8c76d609adfa11,183873,word_video_n,1,False
part_8/ground_video_18.mp4,part_8/ground_video_18.mp4,ground,99ebef87e1364d75b76e583aa7a0df10afe8beb67220f4f4b55a4c9ccb3b6259,382035,word_video_n,1,False
part_8/ground_video_26.mp4,part_8/ground_video_26.mp4,ground,a07dc647f3f3156fa294184bc1f4638f2e5d4d3a26ec9d8f917f720b2e32a13c,131008,word_video_n,1,False
part_8/group_9.mp4,part_8/group_9.mp4,group,199dd669f2204e52b9e9cded2c9dbb52e79f6dbddaf250d0acfbb1bf9a6e8617,220757,word_n,1,False
part_8/group_video_6.mp4,part_8/group_video_6.mp4,group,9a202582b72e06241d62d136a24204e46a11b502aa51b2a45f2f8022e0a3a46e,167054,word_video_n,1,False
part_8/guess_20241119_172644_10.mp4,part_8/guess_20241119_172644_10.mp4,guess,bc93622c89c47022703705c83e177073f5688e99401bd3d0d7ed6307b1f193af,181324,word_timestamp_n,1,False
part_8/guess_20241119_172644_21.mp4,part_8/guess_20241119_172644_21.mp4,guess,c54c8f4ed4f581681829c9208df7d53ba076aedb517797b018640513df921516,317210,word_timestamp_n,1,False
part_8/guess_20241119_172644_40.mp4,part_8/guess_20241119_172644_40.mp4,guess,ab0cfc01b8812cd60074852d768717964f60480cfe52a4009d6f4501e6d01350,492411,word_timestamp_n,1,False
part_8/guillotine_20241119_180303_14.mp4,part_8/guillotine_20241119_180303_14.mp4,guillotine,dbbcaf9d89de3c8d6e8de9e5fb14e4e7de36a2a1425f0deea5dc60bbcab50919,952700,word_timestamp_n,1,False
part_8/guillotine_20241119_180303_47.mp4,part_8/guillotine_20241119_180303_47.mp4,guillotine,08d7fdd9e3142c97485656aa61e637e427bf304c6b5476830848862f234abf8d,376077,word_timestamp_n,1,False
part_8/guilty_7.mp4,part_8/guilty_7.mp4,guilty,90b2a726635ec4314ff175eabeb8d184ded57b63b6909314c467dcdcc13acaff,491674,word_n,1,False
part_8/guitar_2.mp4,part_8/guitar_2.mp4,guitar,e8bfd1b3755b5d2145ac1ee11ef28730b8cbab5607b1386d2f9b4c94341ad95d,203460,word_n,1,False
part_8/gun_20241119_172644_21.mp4,part_8/gun_20241119_172644_21.mp4,gun,c0fced6995810eb7ade5292dabd2571aa9c724ca24f6592ae0689be41529d4bb,365717,word_timestamp_n,1,False
part_8/gun_20241119_172644_49.mp4,part_8/gun_20241119_172644_49.mp4,gun,b6453afebe8aaa3a3a5000e13f957104db1acddf31138a73287dda5a2b6aaab7,826811,word_timestamp_n,1,False
part_8/gun_20241119_172644_77.mp4,part_8/gun_20241119_172644_77.mp4,gun,88646270184b9179517e83786675027b7aa3ad781569ff6f5a61b94a5dd63eb5,393571,word_timestamp_n,1,False
part_8/gym_video_7.mp4,part_8/gym_video_7.mp4,gym,f5c94d1243b63a7f3482234b6e99f0ed9b1ed662324c33dc1ceee514fa5d2301,320692,word_video_n,1,False
part_8/habit_video_0.mp4,part_8/habit_video_0.mp4,habit,f4d750c51d246a6902cac1c42c481dd6880af0f9361a03d2e12410a47bdd69a9,261532,word_video_n,1,False
part_8/hair_20241119_172644_19.mp4,part_8/hair_20241119_172644_19.mp4,hair,f024b59e12dc2cc760a4c66f6e22ee24ef307818a657ed5b1e85a9bd5a9940b1,572293,word_timestamp_n,1,False
part_8/hair_20241119_172644_2.mp4,part_8/hair_20241119_172644_2.mp4,hair,a82a2d7f3fafa51ff4f787706828337406f4fe883306f41d73981c132c98e883,168857,word_timestamp_n,1,False
part_8/hair_20241119_173205.mp4,part_8/hair_20241119_173205.mp4,hair,35de4c548d48620a19703d3c93e09cf93b44b8f9d7f17ee2960c5eab944d9846,167462,word_n,1,False
part_8/hairdryer_20241119_180303_26.mp4,part_8/hairdryer_20241119_180303_26.mp4,hairdryer,be8458234646bdb7d9b5727c65fe25bb644de238b981bae85439a394b819e9f0,576267,word_timestamp_n,1,False
part_8/hairdryer_20241119_180303_49.mp4,part_8/hairdryer_20241119_180303_49.mp4,hairdryer,05bd2334e0014c79abaf6864765021eb61154b0f23be302e6ea9b0f53863dc1c,539648,word_timestamp_n,1,False
part_8/hairdryer_20241119_180303_72.mp4,part_8/hairdryer_20241119_180303_72.mp4,hairdryer,3f6e5741344c80587d73caf6a07c585308b635172939bf0564a95290bfdc7198,703613,word_timestamp_n,1,False
part_8/hall_video_0.mp4,part_8/hall_video_0.mp4,hall,57e8b8f0a6e328f49300bd9a6e7798184bef451b3db851c1795676bd445fed38,112329,word_video_n,1,False
part_8/hall_video_7.mp4,part_8/hall_video_7.mp4,hall,7041b9dbcdf86cedebb0a465683aa13195370b3456ba7789bb857a30ab5c8a92,508707,word_video_n,1,False
part_8/halloween_20241119_172644_37.mp4,part_8/halloween_20241119_172644_37.mp4,halloween,aebf924b2214ca85acf42d4419f5230621f8ade041bafdc493b92558dd8639d2,462026,word_timestamp_n,1,False
part_8/halloween_20241119_172644_57.mp4,part_8/halloween_20241119_172644_57.mp4,halloween,7c764b88eadc0371238b85a0304283c4b618f2ec0a63ba40a4ba5bb33d257224,1169408,word_timestamp_n,1,False
part_8/halloween_20241119_172644_76.mp4,part_8/halloween_20241119_172644_76.mp4,halloween,b1aa8b9aa13c338aeb19fc3f60fb817414d755a36188c2a18f2461fd6b92b729,890021,word_timestamp_n,1,False
part_8/hamburger_8.mp4,part_8/hamburger_8.mp4,hamburger,26773beb1b8b00a5d3d60e5b2df439f0f7f8de57ae1203ac37c1d48326ecb4db,55195,word_n,1,False
part_8/hands_video_0.mp4,part_8/hands_video_0.mp4,hands,45b191c5c337ca7c7aebdc557f660ed0e1ff0d043d37778fceb94c887193cdaa,105655,word_video_n,1,False
part_8/handsome_20241119_172644_120.mp4,part_8/handsome_20241119_172644_120.mp4,handsome,7161e27303320f88ac51117b92d3bece3d375bd5305026a0e542c4b507b00b54,680636,word_timestamp_n,1,False
part_8/handsome_20241119_172644_62.mp4,part_8/handsome_20241119_172644_62.mp4,handsome,19c82494deb4aa9ec50fbdba6e2bdec7d1d23ff8deeb50b004fad6b05dbfc53c,480117,word_timestamp_n,1,False
part_8/handsome_20241119_172644_90.mp4,part_8/handsome_20241119_172644_90.mp4,handsome,02cf6d129a4716927f0deb4d17b3893bdb4d8e4544cda81996a1a41c7ce125d1,299014,word_timestamp_n,1,False
part_8/hang_video_4.mp4,part_8/hang_video_4.mp4,hang,9a0e850bfa57fa16b3580a15c7f29442d5d3b7e3a2f1d485152d72649d99b5ac,146779,word_video_n,1,False
part_8/happen.mp4,part_8/happen.mp4,happen,fed930f739bc94b432f999afa0bfac6ace53eb3d24198a05e75e514a3eff35bc,105337,word_only,1,False
part_8/hat_20241119_172637_1.mp4,part_8/hat_20241119_172637_1.mp4,hat,0ac9a69dc166ed2cc89bb6c1c5747f8ee1fd25e96bb15a2f8fb03c98a571fb7f,405682,word_timestamp_n,1,False
part_8/hat_20241119_172637_24.mp4,part_8/hat_20241119_172637_24.mp4,hat,17fd1e6c4b6cc287302de2f0199a3f63b4153107e906abe25cf166cb083140d2,340205,word_timestamp_n,1,False
part_8/hat_20241119_172637_29.mp4,part_8/hat_20241119_172637_29.mp4,hat,83d955768240b27c3eca6f6a480d409120da087ae2b483541fc6b51ec5a63c46,879302,word_timestamp_n,1,False
part_8/hatch_20241119_172644_19.mp4,part_8/hatch_20241119_172644_19.mp4,hatch,138a15755417910112a1e48809af2450ad293e1f875dd21f09993f795142bebd,620880,word_timestamp_n,1,False
part_8/hatch_20241119_172644_38.mp4,part_8/hatch_20241119_172644_38.mp4,hatch,880d080b03991bdf46e6364b8895db888b8373a6bebf37d3bbe8541e893b978c,483124,word_timestamp_n,1,False
part_8/hatful_video_29.mp4,part_8/hatful_video_29.mp4,hatful,aaafa5cbe0d54e668ad7e2f7cd1c08097d3c7e061bd23c9f2c54ac06dff087fc,284209,word_video_n,22,True
part_8/hatful_video_39.mp4,part_8/hatful_video_39.mp4,hatful,dab6e95d4a9e0b00bec6e784fa886374a724469044f6a6059fdcd1fe40d6a15a,807666,word_video_n,20,True
part_8/he_video_0.mp4,part_8/he_video_0.mp4,he,3e1027cd47c02ae6e7a298014720f333ce1877ab3114a09810bca46ec408062e,121351,word_video_n,1,False
part_8/head_video_14.mp4,part_8/head_video_14.mp4,head,8ea9b345ef38463b37b1f70a9aa4df8c87d0100944b74257dae05fb16e631361,237262,word_video_n,3,True
part_8/head_video_35.mp4,part_8/head_video_35.mp4,head,7aefb267740838f26f820963ea9aa0ba531467f7b1d2895662e0892ff1b8117d,597728,word_video_n,1,False
part_8/heap_0.mp4,part_8/heap_0.mp4,heap,d5690dca8d2e9fb1a8b96a070a0478976996a31bf5a8a946d2b7fd385c3634f4,220053,word_n,3,True
part_8/heap_video_18.mp4,part_8/heap_video_18.mp4,heap,74399c29a52d7302613c15ca5a891d973c0fc94dc7c464eae9d8ecf462094023,203035,word_video_n,1,False
part_8/hear_20241119_172644_3.mp4,part_8/hear_20241119_172644_3.mp4,hear,3ad2f39528f03d197c2aa3fd9d4cb52c4e2b5a5241828b005e0e746c67fc585c,584351,word_timestamp_n,1,False
part_8/hear_20241119_172644_61.mp4,part_8/hear_20241119_172644_61.mp4,hear,a57b6474f5c6b05372d22fd2fde32ef2a14f6a21dce886217272d1e4fe4fd939,481249,word_timestamp_n,1,False
part_8/hear_20241119_172644_71.mp4,part_8/hear_20241119_172644_71.mp4,hear,8b62d0c795d503c29a05b55ee54bb46314c8528377ef302946c7faecbf8fdab9,274754,word_timestamp_n,1,False
part_8/helicopter_20241119_172644_53.mp4,part_8/helicopter_20241119_172644_53.mp4,helicopter,b0df6dbff925fe7accd312635d554fddf3186908dbb7859e4eb5226817e7cee6,543081,word_timestamp_n,1,False
part_8/helicopter_20241119_172644_65.mp4,part_8/helicopter_20241119_172644_65.mp4,helicopter,9c78ce9a4ff3355221a7928c0e46a4a5cbd454e76847e9c7e379a45d43566c4d,702615,word_timestamp_n,1,False
part_8/helicopter_20241119_172644_85.mp4,part_8/helicopter_20241119_172644_85.mp4,helicopter,bbf4b883f2a6d943ee51212ecc19afbfc913f9e98e30a7141287d20fce7dbe97,349459,word_timestamp_n,1,False
part_8/hello_video_3.mp4,part_8/hello_video_3.mp4,hello,e48f7fe300ecc5a9331cb583335d0015396a933fff75ec69a0477e6124c6a2ee,280205,word_video_n,1,False
part_8/helmet_20241119_172644_50.mp4,part_8/helmet_20241119_172644_50.mp4,helmet,34a482a45831c3795e0fd9301ed838a4d0f5b63720c5e6025a326736344d4f00,709129,word_timestamp_n,1,False
part_8/helmet_20241119_172644_8.mp4,part_8/helmet_20241119_172644_8.mp4,helmet,2fe4e384727818052f61be17c049a157cb674a9d812cf675c096c8823549fd7d,346508,word_timestamp_n,1,False
part_8/helmet_20241119_173205.mp4,part_8/helmet_20241119_173205.mp4,helmet,0aaaaaa37b94b99d7e3e45991126c021fcb33e3baee01b3ab379c4f62968dfe7,660491,word_n,1,False
part_8/help_20.mp4,part_8/help_20.mp4,help,ef5024bae87167d56a3aa9c4894631b5acc9032edf4dc446e6e1546f2e9dfc78,58140,word_n,1,False
part_8/hippo_20241119_172645_21.mp4,part_8/hippo_20241119_172645_21.mp4,hippo,faf546aefb207ac0a8ebc856066aa1307e04502f7f69e87e84f6afd3bffc26ad,295442,word_timestamp_n,1,False
part_8/hippo_20241119_172645_7.mp4,part_8/hippo_20241119_172645_7.mp4,hippo,86f3c33dd3337a56d5a8ddc019de94cb76dae86fe9bba8666c9784693108d365,514657,word_timestamp_n,1,False
part_8/hit_20241119_172645_46.mp4,part_8/hit_20241119_172645_46.mp4,hit,04d4a31a0d1e824fa09fd7a82945c4daa53acebea710b5df63ae07796169febd,448635,word_timestamp_n,1,False
part_8/hit_20241119_172645_57.mp4,part_8/hit_20241119_172645_57.mp4,hit,d8d6784d265bb3c82f6d97e9dd6dd67a69b114bdf5638b4a9012e58ac182591b,433284,word_timestamp_n,1,False
part_8/hit_20241119_172645_61.mp4,part_8/hit_20241119_172645_61.mp4,hit,058fdeb7e526119a5f215bcb4fac91865404ed761077d5e11bf09e7d760c31bd,471214,word_timestamp_n,1,False
part_8/hold_20241119_172645_10.mp4,part_8/hold_20241119_172645_10.mp4,hold,4bb9e0738d6c23493404dc1d8cadbeb713e20fc3610e22457122d77166922279,311643,word_timestamp_n,1,False
part_8/hold_20241119_172645_2.mp4,part_8/hold_20241119_172645_2.mp4,hold,6718c1a01bb60ea05c5e04fec1fa9289a250e9d6f990e1d9a8e32b60dcf003ce,172006,word_timestamp_n,1,False
part_9/hold_20241119_172645_94.mp4,part_9/hold_20241119_172645_94.mp4,hold,769b56c0bd0d07d03bb1af802770ad9326cd44bf5c803ea8a6865ec2da0ad758,576572,word_timestamp_n,1,False
part_9/home_9.mp4,part_9/home_9.mp4,home,727d808d426456713d28b93c25a964dc378f2b9b7f167fc0760a3d187e8a39f3,184987,word_n,1,False
part_9/honest_video_0.mp4,part_9/honest_video_0.mp4,honest,3b3701e1123d2ce8daba7974a4dd3ca504b9b188bed843d12dc426a4e2f41476,213137,word_video_n,1,False
part_9/honest_video_2.mp4,part_9/honest_video_2.mp4,honest,eaa0c4ed38e7cf011ec6453c2d2773b0def0be4211c6e671cb9d4157333d8f08,412767,word_video_n,1,False
part_9/honey_20241119_172645_10.mp4,part_9/honey_20241119_172645_10.mp4,honey,c29dba201bcc5ce0005c3d6240abbbb347f116eb47793079c6332ba079520be3,197477,word_timestamp_n,2,False
part_9/honey_20241119_172645_29.mp4,part_9/honey_20241119_172645_29.mp4,honey,3169953264a180e18bd8e0586f009616a205aadc38b999e0cfcdf9cf89e270ea,414782,word_timestamp_n,1,False
part_9/honey_20241119_172645_57.mp4,part_9/honey_20241119_172645_57.mp4,honey,87e86ca480ebe8c3e3cb3a6c9bf1adf02696c55737457273e682605f4990b95e,591643,word_timestamp_n,1,False
part_9/honor_video_1.mp4,part_9/honor_video_1.mp4,honor,67e25814b48289d67758633a904416d3038c97553c2327d720f0752eb29f9a40,140110,word_video_n,1,False
part_9/honor_video_13.mp4,part_9/honor_video_13.mp4,honor,5f72f85481ee3c17a4ca0d2a36112f66eff587b5e4a95a44f3c968b7024d999a,170359,word_video_n,1,False
part_9/hoodie_20241119_180303_35.mp4,part_9/hoodie_20241119_180303_35.mp4,hoodie,e6259cfbd8cfcb0c7b4ebce4f19b8ae498ad5373c0810ee63471d98943f741b7,483967,word_timestamp_n,1,False
part_9/hoodie_20241119_180303_44.mp4,part_9/hoodie_20241119_180303_44.mp4,hoodie,b20a7cbd3f4836e3388d58d9d52dec4fa472154af70e39d1642ee9501c14a0ff,2104752,word_timestamp_n,1,False
part_9/hop_4.mp4,part_9/hop_4.mp4,hop,fe49d6a5572aaf6432ba41a6dcd48455c9e0413d4102f385b9805e075a1eb15a,42621,word_n,1,False
part_9/horrible_video_0.mp4,part_9/horrible_video_0.mp4,horrible,d7ced2add607e4aae93f3e735e311c39b6c43ae597177be6a203ff20ff07ec34,133164,word_video_n,1,False
part_9/hose_video_0.mp4,part_9/hose_video_0.mp4,hose,da60ff044a25a01c7dbd8051359f177f30b52b0c2f546b2f6ea7dd0165e80e42,53632,word_video_n,1,False
part_9/hospital_20241119_172645_21.mp4,part_9/hospital_20241119_172645_21.mp4,hospital,4fc7cab079fd9117d67a0a8b12da4acd4ece41dc2f8abfd9309be288cd481105,620853,word_timestamp_n,1,False
part_9/hospital_20241119_172645_37.mp4,part_9/hospital_20241119_172645_37.mp4,hospital,53bf4bc775d10986aae6bff99e36eef567b2513cb11bcf59ed47d5ac32b6c232,518005,word_timestamp_n,1,False
part_9/hospital_20241119_172645_48.mp4,part_9/hospital_20241119_172645_48.mp4,hospital,d241b4e7fb7446e621ce27b3d3b11e796390cadc55110e3ac60ba6303f1e8c8d,356784,word_timestamp_n,1,False
part_9/hot_1.mp4,part_9/hot_1.mp4,hot,9530fd05570e659f10848ce013888f9038dae5d1dbc9debff1cd7e8d424b0b78,74205,word_n,1,False
part_9/hot_video_5.mp4,part_9/hot_video_5.mp4,hot,1b4f424ee34b5b7c1c8a15d8a7f948a1c05e4d70cf0bbfb8d3a6be379e5f5986,122530,word_video_n,1,False
part_9/hour_video_2.mp4,part_9/hour_video_2.mp4,hour,c2a6c8ddf65b3a3539f11caa4f5b91b189d3c9ae8df7cbbcf361f79ca8b567a7,261560,word_video_n,1,False
part_9/hour_video_3.mp4,part_9/hour_video_3.mp4,hour,8d745e156f1d02aa29964c95cfa56b1a335c36357f2d0e4f3f38e38e479431f8,138007,word_video_n,1,False
part_9/how_20241119_172645_13.mp4,part_9/how_20241119_172645_13.mp4,how,d6047948925c0946116cd7c7b9addbbc4da9ff913648a29b0685d2ca8657fc9a,263231,word_timestamp_n,1,False
part_9/how_20241119_172645_24.mp4,part_9/how_20241119_172645_24.mp4,how,b2830f5bb2d8845bc6f60db1eceab820b7de3834ad2a91ec611139f7b9da9da9,228025,word_timestamp_n,1,False
part_9/how_20241119_172645_33.mp4,part_9/how_20241119_172645_33.mp4,how,aee1959b71bc701bf3d9cbaa265975ee42b0380b45be6160eb531862ce654ea5,607056,word_timestamp_n,1,False
part_9/hug_video_5.mp4,part_9/hug_video_5.mp4,hug,b6a496afde0562f47f8b4d80807fa06bb9d6333be484701cad24a7563e6330bd,275362,word_video_n,2,True
part_9/humble_1.mp4,part_9/humble_1.mp4,humble,a6e3cbf02c14e89b1d10864ed0d5e09a0299b654eb85a4a6a2711a9608061bcc,232203,word_n,1,False
part_9/humble_video_16.mp4,part_9/humble_video_16.mp4,humble,889342531c386190a55be6df846ed3fef6211f637a0d8324e07c06fb034beafa,416143,word_video_n,1,False
part_9/hunt_4.mp4,part_9/hunt_4.mp4,hunt,475d9eb6c4c7ed4d289c3a0fb29d8a459bf439c19141be594ad14a4412e21a58,192051,word_n,2,False
part_9/hurdle-trip_20241119_195754_12.mp4,part_9/hurdle-trip_20241119_195754_12.mp4,hurdle-trip,58cdea1d63d4be0bd11b1857c6042bf8c1a0b8a5b31dfa1e9a37aa88312f8d88,497624,word_timestamp_n,1,False
part_9/hurdle-trip_20241119_195754_59.mp4,part_9/hurdle-trip_20241119_195754_59.mp4,hurdle-trip,1e24506d4cd0ddd48dcdb2a1f6ef84ec6ae9f215e55f6cf3440ef299a421020d,967243,word_timestamp_n,1,False
part_9/hurricane_2.mp4,part_9/hurricane_2.mp4,hurricane,ff021a5af3301c9177f7b4f966fa74c37673f93d0fafc48d094d1c3e8d669222,208641,word_n,1,False
part_9/hurry_video_0.mp4,part_9/hurry_video_0.mp4,hurry,e6bb816480a6307b71c123572791c2535d796ff56310d029a2f47def1ffac5b0,174100,word_video_n,2,True
part_9/hurt_video_28.mp4,part_9/hurt_video_28.mp4,hurt,70b706a190a4a9266db1dd9c2bdb52ce3a327b246076387c5970e3989d493751,943044,word_video_n,1,False
part_9/husband_7.mp4,part_9/husband_7.mp4,husband,d21ec89ab2a7acf85821349a791d7e556089056fea0906895faa6f3eb6e069fd,314782,word_n,1,False
part_9/hypocrite_video_0.mp4,part_9/hypocrite_video_0.mp4,hypocrite,8c5b0bf348c9a905061d17dae5494d7b4bad41e0c3664c33e6cf0bdb4c803975,128044,word_video_n,1,False
part_9/i_2_i_aug_33.mp4,part_9/i_2_i_aug_33.mp4,i,1d223b356eb2efe2b7a9ef4970f0885ecb1998ef1450136f03c714d5e0ea7918,296114,word_n,1,False
part_9/ice_video_4.mp4,part_9/ice_video_4.mp4,ice,80d8e78f1542506e3aa895dd9c357c9d00516013ba8e5c6f2a8ca956976480db,341942,word_video_n,1,False
part_9/identity_video_4.mp4,part_9/identity_video_4.mp4,identity,d4410f45f97c958f3950afa264d78c0fe0a27c3ebdc8bfcd6570a75850975aad,196483,word_video_n,1,False
part_9/imagine_20241119_172645_16.mp4,part_9/imagine_20241119_172645_16.mp4,imagine,f60017f0da09ce9eda86d6c8a700d0e8239d94e98107a9a66fdf216aee9fd539,442686,word_timestamp_n,1,False
part_9/imagine_20241119_172645_17.mp4,part_9/imagine_20241119_172645_17.mp4,imagine,f42461efc3e73f4847ca8e8e2b42202e462ea00037481d4b61e468ee62fec00b,722867,word_timestamp_n,1,False
part_9/imagine_20241119_172645_40.mp4,part_9/imagine_20241119_172645_40.mp4,imagine,4864a8072870bc7f5eea679fb36922a2e8c0c19d1f70a03dbe5e8f748acafd88,958181,word_timestamp_n,1,False
part_9/immature_video_7.mp4,part_9/immature_video_7.mp4,immature,6ddb631cd3628c314261f68bf02f1cd37c764cc4643e4cd159c38a030e0f9f99,435925,word_video_n,1,False
part_9/improve_4.mp4,part_9/improve_4.mp4,improve,7eaf90ed76f0f9e1e3511c24928704395cdd3f7665dea1b5dd4f6bc30bcfc17e,49051,word_n,1,False
part_9/inch_video_5.mp4,part_9/inch_video_5.mp4,inch,60bcce7f063f9c3c03385476c9ed26be6a483690305beaf85559b9059d8b6c1d,645304,word_video_n,1,False
part_9/inject_video_5.mp4,part_9/inject_video_5.mp4,inject,4a4f543aec5b7161aba1db95c84619f0d7cbc0fbc394fb4b527feec5efb58d4c,184914,word_video_n,1,False
part_9/innocent_video_0.mp4,part_9/innocent_video_0.mp4,innocent,a356e606adf98977f498e0cb276bca604a73fb72cccf2d4dd079912a39f32224,167776,word_video_n,1,False
part_9/innocent_video_5.mp4,part_9/innocent_video_5.mp4,innocent,70dcdbeb3fd2eb9a4431a7fb2742551a02ab7bbbc41c79602673ca81834c39b0,167249,word_video_n,1,False
part_9/inside_3.mp4,part_9/inside_3.mp4,inside,af7d1e7659fb1ea368d9f9cb6e375ceb57044388115e331552b0bcfe73172301,253971,word_n,1,False
part_9/inspire_video_14.mp4,part_9/inspire_video_14.mp4,inspire,3db4d05a98dcec27a1ccfe0575ab6f60b8246031cae88a7e491af8b06514ee59,335646,word_video_n,2,True
part_9/institute_video_1.mp4,part_9/institute_video_1.mp4,institute,ddf59cea604d8fa29d29f8181b3ae03a74418a0de3bad05b0b6f0201aa567b26,170869,word_video_n,1,False
part_9/interest_4.mp4,part_9/interest_4.mp4,interest,271b19d544987454c37980c7956aabbeda4086c98ad034fcc95c2fb2314ad5d0,555037,word_n,1,False
part_9/interpret_video_10.mp4,part_9/interpret_video_10.mp4,interpret,60725915ea43bebd64aa5e2040b56f9e9ae661f434e3d4d9d8c0bab425e341ca,160233,word_video_n,2,True
part_9/interpreter_video_2.mp4,part_9/interpreter_video_2.mp4,interpreter,fb59442ad240ab6a055fee88998edfe4ebbe36b441c3125a8cfae345ec3e02a3,234108,word_video_n,1,False
part_9/intervene_video_0.mp4,part_9/intervene_video_0.mp4,intervene,35516e7cdb3230a8346ea32e3d985aa7d12137bd04e0574e8e08cca3bad13d5a,61427,word_video_n,1,False
part_9/interview_video_8.mp4,part_9/interview_video_8.mp4,interview,9835ac36ec5d1b1e62b684743d763ea011a14a38348b42e104b09f63da3cd967,101858,word_video_n,1,False
part_9/invest_8.mp4,part_9/invest_8.mp4,invest,a3952830a165cfe356468956be154ed861dfed00f72f37caf1f628e109bd316a,62071,word_n,1,False
part_9/invest_video_10.mp4,part_9/invest_video_10.mp4,invest,f042af14c59359f58fc344328bf032f358fbbc3d21072d192dc2d3d231d35d22,90128,word_video_n,1,False
part_9/invite_7.mp4,part_9/invite_7.mp4,invite,94428a2b1369155282d42952192090f8201ae7375d9ef2c195f3575ce7b9a424,49214,word_n,2,True
part_9/iron_20241119_172645_27.mp4,part_9/iron_20241119_172645_27.mp4,iron,6191c58040aff7837cdd8643b3b29efe6bbad2cecea196db88dcdc89a18af400,711008,word_timestamp_n,1,False
part_9/iron_20241119_172645_56.mp4,part_9/iron_20241119_172645_56.mp4,iron,88621bbff691cc169dae6adb6a0dc8473c08e2f1312f138c50b94cace360d2a7,551503,word_timestamp_n,1,False
part_9/iron_20241119_172645_63.mp4,part_9/iron_20241119_172645_63.mp4,iron,ed8ca834edad1710493aadf703fc6555a16c28b19b18172878534626f95faca1,1113032,word_timestamp_n,1,False
part_9/j_1_j_aug_30.mp4,part_9/j_1_j_aug_30.mp4,j,b3470ee87481e1f5b84f103c78bd45f32d5cf5cc6db3e4ff9871239b0395e52a,152353,word_n,1,False
part_9/j_2_j_aug_13.mp4,part_9/j_2_j_aug_13.mp4,j,77ffcb15524640d8788393501bc6413b403a5c589e68215fc432f03e3981049b,285307,word_n,1,False
part_9/jacket_20241119_172645_127.mp4,part_9/jacket_20241119_172645_127.mp4,jacket,7db763533e205d649b6fa59277a015784482216deda8cdaa7c91f3e291c87df7,691884,word_timestamp_n,1,False
part_9/jacket_20241119_172645_2.mp4,part_9/jacket_20241119_172645_2.mp4,jacket,eed7d8c1ad2f0de3d845c04d4a96c65d42248b4d8859651a7bb67128b18f885b,353115,word_timestamp_n,1,False
part_9/jacket_20241119_172645_57.mp4,part_9/jacket_20241119_172645_57.mp4,jacket,9aa91aff41a34db996c60a1ce7508d271dd8c1ea6c32c748ca885279b5b55574,329736,word_timestamp_n,1,False
part_9/jape_video_20.mp4,part_9/jape_video_20.mp4,give,b3e28d47d46f1a7383166152d64b57dbfd6d243bc39a16dae864c65b2202a8c2,172333,word_video_n,3,True
part_9/jar_video_4.mp4,part_9/jar_video_4.mp4,jar,5643d6a2f4ef8f1506f2b516461ddd9c899535b48942af68af1752dc3c752bad,192492,word_video_n,1,False
part_9/jealous.mp4,part_9/jealous.mp4,jealous,84938c246740721c8ba283a3474140e5e68a5a75321b10a1a18a36d47d43ce73,106764,word_only,1,False
part_9/jewelry_video_4.mp4,part_9/jewelry_video_4.mp4,jewelry,bf5e41336c14a9a9d7ff46d1a60f3a39cd9644393e5bec42db2411d43edbdad8,94813,word_video_n,1,False
part_9/job_video_12.mp4,part_9/job_video_12.mp4,job,890e0f24fdee1740ccab3765419dee131b3c3b7f324f651cd93fed5b29d9b0a4,183330,word_video_n,3,True
part_9/job_video_22.mp4,part_9/job_video_22.mp4,job,bfee22593c1e2db90298d22176c20de9417c8d078978b29531fa666daf19c104,317640,word_video_n,3,True
part_9/joke_video_1.mp4,part_9/joke_video_1.mp4,joke,01020e3dc20161e234e10f8efac6529f5760e19f3d4f3e4fc995e10cf78f9eff,184614,word_video_n,3,True
part_9/joke_video_16.mp4,part_9/joke_video_16.mp4,joke,eeea54bd647832469d49dd80841245fa8ba0399e016d680a603854bda90a089a,345367,word_video_n,3,True
part_9/judge_video_3.mp4,part_9/judge_video_3.mp4,judge,afbe88cfa7d0be837d51d73216cd5a49e833ad5fb647ea20ddcb4031f3b44d82,184659,word_video_n,2,True
part_9/judge_video_4.mp4,part_9/judge_video_4.mp4,judge,391e9db97621350c29b1fd8e299cf7721274a1ce8abef09ee59708c61217c08b,330892,word_video_n,2,True
part_9/juice_20241119_172645_2.mp4,part_9/juice_20241119_172645_2.mp4,juice,419623b693569639f8bb9e13cb2686d41dd32601d87043b87e59d7ff5bee8710,179671,word_timestamp_n,2,False
part_9/juice_20241119_172645_34.mp4,part_9/juice_20241119_172645_34.mp4,juice,6ce2a43b933c8843469b2af1d0e02a4cad51591ecf5996341b2f3dcdbff5057a,339828,word_timestamp_n,1,False
part_9/juice_20241119_172645_9.mp4,part_9/juice_20241119_172645_9.mp4,juice,6ddf0fa6cada52d3f923413efb628943f5b57ad2d478682ce089083c3953051f,383444,word_timestamp_n,1,False
part_9/jump_video_21.mp4,part_9/jump_video_21.mp4,jump,8ead52822574252acf90dafc672c7dfe41eb15885dedd22d9a951f35dc3b2703,157128,word_video_n,1,False
part_9/just_about_video_11.mp4,part_9/just_about_video_11.mp4,just about,a6459ea8409a3bf12d534c209eceaff36a89a2e81590091d51ce4955eb0df749,542159,word_video_n,9,True
part_9/just_about_video_16.mp4,part_9/just_about_video_16.mp4,just about,cbe10815e3588af3c4a4dbd7af2e8407de349d03a694f6d0d9867eb991c18ae3,193727,word_video_n,9,True
part_9/k_1_k_aug_0.mp4,part_9/k_1_k_aug_0.mp4,k,de2b843e6aa411457e2f228857af38b21cf74a76535e68f38ed90fe5bc0e7710,154844,word_n,2,False
part_9/kangaroo_20241119_172645_32.mp4,part_9/kangaroo_20241119_172645_32.mp4,kangaroo,5130ca1a60a93b0726bbdd73769c1958ece0897af5a819550694be3cc2c4f72f,654645,word_timestamp_n,1,False
part_9/kangaroo_20241119_172645_34.mp4,part_9/kangaroo_20241119_172645_34.mp4,kangaroo,d9572a77b7c760c62a3a98644a50651040f8b153486a2a0155bcda2903a32bad,461446,word_timestamp_n,1,False
part_9/kangaroo_20241119_172645_38.mp4,part_9/kangaroo_20241119_172645_38.mp4,kangaroo,b7e4fe9b929f3bacd7f48c36edd636b5f51a16add80503b93b97b4da591e8b4f,877247,word_timestamp_n,1,False
part_9/keister_video_10.mp4,part_9/keister_video_10.mp4,weird,127ebba2d6c89eb80b686255fadddf14ef4b4a4b5aec30c8d15c0b2a80e21d6e,317265,word_video_n,4,True
part_9/key_video_2.mp4,part_9/key_video_2.mp4,key,0f93281cddc23624544cd549a7de5b9fa25d13051c7ffc29fb9308b74bf5a376,172179,word_video_n,1,False
part_9/key_video_5.mp4,part_9/key_video_5.mp4,key,c6d97a9fdfb7f7e55b0c1bb47ef598d086642df78d62a4a91db41d0a9116d667,105307,word_video_n,1,False
part_9/kick_20241119_172646_13.mp4,part_9/kick_20241119_172646_13.mp4,kick,6b2047fe7bbfd81c01e6ca48da9ff2f32b124bf55ccfeb374360669d36f0ba38,449823,word_timestamp_n,1,False
part_9/kick_20241119_172646_18.mp4,part_9/kick_20241119_172646_18.mp4,kick,3cc6e1587bfcb37d111e496b99512d3b0770cd901a54f74672233cb931a6858d,675026,word_timestamp_n,1,False
part_9/kick_20241119_172646_51.mp4,part_9/kick_20241119_172646_51.mp4,kick,0c74dab1d0a039573c3fcce118f629cbcb804010b3ca87ce846ff67a46a0f683,533363,word_timestamp_n,1,False
part_9/kill_video_0.mp4,part_9/kill_video_0.mp4,kill,9fe9d6be178a662b2adc87a5acc5be28a254599315d812edb264ff16aae311a9,394661,word_video_n,2,False
part_9/kiss_20241119_172646_21.mp4,part_9/kiss_20241119_172646_21.mp4,kiss,f450c53236319f90a81cb09721596689a33a22646eb5a4697928243d4c1cfddc,430197,word_timestamp_n,1,False
part_9/kiss_20241119_172646_60.mp4,part_9/kiss_20241119_172646_60.mp4,kiss,e124d00d9a08af2cb80b990d7850da7acb45685f2e67486c2f4e5f2fd9888cf9,402072,word_timestamp_n,1,False
part_9/kiss_20241119_172646_64.mp4,part_9/kiss_20241119_172646_64.mp4,kiss,2dff89aed7ae7a5676888712fd70331b9e1915cc7ce9f19d7c93cf4216084293,395313,word_timestamp_n,1,False
part_9/kite_20241119_172646_25.mp4,part_9/kite_20241119_172646_25.mp4,kite,03acbc492a301e8edc4f361423e19e256649dba0d3b9d6a49f3aa17921a8f9a7,959866,word_timestamp_n,1,False
part_9/kite_20241119_172646_34.mp4,part_9/kite_20241119_172646_34.mp4,kite,0c6eaa8b336f713c8ae1ddf8dd8710b0f86b01cde9a62f42665dffd1d5221614,1096628,word_timestamp_n,1,False
part_9/kneel_video_0.mp4,part_9/kneel_video_0.mp4,kneel,ef4d3a80f00d5fe27090d0a218d9e172bbd1483c8a5e641fbf6f9cd13ed1a0a6,54543,word_video_n,1,False
part_9/knife_20241119_172646_49.mp4,part_9/knife_20241119_172646_49.mp4,knife,df07e03a0fb17a809edb1df22e3e86fa457965a8c33d3748f17afadcc1dfff0b,676879,word_timestamp_n,1,False
part_9/knife_20241119_172646_58.mp4,part_9/knife_20241119_172646_58.mp4,knife,69bec51f9bdf20a6c4af014a526b137973a04915d2fab494cb783229b8abe556,513048,word_timestamp_n,1,False
part_9/knife_20241119_172646_72.mp4,part_9/knife_20241119_172646_72.mp4,knife,f8c28ef19bc60747618a45b8dbcdf179c66641da0bf396cafd7ee6e8fe85fb17,257787,word_timestamp_n,1,False
part_9/knight_20241119_172646_27.mp4,part_9/knight_20241119_172646_27.mp4,knight,6fbeb44357392188c1bec3f3d0a650db904103443c74cca43b712f1b40af7493,629687,word_timestamp_n,1,False
part_9/knight_20241119_172646_28.mp4,part_9/knight_20241119_172646_28.mp4,knight,cc1035370d69654563604692469648a8d200fa4ec030e2a040bdd5de4637e5fe,2161578,word_timestamp_n,1,False
part_9/knight_20241119_172646_6.mp4,part_9/knight_20241119_172646_6.mp4,knight,3cccb7e43ceb9ec67eb05a92dcaa73d96e284ad2f1acf4bf0e7fbdc04569d8c0,507379,word_timestamp_n,1,False
part_9/knitting_20241119_195754_48.mp4,part_9/knitting_20241119_195754_48.mp4,knitting,5913bcacc64aa6402fb24b8f382e985bb541247576670edce80a25b44849e0a3,873817,word_timestamp_n,1,False
part_9/knitting_20241119_195754_56.mp4,part_9/knitting_20241119_195754_56.mp4,knitting,24712ae155ad4a03d28747410f947bbd26c0c7a87702fa8cd266f4ee8ad819db,775807,word_timestamp_n,1,False
part_9/knitting_20241119_195754_68.mp4,part_9/knitting_20241119_195754_68.mp4,knitting,daaea9287e818e0a0a626d6b0e1d509a6b536958e4161ef2f7546f9631aa6cc1,313418,word_timestamp_n,1,False
part_9/l_7_l_aug_34.mp4,part_9/l_7_l_aug_34.mp4,l,9408c607d908a1a25aa41fd66abc914e0812eea63ced8dbc46ab3513915d475d,608429,word_n,2,False
part_9/lamp_20241119_172646_41.mp4,part_9/lamp_20241119_172646_41.mp4,lamp,f4e8f0ea27754e0b7dc818082ec7b020f04172db87357b2667776462968dc531,587759,word_timestamp_n,1,False
part_9/lamp_20241119_172646_57.mp4,part_9/lamp_20241119_172646_57.mp4,lamp,a743c28304fd62eb6ce81ca4f9536281c7e621513a66342b3435aa9c78d538f7,828314,word_timestamp_n,1,False
part_9/land_video_2.mp4,part_9/land_video_2.mp4,land,d965742620056ae0b0c2e0148bf2eaa23fe4115d8c2ebfc248a91dbf8ba815e1,204670,word_video_n,3,True
part_9/language_video_8.mp4,part_9/language_video_8.mp4,language,35b4131236f7aca518812510cc715cff200b159a3cdd090ac3853e0f1abd1fd5,417044,word_video_n,1,False
part_9/large_video_15.mp4,part_9/large_video_15.mp4,large,aaf3a8e0901b8f8888a67f3b224f5928abd20ffeca656f103a35e8c85c6e6b2d,457422,word_video_n,2,True
part_9/large_video_24.mp4,part_9/large_video_24.mp4,large,2f8e2d64f83e2493639ad91947fa6364420d649830258b6bfd48f83ae65da9f3,228712,word_video_n,3,True
part_9/last_11.mp4,part_9/last_11.mp4,last,4e058e7758a20945fe67474dc6c524b07c33a8d552b7cedd9e1d1c431959f3d9,30034,word_n,2,True
part_9/late_15.mp4,part_9/late_15.mp4,late,ce0a9b7f79d518228af7f03e8cf11b1adbe1f1b9638041e24e23f319cdce2122,163289,word_n,1,False
part_9/late_9.mp4,part_9/late_9.mp4,late,e1f84f1a50b5f28c270ad1e8ddf018bb6bd64d71389571f3c95de1009af64c75,179161,word_n,1,False
part_9/later_3.mp4,part_9/later_3.mp4,later,fed306d522b2092be513108055086f1c4aeaab8f6cfafce001b3a38e43822cd8,233880,word_n,2,False
part_9/laugh_12.mp4,part_9/laugh_12.mp4,laugh,fffcffb54617d6753f5ee4d41497234dcec8217407828e0243c1d9bf5a240470,158452,word_n,1,False
part_9/leaf_20241119_172646_10.mp4,part_9/leaf_20241119_172646_10.mp4,leaf,bbc8d480cd7e1e07f09717ae07a084cdc9075686930bbe25e0889e567e801fb9,390833,word_timestamp_n,1,False
part_9/leaf_20241119_172646_12.mp4,part_9/leaf_20241119_172646_12.mp4,leaf,5a9afab1899411cbc8275f4421514397fae50750ff63b5ded5e08eb3d808acc6,63650,word_timestamp_n,1,False
part_9/leaf_20241119_172646_25.mp4,part_9/leaf_20241119_172646_25.mp4,leaf,4e6ab85536c9462c6d5a2e51bfc1263009a12fe26141449a851baa8a0ed6919f,383283,word_timestamp_n,1,False
part_9/leak_video_3.mp4,part_9/leak_video_3.mp4,leak,f370c827a5e9ba15156ac775b511dcb70c1e424d32fa34dbd9b33ccf31be55a2,160840,word_video_n,1,False
part_9/leave_video_3.mp4,part_9/leave_video_3.mp4,leave,ed62beeae20ba051e79ebb343b20130747d97493f37a34ec6c7d74cdd99d3d3c,178648,word_video_n,1,False
part_9/lecture_6.mp4,part_9/lecture_6.mp4,lecture,107d98fc324e9917648fbb58555ca3619185b724369a155aa166024b03abf61a,210429,word_n,1,False
part_9/left_video_1.mp4,part_9/left_video_1.mp4,left,aeb7306ef3e55a91317e20a517b753d31bed5db4ed504198e70e294aadfd422f,46916,word_video_n,1,False
part_9/lemon_20241119_172646_2.mp4,part_9/lemon_20241119_172646_2.mp4,lemon,95a2df3480df371d26fe0eca1e83c47f85240878d8b064958d11ba5062ed10b0,133826,word_timestamp_n,1,False
part_9/lemon_20241119_172646_35.mp4,part_9/lemon_20241119_172646_35.mp4,lemon,014a17d49aabd7cc222e422b3eaee576ecdc9cf228726c4ffeba49432232f909,260299,word_timestamp_n,1,False
part_9/lemon_20241119_172646_53.mp4,part_9/lemon_20241119_172646_53.mp4,lemon,f4edab05cdbca4cc5a9a1d3e4b658e059f423a43da2976adba0c9d5b9a9927ff,394268,word_timestamp_n,1,False
part_9/lend_video_14.mp4,part_9/lend_video_14.mp4,lend,2e134389da93f5c70c5ecb5cdbfd4512535a42c2bbcfeee287e46c6c345174be,499262,word_video_n,4,True
part_9/lesbian_video_4.mp4,part_9/lesbian_video_4.mp4,lesbian,c970481618dbb9130992618a1f81a4190457c570b9b08912b570b04b9e4fe86c,877969,word_video_n,1,False
part_9/lesson_video_0.mp4,part_9/lesson_video_0.mp4,lesson,4bd9b0ed406b0c4efa2a455e2f1e7f4e66ef57e81a68b2aa1aae269c44cebd71,164597,word_video_n,1,False
part_9/letter_20241119_172646_5.mp4,part_9/letter_20241119_172646_5.mp4,letter,f98b76d7c46cb4c9d8be5d0a2f6c2f04b2a1c6892cd80f4724b9947949da214b,181353,word_timestamp_n,1,False
part_9/letter_20241119_172646_79.mp4,part_9/letter_20241119_172646_79.mp4,letter,f3ac59941066a0e54f7f8b099c56ee4c7c9797983f40f758696b14c3fdfa9159,365741,word_timestamp_n,1,False
part_9/letter_20241119_172646_81.mp4,part_9/letter_20241119_172646_81.mp4,letter,f8b3891f1ed6382c3400218a68d83d9b4969d4a94b3185fb14b69b8c2a481ebf,658777,word_timestamp_n,1,False
part_9/lettuce_20241119_172646_20.mp4,part_9/lettuce_20241119_172646_20.mp4,lettuce,06c9ca67b9c3e81e3a2f3e5130180ab51f0fd794895770ead08ce68732c2c793,355331,word_timestamp_n,1,False
part_9/lettuce_20241119_172646_57.mp4,part_9/lettuce_20241119_172646_57.mp4,lettuce,4f08869edb71157a7e73e1325635fb35fad0a591b8bbcf8a7e7059f6986a0c2b,769260,word_timestamp_n,1,False
part_9/lettuce_20241119_172646_67.mp4,part_9/lettuce_20241119_172646_67.mp4,lettuce,2b8cb9b11a29515f6a0bf18417c38e3764e33f7ec3c12021cdc96c47e032a0fa,233934,word_timestamp_n,1,False
part_9/library_8.mp4,part_9/library_8.mp4,library,643479175430b5cdd460a27d8f605bfed1035af96575fffe03b698ef14ecf0dc,59458,word_n,1,False
part_9/lick_20241119_172646_54.mp4,part_9/lick_20241119_172646_54.mp4,lick,646e840442cdb4e5f1a8002464dfcdad685da6ff64d9f1543e3d1fab919ac269,468401,word_timestamp_n,1,False
part_9/lick_20241119_172646_8.mp4,part_9/lick_20241119_172646_8.mp4,lick,6b919b2edbe7652491364834927250e1a6e7f0551f9192daf374a2abd8416dca,537664,word_timestamp_n,1,False
part_9/lickenvelope_20241119_195754_14.mp4,part_9/lickenvelope_20241119_195754_14.mp4,lickenvelope,5bb8948716b899b5ca69e9ad5041a06c66f891021953013300188deec21e3ca6,398588,word_timestamp_n,1,False
part_9/lickenvelope_20241119_195754_58.mp4,part_9/lickenvelope_20241119_195754_58.mp4,lickenvelope,09e9bd28e075600ac7f56fe88d11c854a996a6a44df26b3b17727f2f3030150a,495470,word_timestamp_n,1,False
part_9/lift_20241119_172646_16.mp4,part_9/lift_20241119_172646_16.mp4,lift,77662daa1c9801cb073ee2497ea1596d972d7ddcd8486eab782392e490826197,216672,word_timestamp_n,2,True
part_9/lift_20241119_172646_3.mp4,part_9/lift_20241119_172646_3.mp4,lift,4383aa7710652d45a2f4ad583182839eb318fcdbc46ad0781a5c8e48235c640d,374004,word_timestamp_n,2,True
part_9/lift_20241119_172646_52.mp4,part_9/lift_20241119_172646_52.mp4,lift,6b4a67ba8b92c60201bda29c797dd3198afba0700f8997d130867b5f0ae70432,650113,word_timestamp_n,1,False
part_9/light_9.mp4,part_9/light_9.mp4,light,5e89668f640894e9d9beb029ea3c9adf018e5ea622687dcd62831545826112fc,222899,word_n,1,False
part_9/light_video_12.mp4,part_9/light_video_12.mp4,light,c0dcbb4ed70e660585b11debbf568b2614c995fcd26642001407c4cc3a9bfa01,197538,word_video_n,1,False
part_9/light_video_7.mp4,part_9/light_video_7.mp4,light,d0442c2b02a7d1c48d06318fc4ece389cd96d5d4e966c813b201b964b7d131d8,182634,word_video_n,1,False
part_9/lighter_video_4.mp4,part_9/lighter_video_4.mp4,lighter,23aa6a647c870deca8a6644bf58ed52d2c716ef01e964686e906dea4b122f569,183436,word_video_n,1,False
part_9/lightning_9.mp4,part_9/lightning_9.mp4,lightning,822b5770318f8d4d3c2b71ad09f176ddd7ac73c81566ae37503abcd07d9e51d1,44565,word_n,1,False
part_9/like_5.mp4,part_9/like_5.mp4,like,1fcbacf7fe4fb18de1bb2f1b8652a4410668342206d80069b10cfaed846a64e2,210139,word_n,1,False
part_9/like_video_2.mp4,part_9/like_video_2.mp4,like,ce7ffa00c5c34bcc5a645e378ab08ed42ee5c3725081325b2bce686038a6ffba,238306,word_video_n,1,False
part_9/line_video_23.mp4,part_9/line_video_23.mp4,line,08b2a17b189730684116d0b06ca032dd0193057786d5df610d8d48069088cf12,444071,word_video_n,3,True
part_9/line_video_37.mp4,part_9/line_video_37.mp4,line,08c1e0f394e66aa06083835481e7b02f0df87f7f91b02263ba1fc643734e2245,390843,word_video_n,1,False
part_9/linguistics_2.mp4,part_9/linguistics_2.mp4,linguistics,cd54da15329a4a78b2c634deaa896cce156fc805888ec666b46c7d75a2cafc75,247737,word_n,1,False
part_9/linguistics_4.mp4,part_9/linguistics_4.mp4,linguistics,fa9ca22640ffbec5fffc16257a5f8e186d9b236499e6a8d813ecf09a6d1721f9,177407,word_n,1,False
part_9/lipread_video_1.mp4,part_9/lipread_video_1.mp4,lipread,82bc4c9ec7e14aeff607c79ffcbd7922f1e25a79d029fcddebf711d4d241eab4,121127,word_video_n,1,False
part_9/listen_6.mp4,part_9/listen_6.mp4,listen,cfaf3a37422143316397425f1616d456e9958c9499d8b7dc9173c5c1438b0766,207285,word_n,3,True
part_9/live_20241119_172646_27.mp4,part_9/live_20241119_172646_27.mp4,live,39a24dff75b6e410df62ad2aff449fe47e7e74984705fd9fc7abb9cbef950e01,197896,word_timestamp_n,1,False
part_9/live_20241119_172646_37.mp4,part_9/live_20241119_172646_37.mp4,live,20dec4c3c719138b175af92fbbe73011b34a2f2622c6afc7d08a49c4d5c94031,459323,word_timestamp_n,1,False
part_9/live_20241119_172646_62.mp4,part_9/live_20241119_172646_62.mp4,live,1234d49d4e52fb944c123a531ed5daab55791e143e3a1e9a00f0dd07279f71fd,516883,word_timestamp_n,1,False
part_9/load_20241119_172647_14.mp4,part_9/load_20241119_172647_14.mp4,load,178e5247d809e4a601ef186c16efeadcfdfb0718d65ec0dc02801f4528088df2,445902,word_timestamp_n,1,False
part_9/load_20241119_172647_21.mp4,part_9/load_20241119_172647_21.mp4,load,b29ed36e6b3166534c4902481e8dbf57a8f914dc0acbd29437406405f5edd79d,1116789,word_timestamp_n,1,False
part_9/load_20241119_172647_58.mp4,part_9/load_20241119_172647_58.mp4,load,6af7672df98039f85097440e92c8fe1bae1e80fc0f174ad10e4de0c06201170f,440341,word_timestamp_n,1,False
part_9/lobster_20241119_172647_25.mp4,part_9/lobster_20241119_172647_25.mp4,lobster,48f1d47e1729dd3daa4131d5a7b0882b232a43b7d43d3e2ce97e9d127e52948c,652678,word_timestamp_n,1,False
part_9/lobster_20241119_172647_31.mp4,part_9/lobster_20241119_172647_31.mp4,lobster,fab760033026e33002aaea8f246f7f525bcb681538f53d68c02e9f2f7ed3f86c,634769,word_timestamp_n,1,False
part_9/lobster_20241119_172647_97.mp4,part_9/lobster_20241119_172647_97.mp4,lobster,0ebd1493121af3088126db80d0159cabe8980d9f7f047e2b2ef801ae7eafc05e,661161,word_timestamp_n,1,False
part_9/lock_20241119_172647_1.mp4,part_9/lock_20241119_172647_1.mp4,lock,fa01e65db27ef2ed569b0c382e5e640b67895103d629dfe52998562e606d1595,820426,word_timestamp_n,1,False
part_9/lock_20241119_172647_24.mp4,part_9/lock_20241119_172647_24.mp4,lock,f0c9419338825e815a4616c03e287b71a9603903be2ec9fc4d618adefe823859,335794,word_timestamp_n,1,False
part_9/lock_20241119_172647_35.mp4,part_9/lock_20241119_172647_35.mp4,lock,40a51f2b53ed1d4a8f754c1331884833924e14ecac8c3fe86eb10235b4645fcd,839210,word_timestamp_n,1,False
part_9/long_video_8.mp4,part_9/long_video_8.mp4,long,0254139fedc6b94f7b4fa842dcf5736a68211d394674f62d7020ca899dab1bad,477758,word_video_n,1,False
part_9/lose_4.mp4,part_9/lose_4.mp4,lose,63e95706a0157f4f1101933152c42d76719c5effe4f0b934a3dbd62509dac8a0,113927,word_n,1,False
part_9/lose_video_0.mp4,part_9/lose_video_0.mp4,lose,dcb9c0c8f75bcda3d4ef0410509eb1bba7101cfcef3c712f6b1ce808c8835413,148815,word_video_n,1,False
part_9/lot_video_26.mp4,part_9/lot_video_26.mp4,lot,233311db6ed43e2c486eaa1dd4e6c3438964f68f23bf3a321ceccc3c59dddb98,219949,word_video_n,20,True
part_9/lot_video_37.mp4,part_9/lot_video_37.mp4,lot,1c523cdf1fc8e72d456ab769903636a7fb7112590f62790214fbb9de028af08b,320371,word_video_n,20,True
part_9/lot_video_58.mp4,part_9/lot_video_58.mp4,lot,6a4998c176a2c6c13f036caf13474c8fa1dd26a20b0c30045befc81e30a278fe,153927,word_video_n,2,True
part_9/loyal_video_3.mp4,part_9/loyal_video_3.mp4,loyal,96998effb15d9b82db37fb4c03120d3e39b80c5cae5bab8895674e87b631fa00,653445,word_video_n,1,False
part_9/lucky_12.mp4,part_9/lucky_12.mp4,lucky,0703f15f28f8884d08f569145c3042142b21d1830899afe2a4218ede7f16f8d0,601802,word_n,1,False
part_9/lunch_20241119_172639_10.mp4,part_9/lunch_20241119_172639_10.mp4,lunch,5d09026874ab1cb74a6297b0c8c6af2a77ddfa72e2849ca3ab07441b6fd08cf4,290381,word_timestamp_n,1,False
part_9/lunch_20241119_172639_49.mp4,part_9/lunch_20241119_172639_49.mp4,lunch,919ec2fe1359ea9abba767db904326b3623c3f1f2976120d2d638f8087fbbdf9,616380,word_timestamp_n,1,False
part_9/lunch_20241119_172639_68.mp4,part_9/lunch_20241119_172639_68.mp4,lunch,e7ac7fdfe2d985a06196e6964c415abcbefa3785b892e28cd3f6553f870ac3c1,658163,word_timestamp_n,1,False
part_9/m_2.mp4,part_9/m_2.mp4,m,9fb5b7a729ffcabd9c446544162a5e2574408b8e764d0f0a1da024cae95374ec,735111,word_n,1,False
part_9/m_4_m_aug_16.mp4,part_9/m_4_m_aug_16.mp4,m,9c34c938a4e8d5e2beb06fa35db79d1a4669b083c9a248f1961a23e8ec48d02e,8123,word_n,1,False
part_9/machine_3.mp4,part_9/machine_3.mp4,machine,d0df4d5fa05d89906e46dd18e761b4c16b6b9055c55188ac8732879134e1681f,291019,word_n,1,False
part_9/mad_12.mp4,part_9/mad_12.mp4,mad,bbd535326442045a4c31b56bd43d119df1c9cb914e1c10ff6cbf52081569b3ac,659433,word_n,1,False
part_9/mad_video_5.mp4,part_9/mad_video_5.mp4,mad,0ae1f412970d6ba29b0e22e8c8268636a4c77407640a43b45615bb8de3f8dfe1,129419,word_video_n,1,False
part_9/magic_8.mp4,part_9/magic_8.mp4,magic,1bc595140339c3de44dd56d91b6f11879e5c06959f23ae3a48cb3db04b55fb58,199991,word_n,1,False
part_9/magnet_20241119_172647_100.mp4,part_9/magnet_20241119_172647_100.mp4,magnet,6ba47965599d58cc6c7db7b6a3e8fc9f6ee546b8aa4387e0fc1eef6af7ec403d,739164,word_timestamp_n,1,False
part_9/magnet_20241119_172647_73.mp4,part_9/magnet_20241119_172647_73.mp4,magnet,96047abc7ce7ee29ae3df2c7c24af7a6fbc7aa82227fe4f61a981a2ebde98085,554207,word_timestamp_n,1,False
part_9/magnet_20241119_172647_76.mp4,part_9/magnet_20241119_172647_76.mp4,magnet,5e76efc07339f8829fbce61e958a827d2c0e0628924c60d8f4cc4d0bf9e7da16,436165,word_timestamp_n,1,False
part_9/magnify_20241119_172647_16.mp4,part_9/magnify_20241119_172647_16.mp4,magnify,c0efdd5df78da4c0848bb8edd831ac58c917aa95f9a33dff0eda99803765c257,402110,word_timestamp_n,1,False
part_9/magnify_20241119_172647_37.mp4,part_9/magnify_20241119_172647_37.mp4,magnify,b3128eada2e68fdd2bba85933cf6b1d9c28f1136eb66535fbd06294dfc41e133,326491,word_timestamp_n,1,False
part_9/magnify_20241119_172647_38.mp4,part_9/magnify_20241119_172647_38.mp4,magnify,7b42b4148d4c91dff823bb256f8326cddad01abecf7d712f0a07a947f34b9023,610011,word_timestamp_n,1,False
part_9/mail_20241119_172647_33.mp4,part_9/mail_20241119_172647_33.mp4,mail,cdea7b3df4ea076a07724cc2c3511b224d63fae69cf042141f6cc6a39afe405b,383522,word_timestamp_n,1,False
part_9/mail_20241119_172647_39.mp4,part_9/mail_20241119_172647_39.mp4,mail,caa2a61f1352a3c9471ae9347a18d09507ceb6c83d2ae201124e038a8e2885b2,708448,word_timestamp_n,1,False
part_9/mailman_video_2.mp4,part_9/mailman_video_2.mp4,mailman,139396eee87c7ed2644ee373d6bffe1382194363b3777c01c16ff8cc551ee222,273624,word_video_n,1,False
part_9/mailman_video_4.mp4,part_9/mailman_video_4.mp4,mailman,0a196df1cebaeb159c949799415fec824895decb203019d67ea50b5d1e03c2da,229256,word_video_n,1,False
part_9/major_video_4.mp4,part_9/major_video_4.mp4,major,4f11cef374eb196dd03253d2dc33e2fff32f2306b47408a4812b88e86b4a1f6f,195392,word_video_n,1,False
part_9/make_video_11.mp4,part_9/make_video_11.mp4,make,6bcc1b5d053f1f7f70302410ef7b18df71e3721e4c00afdb60c731d02df7ad9f,197997,word_video_n,2,True
part_9/make_video_23.mp4,part_9/make_video_23.mp4,make,ccf29b428ddfa2d544ae8a274050e7f2409024c493d56fecd4a78b07812b289a,329580,word_video_n,1,False
part_9/man_video_2.mp4,part_9/man_video_2.mp4,man,16a69e7f67def94d260d62d2182af6a3e9e795c5800ebfdbb6842717513acc24,229558,word_video_n,2,False
part_9/man_video_5.mp4,part_9/man_video_5.mp4,man,ea4f6bf88e831daf12bc3f37b8b13943777fcc5d5be94dc04eb93a36cc6070f4,118428,word_video_n,1,False
part_9/manage_video_2.mp4,part_9/manage_video_2.mp4,manage,28a041fd31bb6df8462892a8cf0377bb24b8166f61637b662871576cd895d1f7,354216,word_video_n,2,True
part_9/manage_video_4.mp4,part_9/manage_video_4.mp4,manage,54d8565e4150e9c373a536e2779178d56066625d7d1fb8d0a71a27da461c03c4,474802,word_video_n,2,True
part_9/manana_video_0.mp4,part_9/manana_video_0.mp4,have,44c4936043c1634be7afe2ed57b7161c28cb20c0df18cac529c5a8e6948ef748,215958,word_video_n,1,False
part_9/mascara_video_1.mp4,part_9/mascara_video_1.mp4,mascara,db98e708267cfe18792ff4d935bc8a5471473960881ab99c0cc6a5c9007efaa9,377131,word_video_n,1,False
part_9/match_video_8.mp4,part_9/match_video_8.mp4,match,f0ab506e94415609a01cbcd4a2409c2008d9ded10718a8a6a742b8cd642abadb,109091,word_video_n,1,False
part_9/math_4.mp4,part_9/math_4.mp4,math,e926d14eb520914d2cc483d254f0e6a1a15a9aca20fface21a1a81a00a72ef76,226972,word_n,1,False
part_9/maybe_0.mp4,part_9/maybe_0.mp4,maybe,2363ef41a66e8dd31540f4ccd7446370ef0ae0e79fbc40364643017093a21db4,253875,word_n,1,False
part_9/mean_20241119_172647_23.mp4,part_9/mean_20241119_172647_23.mp4,mean,c2e9e5756ea69619ad5de51be0d300471782acc1f23637219794b0f7785ecea6,416526,word_timestamp_n,2,True
part_9/mean_20241119_172647_37.mp4,part_9/mean_20241119_172647_37.mp4,mean,a4ba22890ccfbd5e11787ee09a245a3d013f91fee34089efb0a9e073cf7aafe6,352271,word_timestamp_n,1,False
part_9/mean_20241119_172647_53.mp4,part_9/mean_20241119_172647_53.mp4,mean,f0f786b7a28c02169cfa2b6cfa5616f16f143fc53644cbf0f01a3728070c1333,476832,word_timestamp_n,1,False
part_9/measure_20241119_172647_1.mp4,part_9/measure_20241119_172647_1.mp4,measure,ff436c69210a559556772dfff7f3b9356479a1d3f120c4c8a3ec69b67d451667,459823,word_timestamp_n,3,True
part_9/measure_20241119_172647_10.mp4,part_9/measure_20241119_172647_10.mp4,measure,de804b34a3ec5534579ba7055b605f1b3378bd789ff43cf721fa5fde8658f87f,237007,word_timestamp_n,1,False
part_9/measure_20241119_172647_57.mp4,part_9/measure_20241119_172647_57.mp4,measure,691594caca8a40ea35263124e03d3e1a504ea54e43347d450b328699d371637e,773807,word_timestamp_n,1,False
part_9/meat_20241119_172647_23.mp4,part_9/meat_20241119_172647_23.mp4,meat,6e067b0ec62a8c451169dcde28f46d96b317793c77bfda31cd9e97c1b6e16109,311267,word_timestamp_n,1,False
part_9/meat_20241119_172647_25.mp4,part_9/meat_20241119_172647_25.mp4,meat,5424198d6b1fd9792611ba071109dde9fff706a5e2f6cdf175454497ea0b708a,809214,word_timestamp_n,1,False
part_9/meat_20241119_172647_59.mp4,part_9/meat_20241119_172647_59.mp4,meat,606144491bf0d1d17b7450c8d33c437ce5594d4895dd7c68ec434e207b3f559f,460686,word_timestamp_n,1,False
part_9/mechanic_20241119_172647.mp4,part_9/mechanic_20241119_172647.mp4,mechanic,0d681af655fafaa10115b898f8e9cc6fa5295b50b378046facbfe3d337a72c2b,84299,word_n,1,False
part_9/mechanic_20241119_172647_27.mp4,part_9/mechanic_20241119_172647_27.mp4,mechanic,c6e96d7cc2258e113fe2de9fecec7df6ae2f15c74686428cd613d7dc9c3b2d27,864440,word_timestamp_n,1,False
part_9/mechanic_20241119_172647_39.mp4,part_9/mechanic_20241119_172647_39.mp4,mechanic,da19fa8e9e2a6038a14f8f723155e49057251d62ba5e9c38b7746d13c1d8f7cf,449436,word_timestamp_n,1,False
part_9/medicine_3.mp4,part_9/medicine_3.mp4,medicine,7d5ae83255eca53f635677274fa0ff5b09d26bd608cbea4faa6373ff5c09227a,867362,word_n,1,False
part_9/medicine_video_2.mp4,part_9/medicine_video_2.mp4,medicine,bb402b3b76795bbe5d4387c9551f7f2a2b8d3726c878723d010c66b4773120b6,480967,word_video_n,1,False
part_9/meditate_20241119_172647_10.mp4,part_9/meditate_20241119_172647_10.mp4,meditate,09ccb4c07e246f664495136b2ad572faeef90ded41b784cb1f9cf4c0d07d5ff3,1187803,word_timestamp_n,3,True
part_9/meditate_20241119_172648_55.mp4,part_9/meditate_20241119_172648_55.mp4,meditate,520211dc7c15190804e37b5e408b9772c8f289f90fdf486a7dd63d81f02c5a22,538879,word_timestamp_n,1,False
part_9/meditate_20241119_172648_63.mp4,part_9/meditate_20241119_172648_63.mp4,meditate,afed85d68a6ddfc9584c92729d92966670b09d31b58f567ecf56aed5a4eed372,429290,word_timestamp_n,1,False
part_9/meet_video_10.mp4,part_9/meet_video_10.mp4,meet,a2a62647b5d3f55a779357852d425e2a17c915faa807aaf17e4d1bc6d00cbddf,285977,word_video_n,2,True
part_9/meet_video_5.mp4,part_9/meet_video_5.mp4,meet,50700047dfb4cb8ff7caad45c087d2aae24ffb5d09f71f362293385e74d08882,212467,word_video_n,1,False
part_9/member_9.mp4,part_9/member_9.mp4,member,223dff0bc077cd0d93b94283a36b5a7b4a155d3a819cd9b2b0cf6387567e2332,172666,word_n,1,False
part_9/memorize_4.mp4,part_9/memorize_4.mp4,memorize,7e715669c6a449d8cd1536bb50a76f1709cf8eab997262da9be01ac8f6c792f9,168326,word_n,1,False
part_9/memorize_7.mp4,part_9/memorize_7.mp4,memorize,43d3e330dcbbaa86eb65a51d7d7402655e824deb86339da49c7c54b5759e5143,33417,word_n,1,False
part_9/metal_2.mp4,part_9/metal_2.mp4,metal,9965db112c203fbd9d3338cbdf753dbe30a548c581f7790964cbc0e8ea92eddd,148483,word_n,1,False
part_9/mexican_20241119_172648_1.mp4,part_9/mexican_20241119_172648_1.mp4,mexican,5996aef4412809623a42bf07d43220fb336f3981bbc93b743a8250a20171215f,201704,word_timestamp_n,1,False
part_9/mexican_20241119_172648_16.mp4,part_9/mexican_20241119_172648_16.mp4,mexican,a30ba31253ab53d2a7c2e9c9ff03c2ea2325139eaffe6ed86bc5737d95e13d82,412307,word_timestamp_n,1,False
part_9/mickle_video_34.mp4,part_9/mickle_video_34.mp4,mickle,e8eb9a7a596481c86e371884bd841d477be63d33303eefc01bef2808feacb09e,192429,word_video_n,20,True
part_9/mickle_video_4.mp4,part_9/mickle_video_4.mp4,mickle,50173b90fe74c8b45b86e09520ba04ef6e191c0942c4fa1337a5bb93fde7a9ef,199238,word_video_n,20,True
part_9/microscope_20241119_172648_38.mp4,part_9/microscope_20241119_172648_38.mp4,microscope,6f950971ed3c0f8a23314f091fc98b7e50ebfc1c190d17765473bca77eee78e6,436958,word_timestamp_n,1,False
part_9/microscope_20241119_172648_92.mp4,part_9/microscope_20241119_172648_92.mp4,microscope,8d456f3cf64e7cdf43e195c75e472fa68833739ee0bb96227ec468ac27629670,778069,word_timestamp_n,1,False
part_9/microscope_20241119_173205.mp4,part_9/microscope_20241119_173205.mp4,microscope,94a7dffa9ec73d1da5ec85deb52bbc5cbc2351b694f941cad2eddad800c5270f,334394,word_n,1,False
part_9/microwave_6.mp4,part_9/microwave_6.mp4,microwave,d636ef13ee65339c547da9493deace71feaeefde46f9340baf4a811e373ee934,242030,word_n,1,False
part_9/microwave_video_2.mp4,part_9/microwave_video_2.mp4,microwave,f16b673a526a9fd86d3ab6750a1f742a99feb0efbf67ff51346bf2b3b5592730,128799,word_video_n,1,False
part_9/middle_video_10.mp4,part_9/middle_video_10.mp4,middle,d8aaa5212b774f16e4ed4000c51e9e9953de8969eec94c2967e5d2c6d4ac4eda,403899,word_video_n,2,True
part_9/milk_20241119_172648_13.mp4,part_9/milk_20241119_172648_13.mp4,milk,93c382fbeeb544dbbe1baeb2c16754d010f863d59d07fdecbff162062cfec30d,686863,word_timestamp_n,1,False
part_9/milk_20241119_172648_21.mp4,part_9/milk_20241119_172648_21.mp4,milk,ed50d14f267188d86b77d79fdb74481d90a3fa9e54fd4fb63c18ee55ad8bc3c4,485215,word_timestamp_n,1,False
part_9/milk_20241119_172648_9.mp4,part_9/milk_20241119_172648_9.mp4,milk,eb24177b32ceb7829288987f4bc55967deffd9b79434914010dbbd8eff9212b1,143950,word_timestamp_n,1,False
part_9/mind_video_18.mp4,part_9/mind_video_18.mp4,mind,dc0e7afb1fe87998b52bf4679ec2a0349895ea78a87355519881c0bd59305686,479692,word_video_n,3,True
part_9/mind_video_29.mp4,part_9/mind_video_29.mp4,mind,670556eb6ba57c211eb30073fcc2f113cc4bd1fd32c49313767a841dccb10bd0,392533,word_video_n,1,False
part_9/mine_0.mp4,part_9/mine_0.mp4,mine,d19a24ac2b5c079b149238f3219c84e79789c67787183b0ba994f7b8c41c8c6c,182148,word_n,1,False
part_9/mine_1.mp4,part_9/mine_1.mp4,mine,7c50821c94d0a33da87f28340b3b2431e7446f05199f78a18ea44395a50a34bd,498128,word_n,1,False
part_9/minimum_20241119_172648_40.mp4,part_9/minimum_20241119_172648_40.mp4,minimum,0835748ab841bd1d87bffeb2ea67a1bad5f69a8342ebe4c8dea34511bbea78a0,555513,word_timestamp_n,1,False
part_9/minimum_20241119_172648_52.mp4,part_9/minimum_20241119_172648_52.mp4,minimum,f730776028f085cb3f93383ef102cca41b212b46c693949f397b600902e45422,617854,word_timestamp_n,1,False
part_9/mint_video_38.mp4,part_9/mint_video_38.mp4,mint,9dddb4cb013956cabf187e393e48bc5910118e250e6a399625b86f77e77fe8df,665834,word_video_n,20,True
part_9/mint_video_5.mp4,part_9/mint_video_5.mp4,mint,2c12a745226e3c70ecfde2822b1ca93a2a2cfdcd34a39070a535f8256336fcaa,156569,word_video_n,20,True
part_9/minute_video_15.mp4,part_9/minute_video_15.mp4,minute,9bf9fe9152c7435ed48d6f08585aedf411ef3822e76301c33ca9a6a13de58e77,252602,word_video_n,1,False
part_9/minute_video_8.mp4,part_9/minute_video_8.mp4,minute,20ada3c8344c674b4dc29f923bc2ca7283c0464c994b3708c48ef4d03c0d7cd1,328196,word_video_n,1,False
part_9/miss_video_17.mp4,part_9/miss_video_17.mp4,miss,b6cb0288e02529c958b05d4988a87132c49e7a668c96cc0bd94199274d76b916,1119489,word_video_n,2,True
part_9/mix_20241119_172648_11.mp4,part_9/mix_20241119_172648_11.mp4,mix,61edf5f43f15a1d9daf452f32dd7c6116c7f75400605e04f3c7c9736e1e952a6,280041,word_timestamp_n,1,False
part_9/mix_20241119_172648_35.mp4,part_9/mix_20241119_172648_35.mp4,mix,7c93eac469d567395dd3de82f46fce78f1a1121e736c3e4d17b524e903e29522,1243887,word_timestamp_n,1,False
part_9/mix_20241119_172648_47.mp4,part_9/mix_20241119_172648_47.mp4,mix,b2889d34cc7283c8119c5115515ce72eb608a11c39c3621cd202e9a03c460243,766640,word_timestamp_n,1,False
part_9/mock_4.mp4,part_9/mock_4.mp4,mock,3f7395ba45a154e6ce19f1db542515d6e010ddc6bc0c58945dc770a4a72af661,664537,word_n,1,False
part_9/model_20241119_172648_2.mp4,part_9/model_20241119_172648_2.mp4,model,ee42e3722fedac08cd450e788a2a588759c581341babaa172ea3ea7f5c7bf339,153052,word_timestamp_n,1,False
part_9/model_20241119_172648_38.mp4,part_9/model_20241119_172648_38.mp4,model,7c00c16e0cd09acdf6d1e7f98af854a2cb69701b8d22dc331d4791d286796d7d,912143,word_timestamp_n,1,False
part_9/model_20241119_172648_6.mp4,part_9/model_20241119_172648_6.mp4,model,5b8dcbcd504aa48355f3d53faefdf337e824f832d79ee00e07deeb11b56bc3d7,164194,word_timestamp_n,1,False
part_9/monday_11.mp4,part_9/monday_11.mp4,monday,8ee281a4f971a863aa82b00b8a807533ab12e1e78df7c196e54f5e784a1d11bb,327318,word_n,1,False
part_9/money_20241119_172648_1.mp4,part_9/money_20241119_172648_1.mp4,money,dc96e2b536afa20b582fdfd578d4a623a9cce46c584876714d19e14f4c4302aa,235623,word_timestamp_n,1,False
part_9/money_20241119_172648_41.mp4,part_9/money_20241119_172648_41.mp4,money,c372ef9bce1ea4c64ff2431e73a2764b19fa2b21c091a50aac5103e76f45b8d2,294167,word_timestamp_n,1,False
part_9/money_20241119_172648_7.mp4,part_9/money_20241119_172648_7.mp4,money,ebae71440d3db3e8f2e612384b37b06db958c610bd0e0c83093514d5ba2e2c48,335063,word_timestamp_n,1,False
part_9/month_video_3.mp4,part_9/month_video_3.mp4,month,e46c7da373c0625312f5aea2100aca817553becc3ffd78cee74ff4d899a70469,242835,word_video_n,1,False
part_9/moose_1.mp4,part_9/moose_1.mp4,moose,6d87e2efe92b31540a5c06f2a22e385b4bb1b1a449657689424947cd2814ed72,765423,word_n,1,False
part_9/mop_20241119_172648_38.mp4,part_9/mop_20241119_172648_38.mp4,mop,09ac856c1fb9cd6ebac422ac2dd8a31a58ff69961a5d65d2d92dea86fc84664b,529209,word_timestamp_n,1,False
part_9/mop_20241119_172648_4.mp4,part_9/mop_20241119_172648_4.mp4,mop,27b887a040d9b25e64f12993fe252288dd008129bff0a8ab091754c713928ce0,483946,word_timestamp_n,1,False
part_9/more_5.mp4,part_9/more_5.mp4,more,a9384f76cae67124e74f5308493f56cb0baee5f58a3eabe4a3b9c239c6364b75,22912,word_n,1,False
part_9/most_11.mp4,part_9/most_11.mp4,most,00cd887c47cdcbaf6db9fc4cac1ca7ff757467be3e937822fb478ecb7b80394e,571533,word_n,1,False
part_9/most_video_15.mp4,part_9/most_video_15.mp4,most,dfa4c32380037da64d4bce10c07c1c09a3dc6f7fb1534972306ff2c8e90e8b26,185130,word_video_n,9,True
part_9/motivation_20241119_172648_47.mp4,part_9/motivation_20241119_172648_47.mp4,motivation,9e89c45218a775a51c74b049ad5723723d7e43095a7c5698836a40bd232ceb51,491398,word_timestamp_n,1,False
part_9/motivation_20241119_172648_52.mp4,part_9/motivation_20241119_172648_52.mp4,motivation,1aab13e87fcbdb5d6618c51099903da6729b6bb7eaf7eeaa4834d5c3ff574e54,449683,word_timestamp_n,1,False
part_9/motorcycle_12.mp4,part_9/motorcycle_12.mp4,motorcycle,70144564fea2fece8a98d00809113ae2409421265d75eb7d931cfc6dab54e037,31300,word_n,1,False
part_9/motorcycle_5.mp4,part_9/motorcycle_5.mp4,motorcycle,57212a6a1d7daf9a53850c4ed80b7b7b8a121ba285638346d4213e7eec4d2271,208162,word_n,1,False
part_9/mountain_20241119_172648_1.mp4,part_9/mountain_20241119_172648_1.mp4,mountain,4baf2b690b46ef89a298babc4fd2f4ac852c50804f8e6a99af2a3c92eba267ab,87673,word_timestamp_n,1,False
part_9/mountain_20241119_172648_26.mp4,part_9/mountain_20241119_172648_26.mp4,mountain,044bef6251dcb5c45f3606351c7f8316dc25fd30a31757786b1cf75b22da2153,1074727,word_timestamp_n,1,False
part_9/mountain_20241119_172648_46.mp4,part_9/mountain_20241119_172648_46.mp4,mountain,0eab7620c689abf6393586589adc9ee34a82530e13085d1fe574802b1140ed4a,416681,word_timestamp_n,1,False
part_9/mouse_video_4.mp4,part_9/mouse_video_4.mp4,mouse,db16f2bd5fab333d6e0208051a3d508bc5c0aaae3fdf7c133a7f4c9cf8b7dddb,615016,word_video_n,1,False
part_9/mouth_video_2.mp4,part_9/mouth_video_2.mp4,mouth,1c16fc083a04ce93dafc87ec547929b3b2be7fbc4d111c93f6b09da5689abb33,362811,word_video_n,2,True
part_9/move_0.mp4,part_9/move_0.mp4,move,75db5c68138fece50d2465a298786f17d8043c77b047418ca37dc8b66996843b,130615,word_n,1,False
part_9/move_video_31.mp4,part_9/move_video_31.mp4,move,9838f9f5285d75334989aee1ebb8f9a79dd5f204662ec2ddb81cf76bb7519421,228064,word_video_n,1,False
part_9/move_video_40.mp4,part_9/move_video_40.mp4,move,e5b87c95e29f9d0ddbf236aedba4ed61c429d7e895aad3930648f623751ed85a,389433,word_video_n,1,False
part_9/movie_20241119_172648_20.mp4,part_9/movie_20241119_172648_20.mp4,movie,22a558e279629829c9c00e426080af1d4ef1d30921b20fd04c7bfa3713f66d30,210537,word_timestamp_n,1,False
part_9/movie_20241119_172648_26.mp4,part_9/movie_20241119_172648_26.mp4,movie,a2ad6041d549c60327cde47355546989680cc1daa72ddd8654e5c33395b108a9,763189,word_timestamp_n,1,False
part_9/movie_20241119_172648_59.mp4,part_9/movie_20241119_172648_59.mp4,movie,a8845cff093969274e00a30d8819236490fd846fe2b9f4e3569bb2401dd65a99,557927,word_timestamp_n,1,False
part_9/much_6.mp4,part_9/much_6.mp4,much,571c5d506ca0909f0e50918e1866d745fcff5f44252a4205a3e989870299117c,279508,word_n,1,False
part_9/much_video_6.mp4,part_9/much_video_6.mp4,much,f059bdf8fcdff1c819939f84d2494e0134abae5ad249c95730dff0ed05ea2d6f,233320,word_video_n,1,False
part_9/muckle_video_0.mp4,part_9/muckle_video_0.mp4,muckle,42242cac3b47c407a12c0c05cb8113fd646921efb76f3529923339c3af6b5865,113421,word_video_n,18,True
part_9/muckle_video_50.mp4,part_9/muckle_video_50.mp4,muckle,692d2c4cc6e7a119cb16f595bb4c7f873c79f4d1c6eea33c1e0da6d6faddc36c,163223,word_video_n,20,True
part_9/museum_video_3.mp4,part_9/museum_video_3.mp4,museum,714606c8380710ab51a86f14e919408d1ed9d65f0aaaff747fa80fef33cfa36a,410495,word_video_n,1,False
part_9/must_video_1.mp4,part_9/must_video_1.mp4,must,b50004ad64b4cd47770ab2e46c53b9555eef2939f894b70a8936a8a4c169aa4b,142615,word_video_n,1,False
part_9/my_8.mp4,part_9/my_8.mp4,my,e96fdcbad209cef5bff497b596601d4c9db5e47814a0c86b62fc1cbeede71b68,30897,word_n,2,True
part_9/myself_0.mp4,part_9/myself_0.mp4,myself,84f6856e25a8eeab9ba37b1a8342626dcb542875b7d4c4a5bbe665cb6982b236,198091,word_n,1,False
part_9/myself_3.mp4,part_9/myself_3.mp4,myself,73a11b27510e5f8d36199f68fdfb9f90162be939d9a450b01dbd99b356d7cbce,497450,word_n,1,False
part_9/n_2_n_aug_11.mp4,part_9/n_2_n_aug_11.mp4,n,b9586cf974bc5eb425c1ebee7f7bb7004d3fa2b7915eaad3b671f12fbe799c34,247758,word_n,1,False
part_9/napkin_video_3.mp4,part_9/napkin_video_3.mp4,napkin,fa1aa95f10c11aac7112cbe3400047cc04ed665e451e0793fdd7a66c61565758,51286,word_video_n,1,False
part_9/navy.mp4,part_9/navy.mp4,navy,316b11e811fcc09dff4b4dfdaf74286a49c0fc717dff691f08e2b63a084661c4,179706,word_only,1,False
part_9/near_6.mp4,part_9/near_6.mp4,near,93c13852b6013f4bb3b11cdd691e29181b90ca0401b55aee8a2019bf176d1e27,364668,word_n,1,False
part_9/near_video_9.mp4,part_9/near_video_9.mp4,near,dc9a1ac71dc954286f6e2408273f0cb658d416b598c50951a140c437f7d0b90b,325896,word_video_n,9,True
part_9/nearly_video_0.mp4,part_9/nearly_video_0.mp4,nearly,911e96fdebd1dac4123264655edd6269ac36aecb5b1f93cbb5bdbe4a1da9da88,118231,word_video_n,6,True
part_9/nearly_video_32.mp4,part_9/nearly_video_32.mp4,nearly,5f2ec8ed7d271b199d62a2d55d33e8c2969f84a2fcbb77cbbc6380d9e4c51719,179923,word_video_n,9,True
part_9/neck_video_1.mp4,part_9/neck_video_1.mp4,neck,f435cf964204eb3449cc32d6e84656f800c0e8b42ac38e4703888dd7e524f4fb,133467,word_video_n,1,False
part_9/necklace_20241119_172649_21.mp4,part_9/necklace_20241119_172649_21.mp4,necklace,b575c3d47b8449193bdddc0a6ab08f4b765af9a46d0dccdf0f493fba304532cb,347156,word_timestamp_n,1,False
part_9/necklace_20241119_172649_27.mp4,part_9/necklace_20241119_172649_27.mp4,necklace,9e4eadf68760aee20b6b541d46a954426aaf85f4674b4e15696bdf60898d3993,494467,word_timestamp_n,1,False
part_9/necklace_20241119_172649_57.mp4,part_9/necklace_20241119_172649_57.mp4,necklace,07d151e6a91185fb74be9c0578fa5cc180c697f5e6d972204c183b7bf44f4311,386993,word_timestamp_n,1,False
part_9/nephew_8.mp4,part_9/nephew_8.mp4,nephew,945b03f2dfea4a4957b07bbf2b2bfb4256db95e40397b977e848c691e73f18ae,200325,word_n,1,False
part_9/network.mp4,part_9/network.mp4,network,e58a47534149b9a84f4c6dd14dd8562c2502836264832abc32f5b970a8f90c7b,304833,word_only,1,False
part_9/network_video_7.mp4,part_9/network_video_7.mp4,network,c111585e013d304f81b7e422ed0f59530d8da2fd2a7f8927419a42e5a0a70414,170207,word_video_n,2,True
part_9/neutral_8.mp4,part_9/neutral_8.mp4,neutral,bb0db45757efeb2a0aaacc9acb1b35e043f1a6317d277413e08be6f6bbd06a03,647424,word_n,1,False
part_9/new_video_8.mp4,part_9/new_video_8.mp4,new,f9346959142e5262662a27ec5428af3be027d0758030336402a42bf399425e48,152649,word_video_n,1,False
part_9/new_video_9.mp4,part_9/new_video_9.mp4,new,9bbb3d2e60a41b5b850e5011c42075a2f27016abbf6bbf2b35ee11fedceecc93,244327,word_video_n,1,False
part_9/next_video_5.mp4,part_9/next_video_5.mp4,next,2243825373f0a319b60d2488718847d891ef83c5218fd00ccdefa0f66a36272c,646350,word_video_n,1,False
part_9/niece_video_2.mp4,part_9/niece_video_2.mp4,niece,4c5d678b1043cae17c3c43c9783e05dd995c96c7a39e2f107db5f877d9470df7,134992,word_video_n,1,False
part_9/nigh_video_20.mp4,part_9/nigh_video_20.mp4,nigh,e98310f88b43c77728cc4d1fcf94f846f5703e341d7e9e7e38e40e1e65df23fa,198531,word_video_n,9,True
part_9/nigh_video_3.mp4,part_9/nigh_video_3.mp4,nigh,c4691029537fb5b9533509e99c1b4fb94b329a9291a2a2b9e4bbd4466f62a289,210186,word_video_n,10,True
part_9/night_20241119_172649_27.mp4,part_9/night_20241119_172649_27.mp4,night,37f12d8a8549286a17d8802f005fc909e0806f29a04dc8317571baa584b69ffb,615815,word_timestamp_n,1,False
part_9/night_20241119_172649_6.mp4,part_9/night_20241119_172649_6.mp4,night,bf29a949b836e5b90e66aced917aed836a01db29c22718e9e4ebd2ef22557318,391014,word_timestamp_n,3,True
part_9/night_20241119_172649_78.mp4,part_9/night_20241119_172649_78.mp4,night,8eda7039d947bb17cdf6aee0aa389f51d995620796b8a385be74328e1ea16c69,723117,word_timestamp_n,1,False
part_9/nine_2.mp4,part_9/nine_2.mp4,nine,77d41f94261af9f4a20b426340c67ccaa3cdfd40855e759ee9a2e980d1002892,154513,word_n,1,False
part_9/no_18.mp4,part_9/no_18.mp4,no,d1f0a1ed980390c8705610f643961a38436e0d2d39d4e85122f72fd3877c03d1,40718,word_n,1,False
part_9/no_video_2.mp4,part_9/no_video_2.mp4,no,d520ded4d4842c01e22af1153c372a00501805e424af098f07523768091d60b2,207119,word_video_n,1,False
part_9/noon_20241119_172649_45.mp4,part_9/noon_20241119_172649_45.mp4,noon,528fce8ca175fc3d5d5b2e5319077d0b0c517edc457e86dc5f9b39ba944d40c8,421999,word_timestamp_n,1,False
part_9/noon_20241119_172649_6.mp4,part_9/noon_20241119_172649_6.mp4,noon,8196f2d87ba110f115f51c011cbb37efa4f9619f3e59ee7b09d7ea4ebc388bd8,255318,word_timestamp_n,1,False
part_9/noon_20241119_173205.mp4,part_9/noon_20241119_173205.mp4,noon,d34ba8941b59e7dad57155ea1dfa5e53ab0ffc268f79e09e95014dbadd4a11e6,194936,word_n,1,False
part_9/noose_video_0.mp4,part_9/noose_video_0.mp4,noose,8f08b870a6f3be6d299952a2dbf8b882a965b60a826200f076ab8ca265d3396f,383205,word_video_n,1,False
part_9/north_9.mp4,part_9/north_9.mp4,north,3756a46271e4a89c9e71fb7cce695a3d979ca2820a72bf38a3a1b8684b40ba21,165392,word_n,1,False
part_9/nothing_20241119_172649.mp4,part_9/nothing_20241119_172649.mp4,nothing,7bcb96d8baa153785a7591a99bf0ac43d82c240266028d7a4599bb895d4e0a42,79025,word_n,1,False
part_9/nothing_20241119_172649_18.mp4,part_9/nothing_20241119_172649_18.mp4,nothing,fbe003c3ace57bc43b5e45922796f5d76fb7bb0966e8f00656d5982d16bf6663,472170,word_timestamp_n,1,False
part_9/nothing_20241119_172649_40.mp4,part_9/nothing_20241119_172649_40.mp4,nothing,b27e2f8b9fbcf53012835063073b27d1e9c344fcd778c2f28f17496e8202265b,376279,word_timestamp_n,1,False
part_9/nurse_1.mp4,part_9/nurse_1.mp4,nurse,69ec6d2b8b7d908d86798bc3b15ac5b1491489d7408dd6e6361fd32e29ad5e46,32188,word_n,1,False
part_9/nut_20241119_172649_28.mp4,part_9/nut_20241119_172649_28.mp4,nut,1aa99589660f65a6d30486a70cd26328c357c37164644e949535c8a4fbdc79d9,313848,word_timestamp_n,1,False
part_9/nut_20241119_172649_5.mp4,part_9/nut_20241119_172649_5.mp4,nut,99553be76bed1e2c28ed996dc623928959e41bed909676f4637555e4a7890a65,143784,word_timestamp_n,1,False
part_9/nut_20241119_172649_65.mp4,part_9/nut_20241119_172649_65.mp4,nut,91f63b46ed39b49c26a0c66bde48f7d5951affa28690f21dfb9f0a4f1e78b61b,410100,word_timestamp_n,1,False
part_9/o_2_o_aug_22.mp4,part_9/o_2_o_aug_22.mp4,o,3b54717ef7039c602abac71038234f8c31c8e5c072502e2711695aa9d51a4c07,243568,word_n,4,False
part_9/obvious.mp4,part_9/obvious.mp4,obvious,e70a0dc1904d06229d7e8f9d4e533ed031f5fd22cd071ec9f2ec4c211413589c,198687,word_only,1,False
part_9/off_video_11.mp4,part_9/off_video_11.mp4,off,9e794f674724d51f1a2b284f9bbdfc9929acae2bbd9afb64da97e03cdaab6c91,156980,word_video_n,2,True
part_9/off_video_6.mp4,part_9/off_video_6.mp4,off,65aaebff120b291258ccda489187ff4b4d2040d07f249b295d6e6d32e4ffbd82,142261,word_video_n,2,True
part_9/offend_video_2.mp4,part_9/offend_video_2.mp4,offend,cd048db1099eed55f07a73fcd9061656514b69609f507bc3a2beb527884986bf,313584,word_video_n,2,True
part_9/offhand_video_0.mp4,part_9/offhand_video_0.mp4,offhand,fc925ccf854cbd373304a4402e48bf4dd787efbd8d76aa71d4cafbcc4e8b55dc,86367,word_video_n,1,False
part_9/office_2.mp4,part_9/office_2.mp4,office,c8c903d482209ef06042e300dfbaa3e4adead92b8723938a9f428318a3e85fe7,710311,word_n,1,False
part_9/office_video_2.mp4,part_9/office_video_2.mp4,office,6d1e8770b82128ff9b3e6c887ec197aa1ddff3905a2ffbd3a49b8fa46298dbb9,350056,word_video_n,2,True
part_9/oil_20241119_172649_18.mp4,part_9/oil_20241119_172649_18.mp4,oil,d4313b85f9f97809e8f4d1323bbeebd59b0b6a09a8ad7c1d3d9958cf3f8c129f,888649,word_timestamp_n,1,False
part_9/oil_20241119_172649_21.mp4,part_9/oil_20241119_172649_21.mp4,oil,a207db121ad16605c9a441aad8a4767a4a51bc6c0fa3612163646078c3e6daf8,1853557,word_timestamp_n,1,False
part_9/oil_20241119_172649_71.mp4,part_9/oil_20241119_172649_71.mp4,oil,0e62d68d922323bf33d549fbdf590aa540fb3066faa53a8c7616194c667b5510,390511,word_timestamp_n,1,False
part_9/old_video_6.mp4,part_9/old_video_6.mp4,old,ab1c3e7d82555cda0eacf46d5d760d7da81a0e166c8f1bd1312c64828177254a,93160,word_video_n,1,False
part_9/one_8.mp4,part_9/one_8.mp4,one,987eb198014502e7b0806277435fd8c8579b4c972d38590a1a6d56512cf06233,13839,word_n,1,False
part_9/onemore_20241119_195754_15.mp4,part_9/onemore_20241119_195754_15.mp4,onemore,b96d338b48f4aa92e9c561d2a1444416facd292b92bd99cbdedce227724d2ac2,599148,word_timestamp_n,1,False
part_9/onemore_20241119_195754_47.mp4,part_9/onemore_20241119_195754_47.mp4,onemore,cf918e44f7d31537a2a839edc505b734af25ffb6989c1cf80ba11916ceb025e4,302711,word_timestamp_n,1,False
part_9/oo_video_0.mp4,part_9/oo_video_0.mp4,and,77b9c3d507e00184fa6891b39020c9029ab02fe54382bd3fb899188d3de6c34e,162122,word_video_n,1,False
part_9/opinion_20241119_172649_52.mp4,part_9/opinion_20241119_172649_52.mp4,opinion,ee1bd1b10dd3a94c9c4d54fb33a46d3d59ea5da3644eaa8beab30d34fd010bec,551828,word_timestamp_n,1,False
part_9/opinion_20241119_172649_9.mp4,part_9/opinion_20241119_172649_9.mp4,opinion,994085274fddbca066564a407332ee98e7f8c9af8e698834a61ff06eac8d2140,132438,word_timestamp_n,2,True
part_9/opinion_20241119_173205.mp4,part_9/opinion_20241119_173205.mp4,opinion,f29357372ed966ae319c0ac41c9c63c4d97c5affaf24507fd54e9cd1942b4791,1370718,word_n,1,False
part_9/opportunity_video_0.mp4,part_9/opportunity_video_0.mp4,opportunity,eb101ddc35920adf069037a7dd22ffd57e43e6a6e2051202492eed7e4e938f64,115130,word_video_n,1,False
part_9/or_9.mp4,part_9/or_9.mp4,or,a2d7a16fdf7d62c403b33c4031ee66b472af288598cbbe543f26b5efa59a523f,34188,word_n,1,False
part_9/orange_video_5.mp4,part_9/orange_video_5.mp4,orange,6bd835c493b318b41a50b5074f23de8c5e97ec250914225d2a50224b23ee170d,128498,word_video_n,1,False
part_9/order_20241119_172649_22.mp4,part_9/order_20241119_172649_22.mp4,order,c7863aef6ec3e50a0351cf101e1eacaf7e3c541f45221a330b7d34743fc6b158,751819,word_timestamp_n,1,False
part_9/order_20241119_172649_30.mp4,part_9/order_20241119_172649_30.mp4,order,d1b8daf224fa077b7b5b650493eb6ef1c6de643a069b57f8d758aa10632cd308,692905,word_timestamp_n,1,False
part_9/order_20241119_172649_68.mp4,part_9/order_20241119_172649_68.mp4,order,a41a56f2f8fb950d8f251cee8dd0d4048f5d9345be2b287cca5e734fdf58e599,537232,word_timestamp_n,1,False
part_9/other_video_4.mp4,part_9/other_video_4.mp4,other,a6489c4c06bc6603a11a8e1b6a19cb44fe133cd77176a47e9bf87d2f810f6010,155951,word_video_n,1,False
part_9/our_2.mp4,part_9/our_2.mp4,our,53093c1d954c2c10598170caa92293b491c4c090026e1a8d1eeb5f034801faa0,763281,word_n,1,False
part_9/our_video_0.mp4,part_9/our_video_0.mp4,our,83603a4013e2a6d2291126ae525de407b03969168268e445566a0a52ee2fb065,252926,word_video_n,1,False
part_9/out_6.mp4,part_9/out_6.mp4,out,c6a131227adca16314516b8bd7c3708d975356e4afdd53ca30edb34f7d093992,29820,word_n,1,False
part_9/out_video_8.mp4,part_9/out_video_8.mp4,out,1ea25ceaa3fe1b4b048c52524c3bb9f906a83388a31419ee721b5fe9cffc2e5d,149805,word_video_n,1,False
part_9/outside_8.mp4,part_9/outside_8.mp4,outside,c7591c1b39878699a5cbd7a77186004bb9a28edd6702ae97e93805bc917c8c85,47222,word_n,1,False
part_9/overnight_video_1.mp4,part_9/overnight_video_1.mp4,overnight,79c0b2ee88d9c5731f616def6ff250ec26900b2dd04513be619b90c34b90f0fc,187581,word_video_n,1,False
part_9/overtake_video_1.mp4,part_9/overtake_video_1.mp4,overtake,10208d3f0d73f1a01a264d6d7e23eb0d13f0ccae99ca5352ff4bda0c5cc9a323,61416,word_video_n,1,False
part_9/owe_4.mp4,part_9/owe_4.mp4,owe,11d961e6cb93d168015b7b891aebc7e944c12b0478be476c22ca37b548b9dd9e,546595,word_n,1,False
part_9/owl_video_1.mp4,part_9/owl_video_1.mp4,owl,2a5ec94a0fc835e89f9e54d55abd9b63ad61c2299911819e70616485aad311dc,593753,word_video_n,1,False
part_9/p_1_p_aug_32.mp4,part_9/p_1_p_aug_32.mp4,p,98ae8810929b8bb21ffe1dc38bc0bc99065abbf29577156736552bc4c60ee50a,161868,word_n,2,False
part_9/pack_1.mp4,part_9/pack_1.mp4,pack,4ddc340a81c79092c2cebf1c6f70695eb23ddc5a57c0a16bfd66b19025645530,204591,word_n,1,False
part_9/pack_video_9.mp4,part_9/pack_video_9.mp4,pack,0efd71df76f4c66825c6f94af20e5a7d3950756cb90e84e72b0aa261c325f8da,177285,word_video_n,2,True
part_9/pain_2.mp4,part_9/pain_2.mp4,pain,3b8b9b23016945711bd6081cc45cf9707ed0a3604892b8b6abf16a21d9081f90,202796,word_n,1,False
part_9/paint_6.mp4,part_9/paint_6.mp4,paint,0aebc8b4020136823a301f0a584a17646d4f2dc329d6f3871367bad73dc29edf,54605,word_n,1,False
part_9/paintbrush_video_0.mp4,part_9/paintbrush_video_0.mp4,paintbrush,9b06394e66b81ada036982aa780bb78ca5b5d8e083d357e4ec73d908df3d1fa1,311444,word_video_n,1,False
part_9/pants_20241119_172649_31.mp4,part_9/pants_20241119_172649_31.mp4,pants,560a938a3c7825088050d074029ba5bb7f624172a555dfa8c4f08842ebba1f72,945171,word_timestamp_n,1,False
part_9/pants_20241119_172649_48.mp4,part_9/pants_20241119_172649_48.mp4,pants,ed564bce1287578115201fa290319afdf863ab0747a257755a352b8e8adabc59,544931,word_timestamp_n,1,False
part_9/pants_20241119_172649_65.mp4,part_9/pants_20241119_172649_65.mp4,pants,d64684da899907f9c746acfbde4b2c5114aa6cac8ae4fa72978e95b6b141327a,454830,word_timestamp_n,1,False
part_9/parachute_20241119_172649_27.mp4,part_9/parachute_20241119_172649_27.mp4,parachute,6b62a161d60dbcf91bcb1b2b416ad088299ac155040575ef84ccce67a33ac3b9,483446,word_timestamp_n,1,False
part_9/parachute_20241119_172649_65.mp4,part_9/parachute_20241119_172649_65.mp4,parachute,ba1dbb2835cc8d91861581de92c97d63304f1649b17a136a2fcee268bf1e37cc,845394,word_timestamp_n,1,False
part_9/parachute_20241119_172649_91.mp4,part_9/parachute_20241119_172649_91.mp4,parachute,b7e098ccbf51098c018667b2adc70c1c6e5aac455558f2d13f2e8c04fc53dde9,436492,word_timestamp_n,1,False
part_9/parade_video_0.mp4,part_9/parade_video_0.mp4,parade,45ee4870427b70ab2a2a40cf2c23a70206fc420333846f3be99adb7d7a2859e2,135563,word_video_n,1,False
part_9/parade_video_4.mp4,part_9/parade_video_4.mp4,parade,6f8f1857f7f60c0483711500f0edcf4f87d0c5a69f520304cb2bc07bbed573de,289379,word_video_n,1,False
part_9/parallel_5.mp4,part_9/parallel_5.mp4,parallel,8d105f7a947ea743b72a1c4e761294ac36bd953c9036d0801176095a3d579bc9,36908,word_n,1,False
part_9/party_20241119_172649_19.mp4,part_9/party_20241119_172649_19.mp4,party,b5c5d69aec75b23308fe5655d10c884ece1e820ce5d4d2c293aeff09c1c09300,425266,word_timestamp_n,1,False
part_9/party_20241119_172649_28.mp4,part_9/party_20241119_172649_28.mp4,party,08e5773369a689a533365397138c3dd93a41bd4d42f96d61b4a6acfdc4888a08,565905,word_timestamp_n,1,False
part_9/party_20241119_172649_40.mp4,part_9/party_20241119_172649_40.mp4,party,4a68fe9b536ec68ba485816663887210503605c18afd790af95855ecbc75382c,386048,word_timestamp_n,1,False
part_9/pass_video_10.mp4,part_9/pass_video_10.mp4,pass,070f175ead4f97af349754ed9ff31e0cb27ff9263294450672404add8e2875f6,141137,word_video_n,2,True
part_9/pass_video_23.mp4,part_9/pass_video_23.mp4,pass,22b179f6bc20f83640aea29faa0dcc7e70d4a6665326ab393a1760f0f27903b8,232477,word_video_n,3,True
part_9/patient_20241119_172649.mp4,part_9/patient_20241119_172649.mp4,patient,da4ed5b6fb10adced22786cd9b9a04046704a657fb10505616e2c3d17fa6acb5,132466,word_n,1,False
part_9/patient_20241119_172649_1.mp4,part_9/patient_20241119_172649_1.mp4,patient,ea69e06b5a0ebc60a750bd679dc0be2faced2ebe50c70946de3bad9b22702213,210167,word_timestamp_n,5,True
part_9/patient_20241119_172649_2.mp4,part_9/patient_20241119_172649_2.mp4,patient,effa1d64a85c8fd8c06a75ca7764cc5c78d7e6e5a8d96de5cfba252042d11784,157531,word_timestamp_n,1,False
part_9/peace_video_7.mp4,part_9/peace_video_7.mp4,peace,7e2e015bf6771bdb2a4fd31b5d9bd554b57a1007d0fe042378a3d9b528fbe3c2,529624,word_video_n,1,False
part_9/peach_20241119_172650_24.mp4,part_9/peach_20241119_172650_24.mp4,peach,1b37466688e4d562eb978d82bda0c042ece84157478789a6f8ea7237a35ec714,273944,word_timestamp_n,2,True
part_9/peach_20241119_172650_26.mp4,part_9/peach_20241119_172650_26.mp4,peach,113d6162f9673e662b1aa01aac0b8d7358c6bbea49cfd30626ce61bcb76e96cd,521029,word_timestamp_n,2,True
part_9/peach_20241119_172650_83.mp4,part_9/peach_20241119_172650_83.mp4,peach,7e2ce20af0bf1517b853b2c569cc00ce4b8407d8abd419c8d6ba3b38fcb14bd9,376675,word_timestamp_n,1,False
