sample_id,repo_path,word,split,array_file,bytes,rejected,rejection_reason,error,configurations,decode_s,mediapipe_s,original_fps,container_fps,original_frame_count,original_duration_s,width,height,codec,nonfinite_detections_repaired,std_frame_count,pose_missing_frames,pose_missing_pct,pose_longest_missing_run,face_missing_frames,face_missing_pct,face_longest_missing_run,left_hand_missing_frames,left_hand_missing_pct,left_hand_longest_missing_run,right_hand_missing_frames,right_hand_missing_pct,right_hand_longest_missing_run,both_hands_missing_frames,both_hands_missing_pct,both_hands_missing_runs,longest_both_hands_missing_run,leading_no_hands_frames,trailing_no_hands_frames,active_segment_frames,whatif_active_segment_rejection,pose_interpolated_frames,pose_zero_filled_frames,face_interpolated_frames,face_zero_filled_frames,left_hand_interpolated_frames,left_hand_zero_filled_frames,right_hand_interpolated_frames,right_hand_zero_filled_frames,shoulder_frames_measured,shoulder_frames_carried,array_kept_for_rejected,post_s,total_s
part_1/001562079489014323-REPLACE.mp4,part_1/001562079489014323-REPLACE.mp4,replace,train,e44e17977991a1818341.npz,235965,True,both_hands_missing_fraction,,"{""hands"": 128, ""hands_pose"": 261, ""hands_pose_face"": 1666}",0.08259174972772598,1.5598675004439428,30.00882612533098,,35,1.1663235294117646,640,480,h264,0,35,0.0,0.0,0.0,0.0,0.0,0.0,19.0,54.285714285714285,11.0,20.0,57.14285714285714,10.0,18.0,51.42857142857142,"[[0, 8], [25, 10]]",10.0,8.0,10.0,17.0,,0.0,0.0,0.0,0.0,0.0,19.0,1.0,19.0,35.0,0.0,True,0.00240266602486372,2.4798604170791805
part_1/0070019227198838685-MOSQUITO.mp4,part_1/0070019227198838685-MOSQUITO.mp4,mosquito,train,5f4447462f0574c919ae.npz,362828,True,both_hands_missing_fraction,,"{""hands"": 128, ""hands_pose"": 261, ""hands_pose_face"": 1666}",0.0540979242650792,2.2775651215342805,29.99434069043577,,54,1.8003396226415092,640,480,h264,0,54,0.0,0.0,0.0,0.0,0.0,0.0,43.0,79.62962962962963,21.0,26.0,48.148148148148145,22.0,25.0,46.2962962962963,"[[0, 4], [33, 21]]",21.0,4.0,21.0,29.0,,0.0,0.0,0.0,0.0,7.0,36.0,0.0,26.0,54.0,0.0,True,0.002753125037997961,2.387269957922399
part_1/016320392648127235-AIRPLANE.mp4,part_1/016320392648127235-AIRPLANE.mp4,airplane,train,214805690f56196c8308.npz,516399,True,both_hands_missing_fraction,,"{""hands"": 128, ""hands_pose"": 261, ""hands_pose_face"": 1666}",0.08473829517606646,3.2067061223788187,30.003947887879985,,77,2.566328947368421,640,480,h264,0,77,0.0,0.0,0.0,0.0,0.0,0.0,40.0,51.94805194805194,24.0,64.0,83.11688311688312,40.0,40.0,51.94805194805194,"[[0, 16], [53, 24]]",24.0,16.0,24.0,37.0,,0.0,0.0,0.0,0.0,0.0,40.0,0.0,64.0,77.0,0.0,True,0.006838041008450091,3.357898250105791
part_1/01736975825947895-DRIP.mp4,part_1/01736975825947895-DRIP.mp4,drip,train,075ef982deedff8f1c34.npz,536430,True,both_hands_missing_fraction,,"{""hands"": 128, ""hands_pose"": 261, ""hands_pose_face"": 1666}",0.11052662739530206,3.3303782887523994,29.912911775842485,,80,2.6744303797468354,640,480,h264,0,80,0.0,0.0,0.0,0.0,0.0,0.0,43.0,53.75,29.0,80.0,100.0,80.0,43.0,53.75,"[[0, 29], [66, 14]]",29.0,29.0,14.0,37.0,,0.0,0.0,0.0,0.0,0.0,43.0,0.0,80.0,80.0,0.0,True,0.0031182500533759594,3.5079512919764966
part_1/02185976473813267-SCHOOL.mp4,part_1/02185976473813267-SCHOOL.mp4,school,train,f42c6cd6becd15908222.npz,509722,True,both_hands_missing_fraction,,"{""hands"": 128, ""hands_pose"": 261, ""hands_pose_face"": 1666}",0.13870620296802372,3.2421163347316906,30.47,,77,2.527075812274368,640,480,h264,0,76,0.0,0.0,0.0,0.0,0.0,0.0,56.0,73.68421052631578,32.0,46.0,60.526315789473685,30.0,39.0,51.31578947368421,"[[0, 7], [13, 1], [42, 1], [46, 30]]",30.0,7.0,30.0,39.0,,0.0,0.0,0.0,0.0,2.0,54.0,9.0,37.0,76.0,0.0,True,0.005963791976682842,4.260063707944937
part_1/026478949400837504-STING.mp4,part_1/026478949400837504-STING.mp4,sting,train,d2dea753d9f048a70814.npz,289381,True,both_hands_missing_fraction,,"{""hands"": 128, ""hands_pose"": 261, ""hands_pose_face"": 1666}",0.10776845912914723,1.8389019989408553,30.000000000000004,,43,1.4333333333333331,640,480,h264,0,43,0.0,0.0,0.0,0.0,0.0,0.0,32.0,74.4186046511628,19.0,31.0,72.09302325581395,23.0,27.0,62.7906976744186,"[[0, 8], [24, 19]]",19.0,8.0,19.0,16.0,,0.0,0.0,0.0,0.0,3.0,29.0,0.0,31.0,43.0,0.0,True,0.004038666025735438,2.820524957962334
part_1/02849647094172214-MELT.mp4,part_1/02849647094172214-MELT.mp4,melt,train,c794b76f1978eedea1f5.npz,963758,True,both_hands_missing_fraction,,"{""hands"": 128, ""hands_pose"": 261, ""hands_pose_face"": 1666}",0.12850937724579126,6.178435204317793,29.99790224459828,,144,4.800335664335664,640,480,h264,0,144,0.0,0.0,0.0,0.0,0.0,0.0,95.0,65.97222222222221,59.0,94.0,65.27777777777779,62.0,91.0,63.19444444444444,"[[0, 59], [112, 32]]",59.0,59.0,32.0,53.0,,0.0,0.0,0.0,0.0,2.0,93.0,0.0,94.0,144.0,0.0,True,0.004922832944430411,6.403549040900543
part_1/03150905619350208-SELECT.mp4,part_1/03150905619350208-SELECT.mp4,select,train,1e22d5b141a60b29e8e7.npz,382859,True,both_hands_missing_fraction,,"{""hands"": 128, ""hands_pose"": 261, ""hands_pose_face"": 1666}",0.11542349390219897,2.386587505112402,30.318,,58,1.9130549508542778,640,480,h264,0,57,0.0,0.0,0.0,0.0,0.0,0.0,57.0,100.0,57.0,34.0,59.64912280701754,18.0,34.0,59.64912280701754,"[[0, 18], [19, 2], [43, 14]]",18.0,18.0,14.0,25.0,,0.0,0.0,0.0,0.0,0.0,57.0,2.0,32.0,57.0,0.0,True,0.0033635420259088278,3.3765005000168458
part_1/03162833308491719-seedSTRANGLE.mp4,part_1/03162833308491719-seedSTRANGLE.mp4,strangle,train,f058ad70ba6f0ba636fb.npz,683324,True,both_hands_missing_fraction,,"{""hands"": 128, ""hands_pose"": 261, ""hands_pose_face"": 1666}",0.10715604037977755,4.139822295168415,30.374,,103,3.39105814183183,640,480,h264,0,102,0.0,0.0,0.0,0.0,0.0,0.0,59.0,57.84313725490197,35.0,64.0,62.745098039215684,36.0,59.0,57.84313725490197,"[[0, 24], [67, 35]]",35.0,24.0,35.0,43.0,,0.0,0.0,0.0,0.0,0.0,59.0,4.0,60.0,102.0,0.0,True,0.004547959077171981,4.325049165985547
part_1/037495253259864025-COMMITTEE.mp4,part_1/037495253259864025-COMMITTEE.mp4,committee,train,7135f7fb40125d77bf1e.npz,349474,True,both_hands_missing_fraction,,"{""hands"": 128, ""hands_pose"": 261, ""hands_pose_face"": 1666}",0.04840162699110806,2.221734835766256,30.624,,53,1.7306687565308256,640,480,mpeg4,0,52,0.0,0.0,0.0,0.0,0.0,0.0,52.0,100.0,52.0,32.0,61.53846153846154,25.0,32.0,61.53846153846154,"[[0, 7], [27, 25]]",25.0,7.0,25.0,20.0,,0.0,0.0,0.0,0.0,0.0,52.0,0.0,32.0,52.0,0.0,True,0.002434374997392297,2.3182897500228137
part_1/0383508135640489-WILL.mp4,part_1/0383508135640489-WILL.mp4,will,train,ae11e597bd731768c25f.npz,276027,True,both_hands_missing_fraction,,"{""hands"": 128, ""hands_pose"": 261, ""hands_pose_face"": 1666}",0.05895796208642423,1.6396994570968673,30.00750187546887,,41,1.366325,640,480,h264,0,41,0.0,0.0,0.0,0.0,0.0,0.0,39.0,95.1219512195122,23.0,21.0,51.21951219512195,16.0,21.0,51.21951219512195,"[[0, 16], [28, 1], [36, 2], [39, 2]]",16.0,16.0,2.0,23.0,,0.0,0.0,0.0,0.0,0.0,39.0,3.0,18.0,41.0,0.0,True,0.002304457942955196,1.7499227919615805
part_1/04690553070267223-DRIBBLE.mp4,part_1/04690553070267223-DRIBBLE.mp4,dribble,train,137d9d6438d27cea1d1e.npz,336120,True,both_hands_missing_fraction,,"{""hands"": 128, ""hands_pose"": 261, ""hands_pose_face"": 1666}",0.03447166504338384,2.1942937100538984,30.0,,50,1.6666666666666667,640,480,mpeg4,0,50,0.0,0.0,0.0,0.0,0.0,0.0,50.0,100.0,50.0,23.0,46.0,14.0,23.0,46.0,"[[0, 7], [33, 2], [36, 14]]",14.0,7.0,14.0,29.0,,0.0,0.0,0.0,0.0,0.0,50.0,2.0,21.0,50.0,0.0,True,0.004383708001114428,2.2764317089458928
part_1/05219141482368883-VEST.mp4,part_1/05219141482368883-VEST.mp4,vest,train,5c5f222fc585aaa6306f.npz,483014,True,both_hands_missing_fraction,,"{""hands"": 128, ""hands_pose"": 261, ""hands_pose_face"": 1666}",0.08793858159333467,3.18815741292201,30.352999999999998,,73,2.4050340987711265,640,480,h264,0,72,0.0,0.0,0.0,0.0,0.0,0.0,62.0,86.11111111111111,51.0,58.0,80.55555555555556,49.0,57.0,79.16666666666666,"[[0, 8], [23, 49]]",49.0,8.0,49.0,15.0,,0.0,0.0,0.0,0.0,0.0,62.0,1.0,57.0,72.0,0.0,True,0.003091000020503998,3.343679542071186
part_1/05529229163365468-LEATHER.mp4,part_1/05529229163365468-LEATHER.mp4,leather,train,5dc15ab81ca683f551ea.npz,442952,True,both_hands_missing_fraction,,"{""hands"": 128, ""hands_pose"": 261, ""hands_pose_face"": 1666}",0.05324083275627345,2.7782587547553703,29.91256327657616,,66,2.2064307692307694,640,480,h264,0,66,0.0,0.0,0.0,0.0,0.0,0.0,28.0,42.42424242424242,21.0,66.0,100.0,66.0,28.0,42.42424242424242,"[[0, 7], [45, 21]]",21.0,7.0,21.0,38.0,,0.0,0.0,0.0,0.0,0.0,28.0,0.0,66.0,66.0,0.0,True,0.003178125014528632,2.8898769998922944
part_1/057961626489608786-DISNEY.mp4,part_1/057961626489608786-DISNEY.mp4,disney,train,4460be5ed641af289659.npz,235965,True,both_hands_missing_fraction,,"{""hands"": 128, ""hands_pose"": 261, ""hands_pose_face"": 1666}",0.02985070738941431,1.5500846697250381,30.00882612533098,,35,1.1663235294117646,640,480,h264,0,35,0.0,0.0,0.0,0.0,0.0,0.0,18.0,51.42857142857142,13.0,34.0,97.14285714285714,30.0,17.0,48.57142857142857,"[[0, 4], [22, 13]]",13.0,4.0,13.0,18.0,,0.0,0.0,0.0,0.0,0.0,18.0,0.0,34.0,35.0,0.0,True,0.002165124984458089,1.6250902079045773
part_1/05960401252194858-BRAINSTORM.mp4,part_1/05960401252194858-BRAINSTORM.mp4,brainstorm,train,43f4e86ae919d65fb201.npz,369505,True,both_hands_missing_fraction,,"{""hands"": 128, ""hands_pose"": 261, ""hands_pose_face"": 1666}",0.061317122308537364,2.391671546618454,30.0,,55,1.8333333333333333,640,480,h264,0,55,0.0,0.0,0.0,0.0,0.0,0.0,28.0,50.90909090909091,17.0,33.0,60.0,20.0,24.0,43.63636363636363,"[[0, 13], [44, 11]]",13.0,13.0,11.0,31.0,,0.0,0.0,0.0,0.0,0.0,28.0,0.0,33.0,55.0,0.0,True,0.0025572089944034815,2.518235791940242
part_1/06117592760150714-FACE.mp4,part_1/06117592760150714-FACE.mp4,face,train,57adc2f69b12ae79a9b8.npz,249319,True,both_hands_missing_fraction,,"{""hands"": 128, ""hands_pose"": 261, ""hands_pose_face"": 1666}",0.041044123005121946,1.5115403378149495,29.975020815986674,,37,1.2343611111111112,640,480,h264,0,37,0.0,0.0,0.0,0.0,0.0,0.0,20.0,54.054054054054056,6.0,37.0,100.0,37.0,20.0,54.054054054054056,"[[0, 6], [7, 1], [15, 6], [27, 1], [31, 6]]",6.0,6.0,6.0,25.0,both_hands_missing_fraction,0.0,0.0,0.0,0.0,2.0,18.0,0.0,37.0,37.0,0.0,True,0.002907542046159506,1.5972529168939218
part_1/062188296039833-LET ME_SEE.mp4,part_1/062188296039833-LET ME_SEE.mp4,letmesee,train,,0,True,too_few_decoded_frames,,"{""hands"": 128, ""hands_pose"": 261, ""hands_pose_face"": 1666}",0.03018324833828956,1.1272422085748985,14.985590778097983,,27,1.8017307692307691,640,480,h264,0,54,,,,,,,,,,,,,,,,,,,,,,,,,,,,,,,False,6.308301817625761e-05,1.1961564999073744
part_1/06250661500867993-AIRPLANE.mp4,part_1/06250661500867993-AIRPLANE.mp4,airplane,train,f3c19d0e3d4d8f65e14a.npz,409567,True,both_hands_missing_fraction,,"{""hands"": 128, ""hands_pose"": 261, ""hands_pose_face"": 1666}",0.119208206073381,2.6454587490297854,30.965,,63,2.0345551429032778,640,480,h264,0,61,0.0,0.0,0.0,0.0,0.0,0.0,61.0,100.0,61.0,35.0,57.377049180327866,26.0,35.0,57.377049180327866,"[[0, 5], [6, 3], [15, 1], [35, 26]]",26.0,5.0,26.0,30.0,,0.0,0.0,0.0,0.0,0.0,61.0,4.0,31.0,61.0,0.0,True,0.004116249969229102,2.834654332953505
part_1/06667344658822971-DEODORANT.mp4,part_1/06667344658822971-DEODORANT.mp4,deodorant,train,0c291010246f797f4026.npz,462983,True,both_hands_missing_fraction,,"{""hands"": 128, ""hands_pose"": 261, ""hands_pose_face"": 1666}",0.10501474991906434,2.9765091631561518,29.99558888398765,,69,2.3003382352941175,640,480,h264,0,69,0.0,0.0,0.0,0.0,0.0,0.0,44.0,63.76811594202898,27.0,38.0,55.072463768115945,23.0,38.0,55.072463768115945,"[[0, 13], [14, 2], [46, 23]]",23.0,13.0,23.0,33.0,,0.0,0.0,0.0,0.0,0.0,44.0,2.0,36.0,69.0,0.0,True,0.0029045409755781293,3.1500189169310033
part_1/06982327750615669-BOARD.mp4,part_1/06982327750615669-BOARD.mp4,board,train,f75ed59b0b5c842379d1.npz,269350,True,both_hands_missing_fraction,,"{""hands"": 128, ""hands_pose"": 261, ""hands_pose_face"": 1666}",0.061567665194161236,1.7160225410480052,30.0,,40,1.3333333333333333,640,480,h264,0,40,0.0,0.0,0.0,0.0,0.0,0.0,18.0,45.0,7.0,40.0,100.0,40.0,18.0,45.0,"[[0, 7], [8, 1], [14, 3], [33, 7]]",7.0,7.0,7.0,26.0,,0.0,0.0,0.0,0.0,4.0,14.0,0.0,40.0,40.0,0.0,True,0.002266916912049055,1.8312985829543322
part_1/07055642168322596-SOCIALIZE.mp4,part_1/07055642168322596-SOCIALIZE.mp4,socialize,train,be29491fe3d5102cf323.npz,683324,True,both_hands_missing_fraction,,"{""hands"": 128, ""hands_pose"": 261, ""hands_pose_face"": 1666}",0.07966016710270196,4.397781537263654,29.970326409495552,,102,3.403366336633663,640,480,h264,0,102,0.0,0.0,0.0,0.0,0.0,0.0,50.0,49.01960784313725,25.0,56.0,54.90196078431373,25.0,49.0,48.03921568627451,"[[0, 25], [27, 1], [79, 23]]",25.0,25.0,23.0,54.0,,0.0,0.0,0.0,0.0,2.0,48.0,6.0,50.0,102.0,0.0,True,0.004159208037890494,4.554500708007254
part_1/07652904644501302-PONDER.mp4,part_1/07652904644501302-PONDER.mp4,ponder,train,90023e64af9a00f33b88.npz,516399,True,both_hands_missing_fraction,,"{""hands"": 128, ""hands_pose"": 261, ""hands_pose_face"": 1666}",0.06650274572893977,3.30417542043142,29.916666666666668,,77,2.5738161559888577,640,480,h264,0,77,0.0,0.0,0.0,0.0,0.0,0.0,68.0,88.31168831168831,24.0,32.0,41.55844155844156,18.0,32.0,41.55844155844156,"[[0, 13], [14, 1], [59, 18]]",18.0,13.0,18.0,46.0,,0.0,0.0,0.0,0.0,3.0,65.0,1.0,31.0,77.0,0.0,True,0.003332250053063035,3.4364461669465527
part_1/07964079458380247-DIRECTOR.mp4,part_1/07964079458380247-DIRECTOR.mp4,director,train,2d322cba8f92e6ee3727.npz,690001,True,both_hands_missing_fraction,,"{""hands"": 128, ""hands_pose"": 261, ""hands_pose_face"": 1666}",0.12334162218030542,3.9160819990793243,29.92079788794368,,103,3.4424215686274504,640,480,h264,0,103,1.0,0.9708737864077669,1.0,1.0,0.9708737864077669,1.0,56.0,54.36893203883495,36.0,50.0,48.54368932038835,32.0,50.0,48.54368932038835,"[[0, 32], [33, 1], [85, 2], [88, 15]]",32.0,32.0,15.0,56.0,,0.0,1.0,0.0,1.0,1.0,55.0,3.0,47.0,102.0,1.0,True,0.004132958012633026,4.11612816597335
part_1/08167080058381582-DEVOUR.mp4,part_1/08167080058381582-DEVOUR.mp4,devour,train,88841ec98736083df0e5.npz,449629,True,both_hands_missing_fraction,,"{""hands"": 128, ""hands_pose"": 261, ""hands_pose_face"": 1666}",0.09778695378918201,3.0626147077418864,29.837251356238703,,67,2.2455151515151512,640,480,h264,0,67,0.0,0.0,0.0,0.0,0.0,0.0,38.0,56.71641791044776,25.0,45.0,67.16417910447761,23.0,34.0,50.74626865671642,"[[0, 9], [30, 1], [32, 1], [44, 23]]",23.0,9.0,23.0,35.0,,0.0,0.0,0.0,0.0,3.0,35.0,7.0,38.0,67.0,0.0,True,0.0036241250345483422,3.2238485000561923
part_1/08384216500026387-TOOTHBRUSH.mp4,part_1/08384216500026387-TOOTHBRUSH.mp4,toothbrush,train,a405460629a9e8ed29ae.npz,269350,True,both_hands_missing_fraction,,"{""hands"": 128, ""hands_pose"": 261, ""hands_pose_face"": 1666}",0.07559249794576317,1.6046187077881768,30.0,,40,1.3333333333333333,640,480,h264,0,40,0.0,0.0,0.0,0.0,0.0,0.0,40.0,100.0,40.0,26.0,65.0,13.0,26.0,65.0,"[[0, 13], [25, 6], [33, 7]]",13.0,13.0,7.0,20.0,,0.0,0.0,0.0,0.0,0.0,40.0,0.0,26.0,40.0,0.0,True,0.0029867918929085135,1.73176674998831
part_1/08449266343815642-HELL.mp4,part_1/08449266343815642-HELL.mp4,hell,train,7c304f634d8c73eaef64.npz,863603,True,both_hands_missing_fraction,,"{""hands"": 128, ""hands_pose"": 261, ""hands_pose_face"": 1666}",0.15840500826016068,5.701762373209931,29.96956216342777,,129,4.3043671875,640,480,h264,0,129,0.0,0.0,0.0,0.0,0.0,0.0,129.0,100.0,129.0,104.0,80.62015503875969,54.0,104.0,80.62015503875969,"[[0, 54], [64, 21], [100, 29]]",54.0,54.0,29.0,46.0,both_hands_missing_fraction,0.0,0.0,0.0,0.0,0.0,129.0,0.0,104.0,129.0,0.0,True,0.006515332963317633,5.974066708004102
part_1/08673843529675529-WOLF.mp4,part_1/08673843529675529-WOLF.mp4,wolf,train,9635d5dc3c9d47e81e4a.npz,302735,True,both_hands_missing_fraction,,"{""hands"": 128, ""hands_pose"": 261, ""hands_pose_face"": 1666}",0.04729316767770797,2.181670705555007,30.000000000000004,,45,1.4999999999999998,640,480,mpeg4,0,45,0.0,0.0,0.0,1.0,2.2222222222222223,1.0,45.0,100.0,45.0,31.0,68.88888888888889,23.0,31.0,68.88888888888889,"[[0, 8], [22, 23]]",23.0,8.0,23.0,14.0,,0.0,0.0,1.0,0.0,0.0,45.0,0.0,31.0,45.0,0.0,True,0.003300082986243069,2.2768730419920757
part_1/08990722330487633-SNOB.mp4,part_1/08990722330487633-SNOB.mp4,snob,train,111c85b3719625075995.npz,296058,True,both_hands_missing_fraction,,"{""hands"": 128, ""hands_pose"": 261, ""hands_pose_face"": 1666}",0.048497708747163415,2.06591620715335,30.006978367062107,,44,1.4663255813953489,640,480,h264,0,44,0.0,0.0,0.0,0.0,0.0,0.0,18.0,40.909090909090914,10.0,44.0,100.0,44.0,18.0,40.909090909090914,"[[0, 7], [32, 1], [34, 10]]",10.0,7.0,10.0,27.0,,0.0,0.0,0.0,0.0,1.0,17.0,0.0,44.0,44.0,0.0,True,0.0025776660768315196,2.164578416966833
part_1/09070448909781481-LIE.mp4,part_1/09070448909781481-LIE.mp4,lie,train,d3d43fe9b03b37c80004.npz,289381,True,both_hands_missing_fraction,,"{""hands"": 128, ""hands_pose"": 261, ""hands_pose_face"": 1666}",0.06468799442518502,2.01572508236859,30.000000000000004,,43,1.4333333333333331,640,480,h264,0,43,0.0,0.0,0.0,0.0,0.0,0.0,43.0,100.0,43.0,29.0,67.44186046511628,20.0,29.0,67.44186046511628,"[[0, 6], [14, 3], [23, 20]]",20.0,6.0,20.0,17.0,,0.0,0.0,0.0,0.0,0.0,43.0,3.0,26.0,43.0,0.0,True,0.00567220791708678,2.151283666025847
part_1/09372531487486135-ORAL.mp4,part_1/09372531487486135-ORAL.mp4,oral,train,ac9ca60e26c32e2e607e.npz,489691,True,both_hands_missing_fraction,,"{""hands"": 128, ""hands_pose"": 261, ""hands_pose_face"": 1666}",0.0680870811920613,3.344173332094215,30.0,,73,2.433333333333333,640,480,mpeg4,0,73,0.0,0.0,0.0,0.0,0.0,0.0,73.0,100.0,73.0,44.0,60.273972602739725,32.0,44.0,60.273972602739725,"[[0, 10], [17, 1], [28, 1], [41, 32]]",32.0,10.0,32.0,31.0,,0.0,0.0,0.0,0.0,0.0,73.0,2.0,42.0,73.0,0.0,True,0.0031238329829648137,3.476737958029844
part_1/09602770669006189-SIGNATURE.mp4,part_1/09602770669006189-SIGNATURE.mp4,signature,train,8ee53b25c18e6de7bc3c.npz,222611,True,both_hands_missing_fraction,,"{""hands"": 128, ""hands_pose"": 261, ""hands_pose_face"": 1666}",0.032441085670143366,1.518786748405546,29.99062792877226,,33,1.10034375,640,480,h264,0,33,0.0,0.0,0.0,0.0,0.0,0.0,17.0,51.515151515151516,11.0,23.0,69.6969696969697,12.0,17.0,51.515151515151516,"[[0, 5], [7, 1], [22, 11]]",11.0,5.0,11.0,17.0,,0.0,0.0,0.0,0.0,1.0,16.0,2.0,21.0,33.0,0.0,True,0.002333542099222541,1.6014031249796972
part_1/10227148303927724-CLIMB LADDER.mp4,part_1/10227148303927724-CLIMB LADDER.mp4,climbladder,train,fd12ac3e48b31361cb81.npz,422921,True,both_hands_missing_fraction,,"{""hands"": 128, ""hands_pose"": 261, ""hands_pose_face"": 1666}",0.07684824906755239,2.9081345851300284,29.995162070633768,,63,2.1003387096774193,640,480,h264,0,63,0.0,0.0,0.0,0.0,0.0,0.0,39.0,61.904761904761905,21.0,28.0,44.44444444444444,19.0,26.0,41.269841269841265,"[[0, 7], [44, 19]]",19.0,7.0,19.0,37.0,,0.0,0.0,0.0,0.0,5.0,34.0,2.0,26.0,63.0,0.0,True,0.0029794579604640603,3.0583587089786306
part_1/10318499069402809-seedWITH.mp4,part_1/10318499069402809-seedWITH.mp4,with,train,8963b742b96f4bf4ccbb.npz,743417,True,both_hands_missing_fraction,,"{""hands"": 128, ""hands_pose"": 261, ""hands_pose_face"": 1666}",0.13132890919223428,4.722124953055754,30.311,,112,3.695028207581406,640,480,h264,0,111,0.0,0.0,0.0,0.0,0.0,0.0,77.0,69.36936936936937,49.0,75.0,67.56756756756756,50.0,74.0,66.66666666666666,"[[0, 25], [62, 49]]",49.0,25.0,49.0,37.0,,0.0,0.0,0.0,0.0,2.0,75.0,0.0,75.0,111.0,0.0,True,0.006062667001970112,4.95532299997285
part_1/10673600991450427-GET IN_BED.mp4,part_1/10673600991450427-GET IN_BED.mp4,getinbed,train,bb8265fc12accde919ce.npz,449629,True,both_hands_missing_fraction,,"{""hands"": 128, ""hands_pose"": 261, ""hands_pose_face"": 1666}",0.0595490001142025,3.1165202965494245,30.000000000000004,,67,2.233333333333333,640,480,h264,0,67,0.0,0.0,0.0,0.0,0.0,0.0,57.0,85.07462686567165,20.0,32.0,47.76119402985074,19.0,32.0,47.76119402985074,"[[0, 13], [48, 19]]",19.0,13.0,19.0,35.0,,0.0,0.0,0.0,0.0,0.0,57.0,0.0,32.0,67.0,0.0,True,0.00299166701734066,3.2416686669457704
part_1/1068161656277502-HOLY.mp4,part_1/1068161656277502-HOLY.mp4,holy,train,f5b691f44d38b68b4c6b.npz,1057236,True,both_hands_missing_fraction,,"{""hands"": 128, ""hands_pose"": 261, ""hands_pose_face"": 1666}",0.15808375121559948,7.239880664739758,30.001910949742022,,158,5.266331210191082,640,480,h264,0,158,2.0,1.2658227848101267,2.0,2.0,1.2658227848101267,2.0,102.0,64.55696202531645,80.0,103.0,65.18987341772153,81.0,101.0,63.92405063291139,"[[0, 20], [62, 1], [78, 80]]",80.0,20.0,80.0,58.0,,0.0,2.0,0.0,2.0,2.0,100.0,2.0,101.0,156.0,2.0,True,0.006746417027898133,7.5066939579555765
part_1/1083098587224911-EACH.mp4,part_1/1083098587224911-EACH.mp4,each,train,7970ae5dd0f770d1b802.npz,449629,True,both_hands_missing_fraction,,"{""hands"": 128, ""hands_pose"": 261, ""hands_pose_face"": 1666}",0.07235403754748404,2.9598914593225345,29.999999999999996,,67,2.2333333333333334,640,480,h264,0,67,0.0,0.0,0.0,1.0,1.4925373134328357,1.0,37.0,55.223880597014926,23.0,40.0,59.70149253731343,18.0,29.0,43.28358208955223,"[[0, 10], [11, 1], [49, 18]]",18.0,10.0,18.0,39.0,,0.0,0.0,1.0,0.0,0.0,37.0,6.0,34.0,67.0,0.0,True,0.0031657920917496085,3.1011538340244442
part_1/11052983155454288-PERCEIVE.mp4,part_1/11052983155454288-PERCEIVE.mp4,perceive,train,de6c79752cdd4e9c94e8.npz,917019,True,both_hands_missing_fraction,,"{""hands"": 128, ""hands_pose"": 261, ""hands_pose_face"": 1666}",0.11503329372499138,6.325544331688434,29.96914940502424,,137,4.571367647058824,640,480,h264,0,137,0.0,0.0,0.0,0.0,0.0,0.0,75.0,54.74452554744526,48.0,76.0,55.47445255474452,45.0,73.0,53.284671532846716,"[[0, 25], [27, 1], [89, 2], [92, 45]]",45.0,25.0,45.0,67.0,,0.0,0.0,0.0,0.0,2.0,73.0,3.0,73.0,137.0,0.0,True,0.005202291999012232,6.539942207979038
part_1/11091344459201657-ME.mp4,part_1/11091344459201657-ME.mp4,me,train,8954de8bb9ea963e6f9d.npz,656616,True,both_hands_missing_fraction,,"{""hands"": 128, ""hands_pose"": 261, ""hands_pose_face"": 1666}",0.11132704187184572,4.252746248734184,29.919802590993214,,98,3.275422680412371,640,480,h264,0,98,0.0,0.0,0.0,0.0,0.0,0.0,96.0,97.95918367346938,68.0,58.0,59.183673469387756,27.0,57.0,58.16326530612245,"[[0, 24], [25, 1], [32, 1], [36, 4], [71, 27]]",27.0,24.0,27.0,47.0,,0.0,0.0,0.0,0.0,0.0,96.0,7.0,51.0,98.0,0.0,True,0.005206541973166168,4.45605637494009
part_1/11515947422052664-UDDER.mp4,part_1/11515947422052664-UDDER.mp4,udder,train,be1fa9618f33674c5681.npz,436275,True,both_hands_missing_fraction,,"{""hands"": 128, ""hands_pose"": 261, ""hands_pose_face"": 1666}",0.09929287247359753,2.900852961000055,30.004688232536335,,65,2.1663281249999997,640,480,h264,0,65,0.0,0.0,0.0,0.0,0.0,0.0,38.0,58.46153846153847,25.0,37.0,56.92307692307692,22.0,32.0,49.23076923076923,"[[0, 10], [43, 22]]",22.0,10.0,22.0,33.0,,0.0,0.0,0.0,0.0,3.0,35.0,0.0,37.0,65.0,0.0,True,0.003421125002205372,3.0675580409588292
part_1/11783459552698217-EGG BEATER.mp4,part_1/11783459552698217-EGG BEATER.mp4,eggbeater,train,a55b98717d6f774e8a86.npz,917019,True,both_hands_missing_fraction,,"{""hands"": 128, ""hands_pose"": 261, ""hands_pose_face"": 1666}",0.17763916274998337,6.2306311605498195,30.002206044562097,,137,4.566330882352942,640,480,h264,0,137,0.0,0.0,0.0,0.0,0.0,0.0,92.0,67.15328467153284,54.0,95.0,69.34306569343066,43.0,89.0,64.96350364963503,"[[0, 38], [84, 29], [114, 1], [116, 21]]",38.0,38.0,21.0,78.0,both_hands_missing_fraction,0.0,0.0,0.0,0.0,0.0,92.0,2.0,93.0,137.0,0.0,True,0.00733529101125896,6.515034415991977
part_1/11965070615236195-LIGHTNING.mp4,part_1/11965070615236195-LIGHTNING.mp4,lightning,train,f40bffbd033b08f0466e.npz,569815,True,both_hands_missing_fraction,,"{""hands"": 128, ""hands_pose"": 261, ""hands_pose_face"": 1666}",0.09689479344524443,4.028742172406055,30.366000000000003,,86,2.8321148653098858,640,480,h264,0,85,0.0,0.0,0.0,3.0,3.5294117647058822,3.0,84.0,98.82352941176471,69.0,62.0,72.94117647058823,46.0,62.0,72.94117647058823,"[[0, 15], [37, 1], [39, 46]]",46.0,15.0,46.0,24.0,,0.0,0.0,3.0,0.0,0.0,84.0,1.0,61.0,85.0,0.0,True,0.0036440829280763865,4.196802208083682
part_1/12124668274226069-PROJECT.mp4,part_1/12124668274226069-PROJECT.mp4,project,train,91bdd9465def3912df89.npz,589846,True,both_hands_missing_fraction,,"{""hands"": 128, ""hands_pose"": 261, ""hands_pose_face"": 1666}",0.0989760858938098,4.1312077881302685,30.0,,88,2.933333333333333,640,480,h264,0,88,0.0,0.0,0.0,0.0,0.0,0.0,49.0,55.68181818181818,34.0,54.0,61.36363636363637,40.0,49.0,55.68181818181818,"[[0, 14], [52, 1], [54, 34]]",34.0,14.0,34.0,40.0,,0.0,0.0,0.0,0.0,1.0,48.0,0.0,54.0,88.0,0.0,True,0.005269375047646463,4.309223915915936
part_1/12221538032492663-GALLAUDET.mp4,part_1/12221538032492663-GALLAUDET.mp4,gallaudet,train,43a20e90772899906a89.npz,349474,True,both_hands_missing_fraction,,"{""hands"": 128, ""hands_pose"": 261, ""hands_pose_face"": 1666}",0.06952078966423869,2.3370614181039855,30.0,,52,1.7333333333333334,640,480,h264,0,52,0.0,0.0,0.0,0.0,0.0,0.0,52.0,100.0,52.0,34.0,65.38461538461539,25.0,34.0,65.38461538461539,"[[0, 9], [27, 25]]",25.0,9.0,25.0,18.0,,0.0,0.0,0.0,0.0,0.0,52.0,0.0,34.0,52.0,0.0,True,0.0048220830503851175,2.467843792052008
part_1/12845941567802943-PARAGRAPH.mp4,part_1/12845941567802943-PARAGRAPH.mp4,paragraph,train,29deefb8428a0ece5976.npz,369505,True,both_hands_missing_fraction,,"{""hands"": 128, ""hands_pose"": 261, ""hands_pose_face"": 1666}",0.05207350302953273,2.593427074374631,30.0,,55,1.8333333333333333,640,480,h264,0,55,0.0,0.0,0.0,0.0,0.0,0.0,39.0,70.9090909090909,30.0,40.0,72.72727272727273,30.0,39.0,70.9090909090909,"[[0, 9], [25, 30]]",30.0,9.0,30.0,16.0,,0.0,0.0,0.0,0.0,0.0,39.0,0.0,40.0,55.0,0.0,True,0.0033252090215682983,2.708809916046448
part_1/1293300004047313-BECAUSE.mp4,part_1/1293300004047313-BECAUSE.mp4,because,train,531aa67fa72aa7622d82.npz,589846,True,both_hands_missing_fraction,,"{""hands"": 128, ""hands_pose"": 261, ""hands_pose_face"": 1666}",0.08994712657295167,4.410140752908774,29.968997588701342,,88,2.936367816091954,640,480,h264,0,88,0.0,0.0,0.0,0.0,0.0,0.0,88.0,100.0,88.0,52.0,59.09090909090909,29.0,52.0,59.09090909090909,"[[0, 22], [57, 1], [59, 29]]",29.0,22.0,29.0,37.0,,0.0,0.0,0.0,0.0,0.0,88.0,1.0,51.0,88.0,0.0,True,0.00421041704248637,4.581343958969228
part_1/12967813466333067-DEPRESS.mp4,part_1/12967813466333067-DEPRESS.mp4,depress,train,f8ac3902690a2ff9f516.npz,1117329,True,both_hands_missing_fraction,,"{""hands"": 128, ""hands_pose"": 261, ""hands_pose_face"": 1666}",0.11795892333611846,7.045430374797434,29.831856807087327,,166,5.564521212121212,640,480,h264,0,167,0.0,0.0,0.0,0.0,0.0,0.0,91.0,54.49101796407185,51.0,88.0,52.69461077844312,44.0,87.0,52.09580838323353,"[[0, 7], [8, 43], [130, 37]]",43.0,7.0,37.0,123.0,both_hands_missing_fraction,0.0,0.0,0.0,0.0,0.0,91.0,0.0,88.0,167.0,0.0,True,0.0041497909696772695,7.260306917014532
part_1/130187777265373-HARD OF_HEARING.mp4,part_1/130187777265373-HARD OF_HEARING.mp4,hardofhearing,train,,0,True,too_few_decoded_frames,,"{""hands"": 128, ""hands_pose"": 261, ""hands_pose_face"": 1666}",0.027956334175541997,1.1011319558601826,14.989293361884368,,22,1.4677142857142857,640,480,h264,0,44,,,,,,,,,,,,,,,,,,,,,,,,,,,,,,,False,2.591707743704319e-05,1.1688365830341354
part_1/13099227098135868-MARIONETTE.mp4,part_1/13099227098135868-MARIONETTE.mp4,marionette,train,99d0d42dd985d7e0d948.npz,369505,True,both_hands_missing_fraction,,"{""hands"": 128, ""hands_pose"": 261, ""hands_pose_face"": 1666}",0.05194012459833175,2.519179620197974,30.0,,55,1.8333333333333333,640,480,h264,0,55,0.0,0.0,0.0,0.0,0.0,0.0,30.0,54.54545454545454,13.0,21.0,38.18181818181819,11.0,19.0,34.54545454545455,"[[0, 5], [6, 1], [10, 1], [42, 1], [44, 11]]",11.0,5.0,11.0,39.0,,0.0,0.0,0.0,0.0,3.0,27.0,3.0,18.0,55.0,0.0,True,0.004597333027049899,2.6333017910365015
part_1/13406592096695746-FREE.mp4,part_1/13406592096695746-FREE.mp4,free,train,accabf166f73404401bf.npz,422921,True,both_hands_missing_fraction,,"{""hands"": 128, ""hands_pose"": 261, ""hands_pose_face"": 1666}",0.05754762596916407,2.9109422895126045,29.96616723054616,,63,2.1023709677419355,640,480,h264,0,63,0.0,0.0,0.0,0.0,0.0,0.0,37.0,58.730158730158735,27.0,34.0,53.96825396825397,26.0,32.0,50.79365079365079,"[[0, 6], [37, 26]]",26.0,6.0,26.0,31.0,,0.0,0.0,0.0,0.0,4.0,33.0,1.0,33.0,63.0,0.0,True,0.0028497499879449606,3.0328771250788122
part_1/13697993160966937-LIPSTICK.mp4,part_1/13697993160966937-LIPSTICK.mp4,lipstick,train,77e7849ac396d71e02d0.npz,569815,True,both_hands_missing_fraction,,"{""hands"": 128, ""hands_pose"": 261, ""hands_pose_face"": 1666}",0.12616708944551647,3.545137789216824,30.000000000000004,,85,2.833333333333333,640,480,h264,0,85,0.0,0.0,0.0,0.0,0.0,0.0,72.0,84.70588235294117,34.0,39.0,45.88235294117647,23.0,38.0,44.70588235294118,"[[0, 14], [47, 1], [62, 23]]",23.0,14.0,23.0,48.0,,0.0,0.0,0.0,0.0,2.0,70.0,2.0,37.0,85.0,0.0,True,0.00345858302898705,3.7369938329793513
part_1/13739657899319724-CLIMB LADDER.mp4,part_1/13739657899319724-CLIMB LADDER.mp4,climbladder,train,4b5dfe561d86ae8cf522.npz,1918569,True,both_hands_missing_run,,"{""hands"": 128, ""hands_pose"": 261, ""hands_pose_face"": 1666}",0.30965655285399407,13.367040658020414,30.119,,288,9.56207045386633,640,480,h264,0,287,0.0,0.0,0.0,16.0,5.574912891986063,7.0,103.0,35.88850174216028,32.0,92.0,32.05574912891986,34.0,76.0,26.480836236933797,"[[0, 32], [33, 1], [62, 1], [135, 13], [179, 1], [192, 1], [260, 27]]",32.0,32.0,27.0,228.0,,0.0,0.0,9.0,7.0,17.0,86.0,14.0,78.0,287.0,0.0,True,0.009772291989065707,13.840873000095598
part_1/14615094008591-SUN.mp4,part_1/14615094008591-SUN.mp4,sun,train,42f51970d4b4c35897dd.npz,569815,True,both_hands_missing_fraction,,"{""hands"": 128, ""hands_pose"": 261, ""hands_pose_face"": 1666}",0.10282708483282477,3.781380710657686,30.000000000000004,,85,2.833333333333333,640,480,h264,0,85,0.0,0.0,0.0,0.0,0.0,0.0,83.0,97.6470588235294,74.0,44.0,51.76470588235295,35.0,44.0,51.76470588235295,"[[0, 9], [50, 35]]",35.0,9.0,35.0,41.0,,0.0,0.0,0.0,0.0,0.0,83.0,0.0,44.0,85.0,0.0,True,0.00566754094325006,3.968269333941862
part_1/15631750362649433-AT.mp4,part_1/15631750362649433-AT.mp4,at,train,400c78bf28dc01940f37.npz,616554,True,both_hands_missing_fraction,,"{""hands"": 128, ""hands_pose"": 261, ""hands_pose_face"": 1666}",0.12343574734404683,4.198639166192152,30.003297065611605,,92,3.0663296703296705,640,480,h264,0,92,0.0,0.0,0.0,0.0,0.0,0.0,50.0,54.347826086956516,27.0,56.0,60.86956521739131,27.0,50.0,54.347826086956516,"[[0, 23], [65, 27]]",27.0,23.0,27.0,42.0,,0.0,0.0,0.0,0.0,0.0,50.0,2.0,54.0,92.0,0.0,True,0.006088625057600439,4.410610791994259
part_1/1583359273533682-HOOD.mp4,part_1/1583359273533682-HOOD.mp4,hood,train,2254e45030208596105e.npz,489691,True,both_hands_missing_fraction,,"{""hands"": 128, ""hands_pose"": 261, ""hands_pose_face"": 1666}",0.07512633432634175,3.1190387102542445,30.0,,73,2.433333333333333,640,480,h264,0,73,0.0,0.0,0.0,0.0,0.0,0.0,39.0,53.42465753424658,35.0,42.0,57.534246575342465,37.0,39.0,53.42465753424658,"[[0, 4], [38, 35]]",35.0,4.0,35.0,34.0,,0.0,0.0,0.0,0.0,0.0,39.0,0.0,42.0,73.0,0.0,True,0.0036064169835299253,3.2772543750470504
part_1/1590837677039214-BIRTH.mp4,part_1/1590837677039214-BIRTH.mp4,birth,train,53b55f0b096a9c91d4e8.npz,616554,True,both_hands_missing_fraction,,"{""hands"": 128, ""hands_pose"": 261, ""hands_pose_face"": 1666}",0.10905616101808846,4.295321370707825,29.97364953886693,,92,3.0693626373626373,640,480,h264,0,92,0.0,0.0,0.0,0.0,0.0,0.0,54.0,58.69565217391305,41.0,53.0,57.608695652173914,40.0,48.0,52.17391304347826,"[[0, 8], [52, 40]]",40.0,8.0,40.0,44.0,,0.0,0.0,0.0,0.0,5.0,49.0,4.0,49.0,92.0,0.0,True,0.0038127920124679804,4.493956999969669
part_1/1649337242624458-CAPE.mp4,part_1/1649337242624458-CAPE.mp4,cape,train,d2c672393eac84f1f78a.npz,523076,True,both_hands_missing_fraction,,"{""hands"": 128, ""hands_pose"": 261, ""hands_pose_face"": 1666}",0.046080417349003255,1.7884839959442616,14.984227129337539,,39,2.6027368421052635,640,480,h264,0,78,0.0,0.0,0.0,0.0,0.0,0.0,41.0,52.56410256410257,36.0,44.0,56.41025641025641,36.0,41.0,52.56410256410257,"[[0, 5], [42, 36]]",36.0,5.0,36.0,37.0,,0.0,0.0,0.0,0.0,0.0,41.0,0.0,44.0,78.0,0.0,True,0.003453416982665658,1.8818295419914648
part_1/17168186292515686-NEVER.mp4,part_1/17168186292515686-NEVER.mp4,never,train,1c67337daf1d3c589d28.npz,349474,True,both_hands_missing_fraction,,"{""hands"": 128, ""hands_pose"": 261, ""hands_pose_face"": 1666}",0.07969004125334322,2.5337709565646946,30.581999999999997,,53,1.7330455823687139,640,480,h264,0,52,0.0,0.0,0.0,0.0,0.0,0.0,52.0,100.0,52.0,43.0,82.6923076923077,31.0,43.0,82.6923076923077,"[[0, 9], [15, 2], [18, 1], [21, 31]]",31.0,9.0,31.0,12.0,,0.0,0.0,0.0,0.0,0.0,52.0,3.0,40.0,52.0,0.0,True,0.005125292111188173,2.6749619169859216
part_1/1728288380590255-ZOO.mp4,part_1/1728288380590255-ZOO.mp4,zoo,train,5ddf10bf03eda20afa93.npz,1103975,True,both_hands_missing_fraction,,"{""hands"": 128, ""hands_pose"": 261, ""hands_pose_face"": 1666}",0.13164966274052858,7.833018091390841,30.732999999999997,,169,5.4989750431132665,640,480,h264,0,165,0.0,0.0,0.0,0.0,0.0,0.0,165.0,100.0,165.0,70.0,42.42424242424242,24.0,70.0,42.42424242424242,"[[0, 22], [72, 23], [96, 1], [141, 24]]",24.0,22.0,24.0,119.0,both_hands_missing_run,0.0,0.0,0.0,0.0,0.0,165.0,1.0,69.0,165.0,0.0,True,0.006607291055843234,8.072680708020926
part_1/17466826956034764-SPONTANEOUS.mp4,part_1/17466826956034764-SPONTANEOUS.mp4,spontaneous,train,74bb73012fadd3e21eaf.npz,609877,True,both_hands_missing_fraction,,"{""hands"": 128, ""hands_pose"": 261, ""hands_pose_face"": 1666}",0.08522045495919883,4.07188066712115,30.0,,91,3.033333333333333,640,480,h264,0,91,0.0,0.0,0.0,0.0,0.0,0.0,59.0,64.83516483516483,47.0,62.0,68.13186813186813,49.0,58.0,63.73626373626373,"[[0, 9], [10, 1], [42, 1], [44, 47]]",47.0,9.0,47.0,35.0,,0.0,0.0,0.0,0.0,3.0,56.0,2.0,60.0,91.0,0.0,True,0.006691999966278672,4.239762290962972
part_1/17984011488050022-MORE.mp4,part_1/17984011488050022-MORE.mp4,more,train,e74d23ca9fa14504177a.npz,389536,True,both_hands_missing_fraction,,"{""hands"": 128, ""hands_pose"": 261, ""hands_pose_face"": 1666}",0.05961674882564694,2.8114708764478564,30.506,,59,1.934045761489543,640,480,h264,0,58,0.0,0.0,0.0,0.0,0.0,0.0,32.0,55.172413793103445,27.0,35.0,60.3448275862069,27.0,32.0,55.172413793103445,"[[0, 4], [6, 1], [31, 27]]",27.0,4.0,27.0,27.0,,0.0,0.0,0.0,0.0,1.0,31.0,0.0,35.0,58.0,0.0,True,0.002982625039294362,2.937206667033024
part_10/phone_video_10.mp4,part_10/phone_video_10.mp4,phone,train,3981ea772887f7f8a142.npz,469660,True,both_hands_missing_fraction,,"{""hands"": 128, ""hands_pose"": 261, ""hands_pose_face"": 1666}",0.04509462311398238,2.754714671522379,23.976,,56,2.335669002335669,640,480,mpeg4,0,70,0.0,0.0,0.0,0.0,0.0,0.0,70.0,100.0,70.0,41.0,58.57142857142858,26.0,41.0,58.57142857142858,"[[0, 15], [44, 26]]",26.0,15.0,26.0,29.0,,0.0,0.0,0.0,0.0,0.0,70.0,0.0,41.0,70.0,0.0,True,0.003063624957576394,2.8564678750699386
part_10/pitcher_video_6.mp4,part_10/pitcher_video_6.mp4,pitcher,train,7a452154e3e2085f3b4b.npz,743417,False,,,"{""hands"": 128, ""hands_pose"": 261, ""hands_pose_face"": 1666}",0.087325704167597,5.20686812477652,29.970000000000002,,111,3.7037037037037033,640,480,mpeg4,0,111,0.0,0.0,0.0,0.0,0.0,0.0,26.0,23.423423423423422,10.0,30.0,27.027027027027028,10.0,19.0,17.117117117117118,"[[0, 10], [11, 1], [21, 1], [104, 7]]",10.0,10.0,7.0,94.0,,0.0,0.0,0.0,0.0,9.0,17.0,12.0,18.0,111.0,0.0,False,0.004866999923251569,5.3872272910084575
part_10/place_video_23.mp4,part_10/place_video_23.mp4,place,train,,0,True,too_few_decoded_frames,,"{""hands"": 128, ""hands_pose"": 261, ""hands_pose_face"": 1666}",0.021675957133993506,1.3686162085505202,23.976,,27,1.1261261261261262,640,480,mpeg4,0,34,,,,,,,,,,,,,,,,,,,,,,,,,,,,,,,False,3.308302257210016e-05,1.4299144999822602
part_10/play_video_25.mp4,part_10/play_video_25.mp4,play,train,0a541cdcb96cbbe55869.npz,703355,True,both_hands_missing_fraction,,"{""hands"": 128, ""hands_pose"": 261, ""hands_pose_face"": 1666}",0.07908958522602916,4.912652996252291,29.97002997002997,,105,3.5035000000000003,512,384,h264,0,105,0.0,0.0,0.0,0.0,0.0,0.0,53.0,50.476190476190474,28.0,53.0,50.476190476190474,31.0,49.0,46.666666666666664,"[[0, 20], [21, 1], [77, 28]]",28.0,20.0,28.0,57.0,,0.0,0.0,0.0,0.0,2.0,51.0,2.0,51.0,105.0,0.0,True,0.00446924997959286,5.070371708017774
part_10/point_1.mp4,part_10/point_1.mp4,point,train,c9e3e7dc49cf7d9a9a11.npz,569815,True,both_hands_missing_fraction,,"{""hands"": 128, ""hands_pose"": 261, ""hands_pose_face"": 1666}",0.05588787398301065,3.2192044170806184,23.976,,68,2.8361695028361695,640,480,mpeg4,0,85,0.0,0.0,0.0,0.0,0.0,0.0,46.0,54.11764705882353,28.0,49.0,57.647058823529406,28.0,45.0,52.94117647058824,"[[0, 15], [16, 1], [20, 1], [57, 28]]",28.0,15.0,28.0,42.0,,0.0,0.0,0.0,0.0,1.0,45.0,6.0,43.0,85.0,0.0,True,0.0036338750505819917,3.3399856670293957
part_10/poor_video_10.mp4,part_10/poor_video_10.mp4,poor,train,d330cd1ee633f0b7e621.npz,1190776,True,both_hands_missing_fraction,,"{""hands"": 128, ""hands_pose"": 261, ""hands_pose_face"": 1666}",0.13571128947660327,8.2026176226791,29.970000000000002,,178,5.939272605939272,640,480,mpeg4,0,178,0.0,0.0,0.0,0.0,0.0,0.0,127.0,71.34831460674157,101.0,73.0,41.01123595505618,49.0,73.0,41.01123595505618,"[[0, 49], [152, 2], [156, 22]]",49.0,49.0,22.0,107.0,,0.0,0.0,0.0,0.0,0.0,127.0,2.0,71.0,178.0,0.0,True,0.006467542028985918,8.452741042012349
part_10/pour_20241119_172651_20.mp4,part_10/pour_20241119_172651_20.mp4,pour,train,a4c886aa05a87a62199b.npz,649939,True,both_hands_missing_fraction,,"{""hands"": 128, ""hands_pose"": 261, ""hands_pose_face"": 1666}",0.09100704616867006,4.314139340305701,31.052999999999997,,100,3.220300776092487,640,480,h264,0,97,0.0,0.0,0.0,0.0,0.0,0.0,97.0,100.0,97.0,51.0,52.57731958762887,38.0,51.0,52.57731958762887,"[[0, 13], [59, 38]]",38.0,13.0,38.0,46.0,,0.0,0.0,0.0,0.0,0.0,97.0,0.0,51.0,97.0,0.0,True,0.006315124919638038,4.49806137511041
part_10/pour_20241119_172651_44.mp4,part_10/pour_20241119_172651_44.mp4,pour,train,061e7eb6f97aa027e9a0.npz,342797,True,both_hands_missing_fraction,,"{""hands"": 128, ""hands_pose"": 261, ""hands_pose_face"": 1666}",0.05010000430047512,2.362928703078069,29.97601918465228,,51,1.70136,640,480,h264,0,51,0.0,0.0,0.0,0.0,0.0,0.0,51.0,100.0,51.0,33.0,64.70588235294117,25.0,33.0,64.70588235294117,"[[0, 8], [26, 25]]",25.0,8.0,25.0,18.0,,0.0,0.0,0.0,0.0,0.0,51.0,0.0,33.0,51.0,0.0,True,0.002814708976075053,2.4703201670199633
part_10/price_6.mp4,part_10/price_6.mp4,price,train,d7202331274e1874a7a8.npz,509722,False,,,"{""hands"": 128, ""hands_pose"": 261, ""hands_pose_face"": 1666}",0.06185099913273007,3.579355955007486,30.0,,76,2.533333333333333,640,480,h264,0,76,1.0,1.3157894736842104,1.0,1.0,1.3157894736842104,1.0,24.0,31.57894736842105,12.0,20.0,26.31578947368421,12.0,17.0,22.36842105263158,"[[0, 12], [71, 5]]",12.0,12.0,5.0,59.0,,0.0,1.0,0.0,1.0,7.0,17.0,2.0,18.0,75.0,1.0,False,0.0042178339790552855,3.712128416984342
part_10/psychology_video_0.mp4,part_10/psychology_video_0.mp4,psychology,train,f16367cb679c25acefe2.npz,649939,True,both_hands_missing_fraction,,"{""hands"": 128, ""hands_pose"": 261, ""hands_pose_face"": 1666}",0.08478374662809074,4.530589581234381,29.97,,97,3.2365699032365702,640,480,mpeg4,0,97,0.0,0.0,0.0,0.0,0.0,0.0,55.0,56.70103092783505,28.0,55.0,56.70103092783505,25.0,48.0,49.48453608247423,"[[0, 25], [39, 2], [44, 3], [50, 1], [55, 1], [81, 16]]",25.0,25.0,16.0,56.0,,0.0,0.0,0.0,0.0,4.0,51.0,6.0,49.0,97.0,0.0,True,0.0038650839123874903,4.694850582978688
part_10/quite_a_little_video_35.mp4,part_10/quite_a_little_video_35.mp4,quite a little,train,3e93f609dc818a870034.npz,1190776,True,both_hands_missing_fraction,,"{""hands"": 128, ""hands_pose"": 261, ""hands_pose_face"": 1666}",0.12495461862999946,8.441004130523652,29.970000000000002,,178,5.939272605939272,640,480,mpeg4,0,178,0.0,0.0,0.0,2.0,1.1235955056179776,2.0,119.0,66.85393258426966,43.0,88.0,49.43820224719101,39.0,83.0,46.62921348314607,"[[0, 39], [44, 1], [46, 2], [65, 3], [140, 38]]",39.0,39.0,38.0,101.0,,0.0,0.0,2.0,0.0,13.0,106.0,10.0,78.0,178.0,0.0,True,0.006503958022221923,8.679299958050251
part_10/quite_a_little_video_36.mp4,part_10/quite_a_little_video_36.mp4,quite a little,train,47fdb931ce334d0cd3a6.npz,516399,False,,,"{""hands"": 128, ""hands_pose"": 261, ""hands_pose_face"": 1666}",0.05797408660873771,3.6506750422995538,29.97,,77,2.569235902569236,640,480,mpeg4,0,77,0.0,0.0,0.0,0.0,0.0,0.0,15.0,19.480519480519483,9.0,14.0,18.181818181818183,8.0,13.0,16.883116883116884,"[[0, 5], [69, 8]]",8.0,5.0,8.0,64.0,,0.0,0.0,0.0,0.0,0.0,15.0,1.0,13.0,77.0,0.0,False,0.004264375078491867,3.7839070829795673
part_10/quite_a_little_video_42.mp4,part_10/quite_a_little_video_42.mp4,quite a little,train,fbab57fc438ae0964b29.npz,409567,False,,,"{""hands"": 128, ""hands_pose"": 261, ""hands_pose_face"": 1666}",0.06816432834602892,2.8385577115695924,29.470000000000002,,60,2.035968781812012,640,480,mpeg4,0,61,0.0,0.0,0.0,0.0,0.0,0.0,10.0,16.39344262295082,10.0,6.0,9.836065573770492,6.0,6.0,9.836065573770492,"[[55, 6]]",6.0,0.0,6.0,55.0,,0.0,0.0,0.0,0.0,0.0,10.0,0.0,6.0,61.0,0.0,False,0.0030158330919221044,2.9703765829326585
part_10/r_video_2_r_aug_7.mp4,part_10/r_video_2_r_aug_7.mp4,r,train,6028ef18cb74626996f9.npz,937050,False,,,"{""hands"": 128, ""hands_pose"": 261, ""hands_pose_face"": 1666}",0.11606800742447376,6.6315072062425315,29.970000000000002,,140,4.6713380046713375,640,480,mpeg4,0,140,0.0,0.0,0.0,0.0,0.0,0.0,19.0,13.571428571428571,14.0,24.0,17.142857142857142,16.0,15.0,10.714285714285714,"[[124, 1], [126, 14]]",14.0,0.0,14.0,126.0,,0.0,0.0,0.0,0.0,5.0,14.0,8.0,16.0,140.0,0.0,False,0.00506983301602304,6.8470125830499455
part_10/razor_20241119_172651_14.mp4,part_10/razor_20241119_172651_14.mp4,razor,train,416a5139c936b22eaa64.npz,242642,True,both_hands_missing_fraction,,"{""hands"": 128, ""hands_pose"": 261, ""hands_pose_face"": 1666}",0.044662788859568536,1.6817735430086032,29.991431019708653,,36,1.2003428571428572,640,480,h264,0,36,0.0,0.0,0.0,0.0,0.0,0.0,12.0,33.33333333333333,7.0,36.0,100.0,36.0,12.0,33.33333333333333,"[[0, 5], [29, 7]]",7.0,5.0,7.0,24.0,,0.0,0.0,0.0,0.0,0.0,12.0,0.0,36.0,36.0,0.0,True,0.004274583072401583,1.7803900830913335
part_10/relief_video_0.mp4,part_10/relief_video_0.mp4,relief,train,99a16610c07c308d763a.npz,636585,True,both_hands_missing_fraction,,"{""hands"": 128, ""hands_pose"": 261, ""hands_pose_face"": 1666}",0.07798587076831609,4.507502495776862,29.970000000000002,,95,3.169836503169836,640,480,h264,0,95,1.0,1.0526315789473684,1.0,1.0,1.0526315789473684,1.0,66.0,69.47368421052632,43.0,55.0,57.89473684210527,42.0,52.0,54.736842105263165,"[[0, 9], [50, 1], [53, 42]]",42.0,9.0,42.0,44.0,,0.0,1.0,0.0,1.0,5.0,61.0,2.0,53.0,94.0,1.0,True,0.0037981660570949316,4.658815875067376
part_10/resist_video_0.mp4,part_10/resist_video_0.mp4,resist,train,6aead46378b60cc2534f.npz,810187,True,both_hands_missing_fraction,,"{""hands"": 128, ""hands_pose"": 261, ""hands_pose_face"": 1666}",0.09879725461360067,5.745035375235602,29.970029970029973,,121,4.037366666666666,512,384,h264,0,121,0.0,0.0,0.0,0.0,0.0,0.0,121.0,100.0,121.0,68.0,56.19834710743802,32.0,68.0,56.19834710743802,"[[0, 32], [47, 3], [85, 2], [90, 31]]",32.0,32.0,31.0,58.0,,0.0,0.0,0.0,0.0,0.0,121.0,5.0,63.0,121.0,0.0,True,0.005134499981068075,5.933978082961403
part_10/restaurant_7.mp4,part_10/restaurant_7.mp4,restaurant,train,59c5b39281f2b7e6f4f3.npz,442952,True,both_hands_missing_fraction,,"{""hands"": 128, ""hands_pose"": 261, ""hands_pose_face"": 1666}",0.038266665767878294,2.6155764119466767,23.976,,53,2.210543877210544,640,480,mpeg4,0,66,0.0,0.0,0.0,0.0,0.0,0.0,66.0,100.0,66.0,36.0,54.54545454545454,17.0,36.0,54.54545454545454,"[[0, 17], [44, 1], [46, 1], [49, 17]]",17.0,17.0,17.0,32.0,,0.0,0.0,0.0,0.0,0.0,66.0,2.0,34.0,66.0,0.0,True,0.0047659160336479545,2.711546584032476
part_10/ruin_video_2.mp4,part_10/ruin_video_2.mp4,ruin,train,,0,True,too_few_decoded_frames,,"{""hands"": 128, ""hands_pose"": 261, ""hands_pose_face"": 1666}",0.019733124994672835,1.2236966248601675,23.976,,24,1.001001001001001,640,480,mpeg4,0,30,,,,,,,,,,,,,,,,,,,,,,,,,,,,,,,False,2.6582973077893257e-05,1.283899291884154
part_10/s_4_s_aug_16.mp4,part_10/s_4_s_aug_16.mp4,s,train,31989256790edbfe9b60.npz,202580,False,,,"{""hands"": 128, ""hands_pose"": 261, ""hands_pose_face"": 1666}",0.01824846211820841,1.4634454568149522,29.970000000000002,,30,1.0010010010010009,192,288,h264,0,30,0.0,0.0,0.0,0.0,0.0,0.0,30.0,100.0,30.0,0.0,0.0,0.0,0.0,0.0,[],0.0,0.0,0.0,30.0,,0.0,0.0,0.0,0.0,0.0,30.0,0.0,0.0,30.0,0.0,False,0.003312665969133377,1.5287173329852521
part_10/s_4_s_aug_20.mp4,part_10/s_4_s_aug_20.mp4,s,train,040dd277872ae5069744.npz,202580,False,,,"{""hands"": 128, ""hands_pose"": 261, ""hands_pose_face"": 1666}",0.02272341784555465,1.4781648308271542,29.970000000000002,,30,1.0010010010010009,288,192,h264,0,30,0.0,0.0,0.0,0.0,0.0,0.0,30.0,100.0,30.0,0.0,0.0,0.0,0.0,0.0,[],0.0,0.0,0.0,30.0,,0.0,0.0,0.0,0.0,0.0,30.0,0.0,0.0,30.0,0.0,False,0.002302750013768673,1.5404391249176115
part_10/score_video_7.mp4,part_10/score_video_7.mp4,score,train,2e89426c8a99f475f152.npz,643262,True,both_hands_missing_fraction,,"{""hands"": 128, ""hands_pose"": 261, ""hands_pose_face"": 1666}",0.06959775276482105,4.590898210532032,29.97,,96,3.2032032032032034,640,480,mpeg4,0,96,0.0,0.0,0.0,9.0,9.375,9.0,83.0,86.45833333333334,46.0,52.0,54.166666666666664,31.0,52.0,54.166666666666664,"[[0, 31], [70, 1], [76, 20]]",31.0,31.0,20.0,45.0,,0.0,0.0,0.0,9.0,8.0,75.0,1.0,51.0,96.0,0.0,True,0.00419804104603827,4.728787207975984
part_10/screwdriver_20241119_172653_5.mp4,part_10/screwdriver_20241119_172653_5.mp4,screwdriver,train,cf36ebcab6f1f53d42f8.npz,329443,False,,,"{""hands"": 128, ""hands_pose"": 261, ""hands_pose_face"": 1666}",0.04132837487850338,2.3703685429645702,30.0,,49,1.6333333333333333,640,480,h264,0,49,0.0,0.0,0.0,0.0,0.0,0.0,11.0,22.448979591836736,11.0,49.0,100.0,49.0,11.0,22.448979591836736,"[[0, 11]]",11.0,11.0,0.0,38.0,,0.0,0.0,0.0,0.0,0.0,11.0,0.0,49.0,49.0,0.0,False,0.0027206670492887497,2.4725000000325963
part_10/set_video_58.mp4,part_10/set_video_58.mp4,set,train,91e15cf9558757e25a3a.npz,255996,True,both_hands_missing_fraction,,"{""hands"": 128, ""hands_pose"": 261, ""hands_pose_face"": 1666}",0.0318761266535148,1.4755410371581092,23.976000000000003,,30,1.251251251251251,640,480,mpeg4,0,38,0.0,0.0,0.0,0.0,0.0,0.0,15.0,39.473684210526315,7.0,18.0,47.368421052631575,9.0,12.0,31.57894736842105,"[[0, 2], [4, 2], [21, 1], [31, 7]]",7.0,2.0,7.0,29.0,,0.0,0.0,0.0,0.0,6.0,9.0,3.0,15.0,38.0,0.0,True,0.004134332993999124,1.55700174998492
part_10/shake_20241119_172653_45.mp4,part_10/shake_20241119_172653_45.mp4,shake,train,c3c634f5719431fb329c.npz,723386,True,both_hands_missing_fraction,,"{""hands"": 128, ""hands_pose"": 261, ""hands_pose_face"": 1666}",0.10244379367213696,5.005072335945442,29.913335197092536,,108,3.610429906542056,640,480,h264,0,108,0.0,0.0,0.0,0.0,0.0,0.0,74.0,68.51851851851852,37.0,79.0,73.14814814814815,42.0,74.0,68.51851851851852,"[[0, 37], [39, 1], [72, 36]]",37.0,37.0,36.0,35.0,,0.0,0.0,0.0,0.0,1.0,73.0,0.0,79.0,108.0,0.0,True,0.004577749990858138,5.199841875000857
part_10/share_video_5.mp4,part_10/share_video_5.mp4,share,train,f9cbfafadddb41652999.npz,629908,True,both_hands_missing_fraction,,"{""hands"": 128, ""hands_pose"": 261, ""hands_pose_face"": 1666}",0.10749462607782334,4.406207712949254,30.0,,94,3.1333333333333333,640,480,mpeg4,0,94,0.0,0.0,0.0,0.0,0.0,0.0,33.0,35.1063829787234,16.0,36.0,38.297872340425535,16.0,29.0,30.851063829787233,"[[0, 16], [81, 13]]",16.0,16.0,13.0,65.0,,0.0,0.0,0.0,0.0,1.0,32.0,7.0,29.0,94.0,0.0,True,0.00409254094120115,4.5906308750854805
part_10/shop_20241119_172653_53.mp4,part_10/shop_20241119_172653_53.mp4,shop,train,07c764d55faaf6b9872b.npz,663293,True,both_hands_missing_fraction,,"{""hands"": 128, ""hands_pose"": 261, ""hands_pose_face"": 1666}",0.08628433255944401,4.227126624435186,29.969,,99,3.3034135273115552,640,480,h264,0,99,0.0,0.0,0.0,0.0,0.0,0.0,62.0,62.62626262626263,45.0,61.0,61.61616161616161,44.0,56.0,56.56565656565656,"[[0, 12], [55, 44]]",44.0,12.0,44.0,43.0,,0.0,0.0,0.0,0.0,1.0,61.0,5.0,56.0,99.0,0.0,True,0.008639417006634176,4.408924082992598
part_10/shop_20241119_172653_63.mp4,part_10/shop_20241119_172653_63.mp4,shop,train,58f06d6a1b8f9e5c1285.npz,943727,True,both_hands_missing_fraction,,"{""hands"": 128, ""hands_pose"": 261, ""hands_pose_face"": 1666}",0.14626228832639754,5.689267794950865,29.972168700492396,,141,4.704364285714286,640,480,h264,0,141,0.0,0.0,0.0,0.0,0.0,0.0,111.0,78.72340425531915,58.0,112.0,79.43262411347519,59.0,108.0,76.59574468085107,"[[0, 50], [83, 58]]",58.0,50.0,58.0,33.0,,0.0,0.0,0.0,0.0,1.0,110.0,3.0,109.0,141.0,0.0,True,0.005076625035144389,5.93739466695115
part_10/shout_20241119_172654_10.mp4,part_10/shout_20241119_172654_10.mp4,shout,train,,0,True,too_few_decoded_frames,,"{""hands"": 128, ""hands_pose"": 261, ""hands_pose_face"": 1666}",0.025224917219020426,1.3908274990972131,29.97,,28,0.9342676009342676,640,480,mpeg4,0,28,,,,,,,,,,,,,,,,,,,,,,,,,,,,,,,False,3.0542025342583656e-05,1.4571608330588788
part_10/shower_9.mp4,part_10/shower_9.mp4,shower,train,5b4f3621682629d87f26.npz,576492,True,both_hands_missing_fraction,,"{""hands"": 128, ""hands_pose"": 261, ""hands_pose_face"": 1666}",0.06715332821477205,4.339684000937268,29.97,,86,2.8695362028695364,640,480,mpeg4,0,86,0.0,0.0,0.0,0.0,0.0,0.0,86.0,100.0,86.0,42.0,48.837209302325576,21.0,42.0,48.837209302325576,"[[0, 21], [65, 21]]",21.0,21.0,21.0,44.0,,0.0,0.0,0.0,0.0,0.0,86.0,0.0,42.0,86.0,0.0,True,0.004470790969207883,4.4783283330034465
part_10/siren_video_2.mp4,part_10/siren_video_2.mp4,siren,train,28318cf3f547b5e84b8b.npz,3914992,True,both_hands_missing_fraction,,"{""hands"": 128, ""hands_pose"": 261, ""hands_pose_face"": 1666}",0.3064852902898565,20.40512329142075,29.97,,585,19.51951951951952,640,480,mpeg4,0,586,111.0,18.941979522184297,64.0,136.0,23.208191126279864,121.0,342.0,58.36177474402731,145.0,277.0,47.269624573378834,162.0,220.0,37.54266211604095,"[[0, 16], [62, 4], [70, 2], [119, 4], [129, 4], [137, 5], [147, 2], [177, 1], [234, 17], [304, 1], [329, 2], [363, 1], [372, 1], [386, 1], [421, 1], [427, 145], [573, 13]]",145.0,16.0,13.0,557.0,both_hands_missing_fraction,11.0,100.0,8.0,128.0,39.0,303.0,55.0,222.0,486.0,100.0,True,0.01457933394704014,20.937372499960475
part_10/slew_video_18.mp4,part_10/slew_video_18.mp4,slew,train,bf3a876c53431cc7876b.npz,402890,True,both_hands_missing_fraction,,"{""hands"": 128, ""hands_pose"": 261, ""hands_pose_face"": 1666}",0.06726737378630787,3.1016059580724686,29.97,,60,2.002002002002002,640,480,mpeg4,0,60,0.0,0.0,0.0,0.0,0.0,0.0,20.0,33.33333333333333,8.0,26.0,43.333333333333336,12.0,19.0,31.666666666666664,"[[0, 8], [19, 5], [25, 1], [53, 1], [55, 1], [57, 3]]",8.0,8.0,3.0,49.0,,0.0,0.0,0.0,0.0,7.0,13.0,3.0,23.0,60.0,0.0,True,0.003616499947384,3.233385083032772
part_10/smile_20241119_172654_6.mp4,part_10/smile_20241119_172654_6.mp4,smile,train,39c138dc52f8edc0fed6.npz,556461,True,both_hands_missing_fraction,,"{""hands"": 128, ""hands_pose"": 261, ""hands_pose_face"": 1666}",0.05520357796922326,3.5357509173918515,23.976,,66,2.7527527527527527,640,480,mpeg4,0,83,0.0,0.0,0.0,0.0,0.0,0.0,44.0,53.01204819277109,24.0,44.0,53.01204819277109,23.0,41.0,49.39759036144578,"[[0, 14], [15, 1], [51, 3], [60, 23]]",23.0,14.0,23.0,46.0,,0.0,0.0,0.0,0.0,4.0,40.0,7.0,37.0,83.0,0.0,True,0.004636083031073213,3.6634518750943244
part_10/smoking_0.mp4,part_10/smoking_0.mp4,smoking,train,1877d2e6b0e84458770e.npz,396213,True,both_hands_missing_fraction,,"{""hands"": 128, ""hands_pose"": 261, ""hands_pose_face"": 1666}",0.05590545735321939,3.1755147486692294,29.970000000000002,,59,1.9686353019686351,640,480,mpeg4,0,59,0.0,0.0,0.0,0.0,0.0,0.0,59.0,100.0,59.0,35.0,59.32203389830508,20.0,35.0,59.32203389830508,"[[1, 1], [6, 2], [14, 2], [18, 2], [21, 2], [27, 1], [30, 4], [36, 1], [39, 20]]",20.0,0.0,20.0,39.0,both_hands_missing_fraction,0.0,0.0,0.0,0.0,0.0,59.0,15.0,20.0,59.0,0.0,True,0.0035805420484393835,3.3021000830922276
part_10/sneeze_20241119_172654_49.mp4,part_10/sneeze_20241119_172654_49.mp4,sneeze,train,94fbe647a48bdb08a993.npz,336120,True,both_hands_missing_fraction,,"{""hands"": 128, ""hands_pose"": 261, ""hands_pose_face"": 1666}",0.05388920905534178,2.6639312121551484,29.96941896024465,,50,1.6683673469387754,640,480,h264,0,50,0.0,0.0,0.0,0.0,0.0,0.0,48.0,96.0,26.0,28.0,56.00000000000001,20.0,27.0,54.0,"[[0, 4], [9, 1], [17, 1], [27, 2], [30, 1], [32, 18]]",18.0,4.0,18.0,28.0,,0.0,0.0,0.0,0.0,0.0,48.0,4.0,24.0,50.0,0.0,True,0.005308124935254455,2.7921707079513
part_10/snow_20241119_172654_48.mp4,part_10/snow_20241119_172654_48.mp4,snow,train,62d68d142e2ad4fbd18e.npz,649939,True,both_hands_missing_fraction,,"{""hands"": 128, ""hands_pose"": 261, ""hands_pose_face"": 1666}",0.09504783514421433,4.6282356234733015,29.971901342491417,,97,3.236364583333333,640,480,h264,0,97,0.0,0.0,0.0,0.0,0.0,0.0,39.0,40.20618556701031,24.0,63.0,64.94845360824742,47.0,38.0,39.175257731958766,"[[0, 24], [83, 14]]",24.0,24.0,14.0,59.0,,0.0,0.0,0.0,0.0,0.0,39.0,2.0,61.0,97.0,0.0,True,0.0038647090550512075,4.799460417008959
part_10/soap_20241119_172654_32.mp4,part_10/soap_20241119_172654_32.mp4,soap,train,b88870cc9f953e82cc84.npz,296058,True,both_hands_missing_fraction,,"{""hands"": 128, ""hands_pose"": 261, ""hands_pose_face"": 1666}",0.045844872132875025,2.18309570744168,30.006978367062107,,44,1.4663255813953489,640,480,h264,0,44,0.0,0.0,0.0,0.0,0.0,0.0,40.0,90.9090909090909,19.0,25.0,56.81818181818182,19.0,24.0,54.54545454545454,"[[0, 5], [8, 1], [26, 18]]",18.0,5.0,18.0,21.0,,0.0,0.0,0.0,0.0,3.0,37.0,1.0,24.0,44.0,0.0,True,0.002869957941584289,2.2844900829950348
part_10/something_6.mp4,part_10/something_6.mp4,something,train,26e45ddedd0daa50b8dd.npz,583169,True,both_hands_missing_fraction,,"{""hands"": 128, ""hands_pose"": 261, ""hands_pose_face"": 1666}",0.05450512433890253,3.71425404259935,30.314999999999998,,88,2.9028533729176975,640,480,mpeg4,0,87,1.0,1.1494252873563218,1.0,1.0,1.1494252873563218,1.0,87.0,100.0,87.0,61.0,70.11494252873564,37.0,61.0,70.11494252873564,"[[0, 24], [50, 37]]",37.0,24.0,37.0,26.0,,0.0,1.0,0.0,1.0,0.0,87.0,0.0,61.0,86.0,1.0,True,0.0032289590453729033,3.8418080410920084
part_10/son_video_5.mp4,part_10/son_video_5.mp4,son,train,68be45fc700f5d1076b9.npz,309412,False,,,"{""hands"": 128, ""hands_pose"": 261, ""hands_pose_face"": 1666}",0.039329081773757935,2.3852787479991093,29.970000000000002,,46,1.534868201534868,640,480,mpeg4,0,46,0.0,0.0,0.0,0.0,0.0,0.0,11.0,23.91304347826087,6.0,14.0,30.434782608695656,5.0,9.0,19.565217391304348,"[[0, 2], [3, 2], [41, 5]]",5.0,2.0,5.0,39.0,,0.0,0.0,0.0,0.0,0.0,11.0,7.0,7.0,46.0,0.0,False,0.00299849989823997,2.484896791051142
part_10/spate_video_11.mp4,part_10/spate_video_11.mp4,spate,train,09446eca19ce7a7e116c.npz,269350,True,both_hands_missing_fraction,,"{""hands"": 128, ""hands_pose"": 261, ""hands_pose_face"": 1666}",0.028454871266148984,1.4604349208530039,23.976,,32,1.3346680013346681,640,480,mpeg4,0,40,0.0,0.0,0.0,0.0,0.0,0.0,16.0,40.0,10.0,15.0,37.5,7.0,13.0,32.5,"[[0, 7], [34, 6]]",7.0,7.0,6.0,27.0,,0.0,0.0,0.0,0.0,0.0,16.0,2.0,13.0,40.0,0.0,True,0.002398250042460859,1.5448841670295224
part_10/square_video_7.mp4,part_10/square_video_7.mp4,square,train,9dfc1d9b53d3a22cfdea.npz,703355,False,,,"{""hands"": 128, ""hands_pose"": 261, ""hands_pose_face"": 1666}",0.1275823333999142,4.963912243489176,29.97,,105,3.5035035035035036,640,480,mpeg4,0,105,0.0,0.0,0.0,0.0,0.0,0.0,14.0,13.333333333333334,6.0,13.0,12.380952380952381,4.0,9.0,8.571428571428571,"[[0, 4], [7, 2], [102, 3]]",4.0,4.0,3.0,98.0,,0.0,0.0,0.0,0.0,4.0,10.0,6.0,7.0,105.0,0.0,False,0.004296957980841398,5.17565824999474
part_11/story_20241119_172655_31.mp4,part_11/story_20241119_172655_31.mp4,story,train,783c0875bda8a17a742a.npz,349474,True,both_hands_missing_fraction,,"{""hands"": 128, ""hands_pose"": 261, ""hands_pose_face"": 1666}",0.10326116718351841,2.4392925834981725,29.964747356051706,,52,1.7353725490196077,640,480,h264,0,52,0.0,0.0,0.0,0.0,0.0,0.0,33.0,63.46153846153846,23.0,31.0,59.61538461538461,24.0,30.0,57.692307692307686,"[[0, 7], [29, 23]]",23.0,7.0,23.0,22.0,,0.0,0.0,0.0,0.0,3.0,30.0,0.0,31.0,52.0,0.0,True,0.0026268749497830868,2.595335541991517
part_11/strawberry_20241119_172655_113.mp4,part_11/strawberry_20241119_172655_113.mp4,strawberry,train,66ed757c975728d650c0.npz,409567,True,both_hands_missing_fraction,,"{""hands"": 128, ""hands_pose"": 261, ""hands_pose_face"": 1666}",0.07754216133616865,3.0347434603609145,30.0,,61,2.033333333333333,640,480,h264,0,61,0.0,0.0,0.0,0.0,0.0,0.0,46.0,75.40983606557377,29.0,61.0,100.0,61.0,46.0,75.40983606557377,"[[0, 17], [32, 29]]",29.0,17.0,29.0,15.0,,0.0,0.0,0.0,0.0,0.0,46.0,0.0,61.0,61.0,0.0,True,0.0040812500519678,3.1831312079448253
part_11/stupid_20241119_172655_5.mp4,part_11/stupid_20241119_172655_5.mp4,stupid,train,2ed79baf1863b437094e.npz,1431148,True,both_hands_missing_run,,"{""hands"": 128, ""hands_pose"": 261, ""hands_pose_face"": 1666}",0.25819338171277195,11.35189374757465,29.97,,214,7.140473807140474,640,480,mpeg4,0,214,0.0,0.0,0.0,1.0,0.46728971962616817,1.0,184.0,85.98130841121495,119.0,47.0,21.962616822429908,29.0,47.0,21.962616822429908,"[[0, 29], [31, 1], [196, 1], [198, 16]]",29.0,29.0,16.0,169.0,,0.0,0.0,1.0,0.0,1.0,183.0,2.0,45.0,214.0,0.0,True,0.010245249955914915,11.754623708082363
part_11/support_20241119_172655_89.mp4,part_11/support_20241119_172655_89.mp4,support,train,b730daabc4d83815d128.npz,396213,True,both_hands_missing_fraction,,"{""hands"": 128, ""hands_pose"": 261, ""hands_pose_face"": 1666}",0.06770592136308551,3.2249537872849032,30.005173305742368,,59,1.9663275862068967,640,480,h264,0,59,0.0,0.0,0.0,0.0,0.0,0.0,28.0,47.45762711864407,21.0,27.0,45.76271186440678,22.0,26.0,44.06779661016949,"[[0, 5], [38, 21]]",21.0,5.0,21.0,33.0,,0.0,0.0,0.0,0.0,0.0,28.0,0.0,27.0,59.0,0.0,True,0.0032697919523343444,3.361687291995622
part_11/sweetheart_5.mp4,part_11/sweetheart_5.mp4,sweetheart,train,3ea99e32be59b1ef34bc.npz,549784,True,both_hands_missing_fraction,,"{""hands"": 128, ""hands_pose"": 261, ""hands_pose_face"": 1666}",0.07837275124620646,3.3080270010977983,25.0,,68,2.72,640,480,mpeg4,0,82,0.0,0.0,0.0,0.0,0.0,0.0,38.0,46.34146341463415,22.0,37.0,45.1219512195122,21.0,36.0,43.90243902439025,"[[0, 15], [61, 21]]",21.0,15.0,21.0,46.0,,0.0,0.0,0.0,0.0,1.0,37.0,1.0,36.0,82.0,0.0,True,0.003416666993871331,3.4637482080142945
part_11/swing_20241119_172656_3.mp4,part_11/swing_20241119_172656_3.mp4,swing,train,c0f9804cae615d15b485.npz,790156,True,both_hands_missing_fraction,,"{""hands"": 128, ""hands_pose"": 261, ""hands_pose_face"": 1666}",0.12336374644655734,5.630966585478745,29.97,,118,3.9372706039372707,640,480,mpeg4,0,118,0.0,0.0,0.0,0.0,0.0,0.0,72.0,61.016949152542374,39.0,79.0,66.94915254237289,37.0,70.0,59.32203389830508,"[[0, 37], [85, 33]]",37.0,37.0,33.0,48.0,,0.0,0.0,0.0,0.0,0.0,72.0,5.0,74.0,118.0,0.0,True,0.004383124993182719,5.844658999936655
part_11/talk_20241119_172656_39.mp4,part_11/talk_20241119_172656_39.mp4,talk,train,f652c47821c19fb58a9a.npz,456306,True,both_hands_missing_fraction,,"{""hands"": 128, ""hands_pose"": 261, ""hands_pose_face"": 1666}",0.16280753654427826,3.379961423226632,30.004478280340347,,68,2.2663283582089555,640,480,h264,0,68,0.0,0.0,0.0,0.0,0.0,0.0,46.0,67.64705882352942,23.0,48.0,70.58823529411765,26.0,46.0,67.64705882352942,"[[0, 22], [42, 1], [45, 23]]",23.0,22.0,23.0,23.0,,0.0,0.0,0.0,0.0,1.0,45.0,0.0,48.0,68.0,0.0,True,0.004133792011998594,3.6288272080710158
part_11/tearrip_20241119_195755_34.mp4,part_11/tearrip_20241119_195755_34.mp4,tearrip,train,f35431b28eb3da9fd4fc.npz,770125,True,both_hands_missing_fraction,,"{""hands"": 128, ""hands_pose"": 261, ""hands_pose_face"": 1666}",0.11360507179051638,6.0495940030086786,31.014,,119,3.8369768491648935,640,480,h264,0,115,0.0,0.0,0.0,0.0,0.0,0.0,70.0,60.86956521739131,46.0,75.0,65.21739130434783,44.0,67.0,58.26086956521739,"[[0, 23], [71, 44]]",44.0,23.0,44.0,48.0,,0.0,0.0,0.0,0.0,1.0,69.0,4.0,71.0,115.0,0.0,True,0.007042082957923412,6.2660182499093935
part_11/test_1.mp4,part_11/test_1.mp4,test,train,92c8086ff040e7b85f83.npz,543107,False,,,"{""hands"": 128, ""hands_pose"": 261, ""hands_pose_face"": 1666}",0.10485787794459611,4.412937490502372,29.996250468691414,,81,2.7003375,640,480,h264,0,81,1.0,1.2345679012345678,1.0,1.0,1.2345679012345678,1.0,25.0,30.864197530864196,14.0,21.0,25.925925925925924,12.0,21.0,25.925925925925924,"[[0, 12], [13, 1], [73, 8]]",12.0,12.0,8.0,61.0,,0.0,1.0,0.0,1.0,0.0,25.0,1.0,20.0,80.0,1.0,False,0.004056667094118893,4.605093582998961
part_11/tie_20241119_172656_20.mp4,part_11/tie_20241119_172656_20.mp4,tie,train,bb147b8b4308b9c63e93.npz,436275,True,both_hands_missing_fraction,,"{""hands"": 128, ""hands_pose"": 261, ""hands_pose_face"": 1666}",0.048652080120518804,2.912561622564681,23.976,,52,2.1688355021688355,640,480,mpeg4,0,65,0.0,0.0,0.0,0.0,0.0,0.0,65.0,100.0,65.0,23.0,35.38461538461539,12.0,23.0,35.38461538461539,"[[0, 12], [54, 11]]",12.0,12.0,11.0,42.0,,0.0,0.0,0.0,0.0,0.0,65.0,0.0,23.0,65.0,0.0,True,0.003984667011536658,3.0245052500395104
part_11/topic_video_1.mp4,part_11/topic_video_1.mp4,topic,train,268e4c99b7097bc2707d.npz,589846,True,both_hands_missing_fraction,,"{""hands"": 128, ""hands_pose"": 261, ""hands_pose_face"": 1666}",0.09774907759856433,4.806461251806468,29.970000000000002,,88,2.936269602936269,640,480,mpeg4,0,88,1.0,1.1363636363636365,1.0,1.0,1.1363636363636365,1.0,61.0,69.31818181818183,30.0,61.0,69.31818181818183,31.0,59.0,67.04545454545455,"[[0, 28], [55, 1], [58, 30]]",30.0,28.0,30.0,30.0,,0.0,1.0,0.0,1.0,2.0,59.0,2.0,59.0,87.0,1.0,True,0.006539375055581331,4.990121999988332
part_11/toss_video_9.mp4,part_11/toss_video_9.mp4,toss,train,d3479159ee7348ea0757.npz,456306,True,both_hands_missing_fraction,,"{""hands"": 128, ""hands_pose"": 261, ""hands_pose_face"": 1666}",0.035742584499530494,1.9268049146048725,15.352,,35,2.279833246482543,640,480,mpeg4,0,68,0.0,0.0,0.0,0.0,0.0,0.0,68.0,100.0,68.0,22.0,32.35294117647059,16.0,22.0,32.35294117647059,"[[21, 2], [25, 2], [39, 2], [52, 16]]",16.0,0.0,16.0,52.0,,0.0,0.0,0.0,0.0,0.0,68.0,6.0,16.0,68.0,0.0,True,0.0037975419545546174,2.0156230829888955
part_11/tow_20241119_172658_64.mp4,part_11/tow_20241119_172658_64.mp4,tow,train,81317142d91c5bb0c335.npz,409567,True,both_hands_missing_fraction,,"{""hands"": 128, ""hands_pose"": 261, ""hands_pose_face"": 1666}",0.06506870815064758,3.1886508327443153,30.0,,61,2.033333333333333,640,480,h264,0,61,0.0,0.0,0.0,0.0,0.0,0.0,37.0,60.65573770491803,26.0,34.0,55.73770491803278,24.0,31.0,50.81967213114754,"[[0, 7], [37, 24]]",24.0,7.0,24.0,30.0,,0.0,0.0,0.0,0.0,1.0,36.0,3.0,31.0,61.0,0.0,True,0.004245958989486098,3.3243347079260275
part_11/trim_back_video_7.mp4,part_11/trim_back_video_7.mp4,trim back,train,7cbbd92809fc68b58a71.npz,543107,True,both_hands_missing_fraction,,"{""hands"": 128, ""hands_pose"": 261, ""hands_pose_face"": 1666}",0.07370979338884354,4.499559200718068,29.970000000000002,,81,2.7027027027027026,640,480,mpeg4,0,81,1.0,1.2345679012345678,1.0,1.0,1.2345679012345678,1.0,81.0,100.0,81.0,49.0,60.49382716049383,32.0,49.0,60.49382716049383,"[[0, 17], [49, 32]]",32.0,17.0,32.0,32.0,,0.0,1.0,0.0,1.0,0.0,81.0,0.0,49.0,80.0,1.0,True,0.004417457967065275,4.652751125046052
part_11/trim_down_video_17.mp4,part_11/trim_down_video_17.mp4,trim down,train,3ca4b3b2ce57db3b57ba.npz,629908,True,both_hands_missing_fraction,,"{""hands"": 128, ""hands_pose"": 261, ""hands_pose_face"": 1666}",0.10950275440700352,4.536839793086983,29.970000000000002,,94,3.1364698031364697,640,480,mpeg4,0,94,0.0,0.0,0.0,0.0,0.0,0.0,72.0,76.59574468085107,43.0,52.0,55.319148936170215,43.0,52.0,55.319148936170215,"[[0, 43], [47, 1], [54, 1], [87, 7]]",43.0,43.0,7.0,44.0,,0.0,0.0,0.0,0.0,10.0,62.0,2.0,50.0,94.0,0.0,True,0.004710541921667755,4.736147999996319
part_11/trim_down_video_19.mp4,part_11/trim_down_video_19.mp4,trim down,train,4eb645d7f050bb685472.npz,649939,True,both_hands_missing_fraction,,"{""hands"": 128, ""hands_pose"": 261, ""hands_pose_face"": 1666}",0.07637737004552037,5.569798084557988,29.97,,97,3.2365699032365702,640,480,mpeg4,0,97,0.0,0.0,0.0,0.0,0.0,0.0,97.0,100.0,97.0,59.0,60.824742268041234,31.0,59.0,60.824742268041234,"[[0, 27], [30, 1], [66, 31]]",31.0,27.0,31.0,39.0,,0.0,0.0,0.0,0.0,0.0,97.0,1.0,58.0,97.0,0.0,True,0.005261542042717338,5.737594207981601
part_11/triple_video_0.mp4,part_11/triple_video_0.mp4,triple,train,893e2af4ae0b6f5c2cd6.npz,636585,True,both_hands_missing_fraction,,"{""hands"": 128, ""hands_pose"": 261, ""hands_pose_face"": 1666}",0.09596245142165571,5.551290706731379,29.970000000000002,,95,3.169836503169836,640,480,h264,0,95,0.0,0.0,0.0,0.0,0.0,0.0,48.0,50.526315789473685,22.0,40.0,42.10526315789473,21.0,38.0,40.0,"[[0, 21], [78, 17]]",21.0,21.0,17.0,57.0,,0.0,0.0,0.0,0.0,5.0,43.0,2.0,38.0,95.0,0.0,True,0.005984458024613559,5.747204291052185
part_11/truck_20241119_172657_23.mp4,part_11/truck_20241119_172657_23.mp4,truck,train,6ce30d10a83983aa8e94.npz,529753,True,both_hands_missing_fraction,,"{""hands"": 128, ""hands_pose"": 261, ""hands_pose_face"": 1666}",0.06872599886264652,4.023832545499317,25.0,,66,2.64,640,480,h264,0,79,0.0,0.0,0.0,0.0,0.0,0.0,53.0,67.08860759493672,35.0,51.0,64.55696202531645,32.0,49.0,62.0253164556962,"[[0, 13], [15, 4], [47, 32]]",32.0,13.0,32.0,34.0,,0.0,0.0,0.0,0.0,5.0,48.0,0.0,51.0,79.0,0.0,True,0.004659874946810305,4.175328082987107
part_11/turkey_20241119_172657_26.mp4,part_11/turkey_20241119_172657_26.mp4,turkey,train,3ca6ac9e8622e9deb4f2.npz,543107,True,both_hands_missing_fraction,,"{""hands"": 128, ""hands_pose"": 261, ""hands_pose_face"": 1666}",0.09955137362703681,4.935463208821602,29.996250468691414,,81,2.7003375,640,480,h264,0,81,0.0,0.0,0.0,0.0,0.0,0.0,78.0,96.29629629629629,36.0,51.0,62.96296296296296,29.0,50.0,61.72839506172839,"[[0, 6], [7, 5], [19, 1], [38, 8], [48, 1], [52, 29]]",29.0,6.0,29.0,46.0,both_hands_missing_fraction,0.0,0.0,0.0,0.0,0.0,78.0,8.0,43.0,81.0,0.0,True,0.004717334057204425,5.127488582977094
part_11/turn_video_17.mp4,part_11/turn_video_17.mp4,turn,train,09905c08d9bf9f723b8d.npz,516399,True,both_hands_missing_fraction,,"{""hands"": 128, ""hands_pose"": 261, ""hands_pose_face"": 1666}",0.07017370429821312,4.752764045028016,29.97,,77,2.569235902569236,640,480,mpeg4,0,77,1.0,1.2987012987012987,1.0,1.0,1.2987012987012987,1.0,77.0,100.0,77.0,47.0,61.038961038961034,22.0,47.0,61.038961038961034,"[[0, 22], [26, 1], [28, 2], [33, 3], [38, 2], [60, 17]]",22.0,22.0,17.0,38.0,,0.0,1.0,0.0,1.0,0.0,77.0,8.0,39.0,76.0,1.0,True,0.005729167023673654,4.910222708014771
part_11/universe_video_6.mp4,part_11/universe_video_6.mp4,universe,train,13918179a41910fd8f17.npz,1284254,False,,,"{""hands"": 128, ""hands_pose"": 261, ""hands_pose_face"": 1666}",0.20769050216767937,13.279959502629936,30.000000000000004,,192,6.3999999999999995,640,480,mpeg4,0,192,0.0,0.0,0.0,24.0,12.5,21.0,113.0,58.854166666666664,102.0,16.0,8.333333333333332,8.0,15.0,7.8125,"[[0, 8], [185, 7]]",8.0,8.0,7.0,177.0,,0.0,0.0,3.0,21.0,3.0,110.0,1.0,15.0,192.0,0.0,False,0.010704625048674643,13.653021042002365
part_11/verb_3.mp4,part_11/verb_3.mp4,verb,train,71efe9e3c801922e777f.npz,690001,True,both_hands_missing_fraction,,"{""hands"": 128, ""hands_pose"": 261, ""hands_pose_face"": 1666}",0.09525249747093767,6.633736417046748,29.97,,103,3.4367701034367704,640,480,mpeg4,0,103,0.0,0.0,0.0,0.0,0.0,0.0,102.0,99.02912621359224,59.0,81.0,78.64077669902912,43.0,81.0,78.64077669902912,"[[0, 43], [48, 3], [52, 2], [70, 33]]",43.0,43.0,33.0,27.0,,0.0,0.0,0.0,0.0,0.0,102.0,5.0,76.0,103.0,0.0,True,0.006177749950438738,6.829928333987482
part_11/videocamera_20241119_195755_53.mp4,part_11/videocamera_20241119_195755_53.mp4,videocamera,train,cc8feba01f9d692d9521.npz,356151,True,both_hands_missing_fraction,,"{""hands"": 128, ""hands_pose"": 261, ""hands_pose_face"": 1666}",0.07065903802867979,3.5372763362247497,30.005770340450084,,53,1.7663269230769232,640,480,h264,0,53,0.0,0.0,0.0,0.0,0.0,0.0,29.0,54.71698113207547,22.0,50.0,94.33962264150944,27.0,29.0,54.71698113207547,"[[0, 7], [31, 22]]",22.0,7.0,22.0,24.0,,0.0,0.0,0.0,0.0,0.0,29.0,0.0,50.0,53.0,0.0,True,0.004875208018347621,3.698786082910374
part_11/virtually_video_33.mp4,part_11/virtually_video_33.mp4,virtually,train,4d4eba6b64ab6bd560b8.npz,409567,True,both_hands_missing_fraction,,"{""hands"": 128, ""hands_pose"": 261, ""hands_pose_face"": 1666}",0.0603945852490142,4.182116494863294,29.97,,61,2.0353687020353686,640,480,mpeg4,0,61,0.0,0.0,0.0,0.0,0.0,0.0,22.0,36.0655737704918,17.0,30.0,49.18032786885246,22.0,22.0,36.0655737704918,"[[0, 17], [56, 5]]",17.0,17.0,5.0,39.0,,0.0,0.0,0.0,0.0,0.0,22.0,3.0,27.0,61.0,0.0,True,0.004728208063170314,4.320664332946762
part_11/volleyball_12.mp4,part_11/volleyball_12.mp4,volleyball,train,0b23a944517754fa44fe.npz,249319,False,,,"{""hands"": 128, ""hands_pose"": 261, ""hands_pose_face"": 1666}",0.051665373146533966,2.4210356668336317,29.97,,37,1.234567901234568,288,192,h264,0,37,0.0,0.0,0.0,0.0,0.0,0.0,0.0,0.0,0.0,0.0,0.0,0.0,0.0,0.0,[],0.0,0.0,0.0,37.0,,0.0,0.0,0.0,0.0,0.0,0.0,0.0,0.0,37.0,0.0,False,0.003641042043454945,2.5368351249489933
part_11/wad_video_14.mp4,part_11/wad_video_14.mp4,wad,train,f7a95d123dd6e83dabba.npz,930373,False,,,"{""hands"": 128, ""hands_pose"": 261, ""hands_pose_face"": 1666}",0.12127857934683561,10.514327337848954,30.000000000000004,,139,4.633333333333333,640,480,mpeg4,0,139,0.0,0.0,0.0,0.0,0.0,0.0,6.0,4.316546762589928,3.0,9.0,6.474820143884892,9.0,3.0,2.158273381294964,"[[66, 3]]",3.0,0.0,0.0,139.0,,0.0,0.0,0.0,0.0,6.0,0.0,0.0,9.0,139.0,0.0,False,0.008872417034581304,10.79960949998349
part_11/wade_20241119_172657_17.mp4,part_11/wade_20241119_172657_17.mp4,wade,train,91b3e44c2bafb3a915fc.npz,509722,True,both_hands_missing_fraction,,"{""hands"": 128, ""hands_pose"": 261, ""hands_pose_face"": 1666}",0.09733354253694415,5.889093829551712,30.406999999999996,,77,2.532311638767389,640,480,h264,0,76,0.0,0.0,0.0,0.0,0.0,0.0,39.0,51.31578947368421,21.0,47.0,61.8421052631579,22.0,38.0,50.0,"[[0, 17], [55, 21]]",21.0,17.0,21.0,38.0,,0.0,0.0,0.0,0.0,0.0,39.0,8.0,39.0,76.0,0.0,True,0.0061674590688198805,6.102007874986157
part_11/wash_20241119_172657_43.mp4,part_11/wash_20241119_172657_43.mp4,wash,train,0fb0aa30e9ef5295087b.npz,316089,True,both_hands_missing_fraction,,"{""hands"": 128, ""hands_pose"": 261, ""hands_pose_face"": 1666}",0.07865145907271653,3.5940602050395682,30.00652315720809,,47,1.5663260869565216,640,480,h264,0,47,0.0,0.0,0.0,0.0,0.0,0.0,25.0,53.191489361702125,16.0,20.0,42.5531914893617,16.0,19.0,40.42553191489361,"[[0, 3], [31, 16]]",16.0,3.0,16.0,28.0,,0.0,0.0,0.0,0.0,1.0,24.0,1.0,19.0,47.0,0.0,True,0.005149082979187369,3.7596288749482483
part_11/whole_video_0.mp4,part_11/whole_video_0.mp4,whole,train,d77233d83e88a7bc382d.npz,509722,True,both_hands_missing_fraction,,"{""hands"": 128, ""hands_pose"": 261, ""hands_pose_face"": 1666}",0.08349695079959929,6.188319629523903,29.97,,76,2.5358692025358693,640,480,h264,0,76,0.0,0.0,0.0,0.0,0.0,0.0,26.0,34.21052631578947,16.0,34.0,44.73684210526316,18.0,24.0,31.57894736842105,"[[0, 16], [68, 8]]",16.0,16.0,8.0,52.0,,0.0,0.0,0.0,0.0,1.0,25.0,8.0,26.0,76.0,0.0,True,0.005929625011049211,6.382650458952412
part_11/woman_20241119_172658_17.mp4,part_11/woman_20241119_172658_17.mp4,woman,train,c0adae5554f030c28bfc.npz,409567,True,both_hands_missing_fraction,,"{""hands"": 128, ""hands_pose"": 261, ""hands_pose_face"": 1666}",0.07267667027190328,3.8734670808771625,23.976,,49,2.0437103770437104,640,480,mpeg4,0,61,0.0,0.0,0.0,0.0,0.0,0.0,61.0,100.0,61.0,32.0,52.459016393442624,15.0,32.0,52.459016393442624,"[[0, 9], [10, 2], [22, 4], [42, 2], [46, 15]]",15.0,9.0,15.0,37.0,,0.0,0.0,0.0,0.0,0.0,61.0,8.0,24.0,61.0,0.0,True,0.005651790997944772,4.027285999967717
part_2/1921109044689493-CHIN 2.mp4,part_2/1921109044689493-CHIN 2.mp4,chin,train,b6bd56b472a40f7c692b.npz,449629,True,both_hands_missing_fraction,,"{""hands"": 128, ""hands_pose"": 261, ""hands_pose_face"": 1666}",0.15830261795781553,5.470178793882951,30.000000000000004,,67,2.233333333333333,640,480,h264,0,67,0.0,0.0,0.0,0.0,0.0,0.0,67.0,100.0,67.0,62.0,92.53731343283582,34.0,62.0,92.53731343283582,"[[0, 17], [21, 34], [56, 11]]",34.0,17.0,11.0,39.0,both_hands_missing_fraction,0.0,0.0,0.0,0.0,0.0,67.0,0.0,62.0,67.0,0.0,True,0.011486792005598545,5.7533865419682115
part_2/19310281578453936-FLOOR.mp4,part_2/19310281578453936-FLOOR.mp4,floor,train,ff86ff9bb19ae8ccc589.npz,389536,True,both_hands_missing_fraction,,"{""hands"": 128, ""hands_pose"": 261, ""hands_pose_face"": 1666}",0.07897371158469468,4.654482251498848,30.0,,58,1.9333333333333333,640,480,h264,0,58,0.0,0.0,0.0,0.0,0.0,0.0,45.0,77.58620689655173,31.0,38.0,65.51724137931035,31.0,38.0,65.51724137931035,"[[0, 6], [16, 1], [27, 31]]",31.0,6.0,31.0,21.0,,0.0,0.0,0.0,0.0,8.0,37.0,1.0,37.0,58.0,0.0,True,0.0048001669347286224,4.828621875029057
part_2/19504771270327392-DOWNHILL.mp4,part_2/19504771270327392-DOWNHILL.mp4,downhill,train,e851c6ef8eff7ded53a2.npz,690001,True,both_hands_missing_fraction,,"{""hands"": 128, ""hands_pose"": 261, ""hands_pose_face"": 1666}",0.19541266362648457,6.8779708767542616,25.256,,87,3.4447260057016154,640,480,h264,0,103,0.0,0.0,0.0,0.0,0.0,0.0,60.0,58.252427184466015,46.0,68.0,66.01941747572816,46.0,59.0,57.28155339805825,"[[0, 13], [57, 46]]",46.0,13.0,46.0,44.0,,0.0,0.0,0.0,0.0,1.0,59.0,2.0,66.0,103.0,0.0,True,0.009672999964095652,7.202378042042255
part_2/19545712784088498-BOYFRIEND.mp4,part_2/19545712784088498-BOYFRIEND.mp4,boyfriend,train,ed002f9f6150a29195f1.npz,342797,True,both_hands_missing_fraction,,"{""hands"": 128, ""hands_pose"": 261, ""hands_pose_face"": 1666}",0.08384133304934949,4.235985625302419,29.922202274087372,,51,1.70442,640,480,h264,0,51,0.0,0.0,0.0,0.0,0.0,0.0,29.0,56.86274509803921,21.0,28.0,54.90196078431373,23.0,25.0,49.01960784313725,"[[0, 4], [30, 21]]",21.0,4.0,21.0,26.0,,0.0,0.0,0.0,0.0,4.0,25.0,1.0,27.0,51.0,0.0,True,0.005653916974551976,4.4187829999718815
part_2/19555143420060128-DESERT.mp4,part_2/19555143420060128-DESERT.mp4,desert,train,7bfb609d49e8720d9c9f.npz,429598,True,both_hands_missing_fraction,,"{""hands"": 128, ""hands_pose"": 261, ""hands_pose_face"": 1666}",0.11423887289129198,5.679905788390897,31.293,,67,2.1410539098200876,640,480,h264,0,64,0.0,0.0,0.0,0.0,0.0,0.0,25.0,39.0625,16.0,36.0,56.25,17.0,25.0,39.0625,"[[0, 8], [16, 1], [48, 16]]",16.0,8.0,16.0,40.0,,0.0,0.0,0.0,0.0,1.0,24.0,3.0,33.0,64.0,0.0,True,0.005841666948981583,5.901410249993205
part_2/19894739757704438-LONG LINE.mp4,part_2/19894739757704438-LONG LINE.mp4,longline,train,0dad414519006b94d2e3.npz,1190776,True,both_hands_missing_fraction,,"{""hands"": 128, ""hands_pose"": 261, ""hands_pose_face"": 1666}",0.4860037392936647,16.248659212258644,29.999999999999996,,178,5.9333333333333345,640,480,h264,0,178,0.0,0.0,0.0,0.0,0.0,0.0,113.0,63.48314606741573,48.0,111.0,62.35955056179775,48.0,105.0,58.98876404494382,"[[0, 25], [46, 3], [64, 27], [112, 2], [130, 48]]",48.0,25.0,48.0,105.0,both_hands_missing_fraction,0.0,0.0,0.0,0.0,8.0,105.0,11.0,100.0,178.0,0.0,True,0.012613084050826728,16.930724667035975
part_2/20185673274367666-BOWL.mp4,part_2/20185673274367666-BOWL.mp4,bowl,train,ddb895a3b6c50657b552.npz,636585,True,both_hands_missing_fraction,,"{""hands"": 128, ""hands_pose"": 261, ""hands_pose_face"": 1666}",0.38799716951325536,9.159640373196453,29.974489795918366,,95,3.16936170212766,640,480,h264,0,95,0.0,0.0,0.0,0.0,0.0,0.0,56.0,58.94736842105262,42.0,58.0,61.05263157894737,38.0,54.0,56.84210526315789,"[[0, 13], [51, 1], [53, 1], [55, 1], [57, 38]]",38.0,13.0,38.0,44.0,,0.0,0.0,0.0,0.0,1.0,55.0,3.0,55.0,95.0,0.0,True,0.007959292037412524,9.703273584018461
part_2/2111386793579384-BUSY.mp4,part_2/2111386793579384-BUSY.mp4,busy,train,b2d91b3c3c2452dd72c8.npz,636585,True,both_hands_missing_fraction,,"{""hands"": 128, ""hands_pose"": 261, ""hands_pose_face"": 1666}",0.36613046017009765,9.389108122210018,30.00319182891797,,95,3.1663297872340426,640,480,h264,0,95,0.0,0.0,0.0,0.0,0.0,0.0,52.0,54.736842105263165,36.0,72.0,75.78947368421053,36.0,52.0,54.736842105263165,"[[0, 36], [79, 16]]",36.0,36.0,16.0,43.0,,0.0,0.0,0.0,0.0,0.0,52.0,5.0,67.0,95.0,0.0,True,0.006881457986310124,9.95402170799207
part_2/2166706317765814-seedTHIRSTY.mp4,part_2/2166706317765814-seedTHIRSTY.mp4,thirsty,train,61fcba9c7e76150a8dd1.npz,816864,True,both_hands_missing_fraction,,"{""hands"": 128, ""hands_pose"": 261, ""hands_pose_face"": 1666}",0.4813605777453631,11.815448584035039,30.533999999999995,,124,4.061046702037074,640,480,h264,0,122,0.0,0.0,0.0,0.0,0.0,0.0,122.0,100.0,122.0,85.0,69.67213114754098,61.0,85.0,69.67213114754098,"[[0, 24], [61, 61]]",61.0,24.0,61.0,37.0,,0.0,0.0,0.0,0.0,0.0,122.0,0.0,85.0,122.0,0.0,True,0.01103349996265024,12.478683834080584
part_2/22131493772876776-GRENADE.mp4,part_2/22131493772876776-GRENADE.mp4,grenade,train,eaa4cb6637604340a3e1.npz,516399,True,both_hands_missing_fraction,,"{""hands"": 128, ""hands_pose"": 261, ""hands_pose_face"": 1666}",0.2354339985176921,7.5086904659401625,29.921259842519685,,77,2.573421052631579,640,480,h264,0,77,0.0,0.0,0.0,0.0,0.0,0.0,33.0,42.857142857142854,20.0,26.0,33.76623376623377,20.0,25.0,32.467532467532465,"[[0, 5], [57, 20]]",20.0,5.0,20.0,52.0,,0.0,0.0,0.0,0.0,6.0,27.0,1.0,25.0,77.0,0.0,True,0.006520707975141704,7.891806583036669
part_2/22674341962713362-SCULPT.mp4,part_2/22674341962713362-SCULPT.mp4,sculpt,train,419cdc0bbb6541757a13.npz,1170745,True,both_hands_missing_fraction,,"{""hands"": 128, ""hands_pose"": 261, ""hands_pose_face"": 1666}",0.7865987953264266,16.888562961714342,30.0,,175,5.833333333333333,640,480,h264,0,175,0.0,0.0,0.0,0.0,0.0,0.0,106.0,60.57142857142858,68.0,110.0,62.857142857142854,69.0,104.0,59.42857142857143,"[[0, 35], [101, 1], [107, 68]]",68.0,35.0,68.0,72.0,,0.0,0.0,0.0,0.0,1.0,105.0,6.0,104.0,175.0,0.0,True,0.011612542090006173,17.907881124992855
part_2/22807837821841792-MICROPHONE.mp4,part_2/22807837821841792-MICROPHONE.mp4,microphone,train,04de7d84d627c0de5658.npz,342797,True,both_hands_missing_fraction,,"{""hands"": 128, ""hands_pose"": 261, ""hands_pose_face"": 1666}",0.14083120762370527,5.1082753364462405,30.0,,51,1.7,640,480,mpeg4,0,51,0.0,0.0,0.0,0.0,0.0,0.0,51.0,100.0,51.0,37.0,72.54901960784314,29.0,37.0,72.54901960784314,"[[0, 8], [22, 29]]",29.0,8.0,29.0,14.0,,0.0,0.0,0.0,0.0,0.0,51.0,0.0,37.0,51.0,0.0,True,0.005659791990183294,5.362718957941979
part_2/22869752585996928-SPOT SOMETHING.mp4,part_2/22869752585996928-SPOT SOMETHING.mp4,spotsomething,train,d8cf948674a96718a91b.npz,376182,True,both_hands_missing_fraction,,"{""hands"": 128, ""hands_pose"": 261, ""hands_pose_face"": 1666}",0.1718195831635967,5.512561748968437,30.00545553737043,,56,1.8663272727272728,640,480,h264,0,56,0.0,0.0,0.0,0.0,0.0,0.0,56.0,100.0,56.0,27.0,48.214285714285715,20.0,27.0,48.214285714285715,"[[0, 6], [21, 1], [36, 20]]",20.0,6.0,20.0,30.0,,0.0,0.0,0.0,0.0,0.0,56.0,1.0,26.0,56.0,0.0,True,0.005805291002616286,5.8004915829515085
part_2/23200756464812655-POTATO.mp4,part_2/23200756464812655-POTATO.mp4,potato,train,75957b67196cd1d856b6.npz,716709,True,both_hands_missing_fraction,,"{""hands"": 128, ""hands_pose"": 261, ""hands_pose_face"": 1666}",0.5471533328527585,11.16850424790755,30.002830455703368,,107,3.5663301886792453,640,480,h264,0,107,0.0,0.0,0.0,0.0,0.0,0.0,60.0,56.074766355140184,36.0,72.0,67.28971962616822,38.0,59.0,55.140186915887845,"[[0, 23], [71, 36]]",36.0,23.0,36.0,48.0,,0.0,0.0,0.0,0.0,0.0,60.0,0.0,72.0,107.0,0.0,True,0.0075642080046236515,11.920742999995127
part_2/2323645828053269-POSITIVE.mp4,part_2/2323645828053269-POSITIVE.mp4,positive,train,2331062b674bef89e302.npz,469660,True,both_hands_missing_fraction,,"{""hands"": 128, ""hands_pose"": 261, ""hands_pose_face"": 1666}",0.3300537539180368,8.006921749096364,30.747,,72,2.341691872377793,640,480,h264,0,70,0.0,0.0,0.0,0.0,0.0,0.0,41.0,58.57142857142858,30.0,40.0,57.14285714285714,31.0,39.0,55.714285714285715,"[[0, 9], [40, 30]]",30.0,9.0,30.0,31.0,,0.0,0.0,0.0,0.0,0.0,41.0,0.0,40.0,70.0,0.0,True,0.0069832910085096955,8.54656324989628
part_2/2343216679570781-NORMAL.mp4,part_2/2343216679570781-NORMAL.mp4,normal,train,9fe0821da2ba1511c5c4.npz,429598,True,both_hands_missing_fraction,,"{""hands"": 128, ""hands_pose"": 261, ""hands_pose_face"": 1666}",0.3353937447536737,6.923473663977347,30.0,,64,2.1333333333333333,640,480,mpeg4,0,64,0.0,0.0,0.0,0.0,0.0,0.0,37.0,57.8125,24.0,36.0,56.25,24.0,35.0,54.6875,"[[0, 10], [11, 1], [40, 24]]",24.0,10.0,24.0,30.0,,0.0,0.0,0.0,0.0,3.0,34.0,0.0,36.0,64.0,0.0,True,0.006681124912574887,7.375403666985221
part_2/2364210157511506-BUTTERFLY.mp4,part_2/2364210157511506-BUTTERFLY.mp4,butterfly,train,dafe8ece86189be7cf10.npz,416244,True,both_hands_missing_fraction,,"{""hands"": 128, ""hands_pose"": 261, ""hands_pose_face"": 1666}",0.08657961862627417,4.321459461236373,30.004918839153962,,62,2.0663278688524587,640,480,h264,0,62,0.0,0.0,0.0,0.0,0.0,0.0,33.0,53.2258064516129,26.0,31.0,50.0,24.0,30.0,48.38709677419355,"[[0, 6], [38, 24]]",24.0,6.0,24.0,32.0,,0.0,0.0,0.0,0.0,0.0,33.0,1.0,30.0,62.0,0.0,True,0.004028333001770079,4.503309207968414
part_2/25212848794367093-SECRETARY.mp4,part_2/25212848794367093-SECRETARY.mp4,secretary,train,81f83135e3394a201a6d.npz,489691,True,both_hands_missing_fraction,,"{""hands"": 128, ""hands_pose"": 261, ""hands_pose_face"": 1666}",0.09944842150434852,4.478363871225156,30.0,,73,2.433333333333333,640,480,h264,0,73,0.0,0.0,0.0,0.0,0.0,0.0,59.0,80.82191780821918,33.0,51.0,69.86301369863014,25.0,46.0,63.013698630136986,"[[0, 25], [51, 1], [53, 20]]",25.0,25.0,20.0,28.0,,0.0,0.0,0.0,0.0,0.0,59.0,6.0,45.0,73.0,0.0,True,0.004722666926681995,4.685483749955893
part_2/25547357047109687-GIRL.mp4,part_2/25547357047109687-GIRL.mp4,girl,train,97eb4b0ba2a2cccf22a8.npz,429598,True,both_hands_missing_fraction,,"{""hands"": 128, ""hands_pose"": 261, ""hands_pose_face"": 1666}",0.1690389112336561,5.968558254302479,30.418,,65,2.1368926293641923,640,480,h264,0,64,0.0,0.0,0.0,0.0,0.0,0.0,64.0,100.0,64.0,49.0,76.5625,31.0,49.0,76.5625,"[[0, 9], [19, 8], [30, 1], [33, 31]]",31.0,9.0,31.0,24.0,both_hands_missing_fraction,0.0,0.0,0.0,0.0,0.0,64.0,1.0,48.0,64.0,0.0,True,0.006035582977347076,6.249870000057854
part_2/25893101303507393-RESIGN.mp4,part_2/25893101303507393-RESIGN.mp4,resign,train,799989fc4b4a1de5196f.npz,449629,True,both_hands_missing_fraction,,"{""hands"": 128, ""hands_pose"": 261, ""hands_pose_face"": 1666}",0.11085025034844875,4.672046712948941,29.748283752860416,,66,2.218615384615384,640,480,h264,0,67,0.0,0.0,0.0,0.0,0.0,0.0,40.0,59.70149253731343,28.0,37.0,55.223880597014926,29.0,36.0,53.73134328358209,"[[0, 8], [39, 28]]",28.0,8.0,28.0,31.0,,0.0,0.0,0.0,0.0,3.0,37.0,0.0,37.0,67.0,0.0,True,0.012934875092469156,4.875638249912299
part_2/26520120613127607-seedTHREE.mp4,part_2/26520120613127607-seedTHREE.mp4,three,train,2d688658504b78150295.npz,957081,True,both_hands_missing_fraction,,"{""hands"": 128, ""hands_pose"": 261, ""hands_pose_face"": 1666}",0.43789467005990446,10.22722712252289,30.002112824846822,,143,4.766330985915492,640,480,h264,0,143,0.0,0.0,0.0,0.0,0.0,0.0,143.0,100.0,143.0,118.0,82.51748251748252,61.0,118.0,82.51748251748252,"[[0, 61], [86, 57]]",61.0,61.0,57.0,25.0,,0.0,0.0,0.0,0.0,0.0,143.0,0.0,118.0,143.0,0.0,True,0.008409041096456349,10.832574125030078
part_2/2656237341874321-MAKE.mp4,part_2/2656237341874321-MAKE.mp4,make,train,c156348dd12cd5392080.npz,536430,True,both_hands_missing_fraction,,"{""hands"": 128, ""hands_pose"": 261, ""hands_pose_face"": 1666}",0.21095254446845502,7.4651901255128905,30.003797949107483,,80,2.6663291139240504,640,480,h264,0,80,0.0,0.0,0.0,0.0,0.0,0.0,67.0,83.75,42.0,57.0,71.25,41.0,53.0,66.25,"[[0, 8], [25, 1], [29, 3], [39, 41]]",41.0,8.0,41.0,31.0,,0.0,0.0,0.0,0.0,3.0,64.0,8.0,49.0,80.0,0.0,True,0.006502041011117399,7.815509208012372
part_2/27060204573109714-MIRROR.mp4,part_2/27060204573109714-MIRROR.mp4,mirror,train,8355702c25bb6dc04c8b.npz,556461,True,both_hands_missing_fraction,,"{""hands"": 128, ""hands_pose"": 261, ""hands_pose_face"": 1666}",0.11263950006105006,4.931776664219797,30.478,,84,2.756086357372531,640,480,h264,0,83,0.0,0.0,0.0,0.0,0.0,0.0,83.0,100.0,83.0,59.0,71.08433734939759,48.0,59.0,71.08433734939759,"[[0, 48], [64, 1], [70, 1], [72, 1], [74, 1], [76, 7]]",48.0,48.0,7.0,28.0,,0.0,0.0,0.0,0.0,0.0,83.0,4.0,55.0,83.0,0.0,True,0.007645834004506469,5.167926000081934
part_2/2722148210073596-UNDER.mp4,part_2/2722148210073596-UNDER.mp4,under,train,9a432b65b0c9e4fcc574.npz,770125,True,both_hands_missing_fraction,,"{""hands"": 128, ""hands_pose"": 261, ""hands_pose_face"": 1666}",0.1949285821756348,8.99061200208962,30.0,,115,3.8333333333333335,640,480,h264,0,115,0.0,0.0,0.0,0.0,0.0,0.0,74.0,64.34782608695652,39.0,73.0,63.47826086956522,38.0,70.0,60.86956521739131,"[[0, 38], [83, 32]]",38.0,38.0,32.0,45.0,,0.0,0.0,0.0,0.0,3.0,71.0,0.0,73.0,115.0,0.0,True,0.008841584087349474,9.324661875027232
part_2/2769869558821827-GOOSEBUMPS.mp4,part_2/2769869558821827-GOOSEBUMPS.mp4,goosebumps,train,92b36a7882984cf761df.npz,656616,True,both_hands_missing_fraction,,"{""hands"": 128, ""hands_pose"": 261, ""hands_pose_face"": 1666}",0.29275312554091215,7.513598336139694,29.83219390926041,,97,3.251520833333333,640,480,h264,0,98,0.0,0.0,0.0,0.0,0.0,0.0,95.0,96.93877551020408,36.0,61.0,62.244897959183675,35.0,61.0,62.244897959183675,"[[0, 35], [72, 26]]",35.0,35.0,26.0,37.0,,0.0,0.0,0.0,0.0,0.0,95.0,0.0,61.0,98.0,0.0,True,0.0066972499480471015,8.101297582965344
part_2/28911738205017423-CANCELLATION.mp4,part_2/28911738205017423-CANCELLATION.mp4,cancellation,train,9f067b1ae74135da63a4.npz,489691,True,both_hands_missing_fraction,,"{""hands"": 128, ""hands_pose"": 261, ""hands_pose_face"": 1666}",0.12267683015670627,5.148148043081164,30.0,,73,2.433333333333333,640,480,h264,0,73,0.0,0.0,0.0,0.0,0.0,0.0,42.0,57.534246575342465,28.0,51.0,69.86301369863014,35.0,42.0,57.534246575342465,"[[0, 14], [45, 28]]",28.0,14.0,28.0,31.0,,0.0,0.0,0.0,0.0,0.0,42.0,0.0,51.0,73.0,0.0,True,0.0067056670086458325,5.374567333026789
part_2/2898932154319185-PAPERCUTTER.mp4,part_2/2898932154319185-PAPERCUTTER.mp4,papercutter,train,96ff3c61a204727e8360.npz,710032,True,both_hands_missing_run,,"{""hands"": 128, ""hands_pose"": 261, ""hands_pose_face"": 1666}",0.19368650380056351,9.042835794622079,29.833333333333336,,105,3.519553072625698,640,480,h264,0,106,0.0,0.0,0.0,0.0,0.0,0.0,27.0,25.471698113207548,16.0,45.0,42.45283018867924,22.0,24.0,22.641509433962266,"[[0, 8], [90, 16]]",16.0,8.0,16.0,82.0,,0.0,0.0,0.0,0.0,0.0,27.0,15.0,30.0,106.0,0.0,True,0.00729550002142787,9.381399207981303
part_2/290923566270898-WINDOW.mp4,part_2/290923566270898-WINDOW.mp4,window,train,cd20c7d740df59120fde.npz,289381,True,both_hands_missing_fraction,,"{""hands"": 128, ""hands_pose"": 261, ""hands_pose_face"": 1666}",0.10282154462765902,3.92778453824576,30.000000000000004,,43,1.4333333333333331,640,480,mpeg4,0,43,0.0,0.0,0.0,0.0,0.0,0.0,29.0,67.44186046511628,20.0,32.0,74.4186046511628,21.0,29.0,67.44186046511628,"[[0, 9], [23, 20]]",20.0,9.0,20.0,14.0,,0.0,0.0,0.0,0.0,0.0,29.0,0.0,32.0,43.0,0.0,True,0.004595124977640808,4.110310249961913
part_2/2943130704557879-SIX.mp4,part_2/2943130704557879-SIX.mp4,six,train,bf437bc4ef6f8edd61cd.npz,402890,True,both_hands_missing_fraction,,"{""hands"": 128, ""hands_pose"": 261, ""hands_pose_face"": 1666}",0.16287162294611335,5.2909983395366,29.994916115912556,,60,2.0003389830508476,640,480,h264,0,60,0.0,0.0,0.0,0.0,0.0,0.0,27.0,45.0,21.0,60.0,100.0,60.0,27.0,45.0,"[[0, 6], [39, 21]]",21.0,6.0,21.0,33.0,,0.0,0.0,0.0,0.0,0.0,27.0,0.0,60.0,60.0,0.0,True,0.005207916954532266,5.55575850000605
part_2/295061685532646-CLAUSE.mp4,part_2/295061685532646-CLAUSE.mp4,clause,train,fe67e7c5a18f6dc2f96d.npz,469660,True,both_hands_missing_fraction,,"{""hands"": 128, ""hands_pose"": 261, ""hands_pose_face"": 1666}",0.1500628418289125,6.047712373547256,29.92194275802255,,70,2.3394202898550724,640,480,h264,0,70,0.0,0.0,0.0,0.0,0.0,0.0,38.0,54.285714285714285,28.0,31.0,44.285714285714285,25.0,31.0,44.285714285714285,"[[0, 6], [45, 25]]",25.0,6.0,25.0,39.0,,0.0,0.0,0.0,0.0,0.0,38.0,0.0,31.0,70.0,0.0,True,0.008453333051875234,6.307707791915163
part_2/3033680920399553-ASIA.mp4,part_2/3033680920399553-ASIA.mp4,asia,train,0ddea21ae721216274e7.npz,296058,True,both_hands_missing_fraction,,"{""hands"": 128, ""hands_pose"": 261, ""hands_pose_face"": 1666}",0.09250553883612156,3.976333830389194,29.965156794425084,,44,1.468372093023256,640,480,h264,0,44,0.0,0.0,0.0,0.0,0.0,0.0,25.0,56.81818181818182,11.0,44.0,100.0,44.0,25.0,56.81818181818182,"[[0, 5], [11, 9], [33, 11]]",11.0,5.0,11.0,28.0,both_hands_missing_fraction,0.0,0.0,0.0,0.0,0.0,25.0,0.0,44.0,44.0,0.0,True,0.005037958966568112,4.165381333907135
part_2/31836165575164843-BELL.mp4,part_2/31836165575164843-BELL.mp4,bell,train,6ef19be6317263829b89.npz,656616,True,both_hands_missing_fraction,,"{""hands"": 128, ""hands_pose"": 261, ""hands_pose_face"": 1666}",0.18357879493851215,8.213697629864328,30.003093102381687,,98,3.2663298969072168,640,480,h264,0,98,0.0,0.0,0.0,0.0,0.0,0.0,64.0,65.3061224489796,30.0,54.0,55.10204081632652,28.0,52.0,53.06122448979592,"[[0, 28], [72, 1], [75, 23]]",28.0,28.0,23.0,47.0,,0.0,0.0,0.0,0.0,11.0,53.0,2.0,52.0,98.0,0.0,True,0.008162000100128353,8.553641375037841
part_2/3186754883180434-LIVING ROOM.mp4,part_2/3186754883180434-LIVING ROOM.mp4,livingroom,train,a53ad30c719637ad5510.npz,1277577,True,both_hands_missing_fraction,,"{""hands"": 128, ""hands_pose"": 261, ""hands_pose_face"": 1666}",0.33386791753582656,14.82387203827966,30.001579030475288,,191,6.366331578947369,640,480,h264,0,191,0.0,0.0,0.0,0.0,0.0,0.0,161.0,84.29319371727748,50.0,119.0,62.30366492146597,50.0,102.0,53.403141361256544,"[[0, 10], [11, 2], [20, 1], [26, 1], [29, 4], [47, 4], [52, 1], [65, 22], [94, 3], [107, 4], [130, 1], [132, 1], [143, 48]]",48.0,10.0,48.0,133.0,both_hands_missing_fraction,0.0,0.0,0.0,0.0,10.0,151.0,20.0,99.0,191.0,0.0,True,0.013374916976317763,15.364667416084558
part_2/31925311439909554-WEIGHT.mp4,part_2/31925311439909554-WEIGHT.mp4,weight,train,e39a377df2e53ed1abba.npz,950404,True,both_hands_missing_fraction,,"{""hands"": 128, ""hands_pose"": 261, ""hands_pose_face"": 1666}",0.15872566972393543,11.59656716871541,30.352,,144,4.74433315761729,640,480,h264,0,142,0.0,0.0,0.0,0.0,0.0,0.0,79.0,55.633802816901415,43.0,77.0,54.22535211267606,40.0,76.0,53.52112676056338,"[[0, 40], [106, 36]]",40.0,40.0,36.0,66.0,,0.0,0.0,0.0,0.0,0.0,79.0,1.0,76.0,142.0,0.0,True,0.010220334050245583,11.926747041987255
part_2/32842858684612586-BISON.mp4,part_2/32842858684612586-BISON.mp4,bison,train,c46e4fe7ae2212e20205.npz,1678197,True,both_hands_missing_fraction,,"{""hands"": 128, ""hands_pose"": 261, ""hands_pose_face"": 1666}",0.29991479543969035,14.731623998610303,30.103,,252,8.371258678537023,640,480,h264,0,251,0.0,0.0,0.0,0.0,0.0,0.0,201.0,80.0796812749004,177.0,200.0,79.6812749003984,177.0,198.0,78.88446215139442,"[[0, 177], [229, 1], [231, 20]]",177.0,177.0,20.0,54.0,,0.0,0.0,0.0,0.0,4.0,197.0,0.0,200.0,251.0,0.0,True,0.012345666997134686,15.272256375057623
part_2/3312588734862034-PILE.mp4,part_2/3312588734862034-PILE.mp4,pile,train,687cf249a047693dbc94.npz,296058,True,both_hands_missing_fraction,,"{""hands"": 128, ""hands_pose"": 261, ""hands_pose_face"": 1666}",0.05348279478494078,3.312315120943822,30.0,,44,1.4666666666666666,640,480,mpeg4,0,44,0.0,0.0,0.0,0.0,0.0,0.0,28.0,63.63636363636363,18.0,29.0,65.9090909090909,18.0,24.0,54.54545454545454,"[[0, 5], [20, 1], [26, 18]]",18.0,5.0,18.0,21.0,,0.0,0.0,0.0,0.0,5.0,23.0,3.0,26.0,44.0,0.0,True,0.004947667010128498,3.4425807090010494
part_2/3330328541611316-RADIO.mp4,part_2/3330328541611316-RADIO.mp4,radio,train,6adfab6a6195bf171362.npz,362828,True,both_hands_missing_fraction,,"{""hands"": 128, ""hands_pose"": 261, ""hands_pose_face"": 1666}",0.1447451248532161,4.2559937096666545,29.994340690435763,,54,1.8003396226415096,640,480,h264,0,54,0.0,0.0,0.0,0.0,0.0,0.0,24.0,44.44444444444444,14.0,54.0,100.0,54.0,24.0,44.44444444444444,"[[0, 9], [19, 1], [40, 14]]",14.0,9.0,14.0,31.0,,0.0,0.0,0.0,0.0,1.0,23.0,0.0,54.0,54.0,0.0,True,0.005302625009790063,4.520040999981575
part_2/3361903255004919-RUSH.mp4,part_2/3361903255004919-RUSH.mp4,rush,train,857148e2ce65349abbc2.npz,416244,True,both_hands_missing_fraction,,"{""hands"": 128, ""hands_pose"": 261, ""hands_pose_face"": 1666}",0.10420354141388088,5.361819041892886,30.612000000000002,,63,2.058016464131713,640,480,h264,0,62,0.0,0.0,0.0,0.0,0.0,0.0,39.0,62.903225806451616,21.0,37.0,59.67741935483871,22.0,31.0,50.0,"[[0, 7], [11, 3], [41, 21]]",21.0,7.0,21.0,34.0,,0.0,0.0,0.0,0.0,10.0,29.0,0.0,37.0,62.0,0.0,True,0.006064457935281098,5.573345834040083
part_2/3520246184230904-JUGGLE.mp4,part_2/3520246184230904-JUGGLE.mp4,juggle,train,818c4ecb033aa5b9c016.npz,696678,True,both_hands_missing_fraction,,"{""hands"": 128, ""hands_pose"": 261, ""hands_pose_face"": 1666}",0.13468154391739517,8.098275580443442,29.967995344777425,,104,3.4703689320388347,640,480,h264,0,104,0.0,0.0,0.0,0.0,0.0,0.0,85.0,81.73076923076923,26.0,75.0,72.11538461538461,35.0,65.0,62.5,"[[0, 17], [26, 4], [34, 4], [44, 3], [52, 1], [54, 1], [59, 1], [61, 3], [69, 1], [72, 3], [76, 1], [78, 26]]",26.0,17.0,26.0,61.0,both_hands_missing_fraction,0.0,0.0,0.0,0.0,11.0,74.0,20.0,55.0,104.0,0.0,True,0.0071399579755961895,8.359954416984692
part_2/35346895720914806-MAYBE.mp4,part_2/35346895720914806-MAYBE.mp4,maybe,train,f32a64f80a30583ce240.npz,1050559,True,both_hands_missing_fraction,,"{""hands"": 128, ""hands_pose"": 261, ""hands_pose_face"": 1666}",0.14415762585122138,11.961532875313424,29.919447640966627,,157,5.247423076923077,640,480,h264,0,157,0.0,0.0,0.0,0.0,0.0,0.0,105.0,66.87898089171973,56.0,112.0,71.3375796178344,54.0,99.0,63.05732484076433,"[[0, 54], [81, 1], [87, 2], [115, 42]]",54.0,54.0,42.0,61.0,,0.0,0.0,0.0,0.0,7.0,98.0,10.0,102.0,157.0,0.0,True,0.010383457993157208,12.281495417002589
part_2/35359931273860434-ARIZONA.mp4,part_2/35359931273860434-ARIZONA.mp4,arizona,train,,0,True,too_few_decoded_frames,,"{""hands"": 128, ""hands_pose"": 261, ""hands_pose_face"": 1666}",0.027577664819546044,1.8755123743321747,29.98696219035202,,24,0.8003478260869565,640,480,h264,0,24,,,,,,,,,,,,,,,,,,,,,,,,,,,,,,,False,3.362505231052637e-05,1.9690332500031218
part_2/3583049668962337-TASTE.mp4,part_2/3583049668962337-TASTE.mp4,taste,train,711240b11991328d8c66.npz,255996,True,both_hands_missing_fraction,,"{""hands"": 128, ""hands_pose"": 261, ""hands_pose_face"": 1666}",0.042958999052643776,2.6609597126953304,31.176000000000002,,40,1.2830382345393891,640,480,mpeg4,0,38,0.0,0.0,0.0,0.0,0.0,0.0,38.0,100.0,38.0,28.0,73.68421052631578,15.0,28.0,73.68421052631578,"[[0, 13], [23, 15]]",15.0,13.0,15.0,10.0,,0.0,0.0,0.0,0.0,0.0,38.0,0.0,28.0,38.0,0.0,True,0.004902709042653441,2.7837395829847082
part_3/35969967298763006-FREEDOM.mp4,part_3/35969967298763006-FREEDOM.mp4,freedom,train,7a8bd892892408504b60.npz,382859,True,both_hands_missing_fraction,,"{""hands"": 128, ""hands_pose"": 261, ""hands_pose_face"": 1666}",0.07882000331301242,4.405113287852146,30.43,,58,1.9060138021689124,640,480,h264,0,57,0.0,0.0,0.0,0.0,0.0,0.0,39.0,68.42105263157895,17.0,38.0,66.66666666666666,22.0,32.0,56.14035087719298,"[[0, 8], [15, 1], [20, 3], [35, 3], [40, 17]]",17.0,8.0,17.0,32.0,,0.0,0.0,0.0,0.0,6.0,33.0,8.0,30.0,57.0,0.0,True,0.007546290988102555,4.586583459051326
part_3/36480330348902146-CROCODILE.mp4,part_3/36480330348902146-CROCODILE.mp4,crocodile,train,f826ac2fdfaa453e93fe.npz,456306,True,both_hands_missing_fraction,,"{""hands"": 128, ""hands_pose"": 261, ""hands_pose_face"": 1666}",0.07289366889744997,4.7551760444184765,29.074,,66,2.27006947788402,640,480,h264,0,68,0.0,0.0,0.0,0.0,0.0,0.0,44.0,64.70588235294117,23.0,35.0,51.470588235294116,22.0,33.0,48.529411764705884,"[[0, 7], [14, 2], [18, 1], [31, 1], [46, 22]]",22.0,7.0,22.0,39.0,,0.0,0.0,0.0,0.0,5.0,39.0,6.0,29.0,68.0,0.0,True,0.005275999894365668,4.9275280410656705
part_3/368376359924691-REVENGE.mp4,part_3/368376359924691-REVENGE.mp4,revenge,train,0984365b32a9b0ac05f9.npz,563138,True,both_hands_missing_fraction,,"{""hands"": 128, ""hands_pose"": 261, ""hands_pose_face"": 1666}",0.10817724978551269,6.390724999597296,29.920692141312184,,84,2.807421686746988,640,480,h264,0,84,0.0,0.0,0.0,0.0,0.0,0.0,40.0,47.61904761904761,27.0,60.0,71.42857142857143,30.0,40.0,47.61904761904761,"[[0, 12], [55, 1], [57, 27]]",27.0,12.0,27.0,45.0,,0.0,0.0,0.0,0.0,1.0,39.0,2.0,58.0,84.0,0.0,True,0.006871833000332117,6.622529624961317
part_3/36949718497211914-PREACHER.mp4,part_3/36949718497211914-PREACHER.mp4,preacher,train,2e0c09b29dafed2ee36c.npz,523076,True,both_hands_missing_fraction,,"{""hands"": 128, ""hands_pose"": 261, ""hands_pose_face"": 1666}",0.08402945497073233,5.694953079451807,29.996104402025708,,78,2.6003376623376626,640,480,h264,0,78,0.0,0.0,0.0,0.0,0.0,0.0,78.0,100.0,78.0,49.0,62.82051282051282,30.0,49.0,62.82051282051282,"[[0, 14], [37, 3], [43, 2], [48, 30]]",30.0,14.0,30.0,34.0,,0.0,0.0,0.0,0.0,0.0,78.0,5.0,44.0,78.0,0.0,True,0.005310375010594726,5.8845926250796765
part_3/38173408331335357-WRITE ON_WALL.mp4,part_3/38173408331335357-WRITE ON_WALL.mp4,writeonwall,train,1b11e5346bab56a79198.npz,429598,True,both_hands_missing_fraction,,"{""hands"": 128, ""hands_pose"": 261, ""hands_pose_face"": 1666}",0.067457664757967,4.443110837135464,30.0,,64,2.1333333333333333,640,480,h264,0,64,0.0,0.0,0.0,0.0,0.0,0.0,64.0,100.0,64.0,31.0,48.4375,14.0,31.0,48.4375,"[[0, 10], [42, 7], [50, 14]]",14.0,10.0,14.0,40.0,,0.0,0.0,0.0,0.0,0.0,64.0,0.0,31.0,64.0,0.0,True,0.004905917099677026,4.611890624975786
part_3/3828391878319799-SUSHI.mp4,part_3/3828391878319799-SUSHI.mp4,sushi,train,527277cf61771f4aa1c4.npz,336120,True,both_hands_missing_fraction,,"{""hands"": 128, ""hands_pose"": 261, ""hands_pose_face"": 1666}",0.08419358066748828,3.5231529182055965,29.96941896024465,,50,1.6683673469387754,640,480,h264,0,50,0.0,0.0,0.0,0.0,0.0,0.0,42.0,84.0,17.0,28.0,56.00000000000001,15.0,26.0,52.0,"[[0, 6], [23, 1], [25, 3], [30, 1], [35, 15]]",15.0,6.0,15.0,29.0,,0.0,0.0,0.0,0.0,5.0,37.0,7.0,21.0,50.0,0.0,True,0.0045692079002037644,3.694296292029321
part_3/38374953389283006-WINK.mp4,part_3/38374953389283006-WINK.mp4,wink,train,30292351792f65ee0bf6.npz,723386,True,both_hands_missing_fraction,,"{""hands"": 128, ""hands_pose"": 261, ""hands_pose_face"": 1666}",0.1272265415173024,6.683227876783349,29.99719652368937,,108,3.600336448598131,640,480,h264,0,108,0.0,0.0,0.0,0.0,0.0,0.0,107.0,99.07407407407408,74.0,74.0,68.51851851851852,39.0,73.0,67.5925925925926,"[[0, 39], [73, 1], [75, 33]]",39.0,39.0,33.0,36.0,,0.0,0.0,0.0,0.0,0.0,107.0,0.0,74.0,108.0,0.0,True,0.006796541973017156,6.939126207958907
part_3/3973381149037627-DIE.mp4,part_3/3973381149037627-DIE.mp4,die,train,b0b6a328618c4e4b14bf.npz,603200,True,both_hands_missing_fraction,,"{""hands"": 128, ""hands_pose"": 261, ""hands_pose_face"": 1666}",0.10297445172909647,5.660367878037505,29.96632996632997,,90,3.0033707865168537,640,480,h264,0,90,0.0,0.0,0.0,0.0,0.0,0.0,58.0,64.44444444444444,30.0,55.0,61.111111111111114,28.0,55.0,61.111111111111114,"[[0, 28], [63, 27]]",28.0,28.0,27.0,35.0,,0.0,0.0,0.0,0.0,0.0,58.0,0.0,55.0,90.0,0.0,True,0.006875375052914023,5.879001207998954
part_3/4055061458158007-RUDE.mp4,part_3/4055061458158007-RUDE.mp4,rude,train,e638740a36ac1a94bb0b.npz,536430,True,both_hands_missing_fraction,,"{""hands"": 128, ""hands_pose"": 261, ""hands_pose_face"": 1666}",0.10427766898646951,5.7457174161681905,29.828,,80,2.682043717312592,640,480,h264,0,80,0.0,0.0,0.0,0.0,0.0,0.0,48.0,60.0,33.0,46.0,57.49999999999999,33.0,44.0,55.00000000000001,"[[0, 11], [47, 33]]",33.0,11.0,33.0,36.0,,0.0,0.0,0.0,0.0,4.0,44.0,0.0,46.0,80.0,0.0,True,0.0062868749955669045,5.971250207978301
part_3/40599977168714196-MUSTACHE.mp4,part_3/40599977168714196-MUSTACHE.mp4,mustache,train,83424f7d82fa34e30d0b.npz,402890,True,both_hands_missing_fraction,,"{""hands"": 128, ""hands_pose"": 261, ""hands_pose_face"": 1666}",0.08313404314685613,4.287517292657867,29.994916115912556,,60,2.0003389830508476,640,480,h264,0,60,0.0,0.0,0.0,0.0,0.0,0.0,29.0,48.333333333333336,22.0,27.0,45.0,17.0,25.0,41.66666666666667,"[[0, 7], [40, 1], [43, 17]]",17.0,7.0,17.0,36.0,,0.0,0.0,0.0,0.0,0.0,29.0,2.0,25.0,60.0,0.0,True,0.0049151250859722495,4.474539834074676
part_3/408010215031793-VOICE.mp4,part_3/408010215031793-VOICE.mp4,voice,train,e88513595511a140e561.npz,369505,True,both_hands_missing_fraction,,"{""hands"": 128, ""hands_pose"": 261, ""hands_pose_face"": 1666}",0.06655687547754496,3.3145121679408476,28.161,,52,1.8465253364582224,640,480,h264,0,55,0.0,0.0,0.0,0.0,0.0,0.0,41.0,74.54545454545455,15.0,55.0,100.0,55.0,41.0,74.54545454545455,"[[0, 15], [19, 8], [30, 5], [42, 13]]",15.0,15.0,13.0,27.0,both_hands_missing_fraction,0.0,0.0,0.0,0.0,5.0,36.0,0.0,55.0,55.0,0.0,True,0.005081500043161213,3.4712787920143455
part_3/4101890148556435-PLATFORM.mp4,part_3/4101890148556435-PLATFORM.mp4,platform,train,eda0a61326594d8441a9.npz,476337,True,both_hands_missing_fraction,,"{""hands"": 128, ""hands_pose"": 261, ""hands_pose_face"": 1666}",0.10443041822873056,5.142953837872483,30.004286326618086,,71,2.366328571428572,640,480,h264,0,71,0.0,0.0,0.0,0.0,0.0,0.0,44.0,61.97183098591549,20.0,48.0,67.6056338028169,24.0,39.0,54.929577464788736,"[[0, 18], [30, 1], [51, 20]]",20.0,18.0,20.0,33.0,,0.0,0.0,0.0,0.0,6.0,38.0,4.0,44.0,71.0,0.0,True,0.005358625086955726,5.3532692909939215
part_3/4117070918339236-NONE.mp4,part_3/4117070918339236-NONE.mp4,none,train,644746d812a12f6aa208.npz,496368,True,both_hands_missing_fraction,,"{""hands"": 128, ""hands_pose"": 261, ""hands_pose_face"": 1666}",0.08680316677782685,5.6799407890066504,30.000000000000004,,74,2.4666666666666663,640,480,mpeg4,0,74,0.0,0.0,0.0,0.0,0.0,0.0,45.0,60.810810810810814,35.0,48.0,64.86486486486487,37.0,45.0,60.810810810810814,"[[0, 10], [39, 35]]",35.0,10.0,35.0,29.0,,0.0,0.0,0.0,0.0,0.0,45.0,1.0,47.0,74.0,0.0,True,0.006792541011236608,5.877327291993424
part_3/41939881353624053-RACE.mp4,part_3/41939881353624053-RACE.mp4,race,train,0376fdb16467692c2210.npz,489691,True,both_hands_missing_fraction,,"{""hands"": 128, ""hands_pose"": 261, ""hands_pose_face"": 1666}",0.08833900920581073,5.353987080045044,30.0,,73,2.433333333333333,640,480,h264,0,73,0.0,0.0,0.0,0.0,0.0,0.0,33.0,45.20547945205479,25.0,34.0,46.57534246575342,26.0,33.0,45.20547945205479,"[[0, 8], [48, 25]]",25.0,8.0,25.0,40.0,,0.0,0.0,0.0,0.0,0.0,33.0,0.0,34.0,73.0,0.0,True,0.005196167039684951,5.5493022500304505
part_3/4200856674768396-SEVERAL.mp4,part_3/4200856674768396-SEVERAL.mp4,several,train,abf5ab539d2d405a3617.npz,422921,True,both_hands_missing_fraction,,"{""hands"": 128, ""hands_pose"": 261, ""hands_pose_face"": 1666}",0.12630658538546413,4.690654665813781,29.995162070633768,,63,2.1003387096774193,640,480,h264,0,63,0.0,0.0,0.0,0.0,0.0,0.0,19.0,30.158730158730158,12.0,63.0,100.0,63.0,19.0,30.158730158730158,"[[0, 6], [49, 1], [51, 12]]",12.0,6.0,12.0,45.0,,0.0,0.0,0.0,0.0,1.0,18.0,0.0,63.0,63.0,0.0,True,0.005820584017783403,4.992039375007153
part_3/4272254527792845-PERSISTENT.mp4,part_3/4272254527792845-PERSISTENT.mp4,persistent,train,5876250d92117994ad3b.npz,489691,True,both_hands_missing_fraction,,"{""hands"": 128, ""hands_pose"": 261, ""hands_pose_face"": 1666}",0.07744932628702372,5.37368521373719,29.912754466140424,,73,2.4404305555555554,640,480,h264,0,73,0.0,0.0,0.0,0.0,0.0,0.0,38.0,52.054794520547944,19.0,38.0,52.054794520547944,20.0,37.0,50.68493150684932,"[[0, 19], [55, 18]]",19.0,19.0,18.0,36.0,,0.0,0.0,0.0,0.0,0.0,38.0,0.0,38.0,73.0,0.0,True,0.005295417038723826,5.555233417078853
part_3/4285498435513857-OFF THE_POINT.mp4,part_3/4285498435513857-OFF THE_POINT.mp4,offthepoint,train,788ea01f18d58e46d238.npz,396213,True,both_hands_missing_fraction,,"{""hands"": 128, ""hands_pose"": 261, ""hands_pose_face"": 1666}",0.09476303879637271,4.205028959084302,30.005173305742368,,59,1.9663275862068967,640,480,h264,0,59,0.0,0.0,0.0,0.0,0.0,0.0,48.0,81.35593220338984,25.0,32.0,54.23728813559322,22.0,32.0,54.23728813559322,"[[0, 10], [37, 22]]",22.0,10.0,22.0,27.0,,0.0,0.0,0.0,0.0,0.0,48.0,0.0,32.0,59.0,0.0,True,0.004808709025382996,4.394125457969494
part_3/4342737241901915-SEE.mp4,part_3/4342737241901915-SEE.mp4,see,train,445d824d3c77d6e38506.npz,516399,True,both_hands_missing_fraction,,"{""hands"": 128, ""hands_pose"": 261, ""hands_pose_face"": 1666}",0.08590879617258906,5.025158372940496,30.373,,78,2.5680703256181476,640,480,h264,0,77,0.0,0.0,0.0,0.0,0.0,0.0,37.0,48.05194805194805,27.0,77.0,100.0,77.0,37.0,48.05194805194805,"[[0, 27], [28, 2], [69, 8]]",27.0,27.0,8.0,42.0,,0.0,0.0,0.0,0.0,2.0,35.0,0.0,77.0,77.0,0.0,True,0.005348374950699508,5.217912374995649
part_3/4427416254508614-EMAIL.mp4,part_3/4427416254508614-EMAIL.mp4,email,train,f8e97ff38061f030c6f0.npz,483014,True,both_hands_missing_fraction,,"{""hands"": 128, ""hands_pose"": 261, ""hands_pose_face"": 1666}",0.1027022092603147,5.064777792897075,29.919932574799834,,72,2.4064225352112674,640,480,h264,0,72,0.0,0.0,0.0,0.0,0.0,0.0,34.0,47.22222222222222,23.0,31.0,43.05555555555556,22.0,31.0,43.05555555555556,"[[0, 9], [50, 22]]",22.0,9.0,22.0,41.0,,0.0,0.0,0.0,0.0,0.0,34.0,0.0,31.0,72.0,0.0,True,0.005717708030715585,5.277232291991822
part_3/44398695037707947-ROOM.mp4,part_3/44398695037707947-ROOM.mp4,room,train,55a89c4598afeb92f8f0.npz,589846,True,both_hands_missing_fraction,,"{""hands"": 128, ""hands_pose"": 261, ""hands_pose_face"": 1666}",0.07990495208650827,6.347453257767484,30.458000000000002,,89,2.9220566025346377,640,480,mpeg4,0,88,0.0,0.0,0.0,0.0,0.0,0.0,62.0,70.45454545454545,40.0,64.0,72.72727272727273,40.0,60.0,68.18181818181817,"[[0, 40], [68, 20]]",40.0,40.0,20.0,28.0,,0.0,0.0,0.0,0.0,2.0,60.0,2.0,62.0,88.0,0.0,True,0.005907624959945679,6.53536679095123
part_3/45512324653855574-CHOPSTICKS.mp4,part_3/45512324653855574-CHOPSTICKS.mp4,chopsticks,train,75f54653f7fa7962f774.npz,362828,True,both_hands_missing_fraction,,"{""hands"": 128, ""hands_pose"": 261, ""hands_pose_face"": 1666}",0.07534458104055375,3.8409375848714262,29.97737556561086,,54,1.8013584905660378,640,480,h264,0,54,0.0,0.0,0.0,0.0,0.0,0.0,26.0,48.148148148148145,19.0,54.0,100.0,54.0,26.0,48.148148148148145,"[[0, 7], [35, 19]]",19.0,7.0,19.0,28.0,,0.0,0.0,0.0,0.0,0.0,26.0,0.0,54.0,54.0,0.0,True,0.0044995000353083014,4.009941875003278
part_3/457097411184441-SALT SHAKER.mp4,part_3/457097411184441-SALT SHAKER.mp4,saltshaker,train,b78f79cdb163c1a8d086.npz,763448,True,both_hands_missing_fraction,,"{""hands"": 128, ""hands_pose"": 261, ""hands_pose_face"": 1666}",0.11777962488122284,6.339569171657786,29.99734536766658,,114,3.8003362831858407,640,480,h264,0,114,0.0,0.0,0.0,0.0,0.0,0.0,114.0,100.0,114.0,84.0,73.68421052631578,71.0,84.0,73.68421052631578,"[[0, 13], [43, 71]]",71.0,13.0,71.0,30.0,,0.0,0.0,0.0,0.0,0.0,114.0,0.0,84.0,114.0,0.0,True,0.0059154590126127005,6.5911849160911515
part_3/45757520326719336-WEIGHT.mp4,part_3/45757520326719336-WEIGHT.mp4,weight,train,af172f3c307cd72dfe06.npz,389536,True,both_hands_missing_fraction,,"{""hands"": 128, ""hands_pose"": 261, ""hands_pose_face"": 1666}",0.07137175207026303,4.17038012505509,29.999999999999996,,58,1.9333333333333336,640,480,h264,0,58,0.0,0.0,0.0,0.0,0.0,0.0,38.0,65.51724137931035,22.0,37.0,63.793103448275865,21.0,28.0,48.275862068965516,"[[0, 7], [37, 21]]",21.0,7.0,21.0,30.0,,0.0,0.0,0.0,0.0,3.0,35.0,9.0,28.0,58.0,0.0,True,0.004673875053413212,4.343550833989866
part_3/47158446719889446-EGO.mp4,part_3/47158446719889446-EGO.mp4,ego,train,5d492fdfc1d1ef1ac3f2.npz,516399,True,both_hands_missing_fraction,,"{""hands"": 128, ""hands_pose"": 261, ""hands_pose_face"": 1666}",0.09261820907704532,5.256496501271613,30.326000000000004,,78,2.5720503858075574,640,480,h264,0,77,0.0,0.0,0.0,0.0,0.0,0.0,77.0,100.0,77.0,39.0,50.649350649350644,30.0,39.0,50.649350649350644,"[[0, 9], [47, 30]]",30.0,9.0,30.0,38.0,,0.0,0.0,0.0,0.0,0.0,77.0,0.0,39.0,77.0,0.0,True,0.005521542043425143,5.450308374944143
part_3/4756491102518132-PICNIC.mp4,part_3/4756491102518132-PICNIC.mp4,picnic,train,bf5e6aa161fc3d8a5ade.npz,703355,True,both_hands_missing_fraction,,"{""hands"": 128, ""hands_pose"": 261, ""hands_pose_face"": 1666}",0.10981653875205666,6.209173256764188,29.997115661955583,,105,3.5003365384615384,640,480,h264,0,105,0.0,0.0,0.0,0.0,0.0,0.0,54.0,51.42857142857142,33.0,54.0,51.42857142857142,34.0,53.0,50.476190476190474,"[[0, 33], [85, 20]]",33.0,33.0,20.0,52.0,,0.0,0.0,0.0,0.0,1.0,53.0,0.0,54.0,105.0,0.0,True,0.004373083938844502,6.4366041659377515
part_3/48313464915789317-BRAG.mp4,part_3/48313464915789317-BRAG.mp4,brag,train,ab99f3e55026b825dd20.npz,716709,True,both_hands_missing_fraction,,"{""hands"": 128, ""hands_pose"": 261, ""hands_pose_face"": 1666}",0.07550474733579904,6.063745708204806,30.002830455703368,,107,3.5663301886792453,640,480,h264,0,107,0.0,0.0,0.0,0.0,0.0,0.0,70.0,65.42056074766354,36.0,79.0,73.83177570093457,33.0,62.0,57.943925233644855,"[[0, 31], [57, 1], [75, 1], [77, 3], [81, 26]]",31.0,31.0,26.0,50.0,,0.0,0.0,0.0,0.0,8.0,62.0,4.0,75.0,107.0,0.0,True,0.003802333027124405,6.244836000027135
part_3/4838074686766505-SCHOOL.mp4,part_3/4838074686766505-SCHOOL.mp4,school,train,2652e27166edd43a4339.npz,643262,True,both_hands_missing_fraction,,"{""hands"": 128, ""hands_pose"": 261, ""hands_pose_face"": 1666}",0.19878725276794285,7.6981408298015594,29.921259842519685,,96,3.208421052631579,640,480,h264,0,96,0.0,0.0,0.0,0.0,0.0,0.0,51.0,53.125,31.0,61.0,63.541666666666664,33.0,50.0,52.083333333333336,"[[0, 17], [18, 1], [37, 1], [65, 31]]",31.0,17.0,31.0,48.0,,0.0,0.0,0.0,0.0,3.0,48.0,2.0,59.0,96.0,0.0,True,0.008932875003665686,8.0545665420359
part_3/48726938722294433-SWALLOW.mp4,part_3/48726938722294433-SWALLOW.mp4,swallow,train,36c317559504ca16e378.npz,436275,True,both_hands_missing_fraction,,"{""hands"": 128, ""hands_pose"": 261, ""hands_pose_face"": 1666}",0.13786754372995347,5.64843237050809,29.920523609163162,,65,2.172421875,640,480,h264,0,65,0.0,0.0,0.0,0.0,0.0,0.0,65.0,100.0,65.0,35.0,53.84615384615385,22.0,35.0,53.84615384615385,"[[0, 13], [43, 22]]",22.0,13.0,22.0,30.0,,0.0,0.0,0.0,0.0,0.0,65.0,0.0,35.0,65.0,0.0,True,0.01644395897164941,5.917928542010486
part_3/4894632992540995-GET IN_BED.mp4,part_3/4894632992540995-GET IN_BED.mp4,getinbed,train,0c0a22de9d61b67e6ee8.npz,563138,True,both_hands_missing_fraction,,"{""hands"": 128, ""hands_pose"": 261, ""hands_pose_face"": 1666}",0.10990996146574616,5.215265328064561,30.481999999999996,,85,2.78853093629027,640,480,h264,0,84,0.0,0.0,0.0,0.0,0.0,0.0,46.0,54.761904761904766,31.0,47.0,55.952380952380956,29.0,42.0,50.0,"[[0, 13], [55, 29]]",29.0,13.0,29.0,42.0,,0.0,0.0,0.0,0.0,2.0,44.0,5.0,42.0,84.0,0.0,True,0.0065973339369520545,5.421417959034443
part_3/4951174780421559-DEATH.mp4,part_3/4951174780421559-DEATH.mp4,death,train,3ae713e6c9c370cd7c2e.npz,529753,True,both_hands_missing_fraction,,"{""hands"": 128, ""hands_pose"": 261, ""hands_pose_face"": 1666}",0.24566986947320402,6.627123251906596,30.0,,79,2.6333333333333333,640,480,h264,0,79,0.0,0.0,0.0,0.0,0.0,0.0,77.0,97.46835443037975,41.0,66.0,83.54430379746836,41.0,65.0,82.27848101265823,"[[0, 16], [17, 6], [25, 1], [35, 1], [38, 41]]",41.0,16.0,41.0,22.0,both_hands_missing_fraction,0.0,0.0,0.0,0.0,0.0,77.0,3.0,63.0,79.0,0.0,True,0.01855816598981619,7.017871416988783
part_3/4958072496453685-REDUCE.mp4,part_3/4958072496453685-REDUCE.mp4,reduce,train,5ca09f944e24ec26e5a2.npz,456306,True,both_hands_missing_fraction,,"{""hands"": 128, ""hands_pose"": 261, ""hands_pose_face"": 1666}",0.10765633138362318,4.172895417897962,30.004478280340347,,68,2.2663283582089555,640,480,h264,0,68,0.0,0.0,0.0,0.0,0.0,0.0,49.0,72.05882352941177,31.0,46.0,67.64705882352942,29.0,43.0,63.23529411764706,"[[0, 14], [39, 29]]",29.0,14.0,29.0,25.0,,0.0,0.0,0.0,0.0,4.0,45.0,3.0,43.0,68.0,0.0,True,0.005714541068300605,4.356274416903034
part_3/4993283542043576-ZIPPER.mp4,part_3/4993283542043576-ZIPPER.mp4,zipper,train,23cca9ca88dd80bf7580.npz,369505,True,both_hands_missing_fraction,,"{""hands"": 128, ""hands_pose"": 261, ""hands_pose_face"": 1666}",0.05648008082062006,3.229501707246527,29.966703662597112,,55,1.8353703703703705,640,480,h264,0,55,0.0,0.0,0.0,0.0,0.0,0.0,55.0,100.0,55.0,33.0,60.0,26.0,33.0,60.0,"[[0, 7], [29, 26]]",26.0,7.0,26.0,22.0,,0.0,0.0,0.0,0.0,0.0,55.0,0.0,33.0,55.0,0.0,True,0.003914166009053588,3.3692743750289083
part_3/501034080069992-SAILBOAT.mp4,part_3/501034080069992-SAILBOAT.mp4,sailboat,train,84b83ff0909549befbf7.npz,583169,True,both_hands_missing_fraction,,"{""hands"": 128, ""hands_pose"": 261, ""hands_pose_face"": 1666}",0.1836982958484441,6.350068083847873,29.99651203348448,,87,2.9003372093023256,640,480,h264,0,87,0.0,0.0,0.0,0.0,0.0,0.0,53.0,60.91954022988506,46.0,55.0,63.2183908045977,47.0,52.0,59.77011494252874,"[[0, 6], [41, 46]]",46.0,6.0,46.0,35.0,,0.0,0.0,0.0,0.0,0.0,53.0,2.0,53.0,87.0,0.0,True,0.019495083019137383,6.657994125038385
part_3/5091278642970272-HEADPHONES.mp4,part_3/5091278642970272-HEADPHONES.mp4,headphones,train,1182f05e716c5d3a037b.npz,362828,True,both_hands_missing_fraction,,"{""hands"": 128, ""hands_pose"": 261, ""hands_pose_face"": 1666}",0.05162746214773506,3.334015082102269,30.0,,54,1.8,640,480,mpeg4,0,54,0.0,0.0,0.0,0.0,0.0,0.0,33.0,61.111111111111114,27.0,35.0,64.81481481481481,27.0,32.0,59.25925925925925,"[[0, 5], [27, 27]]",27.0,5.0,27.0,22.0,,0.0,0.0,0.0,0.0,1.0,32.0,2.0,33.0,54.0,0.0,True,0.004556957981549203,3.445781624992378
part_3/5099794103667052-SUMMER.mp4,part_3/5099794103667052-SUMMER.mp4,summer,train,130253d2d452a4ed1c99.npz,549784,True,both_hands_missing_fraction,,"{""hands"": 128, ""hands_pose"": 261, ""hands_pose_face"": 1666}",0.1328556671505794,6.2871572899166495,30.366999999999997,,83,2.7332301511509205,640,480,h264,0,82,0.0,0.0,0.0,0.0,0.0,0.0,82.0,100.0,82.0,46.0,56.09756097560976,28.0,46.0,56.09756097560976,"[[0, 17], [18, 1], [54, 28]]",28.0,17.0,28.0,37.0,,0.0,0.0,0.0,0.0,0.0,82.0,1.0,45.0,82.0,0.0,True,0.00557808403391391,6.5744082919554785
part_3/5136087734043544-MEMBER.mp4,part_3/5136087734043544-MEMBER.mp4,member,train,20c5cf52c85c4e262a20.npz,1017174,True,both_hands_missing_fraction,,"{""hands"": 128, ""hands_pose"": 261, ""hands_pose_face"": 1666}",0.13759253604803234,10.284109424683265,30.001986886548774,,152,5.066331125827815,640,480,h264,0,152,0.0,0.0,0.0,0.0,0.0,0.0,152.0,100.0,152.0,95.0,62.5,48.0,95.0,62.5,"[[0, 48], [105, 47]]",48.0,48.0,47.0,57.0,,0.0,0.0,0.0,0.0,0.0,152.0,0.0,95.0,152.0,0.0,True,0.008262333925813437,10.577140875044279
part_3/5178948812994735-LOUD.mp4,part_3/5178948812994735-LOUD.mp4,loud,train,4cacc97df0d56796037f.npz,723386,True,both_hands_missing_fraction,,"{""hands"": 128, ""hands_pose"": 261, ""hands_pose_face"": 1666}",0.15101112506818026,7.817861083080061,29.99719652368937,,108,3.600336448598131,640,480,h264,0,108,0.0,0.0,0.0,0.0,0.0,0.0,92.0,85.18518518518519,34.0,62.0,57.407407407407405,33.0,60.0,55.55555555555556,"[[0, 21], [55, 1], [58, 3], [63, 1], [70, 1], [75, 33]]",33.0,21.0,33.0,54.0,,0.0,0.0,0.0,0.0,6.0,86.0,8.0,54.0,108.0,0.0,True,0.006655458942987025,8.118846209021285
part_3/5236730717037961-MASCARA.mp4,part_3/5236730717037961-MASCARA.mp4,mascara,train,367509663495ca5e11dc.npz,396213,True,both_hands_missing_fraction,,"{""hands"": 128, ""hands_pose"": 261, ""hands_pose_face"": 1666}",0.15746903815306723,4.787353419349529,30.005173305742368,,59,1.9663275862068967,640,480,h264,0,59,0.0,0.0,0.0,0.0,0.0,0.0,29.0,49.152542372881356,23.0,59.0,100.0,59.0,29.0,49.152542372881356,"[[0, 6], [36, 23]]",23.0,6.0,23.0,30.0,,0.0,0.0,0.0,0.0,0.0,29.0,0.0,59.0,59.0,0.0,True,0.005921790958382189,5.156900416943245
part_3/5240642662751536-PERSPECTIVE.mp4,part_3/5240642662751536-PERSPECTIVE.mp4,perspective,train,6bc972a336c0d2d52020.npz,569815,True,both_hands_missing_fraction,,"{""hands"": 128, ""hands_pose"": 261, ""hands_pose_face"": 1666}",0.1646121620433405,5.9291533819632605,29.967891544773458,,85,2.8363690476190473,640,480,h264,0,85,0.0,0.0,0.0,0.0,0.0,0.0,49.0,57.647058823529406,26.0,50.0,58.82352941176471,26.0,49.0,57.647058823529406,"[[0, 26], [62, 23]]",26.0,26.0,23.0,36.0,,0.0,0.0,0.0,0.0,0.0,49.0,0.0,50.0,85.0,0.0,True,0.007280374993570149,6.222774166031741
part_3/5284442635198221-seedCRASH.mp4,part_3/5284442635198221-seedCRASH.mp4,crash,train,8a060aa25e3e57b0f7c8.npz,890311,True,both_hands_missing_fraction,,"{""hands"": 128, ""hands_pose"": 261, ""hands_pose_face"": 1666}",0.17966238781809807,8.579139498760924,30.260999999999996,,134,4.428141832721986,640,480,h264,0,133,0.0,0.0,0.0,0.0,0.0,0.0,104.0,78.19548872180451,66.0,92.0,69.17293233082707,64.0,91.0,68.42105263157895,"[[0, 27], [69, 64]]",64.0,27.0,64.0,42.0,,0.0,0.0,0.0,0.0,6.0,98.0,1.0,91.0,133.0,0.0,True,0.00702720892149955,8.902488083927892
part_3/5320352660994052-ATLANTA.mp4,part_3/5320352660994052-ATLANTA.mp4,atlanta,train,5f5714247e23d0287992.npz,1317639,True,both_hands_missing_fraction,,"{""hands"": 128, ""hands_pose"": 261, ""hands_pose_face"": 1666}",0.22374904376920313,12.489147248212248,30.001530690341344,,197,6.566331632653061,640,480,h264,0,197,0.0,0.0,0.0,0.0,0.0,0.0,171.0,86.80203045685279,62.0,121.0,61.42131979695431,61.0,121.0,61.42131979695431,"[[0, 61], [137, 60]]",61.0,61.0,60.0,76.0,,0.0,0.0,0.0,0.0,1.0,170.0,0.0,121.0,197.0,0.0,True,0.010076583013869822,12.893860707990825
part_3/5322960163151325-ELEGANCE.mp4,part_3/5322960163151325-ELEGANCE.mp4,elegance,train,aca44dd23b37a9ea01fd.npz,830218,True,both_hands_missing_fraction,,"{""hands"": 128, ""hands_pose"": 261, ""hands_pose_face"": 1666}",0.1435144607676193,7.293671417050064,30.000000000000004,,124,4.133333333333333,640,480,h264,0,124,0.0,0.0,0.0,0.0,0.0,0.0,124.0,100.0,124.0,83.0,66.93548387096774,49.0,83.0,66.93548387096774,"[[0, 49], [90, 34]]",49.0,49.0,34.0,41.0,,0.0,0.0,0.0,0.0,0.0,124.0,0.0,83.0,124.0,0.0,True,0.006982083083130419,7.586480666999705
part_3/5361592700937574-SUSPEND.mp4,part_3/5361592700937574-SUSPEND.mp4,suspend,train,c5558ec3962e1ff57aea.npz,496368,True,both_hands_missing_fraction,,"{""hands"": 128, ""hands_pose"": 261, ""hands_pose_face"": 1666}",0.08763033361174166,4.6100007893983275,30.00411015207563,,74,2.4663287671232874,640,480,h264,0,74,0.0,0.0,0.0,0.0,0.0,0.0,50.0,67.56756756756756,26.0,49.0,66.21621621621621,24.0,47.0,63.51351351351351,"[[0, 23], [27, 1], [51, 23]]",23.0,23.0,23.0,28.0,,0.0,0.0,0.0,0.0,1.0,49.0,2.0,47.0,74.0,0.0,True,0.005436416948214173,4.798025208059698
part_3/5377518041774723-CONSUME.mp4,part_3/5377518041774723-CONSUME.mp4,consume,train,2d41940802d3c3a83a2c.npz,516399,True,both_hands_missing_fraction,,"{""hands"": 128, ""hands_pose"": 261, ""hands_pose_face"": 1666}",0.0866912892088294,4.981111714034341,30.362,,78,2.569000724589948,640,480,h264,0,77,0.0,0.0,0.0,0.0,0.0,0.0,77.0,100.0,77.0,62.0,80.51948051948052,34.0,62.0,80.51948051948052,"[[0, 14], [28, 14], [43, 34]]",34.0,14.0,34.0,29.0,both_hands_missing_fraction,0.0,0.0,0.0,0.0,0.0,77.0,0.0,62.0,77.0,0.0,True,0.006070542032830417,5.168182958033867
part_4/5397567469672582-OWE.mp4,part_4/5397567469672582-OWE.mp4,owe,train,ff085f4eefb7990d8677.npz,369505,True,both_hands_missing_fraction,,"{""hands"": 128, ""hands_pose"": 261, ""hands_pose_face"": 1666}",0.05353466863743961,3.55698216392193,30.0,,55,1.8333333333333333,640,480,h264,0,55,0.0,0.0,0.0,0.0,0.0,0.0,26.0,47.27272727272727,20.0,33.0,60.0,21.0,26.0,47.27272727272727,"[[0, 6], [35, 20]]",20.0,6.0,20.0,29.0,,0.0,0.0,0.0,0.0,0.0,26.0,1.0,32.0,55.0,0.0,True,0.004739374970085919,3.6930297499056906
part_4/5481447158893427-ABSOLUTELY NOTHING.mp4,part_4/5481447158893427-ABSOLUTELY NOTHING.mp4,absolutelynothing,train,5053a06f016285276b98.npz,483014,True,both_hands_missing_fraction,,"{""hands"": 128, ""hands_pose"": 261, ""hands_pose_face"": 1666}",0.07405254396144301,4.23912704072427,29.970451667370195,,72,2.402366197183099,640,480,h264,0,72,0.0,0.0,0.0,0.0,0.0,0.0,46.0,63.888888888888886,27.0,72.0,100.0,72.0,46.0,63.888888888888886,"[[0, 27], [53, 19]]",27.0,27.0,19.0,26.0,,0.0,0.0,0.0,0.0,0.0,46.0,0.0,72.0,72.0,0.0,True,0.005269708926789463,4.412381749949418
part_4/5510822299428495-OSTRICH.mp4,part_4/5510822299428495-OSTRICH.mp4,ostrich,train,5da3febef634a3645f83.npz,576492,True,both_hands_missing_fraction,,"{""hands"": 128, ""hands_pose"": 261, ""hands_pose_face"": 1666}",0.09177333174739033,5.724553169216961,30.003529827038474,,86,2.8663294117647062,640,480,h264,0,86,0.0,0.0,0.0,0.0,0.0,0.0,56.0,65.11627906976744,34.0,43.0,50.0,31.0,43.0,50.0,"[[0, 12], [55, 31]]",31.0,12.0,31.0,43.0,,0.0,0.0,0.0,0.0,0.0,56.0,0.0,43.0,86.0,0.0,True,0.005914792069233954,5.920997541048564
part_4/5527432382922375-ENEMY.mp4,part_4/5527432382922375-ENEMY.mp4,enemy,train,547eb2c21c364106dd47.npz,416244,True,both_hands_missing_fraction,,"{""hands"": 128, ""hands_pose"": 261, ""hands_pose_face"": 1666}",0.030579457874409854,2.1605822077253833,14.985014985014987,,31,2.0687333333333333,640,480,h264,0,62,0.0,0.0,0.0,0.0,0.0,0.0,40.0,64.51612903225806,30.0,38.0,61.29032258064516,30.0,38.0,61.29032258064516,"[[0, 8], [32, 30]]",30.0,8.0,30.0,24.0,,0.0,0.0,0.0,0.0,0.0,40.0,0.0,38.0,62.0,0.0,True,0.004910500021651387,2.257675667060539
part_4/559768801316793-PRECIOUS.mp4,part_4/559768801316793-PRECIOUS.mp4,precious,train,c8b9c893e11cd26ce4d2.npz,222611,True,both_hands_missing_fraction,,"{""hands"": 128, ""hands_pose"": 261, ""hands_pose_face"": 1666}",0.039831129484809935,2.181600121431984,29.99062792877226,,33,1.10034375,640,480,h264,0,33,0.0,0.0,0.0,0.0,0.0,0.0,20.0,60.60606060606061,7.0,33.0,100.0,33.0,20.0,60.60606060606061,"[[0, 4], [12, 2], [16, 1], [19, 7], [27, 6]]",7.0,4.0,6.0,23.0,both_hands_missing_fraction,0.0,0.0,0.0,0.0,3.0,17.0,0.0,33.0,33.0,0.0,True,0.0036952910013496876,2.2867367500439286
part_4/5628093426848517-SUMMON.mp4,part_4/5628093426848517-SUMMON.mp4,summon,train,480fd4ae9d5244bed5f7.npz,549784,True,both_hands_missing_fraction,,"{""hands"": 128, ""hands_pose"": 261, ""hands_pose_face"": 1666}",0.09741283149924129,5.584389545721933,29.999999999999996,,82,2.733333333333334,640,480,h264,0,82,0.0,0.0,0.0,0.0,0.0,0.0,49.0,59.756097560975604,44.0,49.0,59.756097560975604,44.0,49.0,59.756097560975604,"[[0, 5], [38, 44]]",44.0,5.0,44.0,33.0,,0.0,0.0,0.0,0.0,0.0,49.0,0.0,49.0,82.0,0.0,True,0.005618207971565425,5.7829344579949975
part_4/5654201049709489-CROCODILE.mp4,part_4/5654201049709489-CROCODILE.mp4,crocodile,train,1e2049f74e56f62f0373.npz,763448,True,both_hands_missing_fraction,,"{""hands"": 128, ""hands_pose"": 261, ""hands_pose_face"": 1666}",0.11806633183732629,6.8240092465421185,25.0,,95,3.8,640,480,h264,0,114,0.0,0.0,0.0,8.0,7.017543859649122,6.0,95.0,83.33333333333334,57.0,89.0,78.0701754385965,57.0,82.0,71.9298245614035,"[[0, 11], [13, 1], [18, 1], [23, 2], [26, 1], [33, 3], [45, 4], [54, 2], [57, 57]]",57.0,11.0,57.0,46.0,both_hands_missing_fraction,0.0,0.0,2.0,6.0,14.0,81.0,21.0,68.0,114.0,0.0,True,0.007518415921367705,7.054830499924719
part_4/5665441262141131-NET.mp4,part_4/5665441262141131-NET.mp4,net,train,3483b1f0737e766361d7.npz,396213,True,both_hands_missing_fraction,,"{""hands"": 128, ""hands_pose"": 261, ""hands_pose_face"": 1666}",0.06333416793495417,3.9742887932807207,29.91232594120681,,59,1.9724310344827585,640,480,h264,0,59,0.0,0.0,0.0,1.0,1.694915254237288,1.0,39.0,66.10169491525424,24.0,29.0,49.152542372881356,20.0,28.0,47.45762711864407,"[[0, 8], [39, 20]]",20.0,8.0,20.0,31.0,,0.0,0.0,1.0,0.0,6.0,33.0,1.0,28.0,59.0,0.0,True,0.004220874980092049,4.121673959074542
part_4/5688725140267121-STEAK.mp4,part_4/5688725140267121-STEAK.mp4,steak,train,0365b5d54cd3617c50f6.npz,489691,True,both_hands_missing_fraction,,"{""hands"": 128, ""hands_pose"": 261, ""hands_pose_face"": 1666}",0.1338964574970305,5.589520166278817,29.912754466140424,,73,2.4404305555555554,640,480,h264,0,73,0.0,0.0,0.0,0.0,0.0,0.0,38.0,52.054794520547944,28.0,36.0,49.31506849315068,26.0,34.0,46.57534246575342,"[[0, 8], [47, 26]]",26.0,8.0,26.0,39.0,,0.0,0.0,0.0,0.0,2.0,36.0,2.0,34.0,73.0,0.0,True,0.005425291019491851,5.820269666030072
part_4/5708154987302507-MASSAGE.mp4,part_4/5708154987302507-MASSAGE.mp4,massage,train,2e6d6ee89f77b97b9e4c.npz,1083944,True,both_hands_missing_fraction,,"{""hands"": 128, ""hands_pose"": 261, ""hands_pose_face"": 1666}",0.21924924291670322,11.558041627868079,29.99813676169182,,162,5.400335403726708,640,480,h264,0,162,0.0,0.0,0.0,0.0,0.0,0.0,103.0,63.580246913580254,68.0,98.0,60.49382716049383,32.0,94.0,58.0246913580247,"[[0, 3], [4, 25], [30, 2], [91, 2], [95, 32], [132, 30]]",32.0,3.0,30.0,129.0,both_hands_missing_fraction,0.0,0.0,0.0,0.0,3.0,100.0,8.0,90.0,162.0,0.0,True,0.009543291991576552,11.967657541041262
part_4/5708598578821673-CONTINUE.mp4,part_4/5708598578821673-CONTINUE.mp4,continue,train,b2858727134d07ccc418.npz,589846,True,both_hands_missing_fraction,,"{""hands"": 128, ""hands_pose"": 261, ""hands_pose_face"": 1666}",0.13740158104337752,6.56250120815821,29.968997588701342,,88,2.936367816091954,640,480,h264,0,88,0.0,0.0,0.0,0.0,0.0,0.0,43.0,48.86363636363637,27.0,43.0,48.86363636363637,26.0,42.0,47.72727272727273,"[[0, 26], [28, 1], [72, 1], [74, 14]]",26.0,26.0,14.0,48.0,,0.0,0.0,0.0,0.0,2.0,41.0,3.0,40.0,88.0,0.0,True,0.005950249964371324,6.815578709007241
part_4/5719477017744072-SSHH.mp4,part_4/5719477017744072-SSHH.mp4,sshh,train,,0,True,too_few_decoded_frames,,"{""hands"": 128, ""hands_pose"": 261, ""hands_pose_face"": 1666}",0.018878999166190624,1.3851810831110924,14.83924154987634,,19,1.2803888888888888,640,480,h264,0,38,,,,,,,,,,,,,,,,,,,,,,,,,,,,,,,False,3.925000783056021e-05,1.4641103339381516
part_4/575097801448069-SPIT OUT.mp4,part_4/575097801448069-SPIT OUT.mp4,spitout,train,eeeab8d79c64c5a797fd.npz,322766,True,both_hands_missing_fraction,,"{""hands"": 128, ""hands_pose"": 261, ""hands_pose_face"": 1666}",0.08827958453912288,3.798771370551549,29.974489795918366,,48,1.6013617021276596,640,480,h264,0,48,0.0,0.0,0.0,0.0,0.0,0.0,48.0,100.0,48.0,33.0,68.75,25.0,33.0,68.75,"[[0, 8], [23, 25]]",25.0,8.0,25.0,15.0,,0.0,0.0,0.0,0.0,0.0,48.0,0.0,33.0,48.0,0.0,True,0.0047227080212906,3.9735196660039946
part_4/5757520428166414-TABLE.mp4,part_4/5757520428166414-TABLE.mp4,table,train,6af62feb419b3bc77690.npz,690001,True,both_hands_missing_fraction,,"{""hands"": 128, ""hands_pose"": 261, ""hands_pose_face"": 1666}",0.16906478710006922,7.276951621519402,30.0,,103,3.433333333333333,640,480,h264,0,103,0.0,0.0,0.0,0.0,0.0,0.0,57.0,55.33980582524271,37.0,66.0,64.07766990291263,38.0,53.0,51.45631067961165,"[[0, 14], [16, 2], [66, 37]]",37.0,14.0,37.0,52.0,,0.0,0.0,0.0,0.0,5.0,52.0,6.0,60.0,103.0,0.0,True,0.006735790986567736,7.579261958017014
part_4/5774167915990722-CONFIDENT.mp4,part_4/5774167915990722-CONFIDENT.mp4,confident,train,eb4651a0e27ba4a62439.npz,409567,True,both_hands_missing_fraction,,"{""hands"": 128, ""hands_pose"": 261, ""hands_pose_face"": 1666}",0.07554136996623129,4.472487918799743,29.970029970029973,,61,2.0353666666666665,640,480,h264,0,61,0.0,0.0,0.0,1.0,1.639344262295082,1.0,32.0,52.459016393442624,20.0,34.0,55.73770491803278,16.0,28.0,45.90163934426229,"[[0, 12], [45, 16]]",16.0,12.0,16.0,33.0,,0.0,0.0,1.0,0.0,0.0,32.0,3.0,31.0,61.0,0.0,True,0.006967916968278587,4.644721541902982
part_4/5874422860461079-MAINSTREAM.mp4,part_4/5874422860461079-MAINSTREAM.mp4,mainstream,train,ba48d62fd3434a3eb21c.npz,690001,True,both_hands_missing_fraction,,"{""hands"": 128, ""hands_pose"": 261, ""hands_pose_face"": 1666}",0.12027983786538243,5.849308370379731,25.0,,86,3.44,640,480,h264,0,103,0.0,0.0,0.0,0.0,0.0,0.0,73.0,70.87378640776699,47.0,73.0,70.87378640776699,46.0,72.0,69.90291262135922,"[[0, 26], [57, 46]]",46.0,26.0,46.0,31.0,,0.0,0.0,0.0,0.0,0.0,73.0,0.0,73.0,103.0,0.0,True,0.00699920894112438,6.0885629169642925
part_4/6066172643835521-VITAMINS.mp4,part_4/6066172643835521-VITAMINS.mp4,vitamins,train,eb8b16cfdcf83f1f5629.npz,723386,True,both_hands_missing_fraction,,"{""hands"": 128, ""hands_pose"": 261, ""hands_pose_face"": 1666}",0.13462225359398872,7.484311623382382,29.971988795518207,,108,3.6033644859813085,640,480,h264,0,108,0.0,0.0,0.0,0.0,0.0,0.0,108.0,100.0,108.0,64.0,59.25925925925925,36.0,64.0,59.25925925925925,"[[0, 27], [38, 1], [72, 36]]",36.0,27.0,36.0,45.0,,0.0,0.0,0.0,0.0,0.0,108.0,1.0,63.0,108.0,0.0,True,0.006616124999709427,7.73992012499366
part_4/606708459571577-ENEMY.mp4,part_4/606708459571577-ENEMY.mp4,enemy,train,9608a1a15924a8a66cfc.npz,1057236,True,both_hands_missing_fraction,,"{""hands"": 128, ""hands_pose"": 261, ""hands_pose_face"": 1666}",0.1691496706334874,10.502996247378178,30.001910949742022,,158,5.266331210191082,640,480,h264,0,158,0.0,0.0,0.0,0.0,0.0,0.0,129.0,81.64556962025317,73.0,136.0,86.07594936708861,46.0,120.0,75.9493670886076,"[[0, 6], [8, 46], [55, 1], [90, 42], [133, 25]]",46.0,6.0,25.0,127.0,both_hands_missing_fraction,0.0,0.0,0.0,0.0,2.0,127.0,1.0,135.0,158.0,0.0,True,0.008562832954339683,10.831755292019807
part_4/6120598533455035-TOP.mp4,part_4/6120598533455035-TOP.mp4,top,train,df0ad897fa6ed9c9bcc6.npz,823541,True,both_hands_missing_fraction,,"{""hands"": 128, ""hands_pose"": 261, ""hands_pose_face"": 1666}",0.13894170324783772,7.410796373384073,29.99754118514876,,123,4.100336065573771,640,480,h264,0,123,0.0,0.0,0.0,0.0,0.0,0.0,87.0,70.73170731707317,49.0,86.0,69.91869918699187,44.0,77.0,62.601626016260155,"[[0, 44], [48, 1], [91, 32]]",44.0,44.0,32.0,47.0,,0.0,0.0,0.0,0.0,0.0,87.0,4.0,82.0,123.0,0.0,True,0.007198542007245123,7.684815958025865
part_4/6190592230678937-BASIC.mp4,part_4/6190592230678937-BASIC.mp4,basic,train,24a56609c76e57972294.npz,362828,True,both_hands_missing_fraction,,"{""hands"": 128, ""hands_pose"": 261, ""hands_pose_face"": 1666}",0.07192966795992106,3.735876790015027,29.97737556561086,,54,1.8013584905660378,640,480,h264,0,54,0.0,0.0,0.0,0.0,0.0,0.0,44.0,81.48148148148148,23.0,31.0,57.407407407407405,23.0,31.0,57.407407407407405,"[[0, 8], [31, 23]]",23.0,8.0,23.0,23.0,,0.0,0.0,0.0,0.0,13.0,31.0,0.0,31.0,54.0,0.0,True,0.004566834075376391,3.892983500030823
part_4/6199416921256531-PROMOTE.mp4,part_4/6199416921256531-PROMOTE.mp4,promote,train,d734a4f615e4ca14a687.npz,409567,False,,,"{""hands"": 128, ""hands_pose"": 261, ""hands_pose_face"": 1666}",0.09280825464520603,3.9314966212259606,30.0,,61,2.033333333333333,640,480,h264,0,61,0.0,0.0,0.0,0.0,0.0,0.0,34.0,55.73770491803278,27.0,18.0,29.508196721311474,9.0,16.0,26.229508196721312,"[[0, 7], [34, 1], [37, 1], [44, 7]]",7.0,7.0,0.0,54.0,,0.0,0.0,0.0,0.0,0.0,34.0,2.0,16.0,61.0,0.0,False,0.004602041910402477,4.114254374988377
part_4/6280050722469468-JEWELRY.mp4,part_4/6280050722469468-JEWELRY.mp4,jewelry,train,1ee7be27de0cdee20320.npz,710032,True,both_hands_missing_fraction,,"{""hands"": 128, ""hands_pose"": 261, ""hands_pose_face"": 1666}",0.10232854261994362,7.243485041195527,30.0,,106,3.533333333333333,640,480,h264,0,106,0.0,0.0,0.0,0.0,0.0,0.0,56.0,52.83018867924528,35.0,54.0,50.943396226415096,35.0,54.0,50.943396226415096,"[[0, 19], [71, 35]]",35.0,19.0,35.0,52.0,,0.0,0.0,0.0,0.0,0.0,56.0,0.0,54.0,106.0,0.0,True,0.006451499997638166,7.466682916972786
part_4/63226247444836-BRIGHT.mp4,part_4/63226247444836-BRIGHT.mp4,bright,train,f2a8fe210e9ac18230de.npz,556461,True,both_hands_missing_fraction,,"{""hands"": 128, ""hands_pose"": 261, ""hands_pose_face"": 1666}",0.10596082825213671,4.965441128704697,30.564,,85,2.7810496008375867,640,480,h264,0,83,0.0,0.0,0.0,0.0,0.0,0.0,56.0,67.46987951807229,32.0,51.0,61.44578313253012,30.0,51.0,61.44578313253012,"[[0, 30], [62, 21]]",30.0,30.0,21.0,32.0,,0.0,0.0,0.0,0.0,1.0,55.0,0.0,51.0,83.0,0.0,True,0.005326790967956185,5.18055175000336
part_4/6330199362456541-EVENT.mp4,part_4/6330199362456541-EVENT.mp4,event,train,d5ee06870386f71fff7f.npz,509722,True,both_hands_missing_fraction,,"{""hands"": 128, ""hands_pose"": 261, ""hands_pose_face"": 1666}",0.09012241684831679,4.85241991491057,29.916234543278822,,76,2.5404266666666664,640,480,h264,0,76,0.0,0.0,0.0,0.0,0.0,0.0,47.0,61.8421052631579,26.0,41.0,53.94736842105263,23.0,41.0,53.94736842105263,"[[0, 23], [58, 18]]",23.0,23.0,18.0,35.0,,0.0,0.0,0.0,0.0,1.0,46.0,0.0,41.0,76.0,0.0,True,0.006147124920971692,5.0520426670555025
part_4/637166540888664-AGENCY.mp4,part_4/637166540888664-AGENCY.mp4,agency,train,4c1eb765340a326f6f79.npz,483014,True,both_hands_missing_fraction,,"{""hands"": 128, ""hands_pose"": 261, ""hands_pose_face"": 1666}",0.09340433194302022,5.109280289383605,29.995775242923532,,72,2.400338028169014,640,480,h264,0,72,0.0,0.0,0.0,0.0,0.0,0.0,43.0,59.72222222222222,30.0,39.0,54.166666666666664,29.0,39.0,54.166666666666664,"[[0, 10], [43, 29]]",29.0,10.0,29.0,33.0,,0.0,0.0,0.0,0.0,0.0,43.0,0.0,39.0,72.0,0.0,True,0.006117999902926385,5.3033488340443
part_4/6385604913876339-EXPLODE.mp4,part_4/6385604913876339-EXPLODE.mp4,explode,train,8d66ca5155d53ab8392c.npz,416244,True,both_hands_missing_fraction,,"{""hands"": 128, ""hands_pose"": 261, ""hands_pose_face"": 1666}",0.09365974622778594,4.216118792188354,30.526,,63,2.0638144532529648,640,480,h264,0,62,0.0,0.0,0.0,0.0,0.0,0.0,40.0,64.51612903225806,16.0,35.0,56.451612903225815,20.0,30.0,48.38709677419355,"[[0, 13], [14, 1], [46, 16]]",16.0,13.0,16.0,33.0,,0.0,0.0,0.0,0.0,1.0,39.0,0.0,35.0,62.0,0.0,True,0.005213959026150405,4.406836792011745
part_4/639844108842305-HOWL.mp4,part_4/639844108842305-HOWL.mp4,howl,train,35347602efc73ef23a0a.npz,462983,True,both_hands_missing_fraction,,"{""hands"": 128, ""hands_pose"": 261, ""hands_pose_face"": 1666}",0.0950889156665653,5.002596297301352,29.99558888398765,,69,2.3003382352941175,640,480,h264,0,69,0.0,0.0,0.0,0.0,0.0,0.0,22.0,31.88405797101449,11.0,69.0,100.0,69.0,22.0,31.88405797101449,"[[0, 7], [18, 1], [20, 1], [51, 1], [54, 1], [58, 11]]",11.0,7.0,11.0,51.0,,0.0,0.0,0.0,0.0,4.0,18.0,0.0,69.0,69.0,0.0,True,0.005402583046816289,5.205510124913417
part_4/6449139793505076-GOOD.mp4,part_4/6449139793505076-GOOD.mp4,good,train,27df7453b5b4cc9a5076.npz,816864,True,both_hands_missing_fraction,,"{""hands"": 128, ""hands_pose"": 261, ""hands_pose_face"": 1666}",0.1389813730493188,6.5191087474813685,25.356,,103,4.062154914024294,640,480,h264,0,122,0.0,0.0,0.0,0.0,0.0,0.0,122.0,100.0,122.0,81.0,66.39344262295081,55.0,81.0,66.39344262295081,"[[0, 26], [67, 55]]",55.0,26.0,55.0,41.0,,0.0,0.0,0.0,0.0,0.0,122.0,0.0,81.0,122.0,0.0,True,0.006684917025268078,6.790654125041328
part_4/6471960992477459-WHEELCHAIR.mp4,part_4/6471960992477459-WHEELCHAIR.mp4,wheelchair,train,57257e930b0640b3dd43.npz,449629,True,both_hands_missing_fraction,,"{""hands"": 128, ""hands_pose"": 261, ""hands_pose_face"": 1666}",0.10075437766499817,4.978885041899048,29.999999999999996,,67,2.2333333333333334,640,480,h264,0,67,0.0,0.0,0.0,0.0,0.0,0.0,62.0,92.53731343283582,34.0,67.0,100.0,67.0,62.0,92.53731343283582,"[[0, 14], [17, 9], [27, 5], [33, 34]]",34.0,14.0,34.0,19.0,both_hands_missing_fraction,0.0,0.0,0.0,0.0,5.0,57.0,0.0,67.0,67.0,0.0,True,0.005040416959673166,5.178998708026484
part_4/6498026727353476-HOLD ACCOUNTABLE.mp4,part_4/6498026727353476-HOLD ACCOUNTABLE.mp4,holdaccountable,train,69337098e6e07c3fae28.npz,409567,True,both_hands_missing_fraction,,"{""hands"": 128, ""hands_pose"": 261, ""hands_pose_face"": 1666}",0.08675975177902728,4.403729797108099,30.0,,61,2.033333333333333,640,480,h264,0,61,0.0,0.0,0.0,0.0,0.0,0.0,61.0,100.0,61.0,25.0,40.98360655737705,21.0,25.0,40.98360655737705,"[[0, 4], [40, 21]]",21.0,4.0,21.0,36.0,,0.0,0.0,0.0,0.0,0.0,61.0,0.0,25.0,61.0,0.0,True,0.004830457968637347,4.588765583001077
part_4/6515057454623217-INDIAN.mp4,part_4/6515057454623217-INDIAN.mp4,indian,train,f40ed1c32410de0551d5.npz,796833,True,both_hands_missing_fraction,,"{""hands"": 128, ""hands_pose"": 261, ""hands_pose_face"": 1666}",0.09404237230774015,6.706509953830391,30.002542588354945,,119,3.9663305084745764,640,480,h264,0,119,0.0,0.0,0.0,0.0,0.0,0.0,119.0,100.0,119.0,72.0,60.50420168067227,38.0,72.0,60.50420168067227,"[[0, 38], [82, 1], [86, 33]]",38.0,38.0,33.0,48.0,,0.0,0.0,0.0,0.0,0.0,119.0,1.0,71.0,119.0,0.0,True,0.003826041938737035,6.938627291005105
part_4/6543927401448224-COST.mp4,part_4/6543927401448224-COST.mp4,cost,train,bb67d3be835a77244149.npz,322766,True,both_hands_missing_fraction,,"{""hands"": 128, ""hands_pose"": 261, ""hands_pose_face"": 1666}",0.041289665969088674,3.0247872069012374,29.91725015913431,,48,1.6044255319148937,640,480,h264,0,48,0.0,0.0,0.0,0.0,0.0,0.0,25.0,52.083333333333336,16.0,29.0,60.416666666666664,21.0,24.0,50.0,"[[0, 5], [27, 1], [29, 2], [32, 16]]",16.0,5.0,16.0,27.0,,0.0,0.0,0.0,0.0,4.0,21.0,2.0,27.0,48.0,0.0,True,0.0032882499508559704,3.142720040981658
part_4/6564979311240984-COME OUT.mp4,part_4/6564979311240984-COME OUT.mp4,comeout,train,f16f4d20dfb8695f0173.npz,396213,True,both_hands_missing_fraction,,"{""hands"": 128, ""hands_pose"": 261, ""hands_pose_face"": 1666}",0.07166042074095458,4.500456292880699,30.75,,60,1.951219512195122,640,480,h264,0,59,0.0,0.0,0.0,0.0,0.0,0.0,33.0,55.932203389830505,23.0,38.0,64.40677966101694,25.0,33.0,55.932203389830505,"[[0, 9], [10, 1], [36, 23]]",23.0,9.0,23.0,27.0,,0.0,0.0,0.0,0.0,1.0,32.0,4.0,34.0,59.0,0.0,True,0.005008499952964485,4.6719578329939395
part_4/6582550912371123-IGNORE.mp4,part_4/6582550912371123-IGNORE.mp4,ignore,train,25acd901eff2bd25a5b1.npz,296058,True,both_hands_missing_fraction,,"{""hands"": 128, ""hands_pose"": 261, ""hands_pose_face"": 1666}",0.08569099369924515,3.106598799233325,30.006978367062107,,44,1.4663255813953489,640,480,h264,0,44,0.0,0.0,0.0,0.0,0.0,0.0,44.0,100.0,44.0,22.0,50.0,17.0,22.0,50.0,"[[0, 5], [27, 17]]",17.0,5.0,17.0,22.0,,0.0,0.0,0.0,0.0,0.0,44.0,0.0,22.0,44.0,0.0,True,0.004061707993969321,3.2755197080550715
part_4/6602261622676402-TEENAGER.mp4,part_4/6602261622676402-TEENAGER.mp4,teenager,train,588bd731c78bf2275441.npz,483014,True,both_hands_missing_fraction,,"{""hands"": 128, ""hands_pose"": 261, ""hands_pose_face"": 1666}",0.08897204312961549,4.229844579938799,30.062,,72,2.395050229525647,640,480,h264,0,72,0.0,0.0,0.0,0.0,0.0,0.0,72.0,100.0,72.0,23.0,31.944444444444443,13.0,23.0,31.944444444444443,"[[0, 10], [59, 13]]",13.0,10.0,13.0,49.0,,0.0,0.0,0.0,0.0,0.0,72.0,0.0,23.0,72.0,0.0,True,0.00644779100548476,4.4108439579140395
part_4/6618587122323296-STOPWATCH.mp4,part_4/6618587122323296-STOPWATCH.mp4,stopwatch,train,f90399ef465ea25f26ac.npz,536430,True,both_hands_missing_fraction,,"{""hands"": 128, ""hands_pose"": 261, ""hands_pose_face"": 1666}",0.1112855487735942,4.397687994991429,30.003797949107483,,80,2.6663291139240504,640,480,h264,0,80,0.0,0.0,0.0,0.0,0.0,0.0,80.0,100.0,80.0,42.0,52.5,20.0,42.0,52.5,"[[0, 18], [22, 4], [60, 20]]",20.0,18.0,20.0,42.0,,0.0,0.0,0.0,0.0,0.0,80.0,4.0,38.0,80.0,0.0,True,0.006204042001627386,4.613393083913252
part_4/661920641516625-HINGE.mp4,part_4/661920641516625-HINGE.mp4,hinge,train,1edc625ced8743caf98b.npz,469660,True,both_hands_missing_fraction,,"{""hands"": 128, ""hands_pose"": 261, ""hands_pose_face"": 1666}",0.09773650125134736,4.057979956967756,30.000000000000004,,70,2.333333333333333,640,480,h264,0,70,0.0,0.0,0.0,0.0,0.0,0.0,30.0,42.857142857142854,20.0,29.0,41.42857142857143,21.0,28.0,40.0,"[[0, 8], [50, 20]]",20.0,8.0,20.0,42.0,,0.0,0.0,0.0,0.0,0.0,30.0,0.0,29.0,70.0,0.0,True,0.006199374911375344,4.242800582898781
part_4/6620417008413066-PREFER.mp4,part_4/6620417008413066-PREFER.mp4,prefer,train,84fa32e6abc773ac0cd3.npz,342797,True,both_hands_missing_fraction,,"{""hands"": 128, ""hands_pose"": 261, ""hands_pose_face"": 1666}",0.08829237904865295,2.97307649475988,29.922202274087372,,51,1.70442,640,480,h264,0,51,0.0,0.0,0.0,0.0,0.0,0.0,51.0,100.0,51.0,27.0,52.94117647058824,22.0,27.0,52.94117647058824,"[[0, 5], [29, 22]]",22.0,5.0,22.0,24.0,,0.0,0.0,0.0,0.0,0.0,51.0,0.0,27.0,51.0,0.0,True,0.0037662090035155416,3.1392963340040296
part_4/6627894493111854-WHIP.mp4,part_4/6627894493111854-WHIP.mp4,whip,train,63c8f6dcd5005885ffd6.npz,516399,True,both_hands_missing_fraction,,"{""hands"": 128, ""hands_pose"": 261, ""hands_pose_face"": 1666}",0.09315287601202726,5.949573747813702,29.921259842519685,,77,2.573421052631579,640,480,h264,0,77,0.0,0.0,0.0,0.0,0.0,0.0,38.0,49.35064935064935,23.0,77.0,100.0,77.0,38.0,49.35064935064935,"[[0, 14], [38, 1], [54, 23]]",23.0,14.0,23.0,40.0,,0.0,0.0,0.0,0.0,1.0,37.0,0.0,77.0,77.0,0.0,True,0.005438665975816548,6.14631450001616
part_4/6639287403552572-FANTASY.mp4,part_4/6639287403552572-FANTASY.mp4,fantasy,train,5b9a7ba948f3a35e649d.npz,710032,True,both_hands_missing_fraction,,"{""hands"": 128, ""hands_pose"": 261, ""hands_pose_face"": 1666}",0.14498283120337874,5.951501874020323,23.156,,82,3.5411988253584386,640,480,h264,0,106,0.0,0.0,0.0,0.0,0.0,0.0,59.0,55.660377358490564,40.0,54.0,50.943396226415096,39.0,54.0,50.943396226415096,"[[0, 15], [67, 39]]",39.0,15.0,39.0,52.0,,0.0,0.0,0.0,0.0,0.0,59.0,0.0,54.0,106.0,0.0,True,0.007022749981842935,6.217844541999511
part_4/6640029673956236-FIFTH.mp4,part_4/6640029673956236-FIFTH.mp4,fifth,train,cbab34dc0a3f6c6f4e2a.npz,663293,True,both_hands_missing_fraction,,"{""hands"": 128, ""hands_pose"": 261, ""hands_pose_face"": 1666}",0.08381308277603239,7.59722433402203,29.99693908784818,,99,3.3003367346938774,640,480,h264,0,99,0.0,0.0,0.0,0.0,0.0,0.0,98.0,98.98989898989899,76.0,62.0,62.62626262626263,37.0,61.0,61.61616161616161,"[[0, 22], [23, 2], [62, 37]]",37.0,22.0,37.0,40.0,,0.0,0.0,0.0,0.0,0.0,98.0,0.0,62.0,99.0,0.0,True,0.006992749986238778,7.806715167011134
part_4/6708956410631581-WORKSHOP.mp4,part_4/6708956410631581-WORKSHOP.mp4,workshop,train,52547f06985138e9a18d.npz,316089,True,both_hands_missing_fraction,,"{""hands"": 128, ""hands_pose"": 261, ""hands_pose_face"": 1666}",0.07471633423119783,3.635722460108809,29.967426710097723,,47,1.5683695652173912,640,480,h264,0,47,0.0,0.0,0.0,0.0,0.0,0.0,24.0,51.06382978723404,13.0,20.0,42.5531914893617,14.0,19.0,40.42553191489361,"[[0, 6], [34, 13]]",13.0,6.0,13.0,28.0,,0.0,0.0,0.0,0.0,4.0,20.0,0.0,20.0,47.0,0.0,True,0.004842041991651058,3.8014340840745717
part_4/672982715949773-NOISE.mp4,part_4/672982715949773-NOISE.mp4,noise,train,1bbb9f45ae0af467d409.npz,529753,True,both_hands_missing_fraction,,"{""hands"": 128, ""hands_pose"": 261, ""hands_pose_face"": 1666}",0.08520520210731775,5.043790588737465,25.0,,66,2.64,640,480,h264,0,79,0.0,0.0,0.0,0.0,0.0,0.0,45.0,56.9620253164557,30.0,66.0,83.54430379746836,32.0,45.0,56.9620253164557,"[[0, 15], [49, 30]]",30.0,15.0,30.0,34.0,,0.0,0.0,0.0,0.0,0.0,45.0,2.0,64.0,79.0,0.0,True,0.005481874919496477,5.23477004095912
part_4/6739155491670814-MIRROR.mp4,part_4/6739155491670814-MIRROR.mp4,mirror,train,abb59b4affffd9cced07.npz,296058,True,both_hands_missing_fraction,,"{""hands"": 128, ""hands_pose"": 261, ""hands_pose_face"": 1666}",0.08764982910361141,3.318113834830001,30.006978367062107,,44,1.4663255813953489,640,480,h264,0,44,0.0,0.0,0.0,0.0,0.0,0.0,17.0,38.63636363636363,10.0,44.0,100.0,44.0,17.0,38.63636363636363,"[[0, 6], [32, 1], [34, 10]]",10.0,6.0,10.0,28.0,,0.0,0.0,0.0,0.0,1.0,16.0,0.0,44.0,44.0,0.0,True,0.0042534590465947986,3.4911699580261484
part_4/6740870378979742-MARRY.mp4,part_4/6740870378979742-MARRY.mp4,marry,train,a715959fb3cda56fa7a9.npz,549784,True,both_hands_missing_fraction,,"{""hands"": 128, ""hands_pose"": 261, ""hands_pose_face"": 1666}",0.14951332937926054,6.17049520870205,29.966703662597116,,82,2.7363703703703703,640,480,h264,0,82,0.0,0.0,0.0,0.0,0.0,0.0,62.0,75.60975609756098,30.0,50.0,60.97560975609756,28.0,48.0,58.536585365853654,"[[0, 19], [37, 1], [54, 28]]",28.0,19.0,28.0,35.0,,0.0,0.0,0.0,0.0,3.0,59.0,3.0,47.0,82.0,0.0,True,0.005355208995752037,6.430103750084527
part_4/6745347552311414-SOUP.mp4,part_4/6745347552311414-SOUP.mp4,soup,train,af6b8e62936f1c2c71bd.npz,836895,True,both_hands_missing_fraction,,"{""hands"": 128, ""hands_pose"": 261, ""hands_pose_face"": 1666}",0.16904495924245566,9.162642995710485,29.91556091676719,,125,4.178427419354838,640,480,h264,0,125,0.0,0.0,0.0,0.0,0.0,0.0,90.0,72.0,49.0,99.0,79.2,44.0,85.0,68.0,"[[0, 33], [34, 2], [61, 1], [63, 1], [67, 2], [76, 2], [81, 44]]",44.0,33.0,44.0,48.0,,0.0,0.0,0.0,0.0,5.0,85.0,13.0,86.0,125.0,0.0,True,0.00795437500346452,9.48291825002525
part_4/6851609432154622-UNICORN.mp4,part_4/6851609432154622-UNICORN.mp4,unicorn,train,6dbe64fc40afad137f14.npz,422921,True,both_hands_missing_fraction,,"{""hands"": 128, ""hands_pose"": 261, ""hands_pose_face"": 1666}",0.08982787048444152,4.960203209659085,29.995162070633768,,63,2.1003387096774193,640,480,h264,0,63,0.0,0.0,0.0,0.0,0.0,0.0,25.0,39.682539682539684,13.0,63.0,100.0,63.0,25.0,39.682539682539684,"[[0, 9], [11, 3], [50, 13]]",13.0,9.0,13.0,41.0,,0.0,0.0,0.0,0.0,3.0,22.0,0.0,63.0,63.0,0.0,True,0.004854916944168508,5.147917874972336
part_4/6947179407989328-BUSTED.mp4,part_4/6947179407989328-BUSTED.mp4,busted,train,7fa154bcef26154005e1.npz,503045,True,both_hands_missing_fraction,,"{""hands"": 128, ""hands_pose"": 261, ""hands_pose_face"": 1666}",0.1485657854937017,5.3667735459748656,29.995946493717064,,75,2.500337837837838,640,480,h264,0,75,0.0,0.0,0.0,0.0,0.0,0.0,47.0,62.66666666666667,40.0,50.0,66.66666666666666,40.0,47.0,62.66666666666667,"[[0, 7], [35, 40]]",40.0,7.0,40.0,28.0,,0.0,0.0,0.0,0.0,0.0,47.0,3.0,47.0,75.0,0.0,True,0.0058915839763358235,5.625796666950919
part_4/6959191613137512-PIANO.mp4,part_4/6959191613137512-PIANO.mp4,piano,train,5e20c0440861ae1fc715.npz,583169,True,both_hands_missing_fraction,,"{""hands"": 128, ""hands_pose"": 261, ""hands_pose_face"": 1666}",0.10505387524608523,6.496153706917539,29.99651203348448,,87,2.9003372093023256,640,480,h264,0,87,0.0,0.0,0.0,0.0,0.0,0.0,37.0,42.5287356321839,26.0,39.0,44.827586206896555,25.0,36.0,41.37931034482759,"[[0, 11], [62, 25]]",25.0,11.0,25.0,51.0,,0.0,0.0,0.0,0.0,0.0,37.0,0.0,39.0,87.0,0.0,True,0.005933750071562827,6.728102916968055
part_4/6978076914016362-FAMOUS.mp4,part_4/6978076914016362-FAMOUS.mp4,famous,train,adcff77206bf1c1a144c.npz,663293,True,both_hands_missing_fraction,,"{""hands"": 128, ""hands_pose"": 261, ""hands_pose_face"": 1666}",0.10492796055041254,6.674667918588966,30.862000000000002,,102,3.305035318514678,640,480,h264,0,99,0.0,0.0,0.0,0.0,0.0,0.0,63.0,63.63636363636363,45.0,61.0,61.61616161616161,43.0,61.0,61.61616161616161,"[[0, 18], [56, 43]]",43.0,18.0,43.0,38.0,,0.0,0.0,0.0,0.0,0.0,63.0,0.0,61.0,99.0,0.0,True,0.005429583019576967,6.908229958033189
part_4/7022292214541699-HUNDRED.mp4,part_4/7022292214541699-HUNDRED.mp4,hundred,train,5969f8f38051c4b10a42.npz,429598,True,both_hands_missing_fraction,,"{""hands"": 128, ""hands_pose"": 261, ""hands_pose_face"": 1666}",0.19128112203907222,4.783623501192778,30.502,,65,2.131007802767032,640,480,h264,0,64,0.0,0.0,0.0,0.0,0.0,0.0,64.0,100.0,64.0,39.0,60.9375,30.0,39.0,60.9375,"[[0, 9], [34, 30]]",30.0,9.0,30.0,25.0,,0.0,0.0,0.0,0.0,0.0,64.0,0.0,39.0,64.0,0.0,True,0.0059781670570373535,5.083823875058442
part_4/7032972889937701-WALK-TIGHTROPE-CL.mp4,part_4/7032972889937701-WALK-TIGHTROPE-CL.mp4,walk-tightrope-cl,train,8bd929b67c58f733be80.npz,990466,True,both_hands_missing_run,,"{""hands"": 128, ""hands_pose"": 261, ""hands_pose_face"": 1666}",0.1741673726355657,8.716348300571553,26.614,,131,4.922221387239799,640,480,h264,0,148,20.0,13.513513513513514,20.0,20.0,13.513513513513514,20.0,44.0,29.72972972972973,44.0,70.0,47.2972972972973,43.0,27.0,18.243243243243242,"[[0, 27]]",27.0,27.0,0.0,121.0,,0.0,20.0,0.0,20.0,0.0,44.0,0.0,70.0,128.0,20.0,True,0.008298957953229547,9.022795291966759
part_4/7074460232925452-SKUNK.mp4,part_4/7074460232925452-SKUNK.mp4,skunk,train,f7fabb22798836b186ef.npz,629908,True,both_hands_missing_fraction,,"{""hands"": 128, ""hands_pose"": 261, ""hands_pose_face"": 1666}",0.1057549596298486,6.602171079837717,30.0,,94,3.1333333333333333,640,480,h264,0,94,0.0,0.0,0.0,0.0,0.0,0.0,61.0,64.8936170212766,26.0,94.0,100.0,94.0,61.0,64.8936170212766,"[[0, 20], [21, 2], [47, 12], [66, 1], [68, 26]]",26.0,20.0,26.0,48.0,both_hands_missing_fraction,0.0,0.0,0.0,0.0,3.0,58.0,0.0,94.0,94.0,0.0,True,0.006952167022973299,6.839806832955219
part_4/7084386663017326-STAFF.mp4,part_4/7084386663017326-STAFF.mp4,staff,train,9fbeee2610de1af765e6.npz,296058,True,both_hands_missing_fraction,,"{""hands"": 128, ""hands_pose"": 261, ""hands_pose_face"": 1666}",0.03747237171046436,3.364249421050772,30.0,,44,1.4666666666666666,640,480,mpeg4,0,44,0.0,0.0,0.0,0.0,0.0,0.0,44.0,100.0,44.0,30.0,68.18181818181817,20.0,30.0,68.18181818181817,"[[0, 7], [8, 2], [15, 1], [24, 20]]",20.0,7.0,20.0,17.0,,0.0,0.0,0.0,0.0,0.0,44.0,3.0,27.0,44.0,0.0,True,0.004189083003439009,3.4757877090014517
part_4/708769017680714-HEAD.mp4,part_4/708769017680714-HEAD.mp4,head,train,131a9e333af777a5d92a.npz,316089,True,both_hands_missing_fraction,,"{""hands"": 128, ""hands_pose"": 261, ""hands_pose_face"": 1666}",0.03828520909883082,3.681718456442468,29.999999999999996,,47,1.5666666666666669,640,480,mpeg4,0,47,0.0,0.0,0.0,0.0,0.0,0.0,47.0,100.0,47.0,38.0,80.85106382978722,25.0,38.0,80.85106382978722,"[[0, 9], [16, 2], [19, 2], [22, 25]]",25.0,9.0,25.0,13.0,both_hands_missing_fraction,0.0,0.0,0.0,0.0,0.0,47.0,4.0,34.0,47.0,0.0,True,0.004776958026923239,3.802199208061211
part_4/7103942618147332-ORANGE THROAT.mp4,part_4/7103942618147332-ORANGE THROAT.mp4,orangethroat,train,096c35c99bd5a94f5adc.npz,723386,True,both_hands_missing_fraction,,"{""hands"": 128, ""hands_pose"": 261, ""hands_pose_face"": 1666}",0.13450441660825163,6.174997209687717,25.298,,91,3.5971223021582737,640,480,h264,0,108,0.0,0.0,0.0,0.0,0.0,0.0,108.0,100.0,108.0,63.0,58.333333333333336,45.0,63.0,58.333333333333336,"[[0, 18], [63, 45]]",45.0,18.0,45.0,45.0,,0.0,0.0,0.0,0.0,0.0,108.0,0.0,63.0,108.0,0.0,True,0.006524041062220931,6.431340417009778
part_4/7170471283154412-HEARTBODY.mp4,part_4/7170471283154412-HEARTBODY.mp4,heartbody,train,e4da5669d41b8d3134b7.npz,723386,True,both_hands_missing_fraction,,"{""hands"": 128, ""hands_pose"": 261, ""hands_pose_face"": 1666}",0.11830358707811683,7.2828913748962805,29.833943146636646,,107,3.586518867924528,640,480,h264,0,108,0.0,0.0,0.0,0.0,0.0,0.0,81.0,75.0,49.0,65.0,60.18518518518518,50.0,60.0,55.55555555555556,"[[0, 11], [59, 49]]",49.0,11.0,49.0,48.0,,0.0,0.0,0.0,0.0,0.0,81.0,0.0,65.0,108.0,0.0,True,0.007101834053173661,7.524965833057649
part_4/718787866827413-DRYER.mp4,part_4/718787866827413-DRYER.mp4,dryer,train,e726af021343d34e9dca.npz,1117329,True,both_hands_missing_fraction,,"{""hands"": 128, ""hands_pose"": 261, ""hands_pose_face"": 1666}",0.13718932634219527,5.55732896074187,20.512,,114,5.557722308892355,640,480,h264,0,167,57.0,34.13173652694611,57.0,57.0,34.13173652694611,57.0,159.0,95.20958083832335,115.0,134.0,80.23952095808383,89.0,132.0,79.04191616766467,"[[0, 89], [96, 2], [114, 1], [120, 1], [128, 39]]",89.0,89.0,39.0,39.0,,0.0,57.0,0.0,57.0,4.0,155.0,6.0,128.0,110.0,57.0,True,0.008585916948504746,5.790321332984604
part_4/7202275052053524-SLINGSHOT.mp4,part_4/7202275052053524-SLINGSHOT.mp4,slingshot,train,9da63e800df1778068c0.npz,369505,True,both_hands_missing_fraction,,"{""hands"": 128, ""hands_pose"": 261, ""hands_pose_face"": 1666}",0.04922595899552107,3.5180980445584282,29.916897506925206,,55,1.838425925925926,640,480,h264,0,55,0.0,0.0,0.0,0.0,0.0,0.0,33.0,60.0,17.0,28.0,50.90909090909091,15.0,28.0,50.90909090909091,"[[0, 15], [42, 13]]",15.0,15.0,13.0,27.0,,0.0,0.0,0.0,0.0,2.0,31.0,0.0,28.0,55.0,0.0,True,0.004858833039179444,3.6540301248896867
part_5/7236529952440116-STIR.mp4,part_5/7236529952440116-STIR.mp4,stir,train,5d59a11b7d3bfc0fa449.npz,369505,True,both_hands_missing_fraction,,"{""hands"": 128, ""hands_pose"": 261, ""hands_pose_face"": 1666}",0.057366580003872514,3.8476314598228782,30.0,,55,1.8333333333333333,640,480,mpeg4,0,55,0.0,0.0,0.0,0.0,0.0,0.0,34.0,61.81818181818181,24.0,34.0,61.81818181818181,22.0,33.0,60.0,"[[0, 10], [31, 1], [33, 22]]",22.0,10.0,22.0,23.0,,0.0,0.0,0.0,0.0,0.0,34.0,2.0,32.0,55.0,0.0,True,0.004487292026169598,3.9877767090220004
part_5/7242876288888909-WALL.mp4,part_5/7242876288888909-WALL.mp4,wall,train,a2edc07e6e58a220fb44.npz,1030528,True,both_hands_missing_fraction,,"{""hands"": 128, ""hands_pose"": 261, ""hands_pose_face"": 1666}",0.2125674596754834,11.289249041699804,29.83316977428852,,153,5.1285197368421045,640,480,h264,0,154,0.0,0.0,0.0,0.0,0.0,0.0,92.0,59.74025974025974,49.0,95.0,61.68831168831169,50.0,92.0,59.74025974025974,"[[0, 43], [105, 49]]",49.0,43.0,49.0,62.0,,0.0,0.0,0.0,0.0,0.0,92.0,2.0,93.0,154.0,0.0,True,0.00859279208816588,11.662899540970102
part_5/7245006849273199-NOT A_THING.mp4,part_5/7245006849273199-NOT A_THING.mp4,notathing,train,58dd0cd347ace16a8cc9.npz,576492,True,both_hands_missing_fraction,,"{""hands"": 128, ""hands_pose"": 261, ""hands_pose_face"": 1666}",0.10780461970716715,5.778150045196526,30.928,,89,2.8776513191929642,640,480,h264,0,86,0.0,0.0,0.0,0.0,0.0,0.0,86.0,100.0,86.0,50.0,58.139534883720934,35.0,50.0,58.139534883720934,"[[0, 14], [49, 1], [51, 35]]",35.0,14.0,35.0,37.0,,0.0,0.0,0.0,0.0,0.0,86.0,1.0,49.0,86.0,0.0,True,0.005227958085015416,5.995846666977741
part_5/7270428598615575-CHAMPION.mp4,part_5/7270428598615575-CHAMPION.mp4,champion,train,f5724cf8e828dce22aa1.npz,569815,True,both_hands_missing_fraction,,"{""hands"": 128, ""hands_pose"": 261, ""hands_pose_face"": 1666}",0.10377520672045648,5.904528917861171,29.914529914529915,,85,2.841428571428571,640,480,h264,0,85,0.0,0.0,0.0,0.0,0.0,0.0,53.0,62.35294117647059,35.0,48.0,56.470588235294116,32.0,48.0,56.470588235294116,"[[0, 14], [50, 2], [53, 32]]",32.0,14.0,32.0,39.0,,0.0,0.0,0.0,0.0,1.0,52.0,2.0,46.0,85.0,0.0,True,0.008244082913734019,6.125209541991353
part_5/7275550135371469-IMPROVE.mp4,part_5/7275550135371469-IMPROVE.mp4,improve,train,6ce84de12c29381aee0c.npz,596523,True,both_hands_missing_fraction,,"{""hands"": 128, ""hands_pose"": 261, ""hands_pose_face"": 1666}",0.10655204416252673,6.8649487105431035,30.003409478349813,,89,2.9663295454545455,640,480,h264,0,89,0.0,0.0,0.0,0.0,0.0,0.0,86.0,96.62921348314607,54.0,51.0,57.30337078651685,30.0,51.0,57.30337078651685,"[[0, 21], [59, 30]]",30.0,21.0,30.0,38.0,,0.0,0.0,0.0,0.0,0.0,86.0,0.0,51.0,89.0,0.0,True,0.006174833979457617,7.081935292109847
part_5/7332760064631829-SHORT PERSON.mp4,part_5/7332760064631829-SHORT PERSON.mp4,shortperson,train,58e87e3ab967d5476770.npz,336120,True,both_hands_missing_fraction,,"{""hands"": 128, ""hands_pose"": 261, ""hands_pose_face"": 1666}",0.12196937506087124,3.6264891227474436,29.96941896024465,,50,1.6683673469387754,640,480,h264,0,50,0.0,0.0,0.0,0.0,0.0,0.0,22.0,44.0,12.0,50.0,100.0,50.0,22.0,44.0,"[[0, 12], [14, 1], [41, 9]]",12.0,12.0,9.0,29.0,,0.0,0.0,0.0,0.0,1.0,21.0,0.0,50.0,50.0,0.0,True,0.005934667075052857,3.839492707978934
part_5/7342952201700828-EASY TO_DO.mp4,part_5/7342952201700828-EASY TO_DO.mp4,easytodo,train,0dc582257adb05b2cf1e.npz,489691,True,both_hands_missing_fraction,,"{""hands"": 128, ""hands_pose"": 261, ""hands_pose_face"": 1666}",0.09617733280174434,5.280036877840757,30.0,,73,2.433333333333333,640,480,h264,0,73,0.0,0.0,0.0,0.0,0.0,0.0,47.0,64.38356164383562,40.0,49.0,67.12328767123287,40.0,47.0,64.38356164383562,"[[0, 7], [33, 40]]",40.0,7.0,40.0,26.0,,0.0,0.0,0.0,0.0,0.0,47.0,0.0,49.0,73.0,0.0,True,0.006588208023458719,5.490655625006184
part_5/7355141712214706-NONSENSE.mp4,part_5/7355141712214706-NONSENSE.mp4,nonsense,train,2804bcba04a3368d8ab9.npz,449629,True,both_hands_missing_fraction,,"{""hands"": 128, ""hands_pose"": 261, ""hands_pose_face"": 1666}",0.10029066749848425,4.736355583532713,29.999999999999996,,67,2.2333333333333334,640,480,h264,0,67,0.0,0.0,0.0,0.0,0.0,0.0,67.0,100.0,67.0,38.0,56.71641791044776,28.0,38.0,56.71641791044776,"[[0, 9], [10, 1], [39, 28]]",28.0,9.0,28.0,30.0,,0.0,0.0,0.0,0.0,0.0,67.0,1.0,37.0,67.0,0.0,True,0.0053475829772651196,4.935968459001742
part_5/7388043140555935-TWO MORE.mp4,part_5/7388043140555935-TWO MORE.mp4,twomore,train,2ef0513ae3125436e31f.npz,529753,True,both_hands_missing_fraction,,"{""hands"": 128, ""hands_pose"": 261, ""hands_pose_face"": 1666}",0.08283778454642743,5.26186683983542,30.004,,79,2.6329822690307956,640,480,mpeg4,0,79,0.0,0.0,0.0,0.0,0.0,0.0,79.0,100.0,79.0,59.0,74.68354430379746,35.0,59.0,74.68354430379746,"[[0, 35], [55, 24]]",35.0,35.0,24.0,20.0,,0.0,0.0,0.0,0.0,0.0,79.0,0.0,59.0,79.0,0.0,True,0.0055256669875234365,5.460338082979433
part_5/7388125968431167-SMALL.mp4,part_5/7388125968431167-SMALL.mp4,small,train,eeb6f130b3aabc41297f.npz,235965,True,both_hands_missing_fraction,,"{""hands"": 128, ""hands_pose"": 261, ""hands_pose_face"": 1666}",0.06012074858881533,2.5566239590989426,30.00882612533098,,35,1.1663235294117646,640,480,h264,0,35,0.0,0.0,0.0,0.0,0.0,0.0,18.0,51.42857142857142,12.0,19.0,54.285714285714285,14.0,16.0,45.714285714285715,"[[0, 4], [23, 12]]",12.0,4.0,12.0,19.0,,0.0,0.0,0.0,0.0,2.0,16.0,0.0,19.0,35.0,0.0,True,0.004207042045891285,2.6939446670003235
part_5/7391350877622198-TWO.mp4,part_5/7391350877622198-TWO.mp4,two,train,e320b1ad48d0d19dd9c4.npz,255996,True,both_hands_missing_fraction,,"{""hands"": 128, ""hands_pose"": 261, ""hands_pose_face"": 1666}",0.10408637707587332,3.1152536248555407,29.959514170040485,,38,1.2683783783783784,640,480,h264,0,38,0.0,0.0,0.0,0.0,0.0,0.0,38.0,100.0,38.0,28.0,73.68421052631578,19.0,28.0,73.68421052631578,"[[0, 9], [19, 19]]",19.0,9.0,19.0,10.0,,0.0,0.0,0.0,0.0,0.0,38.0,0.0,28.0,38.0,0.0,True,0.004479542025364935,3.3108834580052644
part_5/7414236047407246-WISE.mp4,part_5/7414236047407246-WISE.mp4,wise,train,81a83598887ab4c6596a.npz,369505,True,both_hands_missing_fraction,,"{""hands"": 128, ""hands_pose"": 261, ""hands_pose_face"": 1666}",0.05408620473463088,3.911609710776247,30.0,,55,1.8333333333333333,640,480,h264,0,55,0.0,0.0,0.0,0.0,0.0,0.0,24.0,43.63636363636363,19.0,55.0,100.0,55.0,24.0,43.63636363636363,"[[0, 19], [50, 5]]",19.0,19.0,5.0,31.0,,0.0,0.0,0.0,0.0,0.0,24.0,0.0,55.0,55.0,0.0,True,0.0045922090066596866,4.056439667008817
part_5/7486439188211713-LAW.mp4,part_5/7486439188211713-LAW.mp4,law,train,52fa703b2c883dcac75e.npz,489691,True,both_hands_missing_fraction,,"{""hands"": 128, ""hands_pose"": 261, ""hands_pose_face"": 1666}",0.0874790393281728,5.046588838216849,30.0,,73,2.433333333333333,640,480,h264,0,73,0.0,0.0,0.0,0.0,0.0,0.0,34.0,46.57534246575342,21.0,39.0,53.42465753424658,26.0,30.0,41.0958904109589,"[[0, 9], [52, 21]]",21.0,9.0,21.0,43.0,,0.0,0.0,0.0,0.0,4.0,30.0,2.0,37.0,73.0,0.0,True,0.005176916951313615,5.234097042004578
part_5/7527029229359257-STARBUCKS.mp4,part_5/7527029229359257-STARBUCKS.mp4,starbucks,train,dc2c367ee9b27b56f3b1.npz,556461,True,both_hands_missing_fraction,,"{""hands"": 128, ""hands_pose"": 261, ""hands_pose_face"": 1666}",0.09325445722788572,5.511065541417338,30.324,,84,2.7700831024930745,640,480,h264,0,83,0.0,0.0,0.0,0.0,0.0,0.0,55.0,66.26506024096386,41.0,49.0,59.036144578313255,39.0,48.0,57.831325301204814,"[[0, 8], [10, 1], [44, 39]]",39.0,8.0,39.0,36.0,,0.0,0.0,0.0,0.0,0.0,55.0,2.0,47.0,83.0,0.0,True,0.005806250032037497,5.71045604092069
part_5/761622248999501-CAROUSEL.mp4,part_5/761622248999501-CAROUSEL.mp4,carousel,train,1602ba14101a795e116a.npz,643262,True,both_hands_missing_fraction,,"{""hands"": 128, ""hands_pose"": 261, ""hands_pose_face"": 1666}",0.10363512788899243,6.844676163862459,29.996842437638144,,96,3.200336842105263,640,480,h264,0,96,0.0,0.0,0.0,0.0,0.0,0.0,46.0,47.91666666666667,36.0,64.0,66.66666666666666,37.0,43.0,44.79166666666667,"[[0, 7], [60, 36]]",36.0,7.0,36.0,53.0,,0.0,0.0,0.0,0.0,3.0,43.0,9.0,55.0,96.0,0.0,True,0.00813866697717458,7.092341416981071
part_5/763498941361828-ALL WAY.mp4,part_5/763498941361828-ALL WAY.mp4,allway,train,60d908cc2b8beacbb8d0.npz,436275,True,both_hands_missing_fraction,,"{""hands"": 128, ""hands_pose"": 261, ""hands_pose_face"": 1666}",0.08525791333522648,4.639159126556478,29.920523609163162,,65,2.172421875,640,480,h264,0,65,0.0,0.0,0.0,0.0,0.0,0.0,65.0,100.0,65.0,40.0,61.53846153846154,27.0,40.0,61.53846153846154,"[[0, 6], [26, 3], [31, 3], [36, 1], [38, 27]]",27.0,6.0,27.0,32.0,,0.0,0.0,0.0,0.0,0.0,65.0,7.0,33.0,65.0,0.0,True,0.005653874948620796,4.819544874946587
part_5/7642293204520254-BOILING MAD.mp4,part_5/7642293204520254-BOILING MAD.mp4,boilingmad,train,30c4efc16135cc59010c.npz,1217484,True,both_hands_missing_fraction,,"{""hands"": 128, ""hands_pose"": 261, ""hands_pose_face"": 1666}",0.18752078991383314,12.91302841086872,30.00165755014089,,182,6.066331491712708,640,480,h264,0,182,0.0,0.0,0.0,6.0,3.296703296703297,6.0,111.0,60.98901098901099,51.0,120.0,65.93406593406593,53.0,106.0,58.24175824175825,"[[0, 16], [20, 1], [56, 36], [94, 1], [129, 1], [131, 51]]",51.0,16.0,51.0,115.0,both_hands_missing_fraction,0.0,0.0,0.0,6.0,2.0,109.0,6.0,114.0,182.0,0.0,True,0.008575374959036708,13.27642333402764
part_5/7649422761687801-BITCH.mp4,part_5/7649422761687801-BITCH.mp4,bitch,train,e9b526cb85a2f6157884.npz,556461,True,both_hands_missing_fraction,,"{""hands"": 128, ""hands_pose"": 261, ""hands_pose_face"": 1666}",0.05199162650387734,3.3780054503586143,16.666666666666668,,46,2.76,640,480,h264,0,83,0.0,0.0,0.0,0.0,0.0,0.0,83.0,100.0,83.0,60.0,72.28915662650603,33.0,60.0,72.28915662650603,"[[0, 27], [50, 33]]",33.0,27.0,33.0,23.0,,0.0,0.0,0.0,0.0,0.0,83.0,0.0,60.0,83.0,0.0,True,0.005923334043473005,3.5153903330210596
part_5/7665344568774906-STRONG.mp4,part_5/7665344568774906-STRONG.mp4,strong,train,1a1407622e6a1bc75b79.npz,362828,True,both_hands_missing_fraction,,"{""hands"": 128, ""hands_pose"": 261, ""hands_pose_face"": 1666}",0.0643699576612562,4.183540961006656,29.97737556561086,,54,1.8013584905660378,640,480,h264,0,54,0.0,0.0,0.0,0.0,0.0,0.0,47.0,87.03703703703704,21.0,41.0,75.92592592592592,24.0,36.0,66.66666666666666,"[[0, 11], [21, 2], [30, 2], [33, 21]]",21.0,11.0,21.0,22.0,,0.0,0.0,0.0,0.0,2.0,45.0,6.0,35.0,54.0,0.0,True,0.004523124895058572,4.34011854196433
part_5/7709413638313658-PEACE.mp4,part_5/7709413638313658-PEACE.mp4,peace,train,569b04ef1108f01daec1.npz,462983,True,both_hands_missing_fraction,,"{""hands"": 128, ""hands_pose"": 261, ""hands_pose_face"": 1666}",0.08826557931024581,5.327447126619518,30.541,,70,2.2920009168003666,640,480,h264,0,69,0.0,0.0,0.0,0.0,0.0,0.0,47.0,68.11594202898551,27.0,44.0,63.76811594202898,27.0,41.0,59.42028985507246,"[[0, 6], [7, 1], [18, 4], [25, 3], [42, 27]]",27.0,6.0,27.0,36.0,,0.0,0.0,0.0,0.0,4.0,43.0,3.0,41.0,69.0,0.0,True,0.005049666971899569,5.52806620800402
part_5/7719463054713409-BACON.mp4,part_5/7719463054713409-BACON.mp4,bacon,train,33064f61f6b5159217a6.npz,763448,True,both_hands_missing_fraction,,"{""hands"": 128, ""hands_pose"": 261, ""hands_pose_face"": 1666}",0.1625040431972593,8.43970620050095,29.91792427852793,,114,3.810424778761062,640,480,h264,0,114,0.0,0.0,0.0,0.0,0.0,0.0,81.0,71.05263157894737,50.0,62.0,54.385964912280706,48.0,62.0,54.385964912280706,"[[0, 14], [66, 48]]",48.0,14.0,48.0,52.0,,0.0,0.0,0.0,0.0,1.0,80.0,0.0,62.0,114.0,0.0,True,0.007280874997377396,8.741912291035987
part_5/7798893370763214-ESCAPE.mp4,part_5/7798893370763214-ESCAPE.mp4,escape,train,15ca54c8443744fa2b58.npz,997143,True,both_hands_missing_fraction,,"{""hands"": 128, ""hands_pose"": 261, ""hands_pose_face"": 1666}",0.11721621104516089,7.494127668906003,30.002027163997568,,149,4.966331081081081,640,480,h264,0,149,0.0,0.0,0.0,0.0,0.0,0.0,86.0,57.71812080536913,28.0,85.0,57.04697986577181,37.0,76.0,51.006711409395976,"[[0, 20], [59, 24], [115, 2], [118, 2], [121, 28]]",28.0,20.0,28.0,101.0,both_hands_missing_run,0.0,0.0,0.0,0.0,10.0,76.0,0.0,85.0,149.0,0.0,True,0.004680957994423807,7.735708666965365
part_5/7813798378617343-BINOCULARS.mp4,part_5/7813798378617343-BINOCULARS.mp4,binoculars,train,350008e78b6a4e331ca4.npz,783479,True,both_hands_missing_fraction,,"{""hands"": 128, ""hands_pose"": 261, ""hands_pose_face"": 1666}",0.10421350388787687,5.505126834148541,25.619999999999997,,100,3.9032006245121003,640,480,h264,0,117,20.0,17.094017094017094,20.0,20.0,17.094017094017094,20.0,75.0,64.1025641025641,42.0,71.0,60.68376068376068,43.0,70.0,59.82905982905983,"[[0, 28], [75, 42]]",42.0,28.0,42.0,47.0,,0.0,20.0,0.0,20.0,0.0,75.0,0.0,71.0,97.0,20.0,True,0.0066053749760612845,5.70943691697903
part_5/7871589392560625-PROMISE.mp4,part_5/7871589392560625-PROMISE.mp4,promise,train,78b9c94211ac877680aa.npz,469660,True,both_hands_missing_fraction,,"{""hands"": 128, ""hands_pose"": 261, ""hands_pose_face"": 1666}",0.10257145529612899,4.137472085072659,30.000000000000004,,70,2.333333333333333,640,480,h264,0,70,0.0,0.0,0.0,0.0,0.0,0.0,54.0,77.14285714285715,32.0,40.0,57.14285714285714,23.0,38.0,54.285714285714285,"[[0, 15], [31, 1], [48, 22]]",22.0,15.0,22.0,33.0,,0.0,0.0,0.0,0.0,0.0,54.0,2.0,38.0,70.0,0.0,True,0.005969041958451271,4.329824124928564
part_5/7908307098233258-PHILOSOPHY.mp4,part_5/7908307098233258-PHILOSOPHY.mp4,philosophy,train,3dfc4a996971f6fceb01.npz,830218,True,both_hands_missing_fraction,,"{""hands"": 128, ""hands_pose"": 261, ""hands_pose_face"": 1666}",0.17617154924664646,9.655720411799848,29.970760233918128,,124,4.137365853658537,640,480,h264,0,124,0.0,0.0,0.0,0.0,0.0,0.0,124.0,100.0,124.0,82.0,66.12903225806451,65.0,82.0,66.12903225806451,"[[0, 16], [57, 1], [59, 65]]",65.0,16.0,65.0,43.0,,0.0,0.0,0.0,0.0,0.0,124.0,1.0,81.0,124.0,0.0,True,0.009175791987217963,9.99607912497595
part_5/7921459983875652-BLEED.mp4,part_5/7921459983875652-BLEED.mp4,bleed,train,a3aad9ee42eb218eecb4.npz,870280,True,both_hands_missing_fraction,,"{""hands"": 128, ""hands_pose"": 261, ""hands_pose_face"": 1666}",0.2882808761205524,9.161036959383637,29.972118959107807,,130,4.337364341085271,640,480,h264,0,130,0.0,0.0,0.0,0.0,0.0,0.0,95.0,73.07692307692307,57.0,92.0,70.76923076923077,58.0,91.0,70.0,"[[0, 34], [73, 57]]",57.0,34.0,57.0,39.0,,0.0,0.0,0.0,0.0,1.0,94.0,0.0,92.0,130.0,0.0,True,0.008731874986551702,9.604742790921591
part_5/8007270485753197-ITCH.mp4,part_5/8007270485753197-ITCH.mp4,itch,train,2167e5cbb693c94c1800.npz,716709,True,both_hands_missing_run,,"{""hands"": 128, ""hands_pose"": 261, ""hands_pose_face"": 1666}",0.16494858730584383,8.66135208052583,30.002830455703368,,107,3.5663301886792453,640,480,h264,0,107,0.0,0.0,0.0,0.0,0.0,0.0,31.0,28.971962616822427,26.0,71.0,66.35514018691589,44.0,26.0,24.299065420560748,"[[81, 26]]",26.0,0.0,26.0,81.0,,0.0,0.0,0.0,0.0,5.0,26.0,0.0,71.0,107.0,0.0,True,0.008813124964945018,8.964578457991593
part_5/8035766172480758-SPOON.mp4,part_5/8035766172480758-SPOON.mp4,spoon,train,eacd53970302e71dcd91.npz,336120,True,both_hands_missing_fraction,,"{""hands"": 128, ""hands_pose"": 261, ""hands_pose_face"": 1666}",0.08266791689675301,2.8550224592909217,30.006123698714024,,50,1.6663265306122448,640,480,h264,0,50,0.0,0.0,0.0,0.0,0.0,0.0,28.0,56.00000000000001,21.0,34.0,68.0,18.0,23.0,46.0,"[[0, 4], [6, 1], [32, 18]]",18.0,4.0,18.0,28.0,,0.0,0.0,0.0,0.0,0.0,28.0,12.0,22.0,50.0,0.0,True,0.004142667050473392,2.9974459579680115
part_5/8040413047655517-WHO.mp4,part_5/8040413047655517-WHO.mp4,who,train,08052a5da2380a452f0f.npz,402890,True,both_hands_missing_fraction,,"{""hands"": 128, ""hands_pose"": 261, ""hands_pose_face"": 1666}",0.14486829261295497,3.622400208376348,30.5,,61,2.0,640,480,h264,0,60,0.0,0.0,0.0,0.0,0.0,0.0,60.0,100.0,60.0,42.0,70.0,35.0,42.0,70.0,"[[0, 7], [25, 35]]",35.0,7.0,35.0,18.0,,0.0,0.0,0.0,0.0,0.0,60.0,0.0,42.0,60.0,0.0,True,0.005310791893862188,3.8443878749385476
part_5/811396261446274-FAINT.mp4,part_5/811396261446274-FAINT.mp4,faint,train,3c241fe7367619a46ea3.npz,1698228,True,both_hands_missing_fraction,,"{""hands"": 128, ""hands_pose"": 261, ""hands_pose_face"": 1666}",0.26469007320702076,19.484123251517303,30.138,,255,8.46107903643241,640,480,h264,0,254,0.0,0.0,0.0,2.0,0.7874015748031495,1.0,176.0,69.29133858267717,52.0,218.0,85.8267716535433,80.0,167.0,65.74803149606299,"[[0, 52], [69, 7], [84, 3], [88, 9], [105, 36], [164, 4], [175, 4], [202, 52]]",52.0,52.0,52.0,150.0,both_hands_missing_fraction,0.0,0.0,2.0,0.0,8.0,168.0,3.0,215.0,254.0,0.0,True,0.01328291604295373,20.01044983288739
part_5/8205773121223954-POWER.mp4,part_5/8205773121223954-POWER.mp4,power,train,cdfbcf44de86dc8d0e34.npz,496368,True,both_hands_missing_fraction,,"{""hands"": 128, ""hands_pose"": 261, ""hands_pose_face"": 1666}",0.1008772108471021,4.395168912247755,29.832447895382106,,74,2.480520547945205,640,480,h264,0,74,0.0,0.0,0.0,0.0,0.0,0.0,74.0,100.0,74.0,34.0,45.94594594594595,18.0,34.0,45.94594594594595,"[[0, 15], [42, 1], [56, 18]]",18.0,15.0,18.0,41.0,,0.0,0.0,0.0,0.0,0.0,74.0,1.0,33.0,74.0,0.0,True,0.006817584042437375,4.6004645000211895
part_5/8210462187869705-BLOW MIND.mp4,part_5/8210462187869705-BLOW MIND.mp4,blowmind,train,8b5f48592a9f12fa1d4e.npz,382859,True,both_hands_missing_fraction,,"{""hands"": 128, ""hands_pose"": 261, ""hands_pose_face"": 1666}",0.07555837382096797,4.1757499150699005,29.9625468164794,,57,1.9023750000000001,640,480,h264,0,57,0.0,0.0,0.0,0.0,0.0,0.0,44.0,77.19298245614034,22.0,37.0,64.91228070175438,23.0,32.0,56.14035087719298,"[[0, 6], [17, 1], [22, 3], [35, 22]]",22.0,6.0,22.0,29.0,,0.0,0.0,0.0,0.0,4.0,40.0,8.0,29.0,57.0,0.0,True,0.005857332958839834,4.3458970410283655
part_5/8213420013877373-OBSESS.mp4,part_5/8213420013877373-OBSESS.mp4,obsess,train,58057c8e92e8a1a45492.npz,589846,True,both_hands_missing_fraction,,"{""hands"": 128, ""hands_pose"": 261, ""hands_pose_face"": 1666}",0.10001204302534461,6.403920210432261,30.0,,88,2.933333333333333,640,480,h264,0,88,0.0,0.0,0.0,0.0,0.0,0.0,41.0,46.590909090909086,35.0,48.0,54.54545454545454,35.0,41.0,46.590909090909086,"[[0, 6], [53, 35]]",35.0,6.0,35.0,47.0,,0.0,0.0,0.0,0.0,0.0,41.0,5.0,43.0,88.0,0.0,True,0.00633262493647635,6.622394791920669
part_5/830820846298649-seedWOOD.mp4,part_5/830820846298649-seedWOOD.mp4,wood,train,e375bf26cba400736409.npz,937050,True,both_hands_missing_fraction,,"{""hands"": 128, ""hands_pose"": 261, ""hands_pose_face"": 1666}",0.2078168272273615,9.66794942249544,30.335,,142,4.681061480138454,640,480,h264,0,140,0.0,0.0,0.0,0.0,0.0,0.0,85.0,60.71428571428571,47.0,84.0,60.0,48.0,83.0,59.285714285714285,"[[0, 36], [93, 47]]",47.0,36.0,47.0,57.0,,0.0,0.0,0.0,0.0,0.0,85.0,0.0,84.0,140.0,0.0,True,0.009598625008948147,10.040777791989967
part_5/8337247032758022-ATTENTION.mp4,part_5/8337247032758022-ATTENTION.mp4,attention,train,1a88444389e7b4306852.npz,543107,True,both_hands_missing_fraction,,"{""hands"": 128, ""hands_pose"": 261, ""hands_pose_face"": 1666}",0.1018187488662079,5.850957047776319,29.996250468691414,,81,2.7003375,640,480,h264,0,81,0.0,0.0,0.0,0.0,0.0,0.0,39.0,48.148148148148145,23.0,39.0,48.148148148148145,23.0,38.0,46.913580246913575,"[[0, 15], [58, 23]]",23.0,15.0,23.0,43.0,,0.0,0.0,0.0,0.0,1.0,38.0,0.0,39.0,81.0,0.0,True,0.006841875030659139,6.063900582958013
part_5/8342410352892276-MOCK.mp4,part_5/8342410352892276-MOCK.mp4,mock,train,d23a576469f7508946d6.npz,436275,True,both_hands_missing_fraction,,"{""hands"": 128, ""hands_pose"": 261, ""hands_pose_face"": 1666}",0.07496491994243115,4.8293774974299595,30.004688232536335,,65,2.1663281249999997,640,480,h264,0,65,0.0,0.0,0.0,0.0,0.0,0.0,45.0,69.23076923076923,29.0,40.0,61.53846153846154,27.0,40.0,61.53846153846154,"[[0, 13], [38, 27]]",27.0,13.0,27.0,25.0,,0.0,0.0,0.0,0.0,0.0,45.0,0.0,40.0,65.0,0.0,True,0.005479500046931207,5.007587833097205
part_5/8375949091211665-JIGSAW PUZZLE.mp4,part_5/8375949091211665-JIGSAW PUZZLE.mp4,jigsawpuzzle,train,c3bd31a118e06b6a7542.npz,1357701,True,both_hands_missing_fraction,,"{""hands"": 128, ""hands_pose"": 261, ""hands_pose_face"": 1666}",0.2026940060313791,15.049394874833524,30.0,,203,6.766666666666667,640,480,mpeg4,0,203,0.0,0.0,0.0,0.0,0.0,0.0,99.0,48.76847290640394,83.0,123.0,60.591133004926114,95.0,99.0,48.76847290640394,"[[0, 16], [120, 83]]",83.0,16.0,83.0,104.0,,0.0,0.0,0.0,0.0,0.0,99.0,6.0,117.0,203.0,0.0,True,0.01343616598751396,15.459080207976513
part_5/8428189850668126-HEN.mp4,part_5/8428189850668126-HEN.mp4,hen,train,252e6a5dd703010f9e20.npz,356151,True,both_hands_missing_fraction,,"{""hands"": 128, ""hands_pose"": 261, ""hands_pose_face"": 1666}",0.06625833560246974,4.0976490415632725,30.005770340450084,,53,1.7663269230769232,640,480,h264,0,53,0.0,0.0,0.0,0.0,0.0,0.0,53.0,100.0,53.0,32.0,60.37735849056604,23.0,32.0,60.37735849056604,"[[0, 9], [30, 23]]",23.0,9.0,23.0,21.0,,0.0,0.0,0.0,0.0,0.0,53.0,0.0,32.0,53.0,0.0,True,0.0047195840161293745,4.25487929105293
part_5/8470723155711255-ANIMAL.mp4,part_5/8470723155711255-ANIMAL.mp4,animal,train,b4532df99336cb55be06.npz,609877,True,both_hands_missing_fraction,,"{""hands"": 128, ""hands_pose"": 261, ""hands_pose_face"": 1666}",0.11388520582113415,7.106034253258258,30.371,,92,3.0292054920812617,640,480,h264,0,91,0.0,0.0,0.0,0.0,0.0,0.0,45.0,49.45054945054945,23.0,64.0,70.32967032967034,32.0,44.0,48.35164835164835,"[[0, 15], [60, 3], [64, 3], [68, 23]]",23.0,15.0,23.0,53.0,,0.0,0.0,0.0,0.0,7.0,38.0,2.0,62.0,91.0,0.0,True,0.007340374984778464,7.3744260830571875
part_5/8545363405007698-FLIP SWITCH.mp4,part_5/8545363405007698-FLIP SWITCH.mp4,flipswitch,train,4d28b71abe0423aeb735.npz,329443,True,both_hands_missing_fraction,,"{""hands"": 128, ""hands_pose"": 261, ""hands_pose_face"": 1666}",0.08555862167850137,3.4393132927361876,30.006,,49,1.633006731986936,640,480,mpeg4,0,49,0.0,0.0,0.0,0.0,0.0,0.0,49.0,100.0,49.0,43.0,87.75510204081633,29.0,43.0,87.75510204081633,"[[0, 12], [13, 2], [20, 29]]",29.0,12.0,29.0,8.0,,0.0,0.0,0.0,0.0,0.0,49.0,2.0,41.0,49.0,0.0,True,0.0046088340459391475,3.6042421250604093
part_5/861943373105919-DILEMMA.mp4,part_5/861943373105919-DILEMMA.mp4,dilemma,train,ba8ad892026c3ec77995.npz,596523,True,both_hands_missing_fraction,,"{""hands"": 128, ""hands_pose"": 261, ""hands_pose_face"": 1666}",0.08979558222927153,6.626799752004445,29.911624745071382,,89,2.975431818181818,640,480,h264,0,89,0.0,0.0,0.0,0.0,0.0,0.0,62.0,69.66292134831461,33.0,62.0,69.66292134831461,32.0,61.0,68.53932584269663,"[[0, 29], [57, 32]]",32.0,29.0,32.0,28.0,,0.0,0.0,0.0,0.0,0.0,62.0,0.0,62.0,89.0,0.0,True,0.0075146249728277326,6.870764999999665
part_5/8631506472137154-DEFLATE.mp4,part_5/8631506472137154-DEFLATE.mp4,deflate,train,f430c86a22aa8e881720.npz,462983,True,both_hands_missing_fraction,,"{""hands"": 128, ""hands_pose"": 261, ""hands_pose_face"": 1666}",0.10477199731394649,5.020023670629598,29.97002997002997,,69,2.3023000000000002,640,480,h264,0,69,0.0,0.0,0.0,0.0,0.0,0.0,29.0,42.028985507246375,16.0,31.0,44.927536231884055,17.0,29.0,42.028985507246375,"[[0, 13], [53, 16]]",16.0,13.0,16.0,40.0,,0.0,0.0,0.0,0.0,0.0,29.0,1.0,30.0,69.0,0.0,True,0.005289166932925582,5.228998125065118
part_5/8656492779276159-CHEESE GRATER.mp4,part_5/8656492779276159-CHEESE GRATER.mp4,cheesegrater,train,93f8460cb11c5ee7052e.npz,416244,False,,,"{""hands"": 128, ""hands_pose"": 261, ""hands_pose_face"": 1666}",0.08918849646579474,4.800896129570901,30.004918839153962,,62,2.0663278688524587,640,480,h264,0,62,0.0,0.0,0.0,0.0,0.0,0.0,19.0,30.64516129032258,13.0,44.0,70.96774193548387,24.0,18.0,29.03225806451613,"[[0, 1], [2, 1], [45, 3], [49, 13]]",13.0,1.0,13.0,48.0,,0.0,0.0,0.0,0.0,5.0,14.0,15.0,29.0,62.0,0.0,False,0.004869750002399087,4.992418959038332
part_5/8696305530592072-POOP.mp4,part_5/8696305530592072-POOP.mp4,poop,train,4f1538abb60dc187603f.npz,770125,True,both_hands_missing_fraction,,"{""hands"": 128, ""hands_pose"": 261, ""hands_pose_face"": 1666}",0.13952816335950047,7.346998952096328,30.0,,115,3.8333333333333335,640,480,h264,0,115,0.0,0.0,0.0,0.0,0.0,0.0,74.0,64.34782608695652,36.0,68.0,59.130434782608695,36.0,68.0,59.130434782608695,"[[0, 36], [83, 32]]",36.0,36.0,32.0,47.0,,0.0,0.0,0.0,0.0,3.0,71.0,0.0,68.0,115.0,0.0,True,0.006765416939742863,7.62206874997355
part_5/8699210337284036-NOW.mp4,part_5/8699210337284036-NOW.mp4,now,train,a603aad3a789275d4362.npz,276027,True,both_hands_missing_fraction,,"{""hands"": 128, ""hands_pose"": 261, ""hands_pose_face"": 1666}",0.04816733510233462,3.0692804569844157,30.00750187546887,,41,1.366325,640,480,h264,0,41,0.0,0.0,0.0,0.0,0.0,0.0,26.0,63.41463414634146,17.0,24.0,58.536585365853654,15.0,24.0,58.536585365853654,"[[0, 9], [26, 15]]",15.0,9.0,15.0,17.0,,0.0,0.0,0.0,0.0,0.0,26.0,0.0,24.0,41.0,0.0,True,0.004893583944067359,3.1975210420787334
part_5/8738294912791575-GET TOGETHER.mp4,part_5/8738294912791575-GET TOGETHER.mp4,gettogether,train,c2db75c7d064d78be0be.npz,496368,True,both_hands_missing_fraction,,"{""hands"": 128, ""hands_pose"": 261, ""hands_pose_face"": 1666}",0.10085353965405375,5.183141706045717,30.00411015207563,,74,2.4663287671232874,640,480,h264,0,74,0.0,0.0,0.0,0.0,0.0,0.0,32.0,43.24324324324324,25.0,33.0,44.5945945945946,27.0,30.0,40.54054054054054,"[[0, 5], [49, 25]]",25.0,5.0,25.0,44.0,,0.0,0.0,0.0,0.0,1.0,31.0,1.0,32.0,74.0,0.0,True,0.007140332949347794,5.389478667057119
part_5/8759690473866555-MUMMY.mp4,part_5/8759690473866555-MUMMY.mp4,mummy,train,18a7ae0b1f0d7a82a886.npz,543107,True,both_hands_missing_fraction,,"{""hands"": 128, ""hands_pose"": 261, ""hands_pose_face"": 1666}",0.10061891935765743,5.310428411932662,29.996250468691414,,81,2.7003375,640,480,h264,0,81,0.0,0.0,0.0,0.0,0.0,0.0,50.0,61.72839506172839,27.0,57.0,70.37037037037037,29.0,49.0,60.49382716049383,"[[0, 27], [58, 1], [60, 21]]",27.0,27.0,21.0,33.0,,0.0,0.0,0.0,0.0,2.0,48.0,0.0,57.0,81.0,0.0,True,0.005925875040702522,5.520294290967286
part_5/8762740499189581-BOSS.mp4,part_5/8762740499189581-BOSS.mp4,boss,train,6d1e7cf03a94e48af336.npz,255996,True,both_hands_missing_fraction,,"{""hands"": 128, ""hands_pose"": 261, ""hands_pose_face"": 1666}",0.052701833308674395,2.662682957947254,30.0081103000811,,38,1.2663243243243245,640,480,h264,0,38,0.0,0.0,0.0,0.0,0.0,0.0,17.0,44.73684210526316,9.0,38.0,100.0,38.0,17.0,44.73684210526316,"[[0, 7], [9, 1], [29, 9]]",9.0,7.0,9.0,22.0,,0.0,0.0,0.0,0.0,1.0,16.0,0.0,38.0,38.0,0.0,True,0.004791332990862429,2.792684166925028
part_5/8765379179357844-WASH MACHINE.mp4,part_5/8765379179357844-WASH MACHINE.mp4,washmachine,train,aa343e7eca5627617947.npz,402890,True,both_hands_missing_fraction,,"{""hands"": 128, ""hands_pose"": 261, ""hands_pose_face"": 1666}",0.09561645891517401,4.436394499265589,29.918864097363084,,60,2.0054237288135592,640,480,h264,0,60,0.0,0.0,0.0,0.0,0.0,0.0,41.0,68.33333333333333,20.0,25.0,41.66666666666667,21.0,24.0,40.0,"[[0, 4], [40, 20]]",20.0,4.0,20.0,36.0,,0.0,0.0,0.0,0.0,17.0,24.0,0.0,25.0,60.0,0.0,True,0.006146415951661766,4.629047458060086
part_5/8774968471358-POLE.mp4,part_5/8774968471358-POLE.mp4,pole,train,1d47a56512fb073712b3.npz,556461,True,both_hands_missing_fraction,,"{""hands"": 128, ""hands_pose"": 261, ""hands_pose_face"": 1666}",0.08265671285334975,6.195717915543355,30.003658982802783,,83,2.7663292682926826,640,480,h264,0,83,1.0,1.2048192771084338,1.0,1.0,1.2048192771084338,1.0,71.0,85.54216867469879,45.0,55.0,66.26506024096386,28.0,52.0,62.65060240963856,"[[0, 4], [5, 19], [39, 1], [55, 28]]",28.0,4.0,28.0,51.0,both_hands_missing_fraction,0.0,1.0,0.0,1.0,0.0,71.0,4.0,51.0,82.0,1.0,True,0.006000749999657273,6.381540333037265
part_5/8830124407529862-PLANT.mp4,part_5/8830124407529862-PLANT.mp4,plant,train,7b082b2574c026335bff.npz,489691,True,both_hands_missing_fraction,,"{""hands"": 128, ""hands_pose"": 261, ""hands_pose_face"": 1666}",0.10399962507653981,5.042429916094989,30.0,,73,2.433333333333333,640,480,h264,0,73,0.0,0.0,0.0,0.0,0.0,0.0,42.0,57.534246575342465,26.0,45.0,61.64383561643836,23.0,40.0,54.794520547945204,"[[0, 16], [48, 1], [50, 23]]",23.0,16.0,23.0,34.0,,0.0,0.0,0.0,0.0,0.0,42.0,5.0,40.0,73.0,0.0,True,0.005579125019721687,5.248578708036803
part_5/8860308707960689-ROOF.mp4,part_5/8860308707960689-ROOF.mp4,roof,train,005d55f76cb367d5692a.npz,483014,True,both_hands_missing_fraction,,"{""hands"": 128, ""hands_pose"": 261, ""hands_pose_face"": 1666}",0.10265049687586725,5.348079913412221,29.970451667370195,,72,2.402366197183099,640,480,h264,0,72,0.0,0.0,0.0,0.0,0.0,0.0,50.0,69.44444444444444,35.0,48.0,66.66666666666666,36.0,43.0,59.72222222222222,"[[0, 4], [5, 1], [7, 2], [18, 1], [37, 35]]",35.0,4.0,35.0,33.0,,0.0,0.0,0.0,0.0,2.0,48.0,6.0,42.0,72.0,0.0,True,0.007173166028223932,5.566387625061907
part_5/8885915598928231-CARRY.mp4,part_5/8885915598928231-CARRY.mp4,carry,train,dcb14dfd7f01f34f02db.npz,416244,True,both_hands_missing_fraction,,"{""hands"": 128, ""hands_pose"": 261, ""hands_pose_face"": 1666}",0.07285783695988357,4.790071625960991,30.004918839153962,,62,2.0663278688524587,640,480,h264,0,62,0.0,0.0,0.0,0.0,0.0,0.0,37.0,59.67741935483871,22.0,35.0,56.451612903225815,27.0,28.0,45.16129032258064,"[[0, 3], [4, 2], [13, 1], [40, 22]]",22.0,3.0,22.0,37.0,,0.0,0.0,0.0,0.0,5.0,32.0,2.0,33.0,62.0,0.0,True,0.005029833992011845,4.959941540961154
part_5/888614784762559-POPCORN.mp4,part_5/888614784762559-POPCORN.mp4,popcorn,train,3a36d6a69279e31e5c50.npz,316089,True,both_hands_missing_fraction,,"{""hands"": 128, ""hands_pose"": 261, ""hands_pose_face"": 1666}",0.05237817519810051,3.68471083114855,29.999999999999996,,47,1.5666666666666669,640,480,mpeg4,0,47,0.0,0.0,0.0,0.0,0.0,0.0,37.0,78.72340425531915,20.0,35.0,74.46808510638297,20.0,34.0,72.3404255319149,"[[0, 14], [27, 20]]",20.0,14.0,20.0,13.0,,0.0,0.0,0.0,0.0,3.0,34.0,1.0,34.0,47.0,0.0,True,0.005211332929320633,3.8179876669310033
part_5/8953075518220837-COMMUTE.mp4,part_5/8953075518220837-COMMUTE.mp4,commute,train,cb19bd6f5a115b41102c.npz,1778352,True,both_hands_missing_fraction,,"{""hands"": 128, ""hands_pose"": 261, ""hands_pose_face"": 1666}",0.21562146896030754,18.9700554079609,29.97059488803438,,266,8.87536603773585,640,480,h264,0,266,0.0,0.0,0.0,0.0,0.0,0.0,205.0,77.06766917293233,147.0,205.0,77.06766917293233,148.0,199.0,74.81203007518798,"[[0, 42], [78, 2], [103, 5], [109, 1], [115, 2], [119, 147]]",147.0,42.0,147.0,77.0,,0.0,0.0,0.0,0.0,10.0,195.0,7.0,198.0,266.0,0.0,True,0.015007500071078539,19.435125041985884
part_6/9001663609516171-FLIPFLOPS.mp4,part_6/9001663609516171-FLIPFLOPS.mp4,flipflops,train,7c1807d602fa2f22beeb.npz,409567,True,both_hands_missing_fraction,,"{""hands"": 128, ""hands_pose"": 261, ""hands_pose_face"": 1666}",0.07712158083450049,4.384776333114132,30.0,,61,2.033333333333333,640,480,h264,0,61,0.0,0.0,0.0,0.0,0.0,0.0,33.0,54.09836065573771,22.0,32.0,52.459016393442624,22.0,31.0,50.81967213114754,"[[0, 8], [37, 1], [39, 22]]",22.0,8.0,22.0,31.0,,0.0,0.0,0.0,0.0,3.0,30.0,1.0,31.0,61.0,0.0,True,0.0051958749536424875,4.556017874972895
part_6/9045560219783599-DO DO.mp4,part_6/9045560219783599-DO DO.mp4,dodo,train,dd44a482a21fb85b0749.npz,556461,True,both_hands_missing_fraction,,"{""hands"": 128, ""hands_pose"": 261, ""hands_pose_face"": 1666}",0.11406020389404148,5.851456751814112,30.00365898280278,,83,2.766329268292683,640,480,h264,0,83,0.0,0.0,0.0,0.0,0.0,0.0,53.0,63.85542168674698,53.0,62.0,74.69879518072288,52.0,52.0,62.65060240963856,"[[31, 52]]",52.0,0.0,52.0,31.0,,0.0,0.0,0.0,0.0,0.0,53.0,0.0,62.0,83.0,0.0,True,0.005751415970735252,6.074142457917333
part_6/9124929111701665-NECK.mp4,part_6/9124929111701665-NECK.mp4,neck,train,1fc046f73f8071f27762.npz,1491241,True,both_hands_missing_fraction,,"{""hands"": 128, ""hands_pose"": 261, ""hands_pose_face"": 1666}",0.2716175406239927,15.75706720200833,29.832613390928724,,222,7.441520361990951,640,480,h264,0,223,0.0,0.0,0.0,0.0,0.0,0.0,223.0,100.0,223.0,114.0,51.12107623318386,85.0,114.0,51.12107623318386,"[[0, 29], [138, 85]]",85.0,29.0,85.0,109.0,,0.0,0.0,0.0,0.0,0.0,223.0,0.0,114.0,223.0,0.0,True,0.011222374974749982,16.242963165976107
part_6/9166220101554237-NEAR.mp4,part_6/9166220101554237-NEAR.mp4,near,train,5996519f8b2eb1e409ff.npz,436275,True,both_hands_missing_fraction,,"{""hands"": 128, ""hands_pose"": 261, ""hands_pose_face"": 1666}",0.058756998856551945,4.389201167970896,30.004688232536335,,65,2.1663281249999997,640,480,h264,0,65,0.0,0.0,0.0,0.0,0.0,0.0,38.0,58.46153846153847,30.0,42.0,64.61538461538461,34.0,38.0,58.46153846153847,"[[0, 7], [33, 1], [35, 30]]",30.0,7.0,30.0,28.0,,0.0,0.0,0.0,0.0,1.0,37.0,1.0,41.0,65.0,0.0,True,0.0062810409581288695,4.544781417003833
part_6/9225802407671602-BATH.mp4,part_6/9225802407671602-BATH.mp4,bath,train,aeba95fd2cf5d394202a.npz,696678,True,both_hands_missing_fraction,,"{""hands"": 128, ""hands_pose"": 261, ""hands_pose_face"": 1666}",0.1690273854183033,7.436377496807836,30.002912904165456,,104,3.4663300970873783,640,480,h264,0,104,0.0,0.0,0.0,0.0,0.0,0.0,59.0,56.730769230769226,41.0,62.0,59.61538461538461,43.0,59.0,56.730769230769226,"[[0, 18], [63, 41]]",41.0,18.0,41.0,45.0,,0.0,0.0,0.0,0.0,0.0,59.0,0.0,62.0,104.0,0.0,True,0.006089499918743968,7.731663249898702
part_6/9249741371593849-SLIPPER.mp4,part_6/9249741371593849-SLIPPER.mp4,slipper,train,d9ecf8baa49901f89e1e.npz,503045,True,both_hands_missing_fraction,,"{""hands"": 128, ""hands_pose"": 261, ""hands_pose_face"": 1666}",0.13072124891914427,5.0982537909876555,29.97164844066424,,75,2.5023648648648646,640,480,h264,0,75,0.0,0.0,0.0,0.0,0.0,0.0,43.0,57.333333333333336,23.0,46.0,61.33333333333333,23.0,41.0,54.666666666666664,"[[0, 17], [49, 1], [52, 23]]",23.0,17.0,23.0,35.0,,0.0,0.0,0.0,0.0,2.0,41.0,6.0,40.0,75.0,0.0,True,0.005797249963507056,5.33795579103753
part_6/9271543226842556-MOUSE.mp4,part_6/9271543226842556-MOUSE.mp4,mouse,train,70586d583b9713bdad6a.npz,449629,True,both_hands_missing_fraction,,"{""hands"": 128, ""hands_pose"": 261, ""hands_pose_face"": 1666}",0.06171687226742506,4.91235004120972,30.000000000000004,,67,2.233333333333333,640,480,h264,0,67,0.0,0.0,0.0,0.0,0.0,0.0,43.0,64.17910447761194,30.0,67.0,100.0,67.0,43.0,64.17910447761194,"[[0, 11], [13, 1], [25, 1], [37, 30]]",30.0,11.0,30.0,26.0,,0.0,0.0,0.0,0.0,2.0,41.0,0.0,67.0,67.0,0.0,True,0.006082416977733374,5.071863124961965
part_6/929892595638057-PUZZLED.mp4,part_6/929892595638057-PUZZLED.mp4,puzzled,train,,0,True,too_few_decoded_frames,,"{""hands"": 128, ""hands_pose"": 261, ""hands_pose_face"": 1666}",0.03759825276210904,1.7366754573304206,14.915254237288135,,23,1.5420454545454547,640,480,h264,0,46,,,,,,,,,,,,,,,,,,,,,,,,,,,,,,,False,4.654203075915575e-05,1.8460460419300944
part_6/9354715454887605-GREEN.mp4,part_6/9354715454887605-GREEN.mp4,green,train,9d39a4667ba889fd342e.npz,483014,False,,,"{""hands"": 128, ""hands_pose"": 261, ""hands_pose_face"": 1666}",0.07406854664441198,4.975064540281892,29.91993257479983,,72,2.406422535211268,640,480,h264,0,72,0.0,0.0,0.0,0.0,0.0,0.0,8.0,11.11111111111111,5.0,72.0,100.0,72.0,8.0,11.11111111111111,"[[2, 5], [8, 3]]",5.0,0.0,0.0,72.0,,0.0,0.0,0.0,0.0,8.0,0.0,0.0,72.0,72.0,0.0,False,0.005413166014477611,5.15043537504971
part_6/9368540135693042-seedTOUCH.mp4,part_6/9368540135693042-seedTOUCH.mp4,touch,train,b60ad6d7289506458dcc.npz,669970,True,both_hands_missing_fraction,,"{""hands"": 128, ""hands_pose"": 261, ""hands_pose_face"": 1666}",0.14306941884569824,7.0837220379617065,30.330000000000002,,101,3.3300362677217277,640,480,h264,0,100,0.0,0.0,0.0,0.0,0.0,0.0,72.0,72.0,44.0,71.0,71.0,46.0,69.0,69.0,"[[0, 25], [56, 44]]",44.0,25.0,44.0,31.0,,0.0,0.0,0.0,0.0,0.0,72.0,0.0,71.0,100.0,0.0,True,0.006076833000406623,7.353357749991119
part_6/9434616943387211-DANCE.mp4,part_6/9434616943387211-DANCE.mp4,dance,train,92e29da66c724e4796be.npz,870280,True,both_hands_missing_fraction,,"{""hands"": 128, ""hands_pose"": 261, ""hands_pose_face"": 1666}",0.1402959970291704,7.720272788195871,30.226000000000003,,131,4.334017071395487,640,480,h264,0,130,0.0,0.0,0.0,0.0,0.0,0.0,88.0,67.6923076923077,56.0,75.0,57.692307692307686,49.0,73.0,56.15384615384615,"[[0, 49], [106, 24]]",49.0,49.0,24.0,57.0,,0.0,0.0,0.0,0.0,0.0,88.0,2.0,73.0,130.0,0.0,True,0.008196124923415482,8.003993417019956
part_6/9468945982728585-EVALUATE.mp4,part_6/9468945982728585-EVALUATE.mp4,evaluate,train,151222f9dac799a03d4d.npz,456306,True,both_hands_missing_fraction,,"{""hands"": 128, ""hands_pose"": 261, ""hands_pose_face"": 1666}",0.07282250572461635,4.472077206359245,29.91071428571429,,68,2.2734328358208953,640,480,h264,0,68,0.0,0.0,0.0,0.0,0.0,0.0,38.0,55.88235294117647,27.0,33.0,48.529411764705884,24.0,33.0,48.529411764705884,"[[0, 9], [44, 24]]",24.0,9.0,24.0,35.0,,0.0,0.0,0.0,0.0,0.0,38.0,0.0,33.0,68.0,0.0,True,0.005159500055015087,4.636429874924943
part_6/9469327065533588-NOSE BLEED.mp4,part_6/9469327065533588-NOSE BLEED.mp4,nosebleed,train,15539e23221625cf9238.npz,322766,True,both_hands_missing_fraction,,"{""hands"": 128, ""hands_pose"": 261, ""hands_pose_face"": 1666}",0.04046446306165308,3.2239769131410867,29.993618379068284,,48,1.600340425531915,640,480,h264,0,48,0.0,0.0,0.0,0.0,0.0,0.0,48.0,100.0,48.0,29.0,60.416666666666664,22.0,29.0,60.416666666666664,"[[0, 6], [7, 1], [26, 22]]",22.0,6.0,22.0,20.0,,0.0,0.0,0.0,0.0,0.0,48.0,1.0,28.0,48.0,0.0,True,0.0038400409976020455,3.344389499980025
part_6/9641716767561754-COUNT.mp4,part_6/9641716767561754-COUNT.mp4,count,train,e7b4e4a861ea04ecc72c.npz,549784,True,both_hands_missing_fraction,,"{""hands"": 128, ""hands_pose"": 261, ""hands_pose_face"": 1666}",0.08665116177871823,5.4758262110408396,29.966703662597116,,82,2.7363703703703703,640,480,h264,0,82,0.0,0.0,0.0,0.0,0.0,0.0,50.0,60.97560975609756,29.0,47.0,57.3170731707317,30.0,46.0,56.09756097560976,"[[0, 17], [53, 29]]",29.0,17.0,29.0,36.0,,0.0,0.0,0.0,0.0,0.0,50.0,0.0,47.0,82.0,0.0,True,0.005854792078025639,5.668078499962576
part_6/968185019787583-BACKYARD.mp4,part_6/968185019787583-BACKYARD.mp4,backyard,train,5ee6d637817c23944c32.npz,1117329,True,both_hands_missing_fraction,,"{""hands"": 128, ""hands_pose"": 261, ""hands_pose_face"": 1666}",0.13940949877724051,9.891861255280674,29.969308539447557,,167,5.572367469879517,640,480,h264,0,167,0.0,0.0,0.0,0.0,0.0,0.0,157.0,94.01197604790418,75.0,95.0,56.886227544910184,49.0,94.0,56.287425149700596,"[[0, 49], [121, 1], [123, 44]]",49.0,49.0,44.0,74.0,,0.0,0.0,0.0,0.0,5.0,152.0,2.0,93.0,167.0,0.0,True,0.004700916935689747,10.172237750026397
part_6/9738124822287095-CANNON.mp4,part_6/9738124822287095-CANNON.mp4,cannon,train,1ea79dc77cdec9e2b930.npz,429598,True,both_hands_missing_fraction,,"{""hands"": 128, ""hands_pose"": 261, ""hands_pose_face"": 1666}",0.05504895676858723,4.252860789652914,30.0,,64,2.1333333333333333,640,480,h264,0,64,0.0,0.0,0.0,0.0,0.0,0.0,38.0,59.375,22.0,26.0,40.625,20.0,26.0,40.625,"[[0, 6], [44, 20]]",20.0,6.0,20.0,38.0,,0.0,0.0,0.0,0.0,0.0,38.0,0.0,26.0,64.0,0.0,True,0.004994416027329862,4.395479999948293
part_6/9739619129066301-VISUALIZE.mp4,part_6/9739619129066301-VISUALIZE.mp4,visualize,train,558f495174a67f95c964.npz,730063,True,both_hands_missing_fraction,,"{""hands"": 128, ""hands_pose"": 261, ""hands_pose_face"": 1666}",0.10655383404809982,5.98838920565322,26.692,,97,3.6340476547280085,640,480,h264,0,109,0.0,0.0,0.0,19.0,17.431192660550458,19.0,60.0,55.04587155963303,41.0,55.0,50.45871559633027,38.0,55.0,50.45871559633027,"[[0, 15], [17, 2], [71, 38]]",38.0,15.0,38.0,56.0,,0.0,0.0,0.0,19.0,0.0,60.0,2.0,53.0,109.0,0.0,True,0.005614624940790236,6.204518000013195
part_6/9756898650736014-PIRATE.mp4,part_6/9756898650736014-PIRATE.mp4,pirate,train,3b91736f4b6375c20ebe.npz,503045,True,both_hands_missing_fraction,,"{""hands"": 128, ""hands_pose"": 261, ""hands_pose_face"": 1666}",0.06501695874612778,4.691513789002784,30.0,,75,2.5,640,480,mpeg4,0,75,0.0,0.0,0.0,0.0,0.0,0.0,75.0,100.0,75.0,47.0,62.66666666666667,33.0,47.0,62.66666666666667,"[[0, 12], [38, 2], [42, 33]]",33.0,12.0,33.0,30.0,,0.0,0.0,0.0,0.0,0.0,75.0,2.0,45.0,75.0,0.0,True,0.0045692919520661235,4.842255916912109
part_6/9769917325972981-LIBRARY.mp4,part_6/9769917325972981-LIBRARY.mp4,library,train,344ce4e009347577366c.npz,389536,False,,,"{""hands"": 128, ""hands_pose"": 261, ""hands_pose_face"": 1666}",0.06520483584608883,3.483831170015037,30.477999999999998,,59,1.9358225605354684,640,480,h264,0,58,0.0,0.0,0.0,0.0,0.0,0.0,13.0,22.413793103448278,9.0,58.0,100.0,58.0,13.0,22.413793103448278,"[[0, 9], [54, 4]]",9.0,9.0,4.0,45.0,,0.0,0.0,0.0,0.0,0.0,13.0,0.0,58.0,58.0,0.0,False,0.0046454580733552575,3.6167940420564264
part_6/9819880833945527-HANDCUFFS.mp4,part_6/9819880833945527-HANDCUFFS.mp4,handcuffs,train,05eb138128a1ec04bcea.npz,543107,True,both_hands_missing_fraction,,"{""hands"": 128, ""hands_pose"": 261, ""hands_pose_face"": 1666}",0.10228779632598162,6.359155871788971,30.0,,81,2.7,640,480,mpeg4,0,81,0.0,0.0,0.0,0.0,0.0,0.0,46.0,56.79012345679012,31.0,51.0,62.96296296296296,34.0,44.0,54.32098765432099,"[[0, 13], [50, 31]]",31.0,13.0,31.0,37.0,,0.0,0.0,0.0,0.0,2.0,44.0,4.0,47.0,81.0,0.0,True,0.005459708976559341,6.572481207898818
part_6/9845660015904845-TURBAN.mp4,part_6/9845660015904845-TURBAN.mp4,turban,train,5c59a4447b70ef9ad569.npz,436275,True,both_hands_missing_fraction,,"{""hands"": 128, ""hands_pose"": 261, ""hands_pose_face"": 1666}",0.06895158730912954,3.9764725834829733,30.004688232536335,,65,2.1663281249999997,640,480,h264,0,65,0.0,0.0,0.0,2.0,3.076923076923077,2.0,65.0,100.0,65.0,42.0,64.61538461538461,13.0,42.0,64.61538461538461,"[[0, 7], [8, 3], [12, 13], [37, 9], [51, 1], [56, 9]]",13.0,7.0,9.0,49.0,both_hands_missing_fraction,0.0,0.0,2.0,0.0,0.0,65.0,4.0,38.0,65.0,0.0,True,0.004704582970589399,4.11125079204794
part_6/9862882272897495-DRY.mp4,part_6/9862882272897495-DRY.mp4,dry,train,24eec9cc4fcfa300215c.npz,302735,True,both_hands_missing_fraction,,"{""hands"": 128, ""hands_pose"": 261, ""hands_pose_face"": 1666}",0.04726441507227719,2.702689710771665,29.993183367416496,,45,1.5003409090909092,640,480,h264,0,45,0.0,0.0,0.0,0.0,0.0,0.0,45.0,100.0,45.0,33.0,73.33333333333333,25.0,33.0,73.33333333333333,"[[0, 7], [18, 1], [20, 25]]",25.0,7.0,25.0,13.0,,0.0,0.0,0.0,0.0,0.0,45.0,1.0,32.0,45.0,0.0,True,0.005357332993298769,2.8092438329476863
part_6/989516810898259-MATCH.mp4,part_6/989516810898259-MATCH.mp4,match,train,7c29df4a5e7a0b67cadd.npz,469660,True,both_hands_missing_fraction,,"{""hands"": 128, ""hands_pose"": 261, ""hands_pose_face"": 1666}",0.10952066723257303,5.254474253044464,30.000000000000004,,70,2.333333333333333,640,480,h264,0,70,0.0,0.0,0.0,0.0,0.0,0.0,31.0,44.285714285714285,25.0,31.0,44.285714285714285,24.0,30.0,42.857142857142854,"[[0, 6], [46, 24]]",24.0,6.0,24.0,40.0,,0.0,0.0,0.0,0.0,0.0,31.0,1.0,30.0,70.0,0.0,True,0.006551041966304183,5.463078415952623
part_6/A_video_1_a_aug_11.mp4,part_6/A_video_1_a_aug_11.mp4,a,train,43aac618fcf1168c29ff.npz,563138,True,both_hands_missing_fraction,,"{""hands"": 128, ""hands_pose"": 261, ""hands_pose_face"": 1666}",0.08869853906799108,6.4363638698123395,29.97,,84,2.8028028028028027,640,480,mpeg4,0,84,1.0,1.1904761904761905,1.0,1.0,1.1904761904761905,1.0,46.0,54.761904761904766,25.0,84.0,100.0,84.0,46.0,54.761904761904766,"[[0, 20], [54, 1], [59, 25]]",25.0,20.0,25.0,39.0,,0.0,1.0,0.0,1.0,1.0,45.0,0.0,84.0,83.0,1.0,True,0.006364458939060569,6.633970250026323
part_6/C • ASL Dictionary_c_aug_2.mp4,part_6/C • ASL Dictionary_c_aug_2.mp4,c,train,b4eb60b63b5a4ad64209.npz,356151,True,both_hands_missing_fraction,,"{""hands"": 128, ""hands_pose"": 261, ""hands_pose_face"": 1666}",0.0551297499332577,3.7686008758610114,29.97,,53,1.7684351017684352,640,480,mpeg4,0,53,0.0,0.0,0.0,0.0,0.0,0.0,53.0,100.0,53.0,24.0,45.28301886792453,13.0,24.0,45.28301886792453,"[[0, 13], [42, 11]]",13.0,13.0,11.0,29.0,,0.0,0.0,0.0,0.0,0.0,53.0,0.0,24.0,53.0,0.0,True,0.005241291946731508,3.899173083016649
part_6/California_video_0.mp4,part_6/California_video_0.mp4,california,train,420335f5431280cda2ae.npz,643262,True,both_hands_missing_fraction,,"{""hands"": 128, ""hands_pose"": 261, ""hands_pose_face"": 1666}",0.06538987637031823,4.819983043358661,23.976,,77,3.211544878211545,640,480,mpeg4,0,96,0.0,0.0,0.0,0.0,0.0,0.0,96.0,100.0,96.0,57.0,59.375,32.0,57.0,59.375,"[[0, 24], [25, 1], [64, 32]]",32.0,24.0,32.0,40.0,,0.0,0.0,0.0,0.0,0.0,96.0,1.0,56.0,96.0,0.0,True,0.006787124904803932,4.980225332896225
part_6/Earth_video_21.mp4,part_6/Earth_video_21.mp4,earth,train,759fc16c4838ccabc04a.npz,569815,True,both_hands_missing_fraction,,"{""hands"": 128, ""hands_pose"": 261, ""hands_pose_face"": 1666}",0.0883909995900467,6.411610833834857,29.970000000000002,,85,2.836169502836169,640,480,mpeg4,0,85,1.0,1.1764705882352942,1.0,1.0,1.1764705882352942,1.0,64.0,75.29411764705883,25.0,66.0,77.64705882352942,26.0,56.0,65.88235294117646,"[[0, 20], [23, 1], [28, 1], [34, 1], [44, 1], [46, 2], [49, 5], [60, 25]]",25.0,20.0,25.0,40.0,,0.0,1.0,0.0,1.0,19.0,45.0,4.0,62.0,84.0,1.0,True,0.00593804195523262,6.606034207972698
part_6/H2O_video_10.mp4,part_6/H2O_video_10.mp4,water,train,c8c2726482090edfbc1e.npz,790156,True,both_hands_missing_fraction,,"{""hands"": 128, ""hands_pose"": 261, ""hands_pose_face"": 1666}",0.11510792071931064,8.879211746621877,29.97,,118,3.9372706039372707,640,480,mpeg4,0,118,0.0,0.0,0.0,0.0,0.0,0.0,118.0,100.0,118.0,51.0,43.22033898305085,28.0,51.0,43.22033898305085,"[[0, 28], [59, 2], [63, 2], [70, 1], [99, 2], [102, 16]]",28.0,28.0,16.0,74.0,,0.0,0.0,0.0,0.0,0.0,118.0,7.0,44.0,118.0,0.0,True,0.007396125001832843,9.136238791048527
part_6/J_video_3_j_aug_24.mp4,part_6/J_video_3_j_aug_24.mp4,j,train,e83c2973a91c90484168.npz,556461,True,both_hands_missing_fraction,,"{""hands"": 128, ""hands_pose"": 261, ""hands_pose_face"": 1666}",0.08679179067257792,6.025993459858,29.97,,83,2.7694361027694363,640,480,mpeg4,0,83,0.0,0.0,0.0,78.0,93.97590361445783,59.0,49.0,59.036144578313255,19.0,45.0,54.21686746987952,8.0,30.0,36.144578313253014,"[[0, 8], [11, 2], [15, 7], [27, 1], [33, 1], [36, 1], [40, 6], [57, 2], [78, 1], [82, 1]]",8.0,8.0,1.0,74.0,,0.0,0.0,6.0,72.0,3.0,46.0,23.0,22.0,83.0,0.0,True,0.006705333013087511,6.176575208082795
part_6/K_video_2_k_aug_8.mp4,part_6/K_video_2_k_aug_8.mp4,k,train,7393fcec01ed5d06f615.npz,669970,True,both_hands_missing_fraction,,"{""hands"": 128, ""hands_pose"": 261, ""hands_pose_face"": 1666}",0.07764412218239158,7.270074170199223,29.97,,100,3.3366700033366703,640,480,mpeg4,0,100,0.0,0.0,0.0,0.0,0.0,0.0,100.0,100.0,100.0,58.0,57.99999999999999,32.0,58.0,57.99999999999999,"[[0, 26], [68, 32]]",32.0,26.0,32.0,42.0,,0.0,0.0,0.0,0.0,0.0,100.0,0.0,58.0,100.0,0.0,True,0.00620800000615418,7.461892042076215
part_6/L_video_1_l_aug_3.mp4,part_6/L_video_1_l_aug_3.mp4,l,train,794fa3e3d59cd343c78c.npz,616554,True,both_hands_missing_fraction,,"{""hands"": 128, ""hands_pose"": 261, ""hands_pose_face"": 1666}",0.10220470593776554,6.700268294545822,29.97,,92,3.0697364030697365,640,480,mpeg4,0,92,1.0,1.0869565217391304,1.0,1.0,1.0869565217391304,1.0,48.0,52.17391304347826,24.0,92.0,100.0,92.0,48.0,52.17391304347826,"[[0, 24], [68, 24]]",24.0,24.0,24.0,44.0,,0.0,1.0,0.0,1.0,0.0,48.0,0.0,92.0,91.0,1.0,True,0.0073290420696139336,6.9157896670512855
part_6/M_video_1_m_aug_1.mp4,part_6/M_video_1_m_aug_1.mp4,m,train,11ec0494bcb9c3c04ce3.npz,556461,True,both_hands_missing_fraction,,"{""hands"": 128, ""hands_pose"": 261, ""hands_pose_face"": 1666}",0.07853233185596764,6.250686502433382,29.97,,83,2.7694361027694363,640,480,mpeg4,0,83,1.0,1.2048192771084338,1.0,1.0,1.2048192771084338,1.0,52.0,62.65060240963856,24.0,83.0,100.0,83.0,52.0,62.65060240963856,"[[0, 21], [22, 3], [53, 3], [57, 1], [59, 24]]",24.0,21.0,24.0,38.0,,0.0,1.0,0.0,1.0,7.0,45.0,0.0,83.0,82.0,1.0,True,0.005699792061932385,6.450143416062929
part_6/N_video_3_n_aug_3.mp4,part_6/N_video_3_n_aug_3.mp4,n,train,fabba21980c0deca54bc.npz,229288,False,,,"{""hands"": 128, ""hands_pose"": 261, ""hands_pose_face"": 1666}",0.03893625061027706,2.6902476265095174,29.089000000000002,,33,1.134449448245041,480,640,h264,0,34,0.0,0.0,0.0,0.0,0.0,0.0,5.0,14.705882352941178,5.0,12.0,35.294117647058826,12.0,4.0,11.76470588235294,"[[16, 4]]",4.0,0.0,0.0,34.0,,0.0,0.0,0.0,0.0,5.0,0.0,0.0,12.0,34.0,0.0,False,0.005160916945897043,2.82110083301086
part_6/P_video_1.mp4,part_6/P_video_1.mp4,p,train,3a5d8b91059ab5b1c653.npz,536430,True,both_hands_missing_fraction,,"{""hands"": 128, ""hands_pose"": 261, ""hands_pose_face"": 1666}",0.09254196390975267,6.172360953991301,29.97,,80,2.6693360026693362,640,480,mpeg4,0,80,1.0,1.25,1.0,1.0,1.25,1.0,80.0,100.0,80.0,39.0,48.75,27.0,39.0,48.75,"[[0, 27], [68, 12]]",27.0,27.0,12.0,41.0,,0.0,1.0,0.0,1.0,0.0,80.0,0.0,39.0,79.0,1.0,True,0.006515708053484559,6.378896874957718
part_6/Q_video_0_q_aug_1.mp4,part_6/Q_video_0_q_aug_1.mp4,q,train,012edd70f8aaf73ddd19.npz,369505,True,both_hands_missing_fraction,,"{""hands"": 128, ""hands_pose"": 261, ""hands_pose_face"": 1666}",0.0353232059860602,3.315144502208568,23.976,,44,1.8351685018351687,640,480,mpeg4,0,55,0.0,0.0,0.0,0.0,0.0,0.0,27.0,49.09090909090909,16.0,55.0,100.0,55.0,27.0,49.09090909090909,"[[0, 9], [14, 1], [36, 1], [39, 16]]",16.0,9.0,16.0,30.0,,0.0,0.0,0.0,0.0,2.0,25.0,0.0,55.0,55.0,0.0,True,0.004498875001445413,3.427646957919933
part_6/V.mp4,part_6/V.mp4,v,train,347f6dd7e90dbe33e276.npz,429598,False,,,"{""hands"": 128, ""hands_pose"": 261, ""hands_pose_face"": 1666}",0.06194307608529925,4.606481336872093,29.97,,64,2.135468802135469,640,480,h264,0,64,0.0,0.0,0.0,0.0,0.0,0.0,0.0,0.0,0.0,0.0,0.0,0.0,0.0,0.0,[],0.0,0.0,0.0,64.0,,0.0,0.0,0.0,0.0,0.0,0.0,0.0,0.0,64.0,0.0,False,0.0064967910293489695,4.762938417028636
part_6/adopt_video_1.mp4,part_6/adopt_video_1.mp4,adopt,train,225f7a72309b3c880a31.npz,569815,False,,,"{""hands"": 128, ""hands_pose"": 261, ""hands_pose_face"": 1666}",0.06663433567155153,6.17749787226785,29.97002997002997,,85,2.8361666666666667,512,384,h264,0,85,0.0,0.0,0.0,0.0,0.0,0.0,23.0,27.058823529411764,17.0,21.0,24.705882352941178,14.0,21.0,24.705882352941178,"[[0, 6], [68, 1], [71, 14]]",14.0,6.0,14.0,65.0,,0.0,0.0,0.0,0.0,0.0,23.0,1.0,20.0,85.0,0.0,False,0.0061463749734684825,6.357764875050634
part_6/advantage_video_2.mp4,part_6/advantage_video_2.mp4,advantage,train,c176edd1f0ec2d209309.npz,623231,True,both_hands_missing_fraction,,"{""hands"": 128, ""hands_pose"": 261, ""hands_pose_face"": 1666}",0.08721583476290107,6.701733082532883,29.97,,93,3.1031031031031033,640,480,mpeg4,0,93,1.0,1.0752688172043012,1.0,1.0,1.0752688172043012,1.0,55.0,59.13978494623656,27.0,59.0,63.44086021505376,26.0,45.0,48.38709677419355,"[[0, 26], [68, 1], [73, 2], [77, 16]]",26.0,26.0,16.0,51.0,,0.0,1.0,0.0,1.0,5.0,50.0,6.0,53.0,92.0,1.0,True,0.006270708050578833,6.899572083028033
part_6/animal_13.mp4,part_6/animal_13.mp4,animal,train,7790fde762e1b34146f1.npz,362828,False,,,"{""hands"": 128, ""hands_pose"": 261, ""hands_pose_face"": 1666}",0.04264237638562918,3.9777889595134184,29.970000000000002,,54,1.8018018018018016,288,192,h264,0,54,0.0,0.0,0.0,0.0,0.0,0.0,0.0,0.0,0.0,0.0,0.0,0.0,0.0,0.0,[],0.0,0.0,0.0,54.0,,0.0,0.0,0.0,0.0,0.0,0.0,0.0,0.0,54.0,0.0,False,0.00456045800819993,4.104717875015922
part_6/animal_video_52.mp4,part_6/animal_video_52.mp4,animal,train,12367f106899e5a6d7ad.npz,589846,True,both_hands_missing_fraction,,"{""hands"": 128, ""hands_pose"": 261, ""hands_pose_face"": 1666}",0.08818495401646942,6.394195467233658,29.970000000000002,,88,2.936269602936269,640,480,mpeg4,0,88,0.0,0.0,0.0,0.0,0.0,0.0,36.0,40.909090909090914,29.0,44.0,50.0,33.0,35.0,39.77272727272727,"[[0, 29], [82, 6]]",29.0,29.0,6.0,53.0,,0.0,0.0,0.0,0.0,1.0,35.0,3.0,41.0,88.0,0.0,True,0.005766249960288405,6.590537708019838
part_6/animate_being_video_49.mp4,part_6/animate_being_video_49.mp4,animate being,train,58158f764140ab239c4e.npz,523076,True,both_hands_missing_run,,"{""hands"": 128, ""hands_pose"": 261, ""hands_pose_face"": 1666}",0.07755908323451877,5.682957374025136,29.970000000000002,,78,2.6026026026026026,640,480,mpeg4,0,78,0.0,0.0,0.0,0.0,0.0,0.0,24.0,30.76923076923077,23.0,24.0,30.76923076923077,23.0,23.0,29.48717948717949,"[[55, 23]]",23.0,0.0,23.0,55.0,,0.0,0.0,0.0,0.0,1.0,23.0,1.0,23.0,78.0,0.0,True,0.0066744579235091805,5.864906874950975
part_6/art_video_4.mp4,part_6/art_video_4.mp4,art,train,100390a410bf4a807378.npz,636585,True,both_hands_missing_fraction,,"{""hands"": 128, ""hands_pose"": 261, ""hands_pose_face"": 1666}",0.0957774588605389,6.8267020436469465,29.970000000000002,,95,3.169836503169836,640,480,h264,0,95,1.0,1.0526315789473684,1.0,1.0,1.0526315789473684,1.0,46.0,48.421052631578945,23.0,47.0,49.473684210526315,23.0,38.0,40.0,"[[0, 14], [25, 1], [72, 23]]",23.0,14.0,23.0,58.0,,0.0,1.0,0.0,1.0,7.0,39.0,0.0,47.0,94.0,1.0,True,0.008888915996067226,7.041288375039585
part_6/article_5.mp4,part_6/article_5.mp4,article,train,12488c57087f5a44a98c.npz,249319,False,,,"{""hands"": 128, ""hands_pose"": 261, ""hands_pose_face"": 1666}",0.03170462406706065,2.790267332806252,29.97,,37,1.234567901234568,288,192,h264,0,37,0.0,0.0,0.0,0.0,0.0,0.0,0.0,0.0,0.0,2.0,5.405405405405405,2.0,0.0,0.0,[],0.0,0.0,0.0,37.0,,0.0,0.0,0.0,0.0,0.0,0.0,2.0,0.0,37.0,0.0,False,0.004459958057850599,2.893024874967523
part_6/assist_8.mp4,part_6/assist_8.mp4,assist,train,47f63fded09aaa3a2fd9.npz,503045,True,both_hands_missing_fraction,,"{""hands"": 128, ""hands_pose"": 261, ""hands_pose_face"": 1666}",0.06960171135142446,5.439449298195541,30.369999999999997,,76,2.5024695423114918,640,480,mpeg4,0,75,1.0,1.3333333333333335,1.0,1.0,1.3333333333333335,1.0,43.0,57.333333333333336,22.0,43.0,57.333333333333336,24.0,41.0,54.666666666666664,"[[0, 19], [53, 22]]",22.0,19.0,22.0,34.0,,0.0,1.0,0.0,1.0,0.0,43.0,0.0,43.0,74.0,1.0,True,0.0052501659374684095,5.603891124948859
part_6/b_3_b_aug_4.mp4,part_6/b_3_b_aug_4.mp4,b,train,9894c0181c50856e11bf.npz,1911892,True,both_hands_missing_run,,"{""hands"": 128, ""hands_pose"": 261, ""hands_pose_face"": 1666}",0.2474007495911792,20.545142744551413,30.0,,286,9.533333333333333,640,480,mpeg4,0,286,0.0,0.0,0.0,0.0,0.0,0.0,34.0,11.888111888111888,20.0,286.0,100.0,286.0,34.0,11.888111888111888,"[[0, 20], [272, 14]]",20.0,20.0,14.0,252.0,,0.0,0.0,0.0,0.0,0.0,34.0,0.0,286.0,286.0,0.0,True,0.015282790991477668,21.053790957899764
part_6/baby_20241119_172633_60.mp4,part_6/baby_20241119_172633_60.mp4,baby,train,d5d7b50261ebe76af445.npz,583169,True,both_hands_missing_fraction,,"{""hands"": 128, ""hands_pose"": 261, ""hands_pose_face"": 1666}",0.09461433778051287,6.178456463385373,30.0,,87,2.9,640,480,mpeg4,0,87,0.0,0.0,0.0,0.0,0.0,0.0,60.0,68.96551724137932,31.0,56.0,64.36781609195403,29.0,52.0,59.77011494252874,"[[0, 29], [62, 9], [72, 1], [74, 13]]",29.0,29.0,13.0,45.0,,0.0,0.0,0.0,0.0,4.0,56.0,2.0,54.0,87.0,0.0,True,0.006023084046319127,6.379434583010152
part_6/backbone_video_30.mp4,part_6/backbone_video_30.mp4,backbone,train,81b198d2896bf03ae2d8.npz,549784,True,both_hands_missing_fraction,,"{""hands"": 128, ""hands_pose"": 261, ""hands_pose_face"": 1666}",0.08624287659768015,5.833280121907592,29.970000000000002,,82,2.736069402736069,640,480,mpeg4,0,82,0.0,0.0,0.0,0.0,0.0,0.0,50.0,60.97560975609756,37.0,54.0,65.85365853658537,36.0,48.0,58.536585365853654,"[[0, 36], [62, 2], [72, 10]]",36.0,36.0,10.0,36.0,,0.0,0.0,0.0,0.0,2.0,48.0,0.0,54.0,82.0,0.0,True,0.006010125041939318,6.02065333398059
part_6/backpack_20241119_172633_47.mp4,part_6/backpack_20241119_172633_47.mp4,backpack,train,1b2d3e2a1d1c23aa143c.npz,843572,True,both_hands_missing_fraction,,"{""hands"": 128, ""hands_pose"": 261, ""hands_pose_face"": 1666}",0.12343150260858238,8.372330369777046,29.997600191984642,,126,4.200336,640,480,h264,0,126,0.0,0.0,0.0,0.0,0.0,0.0,63.0,50.0,42.0,71.0,56.34920634920635,44.0,63.0,50.0,"[[0, 42], [105, 21]]",42.0,42.0,21.0,63.0,,0.0,0.0,0.0,0.0,0.0,63.0,0.0,71.0,126.0,0.0,True,0.0082290000282228,8.636096458067186
part_6/backup_video_6.mp4,part_6/backup_video_6.mp4,backup,train,,0,True,too_few_decoded_frames,,"{""hands"": 128, ""hands_pose"": 261, ""hands_pose_face"": 1666}",0.024394832085818052,2.155083545134403,23.976,,28,1.1678345011678346,640,480,mpeg4,0,35,,,,,,,,,,,,,,,,,,,,,,,,,,,,,,,False,3.120803739875555e-05,2.23635724990163
part_6/bag_20241119_172633_81.mp4,part_6/bag_20241119_172633_81.mp4,bag,train,7b516a903c1e34213da1.npz,710032,True,both_hands_missing_fraction,,"{""hands"": 128, ""hands_pose"": 261, ""hands_pose_face"": 1666}",0.11460145690944046,7.528090207022615,30.0,,106,3.533333333333333,640,480,h264,0,106,0.0,0.0,0.0,0.0,0.0,0.0,63.0,59.43396226415094,36.0,70.0,66.0377358490566,41.0,55.0,51.886792452830186,"[[0, 15], [48, 2], [65, 2], [70, 36]]",36.0,15.0,36.0,55.0,,0.0,0.0,0.0,0.0,12.0,51.0,6.0,64.0,106.0,0.0,True,0.007450167089700699,7.775698541896418
part_6/ball_video_5.mp4,part_6/ball_video_5.mp4,ball,train,f74af4617eea87204e46.npz,656616,True,both_hands_missing_fraction,,"{""hands"": 128, ""hands_pose"": 261, ""hands_pose_face"": 1666}",0.07547137688379735,5.528872666065581,23.976,,78,3.2532532532532534,640,480,mpeg4,0,98,0.0,0.0,0.0,0.0,0.0,0.0,62.0,63.26530612244898,31.0,66.0,67.3469387755102,33.0,62.0,63.26530612244898,"[[0, 31], [67, 31]]",31.0,31.0,31.0,36.0,,0.0,0.0,0.0,0.0,0.0,62.0,2.0,64.0,98.0,0.0,True,0.006621874985285103,5.703641666099429
part_6/banana_20241119_172634_60.mp4,part_6/banana_20241119_172634_60.mp4,banana,train,dc9ac701063b4568853c.npz,830218,True,both_hands_missing_fraction,,"{""hands"": 128, ""hands_pose"": 261, ""hands_pose_face"": 1666}",0.19980029051657766,9.111752378288656,30.501,,126,4.131012097964001,640,480,h264,0,124,0.0,0.0,0.0,0.0,0.0,0.0,74.0,59.67741935483871,44.0,73.0,58.87096774193549,45.0,72.0,58.06451612903226,"[[0, 28], [80, 44]]",44.0,28.0,44.0,52.0,,0.0,0.0,0.0,0.0,0.0,74.0,0.0,73.0,124.0,0.0,True,0.0076409169705584645,9.455103874905035
part_7/bat_20241119_172634_72.mp4,part_7/bat_20241119_172634_72.mp4,bat,train,af797fc73fdf90e7bbd1.npz,322766,True,both_hands_missing_fraction,,"{""hands"": 128, ""hands_pose"": 261, ""hands_pose_face"": 1666}",0.06189479189924896,3.6311019146814942,29.993618379068284,,48,1.600340425531915,640,480,h264,0,48,0.0,0.0,0.0,0.0,0.0,0.0,25.0,52.083333333333336,16.0,24.0,50.0,15.0,23.0,47.91666666666667,"[[0, 8], [33, 15]]",15.0,8.0,15.0,25.0,,0.0,0.0,0.0,0.0,1.0,24.0,0.0,24.0,48.0,0.0,True,0.008512333035469055,3.812139334040694
part_7/bath_video_6.mp4,part_7/bath_video_6.mp4,bath,train,0aaa3de98cef940df22f.npz,810187,True,both_hands_missing_run,,"{""hands"": 128, ""hands_pose"": 261, ""hands_pose_face"": 1666}",0.1368554598884657,9.126441745320335,30.0,,121,4.033333333333333,640,480,h264,0,121,0.0,0.0,0.0,0.0,0.0,0.0,33.0,27.27272727272727,29.0,35.0,28.92561983471074,30.0,32.0,26.446280991735538,"[[0, 29], [56, 1], [85, 2]]",29.0,29.0,0.0,92.0,,0.0,0.0,0.0,0.0,4.0,29.0,5.0,30.0,121.0,0.0,True,0.00762520800344646,9.405560792074539
part_7/bathroom_video_18.mp4,part_7/bathroom_video_18.mp4,bathroom,train,1729a984b4648ac0ab2f.npz,543107,True,both_hands_missing_fraction,,"{""hands"": 128, ""hands_pose"": 261, ""hands_pose_face"": 1666}",0.0823847547871992,6.224519536830485,29.970000000000002,,81,2.7027027027027026,640,480,mpeg4,0,81,1.0,1.2345679012345678,1.0,1.0,1.2345679012345678,1.0,42.0,51.85185185185185,33.0,42.0,51.85185185185185,32.0,41.0,50.617283950617285,"[[0, 9], [49, 32]]",32.0,9.0,32.0,40.0,,0.0,1.0,0.0,1.0,0.0,42.0,0.0,42.0,80.0,1.0,True,0.00590987503528595,6.415431291097775
part_7/behavior_video_3.mp4,part_7/behavior_video_3.mp4,behavior,train,f7a9397d4b041bfce98b.npz,469660,True,both_hands_missing_fraction,,"{""hands"": 128, ""hands_pose"": 261, ""hands_pose_face"": 1666}",0.12921550031751394,5.393544205348007,29.97,,70,2.335669002335669,640,480,mpeg4,0,70,0.0,0.0,0.0,0.0,0.0,0.0,39.0,55.714285714285715,25.0,36.0,51.42857142857142,24.0,29.0,41.42857142857143,"[[0, 24], [65, 5]]",24.0,24.0,5.0,41.0,,0.0,0.0,0.0,0.0,7.0,32.0,7.0,29.0,70.0,0.0,True,0.005607625003904104,5.6270238750148565
part_7/blinds_20241119_180303_25.mp4,part_7/blinds_20241119_180303_25.mp4,blinds,train,84e38cb013dfddbf4825.npz,1110652,True,both_hands_missing_fraction,,"{""hands"": 128, ""hands_pose"": 261, ""hands_pose_face"": 1666}",0.20476154354400933,12.64552195079159,29.96730839084635,,166,5.539369696969697,640,480,h264,0,166,0.0,0.0,0.0,0.0,0.0,0.0,85.0,51.204819277108435,46.0,83.0,50.0,46.0,83.0,50.0,"[[0, 46], [127, 3], [132, 34]]",46.0,46.0,34.0,86.0,,0.0,0.0,0.0,0.0,0.0,85.0,3.0,80.0,166.0,0.0,True,0.010959417093545198,13.043460500077344
part_7/blue_4.mp4,part_7/blue_4.mp4,blue,train,97255d5f044ce58972ec.npz,529753,True,both_hands_missing_fraction,,"{""hands"": 128, ""hands_pose"": 261, ""hands_pose_face"": 1666}",0.08607779117301106,6.0620499609503895,30.0,,79,2.6333333333333333,640,480,h264,0,79,1.0,1.2658227848101267,1.0,1.0,1.2658227848101267,1.0,79.0,100.0,79.0,56.0,70.88607594936708,21.0,56.0,70.88607594936708,"[[0, 21], [22, 6], [30, 1], [32, 2], [37, 2], [52, 1], [54, 7], [63, 16]]",21.0,21.0,16.0,42.0,both_hands_missing_fraction,0.0,1.0,0.0,1.0,0.0,79.0,6.0,50.0,78.0,1.0,True,0.005531208007596433,6.257337624905631
part_7/both.mp4,part_7/both.mp4,both,train,48e9305c4d49371f9bd6.npz,429598,False,,,"{""hands"": 128, ""hands_pose"": 261, ""hands_pose_face"": 1666}",0.05931754084303975,4.8581760379020125,29.97,,64,2.135468802135469,640,480,h264,0,64,0.0,0.0,0.0,0.0,0.0,0.0,2.0,3.125,2.0,1.0,1.5625,1.0,1.0,1.5625,"[[35, 1]]",1.0,0.0,0.0,64.0,,0.0,0.0,0.0,0.0,2.0,0.0,1.0,0.0,64.0,0.0,False,0.0048984159948304296,5.013552792021073
part_7/bother_video_3.mp4,part_7/bother_video_3.mp4,bother,train,ea27708932d74df30b2a.npz,609877,True,both_hands_missing_fraction,,"{""hands"": 128, ""hands_pose"": 261, ""hands_pose_face"": 1666}",0.11944325431250036,6.918473164434545,29.97002997002997,,91,3.036366666666667,512,384,h264,0,91,0.0,0.0,0.0,0.0,0.0,0.0,91.0,100.0,91.0,47.0,51.64835164835166,25.0,47.0,51.64835164835166,"[[0, 22], [66, 25]]",25.0,22.0,25.0,44.0,,0.0,0.0,0.0,0.0,0.0,91.0,0.0,47.0,91.0,0.0,True,0.005964915966615081,7.150858875014819
part_7/bound_video_36.mp4,part_7/bound_video_36.mp4,bound,train,7d8b5f40bb11d6c7777f.npz,342797,False,,,"{""hands"": 128, ""hands_pose"": 261, ""hands_pose_face"": 1666}",0.08818149706348777,4.0252632511546835,29.970000000000002,,51,1.7017017017017015,640,480,mpeg4,0,51,0.0,0.0,0.0,0.0,0.0,0.0,7.0,13.725490196078432,3.0,1.0,1.9607843137254901,1.0,0.0,0.0,[],0.0,0.0,0.0,51.0,,0.0,0.0,0.0,0.0,6.0,1.0,1.0,0.0,51.0,0.0,False,0.004506499972194433,4.2057146249571815
part_7/bow_20241119_172635_67.mp4,part_7/bow_20241119_172635_67.mp4,bow,train,a789e809d1b559cd631a.npz,669970,True,both_hands_missing_fraction,,"{""hands"": 128, ""hands_pose"": 261, ""hands_pose_face"": 1666}",0.13165666442364454,7.837094792164862,30.0,,100,3.3333333333333335,640,480,h264,0,100,0.0,0.0,0.0,0.0,0.0,0.0,97.0,97.0,65.0,98.0,98.0,64.0,95.0,95.0,"[[0, 16], [18, 16], [35, 29], [66, 34]]",34.0,16.0,34.0,50.0,both_hands_missing_fraction,0.0,0.0,0.0,0.0,0.0,97.0,0.0,98.0,100.0,0.0,True,0.007448500022292137,8.100145792006515
part_7/breathe_video_8.mp4,part_7/breathe_video_8.mp4,breathe,train,1cbbb47019b7faf2aa84.npz,616554,False,,,"{""hands"": 128, ""hands_pose"": 261, ""hands_pose_face"": 1666}",0.14247575227636844,7.214457081747241,29.627,,91,3.07152259763054,640,480,h264,0,92,0.0,0.0,0.0,0.0,0.0,0.0,47.0,51.08695652173913,26.0,29.0,31.521739130434785,10.0,23.0,25.0,"[[0, 9], [24, 1], [32, 1], [78, 2], [82, 10]]",10.0,9.0,10.0,73.0,,0.0,0.0,0.0,0.0,2.0,45.0,10.0,19.0,92.0,0.0,False,0.007428000099025667,7.490189500036649
part_7/bridge_20241119_172635_24.mp4,part_7/bridge_20241119_172635_24.mp4,bridge,train,b184748dc5209ee8d3d9.npz,416244,True,both_hands_missing_fraction,,"{""hands"": 128, ""hands_pose"": 261, ""hands_pose_face"": 1666}",0.09190937376115471,5.038302334956825,30.577999999999992,,63,2.0603047942965538,640,480,h264,0,62,0.0,0.0,0.0,0.0,0.0,0.0,33.0,53.2258064516129,24.0,40.0,64.51612903225806,28.0,31.0,50.0,"[[0, 7], [38, 24]]",24.0,7.0,24.0,31.0,,0.0,0.0,0.0,0.0,1.0,32.0,5.0,35.0,62.0,0.0,True,0.006083792075514793,5.246518500032835
part_7/brush_video_4.mp4,part_7/brush_video_4.mp4,brush,train,607dd86aac691827782e.npz,576492,True,both_hands_missing_fraction,,"{""hands"": 128, ""hands_pose"": 261, ""hands_pose_face"": 1666}",0.08313220634590834,6.863154583028518,29.97,,86,2.8695362028695364,640,480,mpeg4,0,86,1.0,1.1627906976744187,1.0,1.0,1.1627906976744187,1.0,86.0,100.0,86.0,41.0,47.674418604651166,24.0,41.0,47.674418604651166,"[[0, 24], [28, 1], [63, 1], [70, 1], [72, 14]]",24.0,24.0,14.0,48.0,,0.0,1.0,0.0,1.0,0.0,86.0,3.0,38.0,85.0,1.0,True,0.007111207931302488,7.062171333003789
part_7/burn_video_1.mp4,part_7/burn_video_1.mp4,burn,train,61a513e4dc1dfacd7d2f.npz,803510,True,both_hands_missing_fraction,,"{""hands"": 128, ""hands_pose"": 261, ""hands_pose_face"": 1666}",0.11677782970946282,8.521778664784506,29.97002997002997,,120,4.0040000000000004,512,384,h264,0,120,0.0,0.0,0.0,0.0,0.0,0.0,49.0,40.833333333333336,25.0,57.0,47.5,25.0,49.0,40.833333333333336,"[[0, 25], [96, 24]]",25.0,25.0,24.0,71.0,,0.0,0.0,0.0,0.0,0.0,49.0,8.0,49.0,120.0,0.0,True,0.006403542007319629,8.7878506249981
part_7/calendar_20241119_172635_22.mp4,part_7/calendar_20241119_172635_22.mp4,calendar,train,811bc4685fbd5e7f6042.npz,523076,True,both_hands_missing_fraction,,"{""hands"": 128, ""hands_pose"": 261, ""hands_pose_face"": 1666}",0.0971946632489562,4.936094924458303,29.996104402025708,,78,2.6003376623376626,640,480,h264,0,78,0.0,0.0,0.0,2.0,2.564102564102564,2.0,45.0,57.692307692307686,40.0,50.0,64.1025641025641,42.0,45.0,57.692307692307686,"[[0, 5], [38, 40]]",40.0,5.0,40.0,33.0,,0.0,0.0,2.0,0.0,0.0,45.0,3.0,47.0,78.0,0.0,True,0.005283792037516832,5.136619917000644
part_7/cancel_20241119_172636.mp4,part_7/cancel_20241119_172636.mp4,cancel,train,e5d6b73ec7aa9b7a6a5e.npz,696678,True,both_hands_missing_fraction,,"{""hands"": 128, ""hands_pose"": 261, ""hands_pose_face"": 1666}",0.07134687923826277,5.425408288137987,23.976,,83,3.4617951284617954,640,480,h264,0,104,0.0,0.0,0.0,0.0,0.0,0.0,71.0,68.26923076923077,39.0,79.0,75.96153846153845,40.0,70.0,67.3076923076923,"[[0, 31], [65, 39]]",39.0,31.0,39.0,34.0,,0.0,0.0,0.0,0.0,0.0,71.0,8.0,71.0,104.0,0.0,True,0.005322083015926182,5.603973292047158
