sample_id,repo_path,word,sha256,dup_group_size,split_group,split_group_size,aug_source,source_proxy,split,decoded_frames,width,height,resolution,benchmark_reason
part_1/001562079489014323-REPLACE.mp4,part_1/001562079489014323-REPLACE.mp4,replace,305bcc2bb45efebe3dd03a20e574617e94f716ea2a2084415e92496b8de62529,1,part_1/001562079489014323-REPLACE.mp4,1,,numericid-WORD,train,35.0,640.0,480.0,640x480,frame_count_quintile_1
part_1/0070019227198838685-MOSQUITO.mp4,part_1/0070019227198838685-MOSQUITO.mp4,mosquito,af60ac0c9ee3406f76999d5e242b81dd0177356884913a5afeb9bccc72b69539,1,part_1/0070019227198838685-MOSQUITO.mp4,1,,numericid-WORD,train,54.0,640.0,480.0,640x480,frame_count_quintile_1
part_1/016320392648127235-AIRPLANE.mp4,part_1/016320392648127235-AIRPLANE.mp4,airplane,8bcf405f66a193e220f175695c0f174a29e0478441b2348a02ed252b2bf45846,1,part_1/016320392648127235-AIRPLANE.mp4,1,,numericid-WORD,train,77.0,640.0,480.0,640x480,frame_count_quintile_3
part_1/01736975825947895-DRIP.mp4,part_1/01736975825947895-DRIP.mp4,drip,50f3d1ddc08dcc0cb0cde4e195b1d62bd3cd73a1c676650812f7e82ea35a5360,1,part_1/01736975825947895-DRIP.mp4,1,,numericid-WORD,train,80.0,640.0,480.0,640x480,frame_count_quintile_3
part_1/02185976473813267-SCHOOL.mp4,part_1/02185976473813267-SCHOOL.mp4,school,bb6b31a497e838f0dc26faf2b0e0e2a3585ce24a27fdad8336a5458fa515f27a,1,part_1/02185976473813267-SCHOOL.mp4,1,,numericid-WORD,train,77.0,640.0,480.0,640x480,frame_count_quintile_3
part_1/026478949400837504-STING.mp4,part_1/026478949400837504-STING.mp4,sting,10ff031cb6a4d5808a130fe72bf2661c89c1d89786659c6334ca1a818a7b1dbe,1,part_1/026478949400837504-STING.mp4,1,,numericid-WORD,train,43.0,640.0,480.0,640x480,frame_count_quintile_1
part_1/02849647094172214-MELT.mp4,part_1/02849647094172214-MELT.mp4,melt,a30152af4a2b87a83349865975bd3e1d6b70e99c2333b8eb7bfeb80e89e7a21a,1,part_1/02849647094172214-MELT.mp4,1,,numericid-WORD,train,144.0,640.0,480.0,640x480,frame_count_quintile_5
part_1/03150905619350208-SELECT.mp4,part_1/03150905619350208-SELECT.mp4,select,19cd9d906dc60c6d6fc80b0983cdbab49af18fda4f2ae9942a411cb3180e8d71,1,part_1/03150905619350208-SELECT.mp4,1,,numericid-WORD,train,58.0,640.0,480.0,640x480,frame_count_quintile_2
part_1/03162833308491719-seedSTRANGLE.mp4,part_1/03162833308491719-seedSTRANGLE.mp4,strangle,5865af21673154cc64de37427d3665f6752395270b0e4fc48d64a8720cffde6a,1,part_1/03162833308491719-seedSTRANGLE.mp4,1,,numericid-WORD,train,103.0,640.0,480.0,640x480,frame_count_quintile_4
part_1/037495253259864025-COMMITTEE.mp4,part_1/037495253259864025-COMMITTEE.mp4,committee,2191605534403229845c1699bd8f0699b18898b578808de464cafd246056701d,1,part_1/037495253259864025-COMMITTEE.mp4,1,,numericid-WORD,train,53.0,640.0,480.0,640x480,frame_count_quintile_1
part_1/0383508135640489-WILL.mp4,part_1/0383508135640489-WILL.mp4,will,4292c40d3bb3952e8b243ba3c8e46696442721bbe10b87aeef70e8d30228f569,1,part_1/0383508135640489-WILL.mp4,1,,numericid-WORD,train,41.0,640.0,480.0,640x480,frame_count_quintile_1
part_1/04690553070267223-DRIBBLE.mp4,part_1/04690553070267223-DRIBBLE.mp4,dribble,414b66dc23a854ceeea04939c97c749510ad63aaa4b8e64b35b2024eda7010e0,1,part_1/04690553070267223-DRIBBLE.mp4,1,,numericid-WORD,train,50.0,640.0,480.0,640x480,frame_count_quintile_1
part_1/05219141482368883-VEST.mp4,part_1/05219141482368883-VEST.mp4,vest,c7d5d44d5e3a69779dd082fa0a11b9407d2e09d7335d2c9a8fe58145e38bfa99,1,part_1/05219141482368883-VEST.mp4,1,,numericid-WORD,train,73.0,640.0,480.0,640x480,frame_count_quintile_3
part_1/05529229163365468-LEATHER.mp4,part_1/05529229163365468-LEATHER.mp4,leather,03e4863529bba063024de7180b91ffda376427506f8572f7f9b47966c6e55617,1,part_1/05529229163365468-LEATHER.mp4,1,,numericid-WORD,train,66.0,640.0,480.0,640x480,frame_count_quintile_2
part_1/057961626489608786-DISNEY.mp4,part_1/057961626489608786-DISNEY.mp4,disney,288a291288674c0f6a4cc9644b8e01720082d1cd9a28316eef247bc772bcee82,1,part_1/057961626489608786-DISNEY.mp4,1,,numericid-WORD,train,35.0,640.0,480.0,640x480,frame_count_quintile_1
part_1/05960401252194858-BRAINSTORM.mp4,part_1/05960401252194858-BRAINSTORM.mp4,brainstorm,759238ef0cf594a98376154a79a0067a974ead7207b572bddf66d2a3481d4a77,1,part_1/05960401252194858-BRAINSTORM.mp4,1,,numericid-WORD,train,55.0,640.0,480.0,640x480,frame_count_quintile_2
part_1/06117592760150714-FACE.mp4,part_1/06117592760150714-FACE.mp4,face,249798cee0a17a2fb9b1aeacad2fb68aeab8cfb0545df66a475e7a04d004ad5e,1,part_1/06117592760150714-FACE.mp4,1,,numericid-WORD,train,37.0,640.0,480.0,640x480,frame_count_quintile_1
part_1/062188296039833-LET ME_SEE.mp4,part_1/062188296039833-LET ME_SEE.mp4,letmesee,98f9730cf7e3eb0a8946980dd6fc6ceac509edc1627fddba1cbbd72c6b56a03c,1,part_1/062188296039833-LET ME_SEE.mp4,1,,numericid-WORD,train,27.0,640.0,480.0,640x480,frame_count_quintile_1
part_1/06250661500867993-AIRPLANE.mp4,part_1/06250661500867993-AIRPLANE.mp4,airplane,cdb4c5078fbccf9b42da6bdb1fb2350b9b8ec6e818c88b33a33dca0a2282f0c7,1,part_1/06250661500867993-AIRPLANE.mp4,1,,numericid-WORD,train,63.0,640.0,480.0,640x480,frame_count_quintile_2
part_1/06667344658822971-DEODORANT.mp4,part_1/06667344658822971-DEODORANT.mp4,deodorant,c9013b32ae262fc8cfb4e0b750a4e3e52987080a71343f3a0a820384c3d9655b,1,part_1/06667344658822971-DEODORANT.mp4,1,,numericid-WORD,train,69.0,640.0,480.0,640x480,frame_count_quintile_3
part_1/06982327750615669-BOARD.mp4,part_1/06982327750615669-BOARD.mp4,board,61a455f294eac6d4a7f21b2ad56784a1888c0cffd9be607c7d311b7b8ca1b086,1,part_1/06982327750615669-BOARD.mp4,1,,numericid-WORD,train,40.0,640.0,480.0,640x480,frame_count_quintile_1
part_1/07055642168322596-SOCIALIZE.mp4,part_1/07055642168322596-SOCIALIZE.mp4,socialize,673a476fb1de7128cebe4c2a86643f745c608257156c32ed474d5c7136a3afb6,1,part_1/07055642168322596-SOCIALIZE.mp4,1,,numericid-WORD,train,102.0,640.0,480.0,640x480,frame_count_quintile_4
part_1/07652904644501302-PONDER.mp4,part_1/07652904644501302-PONDER.mp4,ponder,df876b9c38c4603726cbd661086ce8e5e33024411b7a9e862ce06e3fdc0965a3,1,part_1/07652904644501302-PONDER.mp4,1,,numericid-WORD,train,77.0,640.0,480.0,640x480,frame_count_quintile_3
part_1/07964079458380247-DIRECTOR.mp4,part_1/07964079458380247-DIRECTOR.mp4,director,ccd35452aca8bfd183affd4180040c11a8cba9730eaa28ea90fcaaf72c212564,1,part_1/07964079458380247-DIRECTOR.mp4,1,,numericid-WORD,train,103.0,640.0,480.0,640x480,frame_count_quintile_4
part_1/08167080058381582-DEVOUR.mp4,part_1/08167080058381582-DEVOUR.mp4,devour,eb0d535688bb8c8759723247302fd9ed42da9f3f4ba1e83f1e36bc71de877f81,1,part_1/08167080058381582-DEVOUR.mp4,1,,numericid-WORD,train,67.0,640.0,480.0,640x480,frame_count_quintile_2
part_1/08384216500026387-TOOTHBRUSH.mp4,part_1/08384216500026387-TOOTHBRUSH.mp4,toothbrush,edf662754efa4c5553b95c123a3f4744d4194e25879b8b1bdefa825ea3b94373,1,part_1/08384216500026387-TOOTHBRUSH.mp4,1,,numericid-WORD,train,40.0,640.0,480.0,640x480,frame_count_quintile_1
part_1/08449266343815642-HELL.mp4,part_1/08449266343815642-HELL.mp4,hell,48b29a9d99447a06667fdbe3043822ac3b40073788aa7f2a5a86356aa975c408,1,part_1/08449266343815642-HELL.mp4,1,,numericid-WORD,train,129.0,640.0,480.0,640x480,frame_count_quintile_5
part_1/08673843529675529-WOLF.mp4,part_1/08673843529675529-WOLF.mp4,wolf,630a96f99b505a67a7f526921d250f5ec6c74407017a662b259373f2d4b9c692,1,part_1/08673843529675529-WOLF.mp4,1,,numericid-WORD,train,45.0,640.0,480.0,640x480,frame_count_quintile_1
part_1/08990722330487633-SNOB.mp4,part_1/08990722330487633-SNOB.mp4,snob,113a849ca4efe147e3b513b3c6529ee696b3d93adeec788b6edbd79e50330e05,1,part_1/08990722330487633-SNOB.mp4,1,,numericid-WORD,train,44.0,640.0,480.0,640x480,frame_count_quintile_1
part_1/09070448909781481-LIE.mp4,part_1/09070448909781481-LIE.mp4,lie,f7de23c84d5e7ea8338780ff1fa803b8cccc842ff907dd5c224bead936b6cdf9,1,part_1/09070448909781481-LIE.mp4,1,,numericid-WORD,train,43.0,640.0,480.0,640x480,frame_count_quintile_1
part_1/09372531487486135-ORAL.mp4,part_1/09372531487486135-ORAL.mp4,oral,01358fdf9a066dc84f5b887eb0980b603712bd732baa7189139528938cd01c21,1,part_1/09372531487486135-ORAL.mp4,1,,numericid-WORD,train,73.0,640.0,480.0,640x480,frame_count_quintile_3
part_1/09602770669006189-SIGNATURE.mp4,part_1/09602770669006189-SIGNATURE.mp4,signature,6241a633240edd9e2ca59de32f13a6c1143dff8be841be6761451445efc89349,1,part_1/09602770669006189-SIGNATURE.mp4,1,,numericid-WORD,train,33.0,640.0,480.0,640x480,frame_count_quintile_1
part_1/10227148303927724-CLIMB LADDER.mp4,part_1/10227148303927724-CLIMB LADDER.mp4,climbladder,9b05f5494e66bb0514f2fea28ce14fb31270fbfcc1fc9b220a817e600eb4335b,1,part_1/10227148303927724-CLIMB LADDER.mp4,1,,numericid-WORD,train,63.0,640.0,480.0,640x480,frame_count_quintile_2
part_1/10318499069402809-seedWITH.mp4,part_1/10318499069402809-seedWITH.mp4,with,b758446cf5d061f8d472b97ced8ceec2dd11122c881c883c7ae3d7d974dbd565,1,part_1/10318499069402809-seedWITH.mp4,1,,numericid-WORD,train,112.0,640.0,480.0,640x480,frame_count_quintile_5
part_1/10673600991450427-GET IN_BED.mp4,part_1/10673600991450427-GET IN_BED.mp4,getinbed,89ac7a12d3849479f58ddeb8b8b225b135ad9cc65801ec9afb7512bb6044fa41,1,part_1/10673600991450427-GET IN_BED.mp4,1,,numericid-WORD,train,67.0,640.0,480.0,640x480,frame_count_quintile_2
part_1/1068161656277502-HOLY.mp4,part_1/1068161656277502-HOLY.mp4,holy,d7027d43627026a447c8273f74809a2e05789236f408162030899b14098aeee7,1,part_1/1068161656277502-HOLY.mp4,1,,numericid-WORD,train,158.0,640.0,480.0,640x480,frame_count_quintile_5
part_1/1083098587224911-EACH.mp4,part_1/1083098587224911-EACH.mp4,each,1a74dee3b793d604fb30550a5fa736872064d31de4a72a9630579ecf127355c1,1,part_1/1083098587224911-EACH.mp4,1,,numericid-WORD,train,67.0,640.0,480.0,640x480,frame_count_quintile_2
part_1/11052983155454288-PERCEIVE.mp4,part_1/11052983155454288-PERCEIVE.mp4,perceive,44dde30a5bfe1dc2baec120430b76efe034179d04090ad0a5d735b787d5ac395,1,part_1/11052983155454288-PERCEIVE.mp4,1,,numericid-WORD,train,137.0,640.0,480.0,640x480,frame_count_quintile_5
part_1/11091344459201657-ME.mp4,part_1/11091344459201657-ME.mp4,me,496627f1f3810d19d81b419133557023ca04844cf4f0258c28da985bea64c24f,1,part_1/11091344459201657-ME.mp4,1,,numericid-WORD,train,98.0,640.0,480.0,640x480,frame_count_quintile_4
part_1/11515947422052664-UDDER.mp4,part_1/11515947422052664-UDDER.mp4,udder,7801a203cfd1345ba8c0b85137034c9a09b93861cf45463b7c6aaab30191b083,1,part_1/11515947422052664-UDDER.mp4,1,,numericid-WORD,train,65.0,640.0,480.0,640x480,frame_count_quintile_2
part_1/11783459552698217-EGG BEATER.mp4,part_1/11783459552698217-EGG BEATER.mp4,eggbeater,c6713e957f8a968a8323b48788b02ced75e109d9f0fbda66fb6d1f265bfe1d92,1,part_1/11783459552698217-EGG BEATER.mp4,1,,numericid-WORD,train,137.0,640.0,480.0,640x480,frame_count_quintile_5
part_1/11965070615236195-LIGHTNING.mp4,part_1/11965070615236195-LIGHTNING.mp4,lightning,320328d21f32876bcdfab77a5e5b063999401338e4cc80a814d199df54d1dd14,1,part_1/11965070615236195-LIGHTNING.mp4,1,,numericid-WORD,train,86.0,640.0,480.0,640x480,frame_count_quintile_4
part_1/12124668274226069-PROJECT.mp4,part_1/12124668274226069-PROJECT.mp4,project,b4282645eb0123a9fae103e1b6b5cb260d68ee158bde8f0270945363bee3a573,1,part_1/12124668274226069-PROJECT.mp4,1,,numericid-WORD,train,88.0,640.0,480.0,640x480,frame_count_quintile_4
part_1/12221538032492663-GALLAUDET.mp4,part_1/12221538032492663-GALLAUDET.mp4,gallaudet,97e1bc3ef449f5c6b10f8336afe54c290b4ee6b086ad21da10e79b50aa1adb4e,1,part_1/12221538032492663-GALLAUDET.mp4,1,,numericid-WORD,train,52.0,640.0,480.0,640x480,frame_count_quintile_1
part_1/12845941567802943-PARAGRAPH.mp4,part_1/12845941567802943-PARAGRAPH.mp4,paragraph,134bd64e9a6e98b9b45915b87728021059d01c2979684a12faf2ebd8a9478b3f,1,part_1/12845941567802943-PARAGRAPH.mp4,1,,numericid-WORD,train,55.0,640.0,480.0,640x480,frame_count_quintile_2
part_1/1293300004047313-BECAUSE.mp4,part_1/1293300004047313-BECAUSE.mp4,because,affa1103a0d1deb042b68fcf5426bc6badd8b7156e2b89553aec688ff63303da,1,part_1/1293300004047313-BECAUSE.mp4,1,,numericid-WORD,train,88.0,640.0,480.0,640x480,frame_count_quintile_4
part_1/12967813466333067-DEPRESS.mp4,part_1/12967813466333067-DEPRESS.mp4,depress,4cd93fd56eb1b00595805f6a956b4ad34dc7e1beb199fbf1fd5cc6362125ec51,1,part_1/12967813466333067-DEPRESS.mp4,1,,numericid-WORD,train,166.0,640.0,480.0,640x480,frame_count_quintile_5
part_1/130187777265373-HARD OF_HEARING.mp4,part_1/130187777265373-HARD OF_HEARING.mp4,hardofhearing,b375d86b99de0e3bc57252b8d9f79c98af05f857dcf0d02130f1290776706185,1,part_1/130187777265373-HARD OF_HEARING.mp4,1,,numericid-WORD,train,22.0,640.0,480.0,640x480,short_clip
part_1/13099227098135868-MARIONETTE.mp4,part_1/13099227098135868-MARIONETTE.mp4,marionette,6c621151d1233a1d21233453f8c5920e2eb0926bed7b618c0fe194226b4fe2ca,1,part_1/13099227098135868-MARIONETTE.mp4,1,,numericid-WORD,train,55.0,640.0,480.0,640x480,frame_count_quintile_2
part_1/13406592096695746-FREE.mp4,part_1/13406592096695746-FREE.mp4,free,0220e85164a492de54c18e74314e884c654b3130f7cfa7027b2e611e1c05437e,1,part_1/13406592096695746-FREE.mp4,1,,numericid-WORD,train,63.0,640.0,480.0,640x480,frame_count_quintile_2
part_1/13697993160966937-LIPSTICK.mp4,part_1/13697993160966937-LIPSTICK.mp4,lipstick,db3a0db6c5787b7afcd4683f55c8e6b511fe7fc135edf0afb81273841d02c3dd,1,part_1/13697993160966937-LIPSTICK.mp4,1,,numericid-WORD,train,85.0,640.0,480.0,640x480,frame_count_quintile_4
part_1/13739657899319724-CLIMB LADDER.mp4,part_1/13739657899319724-CLIMB LADDER.mp4,climbladder,c735081ae0f27c38b1571456b7799ff651d0b41497028d8607df0e578b79b9ed,1,part_1/13739657899319724-CLIMB LADDER.mp4,1,,numericid-WORD,train,288.0,640.0,480.0,640x480,frame_count_quintile_5
part_1/14615094008591-SUN.mp4,part_1/14615094008591-SUN.mp4,sun,2b9d78b1e527d0c9d6301e36c0181b20aa4987e469a0575ffcbf737a8983bc90,1,part_1/14615094008591-SUN.mp4,1,,numericid-WORD,train,85.0,640.0,480.0,640x480,frame_count_quintile_4
part_1/15631750362649433-AT.mp4,part_1/15631750362649433-AT.mp4,at,3313e6911e6e55c9cb52036cad1f5515bcc9bfb4b7783103f8cd9a80e6c8d2e1,1,part_1/15631750362649433-AT.mp4,1,,numericid-WORD,train,92.0,640.0,480.0,640x480,frame_count_quintile_4
part_1/1583359273533682-HOOD.mp4,part_1/1583359273533682-HOOD.mp4,hood,e88aee7d773651ccc65e49f0c0a177327ac135a97ee79a544d240b41266bae99,1,part_1/1583359273533682-HOOD.mp4,1,,numericid-WORD,train,73.0,640.0,480.0,640x480,frame_count_quintile_3
part_1/1590837677039214-BIRTH.mp4,part_1/1590837677039214-BIRTH.mp4,birth,a567a901f1d543a6df76cea97bd7f6d481cfd04940b73828c77f9cc80e0547ac,1,part_1/1590837677039214-BIRTH.mp4,1,,numericid-WORD,train,92.0,640.0,480.0,640x480,frame_count_quintile_4
part_1/1649337242624458-CAPE.mp4,part_1/1649337242624458-CAPE.mp4,cape,6aaa726e56148d2d19f6c21289151429b3e5e9b4e8e2be3e5874f5a91a2ede93,1,part_1/1649337242624458-CAPE.mp4,1,,numericid-WORD,train,39.0,640.0,480.0,640x480,frame_count_quintile_1
part_1/17168186292515686-NEVER.mp4,part_1/17168186292515686-NEVER.mp4,never,b6a89f342fa5e2d7f213620155dac4d056f02d954fa7adecf57ee842ba74a192,1,part_1/17168186292515686-NEVER.mp4,1,,numericid-WORD,train,53.0,640.0,480.0,640x480,frame_count_quintile_1
part_1/1728288380590255-ZOO.mp4,part_1/1728288380590255-ZOO.mp4,zoo,e90dfe72f0a69169b0bdb05e3f54b64e07ff358c6d8f080b58d1a33fca96ac53,1,part_1/1728288380590255-ZOO.mp4,1,,numericid-WORD,train,169.0,640.0,480.0,640x480,frame_count_quintile_5
part_1/17466826956034764-SPONTANEOUS.mp4,part_1/17466826956034764-SPONTANEOUS.mp4,spontaneous,a5fa3b6eb9b80604f7958bcbd09c8f693c7a5da7d8f06af384a5884c6acf7f9d,1,part_1/17466826956034764-SPONTANEOUS.mp4,1,,numericid-WORD,train,91.0,640.0,480.0,640x480,frame_count_quintile_4
part_1/17984011488050022-MORE.mp4,part_1/17984011488050022-MORE.mp4,more,4aef4924e15ba8c54d4d51762e6fbef442d9465f66ce61722de7c3396f3fa497,1,part_1/17984011488050022-MORE.mp4,1,,numericid-WORD,train,59.0,640.0,480.0,640x480,frame_count_quintile_2
part_10/phone_video_10.mp4,part_10/phone_video_10.mp4,phone,e4db9c56e117a8f002cf5f1ef2ed5d0bfb8cb607c087161bbf54bd8df9288848,4,part_10/phone_video_10.mp4,4,,word_video_n,train,,,,,duplicate_group
part_10/pitcher_video_6.mp4,part_10/pitcher_video_6.mp4,pitcher,0faec9b9838d7d8e1abfa8dd08389fce084b528c0a04a6b518cf993240794bd8,1,part_10/pitcher_video_6.mp4,1,,word_video_n,train,111.0,640.0,480.0,640x480,frame_count_quintile_5
part_10/place_video_23.mp4,part_10/place_video_23.mp4,place,c8abfcbb53f7ed820cf78fa39126ee7a2f6c5374cfbaa87cccffc6d49f0a10f7,2,part_10/place_video_23.mp4,2,,word_video_n,train,27.0,640.0,480.0,640x480,short_clip
part_10/play_video_25.mp4,part_10/play_video_25.mp4,play,553a8dbe71f368662e80695249e76b6aa30df0cc4fa786bd92a4508bf6da72bc,2,part_10/play_video_25.mp4,2,,word_video_n,train,105.0,512.0,384.0,512x384,non_default_resolution
part_10/point_1.mp4,part_10/point_1.mp4,point,d0b6871f9851f85bbf4a5b16068e9471a993b6a4dd2426d478f90b276edc6aaf,1,part_10/point_1.mp4,1,,word_n,train,68.0,640.0,480.0,640x480,frame_count_quintile_2
part_10/poor_video_10.mp4,part_10/poor_video_10.mp4,poor,9e536c7ca4f72ab872f3eda743d28249fedc7b3457d751b26e6a6069945b9ab0,1,part_10/poor_video_10.mp4,1,,word_video_n,train,178.0,640.0,480.0,640x480,frame_count_quintile_5
part_10/pour_20241119_172651_20.mp4,part_10/pour_20241119_172651_20.mp4,pour,4b1a17ce134c1d1c92c03f5db5ef7973ed8be5cb0cdd31ffab006b4e150e2694,1,part_10/pour_20241119_172651_20.mp4,1,,word_timestamp_n,train,100.0,640.0,480.0,640x480,frame_count_quintile_4
part_10/pour_20241119_172651_44.mp4,part_10/pour_20241119_172651_44.mp4,pour,bd774c6e9c6bc07cfe22f6561f467fb7a70b330b781af44894597aa656db89cf,1,part_10/pour_20241119_172651_44.mp4,1,,word_timestamp_n,train,51.0,640.0,480.0,640x480,frame_count_quintile_1
part_10/price_6.mp4,part_10/price_6.mp4,price,7477895963a080797060df451193bc7fa3d314225ec00161c4b4363d1ada4413,1,part_10/price_6.mp4,1,,word_n,train,76.0,640.0,480.0,640x480,frame_count_quintile_3
part_10/psychology_video_0.mp4,part_10/psychology_video_0.mp4,psychology,ebf705a65744616840dd50b10dcaa553b5c97843538201e3f23cdda9cfee0d9a,1,part_10/psychology_video_0.mp4,1,,word_video_n,train,97.0,640.0,480.0,640x480,frame_count_quintile_4
part_10/quite_a_little_video_35.mp4,part_10/quite_a_little_video_35.mp4,quite a little,cfe692131fcfdd8d0f1c49955ab5f1184055e395b4e19544e11820f3f463f7a8,20,part_10/peck_video_35.mp4,20,,word_video_n,train,,,,,duplicate_group
part_10/quite_a_little_video_36.mp4,part_10/quite_a_little_video_36.mp4,quite a little,b5a4dd5c04131b8b8a57d377495b214083c3f927195a367336a66813665c56ac,20,part_10/peck_video_36.mp4,20,,word_video_n,train,,,,,duplicate_group
part_10/quite_a_little_video_42.mp4,part_10/quite_a_little_video_42.mp4,quite a little,f150cd3867f5d9a683c428f8abf347f6958c3310efe38a3c91c25272227a54c3,20,part_10/peck_video_42.mp4,20,,word_video_n,train,,,,,duplicate_group
part_10/r_video_2_r_aug_7.mp4,part_10/r_video_2_r_aug_7.mp4,r,39da6466a1e23081cd06017f86c6c09628a85aec3b1a66dc93b9c4c36538fc53,1,part_10/r_video_2.mp4,3,r_video_2.mp4,word_n,train,,,,,augmented
part_10/razor_20241119_172651_14.mp4,part_10/razor_20241119_172651_14.mp4,razor,e5815863339891325643944f35bef8fe22a7c4c8f3e50a52ed791fe8927a1d18,1,part_10/razor_20241119_172651_14.mp4,1,,word_timestamp_n,train,36.0,640.0,480.0,640x480,frame_count_quintile_1
part_10/relief_video_0.mp4,part_10/relief_video_0.mp4,relief,606871cbc8615b579a44e7895edaeadd190ac090d92786b9275c8200db5b91d6,3,part_10/relief_video_0.mp4,3,,word_video_n,train,,,,,duplicate_group
part_10/resist_video_0.mp4,part_10/resist_video_0.mp4,resist,e1c4f7882b60ad7d54d8239a6cc3171cfea3bb142bd4aa3637c0edcf05e1570f,2,part_10/refuse_video_15.mp4,2,,word_video_n,train,121.0,512.0,384.0,512x384,non_default_resolution
part_10/restaurant_7.mp4,part_10/restaurant_7.mp4,restaurant,9bbf7d08af7e644bbd519dd88810a649f68bcc4dc68696fcedf8124ed0acc204,1,part_10/restaurant_7.mp4,1,,word_n,train,53.0,640.0,480.0,640x480,frame_count_quintile_1
part_10/ruin_video_2.mp4,part_10/ruin_video_2.mp4,ruin,a0c3e1e5592364865bab941a194df189ab98b57a0ad835ff418d20bd25072a9e,1,part_10/ruin_video_2.mp4,1,,word_video_n,train,24.0,640.0,480.0,640x480,short_clip
part_10/s_4_s_aug_16.mp4,part_10/s_4_s_aug_16.mp4,s,6ac799c56b9f1b8fc0ab2f68f60d7df27b6814526579a315e9aae9d55fa8b189,1,part_10/s_4.mp4,5,s_4.mp4,word_n,train,,,,,augmented
part_10/s_4_s_aug_20.mp4,part_10/s_4_s_aug_20.mp4,s,cfb95266020360426f290e14b51ca262d4c45381446f1652b9b844c561c2743f,1,part_10/s_4.mp4,5,s_4.mp4,word_n,train,30.0,288.0,192.0,288x192,frame_count_quintile_1
part_10/score_video_7.mp4,part_10/score_video_7.mp4,score,4f4615ec52e6557961c198f43987e5ffd3cc6336138727a7ec7b7496643010ba,1,part_10/score_video_7.mp4,1,,word_video_n,train,96.0,640.0,480.0,640x480,frame_count_quintile_4
part_10/screwdriver_20241119_172653_5.mp4,part_10/screwdriver_20241119_172653_5.mp4,screwdriver,4404ab347472ed3b6cd040bfbaa50ae440336e7e977b91cb74dcc9760b2fd3c0,1,part_10/screwdriver_20241119_172653_5.mp4,1,,word_timestamp_n,train,49.0,640.0,480.0,640x480,frame_count_quintile_1
part_10/set_video_58.mp4,part_10/set_video_58.mp4,set,a9e3750e9ec73aef9da9d5fe94186022506b6947cc13c34871115904b45347f4,4,part_10/ready_video_6.mp4,4,,word_video_n,train,30.0,640.0,480.0,640x480,frame_count_quintile_1
part_10/shake_20241119_172653_45.mp4,part_10/shake_20241119_172653_45.mp4,shake,3e7a24ab0aef212a456e396e5213730fc3f75255e839ae1ab34d7c5402c128c7,1,part_10/shake_20241119_172653_45.mp4,1,,word_timestamp_n,train,108.0,640.0,480.0,640x480,frame_count_quintile_5
part_10/share_video_5.mp4,part_10/share_video_5.mp4,share,3ecd6059c53217198f60951b960cb8c6c30178b1785b408e1765a6fa40c4213d,1,part_10/share_video_5.mp4,1,,word_video_n,train,94.0,640.0,480.0,640x480,frame_count_quintile_4
part_10/shop_20241119_172653_53.mp4,part_10/shop_20241119_172653_53.mp4,shop,d4ae3f405488941fe4854b1313071c7fb70e270c4ca21d512b8cde62877108cc,1,part_10/shop_20241119_172653_53.mp4,1,,word_timestamp_n,train,99.0,640.0,480.0,640x480,frame_count_quintile_4
part_10/shop_20241119_172653_63.mp4,part_10/shop_20241119_172653_63.mp4,shop,c81777c673f2e1b966360ae93fbd68894e7c5143d99366b9180784e49db344d7,1,part_10/shop_20241119_172653_63.mp4,1,,word_timestamp_n,train,141.0,640.0,480.0,640x480,frame_count_quintile_5
part_10/shout_20241119_172654_10.mp4,part_10/shout_20241119_172654_10.mp4,shout,775bc8da1b8ce4f8fda8ee5291b541d57d20c175fc498b46e81fd5249064187a,3,part_10/shout_20241119_172654_10.mp4,3,,word_timestamp_n,train,,,,,duplicate_group
part_10/shower_9.mp4,part_10/shower_9.mp4,shower,c1b33ad47719eccaeac6d10cb95ef78b32c7aab619b1ee99419cb09b2521b120,1,part_10/shower_9.mp4,1,,word_n,train,86.0,640.0,480.0,640x480,frame_count_quintile_4
part_10/siren_video_2.mp4,part_10/siren_video_2.mp4,siren,60c56e097a780884d49da516d4389e8260fb377e81abe3d5474ca10044522e5b,1,part_10/siren_video_2.mp4,1,,word_video_n,train,585.0,640.0,480.0,640x480,frame_count_quintile_5
part_10/slew_video_18.mp4,part_10/slew_video_18.mp4,slew,e41d21851c81161d522eb337839b5d4c048ba55260a32c6fd963bce09b4129fa,19,part_10/peck_video_18.mp4,19,,word_video_n,train,60.0,640.0,480.0,640x480,frame_count_quintile_2
part_10/smile_20241119_172654_6.mp4,part_10/smile_20241119_172654_6.mp4,smile,6e4725a53447a195adb2f8aa2b285ed66873b535d4e08fa8bf08d1875895ee63,2,part_10/smile_20241119_172654_4.mp4,2,,word_timestamp_n,train,,,,,duplicate_group
part_10/smoking_0.mp4,part_10/smoking_0.mp4,smoking,8a33a2744d601f93f833b4a5601424dce23f141435551cb1b73c4af4fa6a1fb1,1,part_10/smoking_0.mp4,1,,word_n,train,59.0,640.0,480.0,640x480,frame_count_quintile_2
part_10/sneeze_20241119_172654_49.mp4,part_10/sneeze_20241119_172654_49.mp4,sneeze,baf8b32814dbfbcf3e8601d4845822537fdf4407301dc3dabf5e80ecf12066ea,1,part_10/sneeze_20241119_172654_49.mp4,1,,word_timestamp_n,train,50.0,640.0,480.0,640x480,frame_count_quintile_1
part_10/snow_20241119_172654_48.mp4,part_10/snow_20241119_172654_48.mp4,snow,9778b281ecb4b357d849bbe51454066ee6ea574037cf84c525ed2a16ef229990,1,part_10/snow_20241119_172654_48.mp4,1,,word_timestamp_n,train,97.0,640.0,480.0,640x480,frame_count_quintile_4
part_10/soap_20241119_172654_32.mp4,part_10/soap_20241119_172654_32.mp4,soap,d24882f7cbc63df2ae48db6261d1a4ccb50207a9a1b42deb1bbe4bb7c555a556,1,part_10/soap_20241119_172654_32.mp4,1,,word_timestamp_n,train,44.0,640.0,480.0,640x480,frame_count_quintile_1
part_10/something_6.mp4,part_10/something_6.mp4,something,7ff0139c7d416bd76e3af5408684d8c9edb7fa33e82184efb63d5b973897e27d,1,part_10/something_6.mp4,1,,word_n,train,88.0,640.0,480.0,640x480,frame_count_quintile_4
part_10/son_video_5.mp4,part_10/son_video_5.mp4,son,fc434655d8887de660f3a1af9d89b4e9d9c4111ca6811583081ce7c7e2d81a78,2,part_10/son_video_5.mp4,2,,word_video_n,train,,,,,duplicate_group
part_10/spate_video_11.mp4,part_10/spate_video_11.mp4,spate,44de8a9a35233c43710da2579cdfde40fcaa790aadf9f058581a4296550d6bc4,20,part_10/peck_video_11.mp4,20,,word_video_n,train,32.0,640.0,480.0,640x480,frame_count_quintile_1
part_10/square_video_7.mp4,part_10/square_video_7.mp4,square,db4cfae2bb8627b162d006cc6a9cf02f9b86952686c0c5818e89a42032a59b9b,1,part_10/square_video_7.mp4,1,,word_video_n,train,105.0,640.0,480.0,640x480,frame_count_quintile_4
part_11/story_20241119_172655_31.mp4,part_11/story_20241119_172655_31.mp4,story,716f6d41fc52770a57a2c02d9e094e1a83c11a89d70c1b07a6f1c6a00d968028,1,part_11/story_20241119_172655_31.mp4,1,,word_timestamp_n,train,52.0,640.0,480.0,640x480,frame_count_quintile_1
part_11/strawberry_20241119_172655_113.mp4,part_11/strawberry_20241119_172655_113.mp4,strawberry,862cc62d1bf5728040d338c49e5388a477035d0400d30f50e173054d73e7e614,1,part_11/strawberry_20241119_172655_113.mp4,1,,word_timestamp_n,train,61.0,640.0,480.0,640x480,frame_count_quintile_2
part_11/stupid_20241119_172655_5.mp4,part_11/stupid_20241119_172655_5.mp4,stupid,268c3a35f6c4e91f4ec9b52bbdc67e143273f921908499ccb598e5258ccb5d65,1,part_11/stupid_20241119_172655_5.mp4,1,,word_timestamp_n,train,214.0,640.0,480.0,640x480,frame_count_quintile_5
part_11/support_20241119_172655_89.mp4,part_11/support_20241119_172655_89.mp4,support,dc710b58ca90de9c6569e7bee3f1d92f9d8df9015ccdedfaf3797e95b396ff11,1,part_11/support_20241119_172655_89.mp4,1,,word_timestamp_n,train,59.0,640.0,480.0,640x480,frame_count_quintile_2
part_11/sweetheart_5.mp4,part_11/sweetheart_5.mp4,sweetheart,fb0be04c1f3f37c23bc2727007f27062068ef9f2dc97ef7d86b188c9b7496e0f,1,part_11/sweetheart_5.mp4,1,,word_n,train,68.0,640.0,480.0,640x480,frame_count_quintile_2
part_11/swing_20241119_172656_3.mp4,part_11/swing_20241119_172656_3.mp4,swing,aa452e7a4dc694f537ad0ca6da82aa8687e321a1b7af6387c81ab0983f95a3a5,1,part_11/swing_20241119_172656_3.mp4,1,,word_timestamp_n,train,118.0,640.0,480.0,640x480,frame_count_quintile_5
part_11/talk_20241119_172656_39.mp4,part_11/talk_20241119_172656_39.mp4,talk,36c6faa1a57df2e59fc84f18a3142bf3a88df74f8b87e57f0379de1bfec4281d,1,part_11/talk_20241119_172656_39.mp4,1,,word_timestamp_n,train,68.0,640.0,480.0,640x480,frame_count_quintile_2
part_11/tearrip_20241119_195755_34.mp4,part_11/tearrip_20241119_195755_34.mp4,tearrip,29e08c9f8c4be27625eee5ad893c4a1a61fd40d42f962b8c56aec4a29e37f27a,1,part_11/tearrip_20241119_195755_34.mp4,1,,word_timestamp_n,train,119.0,640.0,480.0,640x480,frame_count_quintile_5
part_11/test_1.mp4,part_11/test_1.mp4,test,bc6313624f71095755a1830955e07f6f3d3cdd1a32514b503decb6a52b1411bb,1,part_11/test_1.mp4,1,,word_n,train,81.0,640.0,480.0,640x480,frame_count_quintile_3
part_11/tie_20241119_172656_20.mp4,part_11/tie_20241119_172656_20.mp4,tie,458d400ed24d32d14fa0c0ecfb6028eb8bbc5fc25a55594421c8f657b55258c9,2,part_11/tie_20241119_172656_14.mp4,2,,word_timestamp_n,train,52.0,640.0,480.0,640x480,frame_count_quintile_1
part_11/topic_video_1.mp4,part_11/topic_video_1.mp4,topic,e38d51c34e03588fd140d92fb99b92c02af0f34a670e6f458e7e89a0012998d9,1,part_11/topic_video_1.mp4,1,,word_video_n,train,88.0,640.0,480.0,640x480,frame_count_quintile_4
part_11/toss_video_9.mp4,part_11/toss_video_9.mp4,toss,cdbdf669cf452b51196e06fe79f9f87e7fa5adc95687e62b5729bd4bda72d328,1,part_11/toss_video_9.mp4,1,,word_video_n,train,35.0,640.0,480.0,640x480,frame_count_quintile_1
part_11/tow_20241119_172658_64.mp4,part_11/tow_20241119_172658_64.mp4,tow,f48579f24a2d8fef834462c6b5af24474ff7c3fc0ddeb74f32f98259891a2f85,1,part_11/tow_20241119_172658_64.mp4,1,,word_timestamp_n,train,61.0,640.0,480.0,640x480,frame_count_quintile_2
part_11/trim_back_video_7.mp4,part_11/trim_back_video_7.mp4,trim back,e06f8dc83a39d27119e67c1a2da6cd93bb0125351322a312b7aebc0f12f930ed,8,part_10/reduce_video_7.mp4,8,,word_video_n,train,81.0,640.0,480.0,640x480,frame_count_quintile_3
part_11/trim_down_video_17.mp4,part_11/trim_down_video_17.mp4,trim down,db9a0ba94cd33450ddc06a9fed953f48fe00ae99799e9175c3f7b322e0d5a992,8,part_10/reduce_video_17.mp4,8,,word_video_n,train,,,,,duplicate_group
part_11/trim_down_video_19.mp4,part_11/trim_down_video_19.mp4,trim down,7a385d6831e151b4e2b242ba9bdba85aaee9e7c1fdb9bb49d57498b0280ed67c,7,part_11/trim_20241119_172656_19.mp4,7,,word_video_n,train,97.0,640.0,480.0,640x480,frame_count_quintile_4
part_11/triple_video_0.mp4,part_11/triple_video_0.mp4,triple,e40cb4b8725e0c1b0cc57ae7bc81ee50415db87cb1bc15a5f0d942f412066fb3,1,part_11/triple_video_0.mp4,1,,word_video_n,train,95.0,640.0,480.0,640x480,frame_count_quintile_4
part_11/truck_20241119_172657_23.mp4,part_11/truck_20241119_172657_23.mp4,truck,56a95ceeb008aff8932b72987bba63f2ed4e3a5cfcd0a99ee7e8ea537bb80218,1,part_11/truck_20241119_172657_23.mp4,1,,word_timestamp_n,train,66.0,640.0,480.0,640x480,frame_count_quintile_2
part_11/turkey_20241119_172657_26.mp4,part_11/turkey_20241119_172657_26.mp4,turkey,8b37392e7370ed4d5530ba8fc03b83538804f4adc648084ddcfb786af2c8d365,1,part_11/turkey_20241119_172657_26.mp4,1,,word_timestamp_n,train,81.0,640.0,480.0,640x480,frame_count_quintile_3
part_11/turn_video_17.mp4,part_11/turn_video_17.mp4,turn,16c671c7c3da6ac283844fecccfb59bf9d5f0ee636bcbe3b638bd5d4d74b618f,1,part_11/turn_video_17.mp4,1,,word_video_n,train,77.0,640.0,480.0,640x480,frame_count_quintile_3
part_11/universe_video_6.mp4,part_11/universe_video_6.mp4,universe,163730399bb9e8956351ba5c4810c988104295bf0bf8b39a32e76bbac0937140,2,part_11/universe_video_6.mp4,2,,word_video_n,train,,,,,duplicate_group
part_11/verb_3.mp4,part_11/verb_3.mp4,verb,3f5e3ac7be9d606dccd1484ef2caf65996474f6625152bb26dc2f4db8c6e3f35,1,part_11/verb_3.mp4,1,,word_n,train,103.0,640.0,480.0,640x480,frame_count_quintile_4
part_11/videocamera_20241119_195755_53.mp4,part_11/videocamera_20241119_195755_53.mp4,videocamera,5bf548b49832298d7bc3af8ae0e363863a4da3b1032d25f13db1eea4441b74c8,1,part_11/videocamera_20241119_195755_53.mp4,1,,word_timestamp_n,train,53.0,640.0,480.0,640x480,frame_count_quintile_1
part_11/virtually_video_33.mp4,part_11/virtually_video_33.mp4,virtually,d0bdacdf7ba28c1661e7fd4e3ccf4871989c3f022c532b8086744aff45bd8f30,8,part_11/virtually_video_33.mp4,8,,word_video_n,train,61.0,640.0,480.0,640x480,frame_count_quintile_2
part_11/volleyball_12.mp4,part_11/volleyball_12.mp4,volleyball,a82e8102d9832ec14086df7dbffbc5a178d78a97a3866ae874eefc59c916528c,1,part_11/volleyball_12.mp4,1,,word_n,train,37.0,288.0,192.0,288x192,non_default_resolution
part_11/wad_video_14.mp4,part_11/wad_video_14.mp4,wad,f846f3ee74db6593b3e5052a0e9e93d151ac03eb1b6538aa7fb56845d1dd5589,19,part_10/peck_video_14.mp4,19,,word_video_n,train,,,,,duplicate_group
part_11/wade_20241119_172657_17.mp4,part_11/wade_20241119_172657_17.mp4,wade,62fd77ea1567516a9d27e1ce5e1e344e08c0c903c564b3d7d09649354c373a99,1,part_11/wade_20241119_172657_17.mp4,1,,word_timestamp_n,train,77.0,640.0,480.0,640x480,frame_count_quintile_3
part_11/wash_20241119_172657_43.mp4,part_11/wash_20241119_172657_43.mp4,wash,654beebfec180d8a75a6bc06e2dbadb88a8d8f830b7cb8742208ea6dcf0989c4,1,part_11/wash_20241119_172657_43.mp4,1,,word_timestamp_n,train,47.0,640.0,480.0,640x480,frame_count_quintile_1
part_11/whole_video_0.mp4,part_11/whole_video_0.mp4,whole,d8896c5155b0fa9b3c80abe9a6dc7cb333cfd00efe6ef56900a0981ea0817397,1,part_11/whole_video_0.mp4,1,,word_video_n,train,76.0,640.0,480.0,640x480,frame_count_quintile_3
part_11/woman_20241119_172658_17.mp4,part_11/woman_20241119_172658_17.mp4,woman,5c7662e0866d320b4f484927b72f77a9f9d2e500feb768e9d135c18a7a18a986,1,part_11/woman_20241119_172658_17.mp4,1,,word_timestamp_n,train,49.0,640.0,480.0,640x480,frame_count_quintile_1
part_2/1921109044689493-CHIN 2.mp4,part_2/1921109044689493-CHIN 2.mp4,chin,bc06c94a66d26dea465390ce30ba6253caa532228c481d74559dcbe65800a813,1,part_2/1921109044689493-CHIN 2.mp4,1,,numericid-WORD,train,67.0,640.0,480.0,640x480,frame_count_quintile_2
part_2/19310281578453936-FLOOR.mp4,part_2/19310281578453936-FLOOR.mp4,floor,f32a7f1eaa87cb86997e14a7e6914009280fbafbff5f5c7f423854345632cc47,1,part_2/19310281578453936-FLOOR.mp4,1,,numericid-WORD,train,58.0,640.0,480.0,640x480,frame_count_quintile_2
part_2/19504771270327392-DOWNHILL.mp4,part_2/19504771270327392-DOWNHILL.mp4,downhill,bd0616c447a7dcd070ad35531c171a63eb829a9d970ed4595efde9d23fd3fb90,1,part_2/19504771270327392-DOWNHILL.mp4,1,,numericid-WORD,train,87.0,640.0,480.0,640x480,frame_count_quintile_4
part_2/19545712784088498-BOYFRIEND.mp4,part_2/19545712784088498-BOYFRIEND.mp4,boyfriend,566bc38680a10b3ee192e29084f16938a5e7231f6a09e3a68374ea0e005e9d21,1,part_2/19545712784088498-BOYFRIEND.mp4,1,,numericid-WORD,train,51.0,640.0,480.0,640x480,frame_count_quintile_1
part_2/19555143420060128-DESERT.mp4,part_2/19555143420060128-DESERT.mp4,desert,e0b92cbbc0fee6fd2e0e006fc18b14e7ed1b6698df2cf1ce2f6f7a32387b68b2,1,part_2/19555143420060128-DESERT.mp4,1,,numericid-WORD,train,67.0,640.0,480.0,640x480,frame_count_quintile_2
part_2/19894739757704438-LONG LINE.mp4,part_2/19894739757704438-LONG LINE.mp4,longline,8b21ce1733a32271306546f5f29f6ce33ab31ef2aa8f3ac38ef21a4757b1aeeb,1,part_2/19894739757704438-LONG LINE.mp4,1,,numericid-WORD,train,178.0,640.0,480.0,640x480,frame_count_quintile_5
part_2/20185673274367666-BOWL.mp4,part_2/20185673274367666-BOWL.mp4,bowl,afde8f2f5b18503d2efb8c81f4f3b045f0d0619e991b2faad307ac6d10e95757,1,part_2/20185673274367666-BOWL.mp4,1,,numericid-WORD,train,95.0,640.0,480.0,640x480,frame_count_quintile_4
part_2/2111386793579384-BUSY.mp4,part_2/2111386793579384-BUSY.mp4,busy,18985a3d324aff15f7cf0e15156a0e1895055bb7affc10f29a10544fa86dc441,1,part_2/2111386793579384-BUSY.mp4,1,,numericid-WORD,train,95.0,640.0,480.0,640x480,frame_count_quintile_4
part_2/2166706317765814-seedTHIRSTY.mp4,part_2/2166706317765814-seedTHIRSTY.mp4,thirsty,bc7d8dca86457974f9cc76ff9063854492e5ecf609b82834ca873b19188de3c5,1,part_2/2166706317765814-seedTHIRSTY.mp4,1,,numericid-WORD,train,124.0,640.0,480.0,640x480,frame_count_quintile_5
part_2/22131493772876776-GRENADE.mp4,part_2/22131493772876776-GRENADE.mp4,grenade,e1f6a4b082090c410f3c150ee11f976f938651b1cd4c79b16bace808fee03fa7,1,part_2/22131493772876776-GRENADE.mp4,1,,numericid-WORD,train,77.0,640.0,480.0,640x480,frame_count_quintile_3
part_2/22674341962713362-SCULPT.mp4,part_2/22674341962713362-SCULPT.mp4,sculpt,cb2e76ebfce75c358d86afc94fe347ebd648b80abd13f578dcfffc58efc5ab6a,1,part_2/22674341962713362-SCULPT.mp4,1,,numericid-WORD,train,175.0,640.0,480.0,640x480,frame_count_quintile_5
part_2/22807837821841792-MICROPHONE.mp4,part_2/22807837821841792-MICROPHONE.mp4,microphone,ae8fce5dc95cb67edb8a1f5fb094b466ebbaaa5dee395badb084b8273a8bb819,1,part_2/22807837821841792-MICROPHONE.mp4,1,,numericid-WORD,train,51.0,640.0,480.0,640x480,frame_count_quintile_1
part_2/22869752585996928-SPOT SOMETHING.mp4,part_2/22869752585996928-SPOT SOMETHING.mp4,spotsomething,35cc0cb62fc4f55cf5a4f67083b45fca5cfc8b0bddba76cf438a032d5b2c9909,1,part_2/22869752585996928-SPOT SOMETHING.mp4,1,,numericid-WORD,train,56.0,640.0,480.0,640x480,frame_count_quintile_2
part_2/23200756464812655-POTATO.mp4,part_2/23200756464812655-POTATO.mp4,potato,ccd1b0b0b07cfd65fb7f1ac15337e93a359a10c12070bbf87fbcafa9b7b93d89,1,part_2/23200756464812655-POTATO.mp4,1,,numericid-WORD,train,107.0,640.0,480.0,640x480,frame_count_quintile_5
part_2/2323645828053269-POSITIVE.mp4,part_2/2323645828053269-POSITIVE.mp4,positive,e75025eacf7e98c7b24c1f489140986dd7404007417231dc97f86cb757b96d44,1,part_2/2323645828053269-POSITIVE.mp4,1,,numericid-WORD,train,72.0,640.0,480.0,640x480,frame_count_quintile_3
part_2/2343216679570781-NORMAL.mp4,part_2/2343216679570781-NORMAL.mp4,normal,47736689f05ccf267135545e9c544047697793dfabc6ea1aaa6dd4ef0a3accf6,1,part_2/2343216679570781-NORMAL.mp4,1,,numericid-WORD,train,64.0,640.0,480.0,640x480,frame_count_quintile_2
part_2/2364210157511506-BUTTERFLY.mp4,part_2/2364210157511506-BUTTERFLY.mp4,butterfly,31a3571f0db497c82b6773548b89e89be56c45e2e9b88a149f5a91b0f3c2efec,1,part_2/2364210157511506-BUTTERFLY.mp4,1,,numericid-WORD,train,62.0,640.0,480.0,640x480,frame_count_quintile_2
part_2/25212848794367093-SECRETARY.mp4,part_2/25212848794367093-SECRETARY.mp4,secretary,48198cf516bd8ff51950271645f29f117ced02e62cc601207b59b63eebf8c4d0,1,part_2/25212848794367093-SECRETARY.mp4,1,,numericid-WORD,train,73.0,640.0,480.0,640x480,frame_count_quintile_3
part_2/25547357047109687-GIRL.mp4,part_2/25547357047109687-GIRL.mp4,girl,6a2ed17eb6581825aba49e1738936f6a120e3b034f4cea625ab0df4571b8a7ac,1,part_2/25547357047109687-GIRL.mp4,1,,numericid-WORD,train,65.0,640.0,480.0,640x480,frame_count_quintile_2
part_2/25893101303507393-RESIGN.mp4,part_2/25893101303507393-RESIGN.mp4,resign,5a518a86ce5c967035258a652c078ac43f8cb426e9646a0c4a0024f43a4b66cc,1,part_2/25893101303507393-RESIGN.mp4,1,,numericid-WORD,train,66.0,640.0,480.0,640x480,frame_count_quintile_2
part_2/26520120613127607-seedTHREE.mp4,part_2/26520120613127607-seedTHREE.mp4,three,5c0380792393c260e97d64893c0cf0a38d9ddccd9e9e4d035caf6621260801a8,1,part_2/26520120613127607-seedTHREE.mp4,1,,numericid-WORD,train,143.0,640.0,480.0,640x480,frame_count_quintile_5
part_2/2656237341874321-MAKE.mp4,part_2/2656237341874321-MAKE.mp4,make,8662d7f5bbe58e2a98b9f607de2063c7cb91bd51bfe29d080662d87fa97914fb,1,part_2/2656237341874321-MAKE.mp4,1,,numericid-WORD,train,80.0,640.0,480.0,640x480,frame_count_quintile_3
part_2/27060204573109714-MIRROR.mp4,part_2/27060204573109714-MIRROR.mp4,mirror,6ea251a9f9138f5ba87e49b03a2fb7cacc9039ab117aeea076fb19ae8bbd5983,1,part_2/27060204573109714-MIRROR.mp4,1,,numericid-WORD,train,84.0,640.0,480.0,640x480,frame_count_quintile_4
part_2/2722148210073596-UNDER.mp4,part_2/2722148210073596-UNDER.mp4,under,8203684488cb645bf0e0eb62309720c85d1415f3724262d8ae49cc17394f42c6,1,part_2/2722148210073596-UNDER.mp4,1,,numericid-WORD,train,115.0,640.0,480.0,640x480,frame_count_quintile_5
part_2/2769869558821827-GOOSEBUMPS.mp4,part_2/2769869558821827-GOOSEBUMPS.mp4,goosebumps,b599692f6cef2c0757b75cf896e823a2f447cdd6b9d16677b352b28d447c57ee,1,part_2/2769869558821827-GOOSEBUMPS.mp4,1,,numericid-WORD,train,97.0,640.0,480.0,640x480,frame_count_quintile_4
part_2/28911738205017423-CANCELLATION.mp4,part_2/28911738205017423-CANCELLATION.mp4,cancellation,0fa58472551b2d62a574900b13474f72f264cf48c176f69f603262c0a8a4bb39,1,part_2/28911738205017423-CANCELLATION.mp4,1,,numericid-WORD,train,73.0,640.0,480.0,640x480,frame_count_quintile_3
part_2/2898932154319185-PAPERCUTTER.mp4,part_2/2898932154319185-PAPERCUTTER.mp4,papercutter,f4fcddcf03e25d95a7599efca40cde52b66f6bca911aaf493984fb9eb02d2602,1,part_2/2898932154319185-PAPERCUTTER.mp4,1,,numericid-WORD,train,105.0,640.0,480.0,640x480,frame_count_quintile_4
part_2/290923566270898-WINDOW.mp4,part_2/290923566270898-WINDOW.mp4,window,c6768941e4c845a81bb25f88cd8fa9a69fe9689d2fa1ddccdcecc4bd20af90bf,1,part_2/290923566270898-WINDOW.mp4,1,,numericid-WORD,train,43.0,640.0,480.0,640x480,frame_count_quintile_1
part_2/2943130704557879-SIX.mp4,part_2/2943130704557879-SIX.mp4,six,bc047fd6a2f758af235792a2bccc1eb2dfeae10d5665bcc99294d75b8e554886,1,part_2/2943130704557879-SIX.mp4,1,,numericid-WORD,train,60.0,640.0,480.0,640x480,frame_count_quintile_2
part_2/295061685532646-CLAUSE.mp4,part_2/295061685532646-CLAUSE.mp4,clause,26477343cf3b0d0f8a668b7f31597e9f8d0bddb235d59176e5cdf91b6c48c335,1,part_2/295061685532646-CLAUSE.mp4,1,,numericid-WORD,train,70.0,640.0,480.0,640x480,frame_count_quintile_3
part_2/3033680920399553-ASIA.mp4,part_2/3033680920399553-ASIA.mp4,asia,e2ffd1526c5d8d7a5451417f311fbf660da67163ba1f15e493d627750282c4f3,1,part_2/3033680920399553-ASIA.mp4,1,,numericid-WORD,train,44.0,640.0,480.0,640x480,frame_count_quintile_1
part_2/31836165575164843-BELL.mp4,part_2/31836165575164843-BELL.mp4,bell,e9f2408293ab411d46ebb2d72791f95f9a9dfb874daaaa11b0af5f42687b91dd,1,part_2/31836165575164843-BELL.mp4,1,,numericid-WORD,train,98.0,640.0,480.0,640x480,frame_count_quintile_4
part_2/3186754883180434-LIVING ROOM.mp4,part_2/3186754883180434-LIVING ROOM.mp4,livingroom,3c39a2bf976a2b12c00718b7b5185d314b1a7c0332c279d9d61ab35510de8a46,1,part_2/3186754883180434-LIVING ROOM.mp4,1,,numericid-WORD,train,191.0,640.0,480.0,640x480,frame_count_quintile_5
part_2/31925311439909554-WEIGHT.mp4,part_2/31925311439909554-WEIGHT.mp4,weight,806b928466b1243725a9e561f92c4132a578116f958748dcb7109b51680a5d55,1,part_2/31925311439909554-WEIGHT.mp4,1,,numericid-WORD,train,144.0,640.0,480.0,640x480,frame_count_quintile_5
part_2/32842858684612586-BISON.mp4,part_2/32842858684612586-BISON.mp4,bison,a807393b18478e6ce1fa5ae21d51b55a8947727a69aca3441fe685469ebf24bf,1,part_2/32842858684612586-BISON.mp4,1,,numericid-WORD,train,252.0,640.0,480.0,640x480,frame_count_quintile_5
part_2/3312588734862034-PILE.mp4,part_2/3312588734862034-PILE.mp4,pile,0f092ec9e372b59f0af4b9c6d7a72ce1dc60c3ec3ccb23cbe6397dd45204ec5b,1,part_2/3312588734862034-PILE.mp4,1,,numericid-WORD,train,44.0,640.0,480.0,640x480,frame_count_quintile_1
part_2/3330328541611316-RADIO.mp4,part_2/3330328541611316-RADIO.mp4,radio,902bd0ad1f732f38002f0751c31aa42a03dcbebe9f774ee0f608e240cf269e09,1,part_2/3330328541611316-RADIO.mp4,1,,numericid-WORD,train,54.0,640.0,480.0,640x480,frame_count_quintile_1
part_2/3361903255004919-RUSH.mp4,part_2/3361903255004919-RUSH.mp4,rush,a557e6ae1a2c5e38d511fe3af9912dacf0006d0a913256288f531758a553b102,1,part_2/3361903255004919-RUSH.mp4,1,,numericid-WORD,train,63.0,640.0,480.0,640x480,frame_count_quintile_2
part_2/3520246184230904-JUGGLE.mp4,part_2/3520246184230904-JUGGLE.mp4,juggle,dd90266e7e1264b11a6dea0ab11fda56fe47cacacffb8b9085e91eac134cef0e,1,part_2/3520246184230904-JUGGLE.mp4,1,,numericid-WORD,train,104.0,640.0,480.0,640x480,frame_count_quintile_4
part_2/35346895720914806-MAYBE.mp4,part_2/35346895720914806-MAYBE.mp4,maybe,a673fc53d5898a14a094aea9ea8243e5c5ff5ac1240c95fa7d94662cd2c63e0f,1,part_2/35346895720914806-MAYBE.mp4,1,,numericid-WORD,train,157.0,640.0,480.0,640x480,frame_count_quintile_5
part_2/35359931273860434-ARIZONA.mp4,part_2/35359931273860434-ARIZONA.mp4,arizona,5845e351c80c2f634d49627d7e7df1b59a81bd5a194a3f041cca67dc6d698acc,1,part_2/35359931273860434-ARIZONA.mp4,1,,numericid-WORD,train,24.0,640.0,480.0,640x480,short_clip
part_2/3583049668962337-TASTE.mp4,part_2/3583049668962337-TASTE.mp4,taste,8ed0f81fd7aa2aaf4091e48e08056d6918dab6629897db7cacb5866c7d299b91,1,part_2/3583049668962337-TASTE.mp4,1,,numericid-WORD,train,40.0,640.0,480.0,640x480,frame_count_quintile_1
part_3/35969967298763006-FREEDOM.mp4,part_3/35969967298763006-FREEDOM.mp4,freedom,32a17f8279d55af71736ebf44126cd270efd5ea4108a738c4420df2cd1ba83a6,1,part_3/35969967298763006-FREEDOM.mp4,1,,numericid-WORD,train,58.0,640.0,480.0,640x480,frame_count_quintile_2
part_3/36480330348902146-CROCODILE.mp4,part_3/36480330348902146-CROCODILE.mp4,crocodile,c7ba61bd4200b27523353f4f8cb6fa18c95c926457dde92f09e20727b2b1b38e,1,part_3/36480330348902146-CROCODILE.mp4,1,,numericid-WORD,train,66.0,640.0,480.0,640x480,frame_count_quintile_2
part_3/368376359924691-REVENGE.mp4,part_3/368376359924691-REVENGE.mp4,revenge,45a6970625170d6acf7e95c88e82b65ff350393d2f93b5eba0f5a70d96bd4454,1,part_3/368376359924691-REVENGE.mp4,1,,numericid-WORD,train,84.0,640.0,480.0,640x480,frame_count_quintile_4
part_3/36949718497211914-PREACHER.mp4,part_3/36949718497211914-PREACHER.mp4,preacher,0b05fed3cdbaee6aab4f66f59a40dbf90d43de6550cc65a6ef9163b8ab210d54,1,part_3/36949718497211914-PREACHER.mp4,1,,numericid-WORD,train,78.0,640.0,480.0,640x480,frame_count_quintile_3
part_3/38173408331335357-WRITE ON_WALL.mp4,part_3/38173408331335357-WRITE ON_WALL.mp4,writeonwall,6ea2a5a4ef89637a27fe3b5dab23d47f48f3a3c720ade26f02aabde67fe56d6c,1,part_3/38173408331335357-WRITE ON_WALL.mp4,1,,numericid-WORD,train,64.0,640.0,480.0,640x480,frame_count_quintile_2
part_3/3828391878319799-SUSHI.mp4,part_3/3828391878319799-SUSHI.mp4,sushi,dcd30940acbf92164b0a7b02b65820b17122a97079f6cc55e11b5bfbd5368ee2,1,part_3/3828391878319799-SUSHI.mp4,1,,numericid-WORD,train,50.0,640.0,480.0,640x480,frame_count_quintile_1
part_3/38374953389283006-WINK.mp4,part_3/38374953389283006-WINK.mp4,wink,8b305c79de50a9a9a7f9bdce44af6f7cabc1b78a171c13e770753bf8b30fe641,1,part_3/38374953389283006-WINK.mp4,1,,numericid-WORD,train,108.0,640.0,480.0,640x480,frame_count_quintile_5
part_3/3973381149037627-DIE.mp4,part_3/3973381149037627-DIE.mp4,die,5f65b1d299d9a8d8e248a42104582bbec88937ccd9b1eceb2ee1b1e1dc9dcce1,1,part_3/3973381149037627-DIE.mp4,1,,numericid-WORD,train,90.0,640.0,480.0,640x480,frame_count_quintile_4
part_3/4055061458158007-RUDE.mp4,part_3/4055061458158007-RUDE.mp4,rude,b1cb8392fea9db06219fc80f0de0a69bcd1f5d676b72ddeca92a778def557e1c,1,part_3/4055061458158007-RUDE.mp4,1,,numericid-WORD,train,80.0,640.0,480.0,640x480,frame_count_quintile_3
part_3/40599977168714196-MUSTACHE.mp4,part_3/40599977168714196-MUSTACHE.mp4,mustache,66773a4c7e72ea3b962cc7f691fc1890b9b6909830de4c8af1d4ce3ad6a27675,1,part_3/40599977168714196-MUSTACHE.mp4,1,,numericid-WORD,train,60.0,640.0,480.0,640x480,frame_count_quintile_2
part_3/408010215031793-VOICE.mp4,part_3/408010215031793-VOICE.mp4,voice,7bd2a32b5fdb8470b8b695e6fe7f93cc0e4c8bf04be042ac6fff00033c249a5e,1,part_3/408010215031793-VOICE.mp4,1,,numericid-WORD,train,52.0,640.0,480.0,640x480,frame_count_quintile_1
part_3/4101890148556435-PLATFORM.mp4,part_3/4101890148556435-PLATFORM.mp4,platform,c87ed883e3d25f22836ba2d8c323176cf6faabd97340c383176030a0d559f211,1,part_3/4101890148556435-PLATFORM.mp4,1,,numericid-WORD,train,71.0,640.0,480.0,640x480,frame_count_quintile_3
part_3/4117070918339236-NONE.mp4,part_3/4117070918339236-NONE.mp4,none,9eaa602a5544d6f2dba29af801d2df5da500b5ddced4e10ddd2220029faaf85b,1,part_3/4117070918339236-NONE.mp4,1,,numericid-WORD,train,74.0,640.0,480.0,640x480,frame_count_quintile_3
part_3/41939881353624053-RACE.mp4,part_3/41939881353624053-RACE.mp4,race,52bddfe765dabbdf202d6f23f779b08a4888474a3760609a86e3e5619d19b3bb,1,part_3/41939881353624053-RACE.mp4,1,,numericid-WORD,train,73.0,640.0,480.0,640x480,frame_count_quintile_3
part_3/4200856674768396-SEVERAL.mp4,part_3/4200856674768396-SEVERAL.mp4,several,8e1af7da41b1e871004c8b73e8bf7e930c878bf65152eca80aa3d72acccdb3c0,1,part_3/4200856674768396-SEVERAL.mp4,1,,numericid-WORD,train,63.0,640.0,480.0,640x480,frame_count_quintile_2
part_3/4272254527792845-PERSISTENT.mp4,part_3/4272254527792845-PERSISTENT.mp4,persistent,1048ce270ae541a841cc96c6e2f360ae0c668741c25d192eff6bcb1d62fd0f75,1,part_3/4272254527792845-PERSISTENT.mp4,1,,numericid-WORD,train,73.0,640.0,480.0,640x480,frame_count_quintile_3
part_3/4285498435513857-OFF THE_POINT.mp4,part_3/4285498435513857-OFF THE_POINT.mp4,offthepoint,6057681e1c815fcb69876cc9fc2b277d8f25de513c0f41c843f55b7f48bbbbd6,1,part_3/4285498435513857-OFF THE_POINT.mp4,1,,numericid-WORD,train,59.0,640.0,480.0,640x480,frame_count_quintile_2
part_3/4342737241901915-SEE.mp4,part_3/4342737241901915-SEE.mp4,see,46d9ae12e622ad52fe0fdf6b1bcbab333acfc703180a0eb4e1b4de90f3e4ba2d,1,part_3/4342737241901915-SEE.mp4,1,,numericid-WORD,train,78.0,640.0,480.0,640x480,frame_count_quintile_3
part_3/4427416254508614-EMAIL.mp4,part_3/4427416254508614-EMAIL.mp4,email,98f18aa69ad6106ff31cebca71e92f71f18a44cf31180ace5f10d92c364836a9,1,part_3/4427416254508614-EMAIL.mp4,1,,numericid-WORD,train,72.0,640.0,480.0,640x480,frame_count_quintile_3
part_3/44398695037707947-ROOM.mp4,part_3/44398695037707947-ROOM.mp4,room,0326dad4439410e358633292cf5c8433c363b720078ef9fb92915d447981ef8b,1,part_3/44398695037707947-ROOM.mp4,1,,numericid-WORD,train,89.0,640.0,480.0,640x480,frame_count_quintile_4
part_3/45512324653855574-CHOPSTICKS.mp4,part_3/45512324653855574-CHOPSTICKS.mp4,chopsticks,c5827556ad7520aa41b018a10c1abc4aa18b88ed461e1456fa19871f5f5c3114,1,part_3/45512324653855574-CHOPSTICKS.mp4,1,,numericid-WORD,train,54.0,640.0,480.0,640x480,frame_count_quintile_1
part_3/457097411184441-SALT SHAKER.mp4,part_3/457097411184441-SALT SHAKER.mp4,saltshaker,28558fbe1c0a4edad68297c1925d354eebe6266392e6306467a20b6522c0d6b1,1,part_3/457097411184441-SALT SHAKER.mp4,1,,numericid-WORD,train,114.0,640.0,480.0,640x480,frame_count_quintile_5
part_3/45757520326719336-WEIGHT.mp4,part_3/45757520326719336-WEIGHT.mp4,weight,3e79f65d9e19a865d51160f7bd5dd1742c1e181070ed624d1d4072b85768a4c0,1,part_3/45757520326719336-WEIGHT.mp4,1,,numericid-WORD,train,58.0,640.0,480.0,640x480,frame_count_quintile_2
part_3/47158446719889446-EGO.mp4,part_3/47158446719889446-EGO.mp4,ego,ad407dd67f9cc723747215730ba07f62f1727e7fc089d855733f5eb9eeac6c19,1,part_3/47158446719889446-EGO.mp4,1,,numericid-WORD,train,78.0,640.0,480.0,640x480,frame_count_quintile_3
part_3/4756491102518132-PICNIC.mp4,part_3/4756491102518132-PICNIC.mp4,picnic,389c18be1a31dd5e6098e60d2108d0d8999227d9f7c89847a7da48457626ccc9,1,part_3/4756491102518132-PICNIC.mp4,1,,numericid-WORD,train,105.0,640.0,480.0,640x480,frame_count_quintile_4
part_3/48313464915789317-BRAG.mp4,part_3/48313464915789317-BRAG.mp4,brag,c873ca7a82bec74b5c6ae4bf954faae934bfbae4aa33105377bae02ca658f4fb,1,part_3/48313464915789317-BRAG.mp4,1,,numericid-WORD,train,107.0,640.0,480.0,640x480,frame_count_quintile_5
part_3/4838074686766505-SCHOOL.mp4,part_3/4838074686766505-SCHOOL.mp4,school,23213b04bc235252c4e0547f3d97f12d9fd23de5d5d87321de29ec97bfe8d801,1,part_3/4838074686766505-SCHOOL.mp4,1,,numericid-WORD,train,96.0,640.0,480.0,640x480,frame_count_quintile_4
part_3/48726938722294433-SWALLOW.mp4,part_3/48726938722294433-SWALLOW.mp4,swallow,d35bc4fbf4c7fc2130f90bc574435a4d2616409a5f2fbb23482d3d96dbed05bf,1,part_3/48726938722294433-SWALLOW.mp4,1,,numericid-WORD,train,65.0,640.0,480.0,640x480,frame_count_quintile_2
part_3/4894632992540995-GET IN_BED.mp4,part_3/4894632992540995-GET IN_BED.mp4,getinbed,d5e7c1e05c70c0bd370693fef59ec4afa59134222d3c52c8844be16de57936cc,1,part_3/4894632992540995-GET IN_BED.mp4,1,,numericid-WORD,train,85.0,640.0,480.0,640x480,frame_count_quintile_4
part_3/4951174780421559-DEATH.mp4,part_3/4951174780421559-DEATH.mp4,death,56ae9c4e4fda72884358324683682a794a2b6dcaca603cc6194fa8cde6ce1d6a,1,part_3/4951174780421559-DEATH.mp4,1,,numericid-WORD,train,79.0,640.0,480.0,640x480,frame_count_quintile_3
part_3/4958072496453685-REDUCE.mp4,part_3/4958072496453685-REDUCE.mp4,reduce,3628ae34e7e22f2d91608708473506da1994a6da060c7c9a6b109b1e0997a269,1,part_3/4958072496453685-REDUCE.mp4,1,,numericid-WORD,train,68.0,640.0,480.0,640x480,frame_count_quintile_2
part_3/4993283542043576-ZIPPER.mp4,part_3/4993283542043576-ZIPPER.mp4,zipper,8b6e9c81512ada745c1b253bac9e75760d1004eaf2e8582bb799d9dd6bdd9ed0,1,part_3/4993283542043576-ZIPPER.mp4,1,,numericid-WORD,train,55.0,640.0,480.0,640x480,frame_count_quintile_2
part_3/501034080069992-SAILBOAT.mp4,part_3/501034080069992-SAILBOAT.mp4,sailboat,873c55cbfac2cfd6bf6c9f5962f9889dc6c5ab5818591c88c49b9c9bb6057aad,1,part_3/501034080069992-SAILBOAT.mp4,1,,numericid-WORD,train,87.0,640.0,480.0,640x480,frame_count_quintile_4
part_3/5091278642970272-HEADPHONES.mp4,part_3/5091278642970272-HEADPHONES.mp4,headphones,f9d5154f3a3317b8a2e84ac529699470fc838bf896403a8c3e2fa42ace5a216f,1,part_3/5091278642970272-HEADPHONES.mp4,1,,numericid-WORD,train,54.0,640.0,480.0,640x480,frame_count_quintile_1
part_3/5099794103667052-SUMMER.mp4,part_3/5099794103667052-SUMMER.mp4,summer,9296bcd8f2a08934be451c45d0790812d9089023aa8b1ee89e0863e3bd360fbc,1,part_3/5099794103667052-SUMMER.mp4,1,,numericid-WORD,train,83.0,640.0,480.0,640x480,frame_count_quintile_3
part_3/5136087734043544-MEMBER.mp4,part_3/5136087734043544-MEMBER.mp4,member,99267c98389795043887baedf6aa07fe158ad42b9454aef896ba54bec23fbfc6,1,part_3/5136087734043544-MEMBER.mp4,1,,numericid-WORD,train,152.0,640.0,480.0,640x480,frame_count_quintile_5
part_3/5178948812994735-LOUD.mp4,part_3/5178948812994735-LOUD.mp4,loud,92967dc925690bee802b2bbc8117105aec6462e71ce196c3e566085886cbe612,1,part_3/5178948812994735-LOUD.mp4,1,,numericid-WORD,train,108.0,640.0,480.0,640x480,frame_count_quintile_5
part_3/5236730717037961-MASCARA.mp4,part_3/5236730717037961-MASCARA.mp4,mascara,139e93c5b20cbe24ce914b881aae8782cc718e58b784c64c5372acda18cea5ac,1,part_3/5236730717037961-MASCARA.mp4,1,,numericid-WORD,train,59.0,640.0,480.0,640x480,frame_count_quintile_2
part_3/5240642662751536-PERSPECTIVE.mp4,part_3/5240642662751536-PERSPECTIVE.mp4,perspective,2b0f3b3fc2e7171ce8c39903e094bb46eaaddb9c6186ab7f7903d54721e4c12b,1,part_3/5240642662751536-PERSPECTIVE.mp4,1,,numericid-WORD,train,85.0,640.0,480.0,640x480,frame_count_quintile_4
part_3/5284442635198221-seedCRASH.mp4,part_3/5284442635198221-seedCRASH.mp4,crash,83d3543bed0812ca8d4be78f32cd565df4db0ccebed0d0be6dce194c3832fcab,1,part_3/5284442635198221-seedCRASH.mp4,1,,numericid-WORD,train,134.0,640.0,480.0,640x480,frame_count_quintile_5
part_3/5320352660994052-ATLANTA.mp4,part_3/5320352660994052-ATLANTA.mp4,atlanta,aa4e4f54ab1aa71a5a3d21e3f4bf581c049376aba3e875ba21afba61f224e6c4,1,part_3/5320352660994052-ATLANTA.mp4,1,,numericid-WORD,train,197.0,640.0,480.0,640x480,frame_count_quintile_5
part_3/5322960163151325-ELEGANCE.mp4,part_3/5322960163151325-ELEGANCE.mp4,elegance,b869bac6bf85ea667bb18c586b50624ff8257f37bcf320562e739a83fb590af9,1,part_3/5322960163151325-ELEGANCE.mp4,1,,numericid-WORD,train,124.0,640.0,480.0,640x480,frame_count_quintile_5
part_3/5361592700937574-SUSPEND.mp4,part_3/5361592700937574-SUSPEND.mp4,suspend,64f4eb401dd3a06d5260d9b728fdaf4637c21ce2fb9a111067f0068acd4238a4,1,part_3/5361592700937574-SUSPEND.mp4,1,,numericid-WORD,train,74.0,640.0,480.0,640x480,frame_count_quintile_3
part_3/5377518041774723-CONSUME.mp4,part_3/5377518041774723-CONSUME.mp4,consume,f2529be0cf9413dc1517622826d82264f00a499a0689c8be1405e4537bd51fc1,1,part_3/5377518041774723-CONSUME.mp4,1,,numericid-WORD,train,78.0,640.0,480.0,640x480,frame_count_quintile_3
part_4/5397567469672582-OWE.mp4,part_4/5397567469672582-OWE.mp4,owe,82085a2597e6582ccc674c429e3a78900f574d368da6e91cb5ffedb908b13e11,1,part_4/5397567469672582-OWE.mp4,1,,numericid-WORD,train,55.0,640.0,480.0,640x480,frame_count_quintile_2
part_4/5481447158893427-ABSOLUTELY NOTHING.mp4,part_4/5481447158893427-ABSOLUTELY NOTHING.mp4,absolutelynothing,95925904f32351ca20d569ae1c7490d14e3e09d414303832e47764a014fff146,1,part_4/5481447158893427-ABSOLUTELY NOTHING.mp4,1,,numericid-WORD,train,72.0,640.0,480.0,640x480,frame_count_quintile_3
part_4/5510822299428495-OSTRICH.mp4,part_4/5510822299428495-OSTRICH.mp4,ostrich,15a1575b21e23770531cb41956a0c30ad94b2648f02b0a39deb3d7b0afdb1f21,1,part_4/5510822299428495-OSTRICH.mp4,1,,numericid-WORD,train,86.0,640.0,480.0,640x480,frame_count_quintile_4
part_4/5527432382922375-ENEMY.mp4,part_4/5527432382922375-ENEMY.mp4,enemy,82253d1db10f8db600e88f59633715f2733091f846a574068c4970976ec5b137,1,part_4/5527432382922375-ENEMY.mp4,1,,numericid-WORD,train,31.0,640.0,480.0,640x480,frame_count_quintile_1
part_4/559768801316793-PRECIOUS.mp4,part_4/559768801316793-PRECIOUS.mp4,precious,72444aeb5407d738d74a0c40ef8bd30ac925243dd67cbe7fbe4cfbc82471f4bd,1,part_4/559768801316793-PRECIOUS.mp4,1,,numericid-WORD,train,33.0,640.0,480.0,640x480,frame_count_quintile_1
part_4/5628093426848517-SUMMON.mp4,part_4/5628093426848517-SUMMON.mp4,summon,e226d72d1bc064256e00a6c5aa777cc06f8e28a343ecb1797b1dce2ab117b4de,1,part_4/5628093426848517-SUMMON.mp4,1,,numericid-WORD,train,82.0,640.0,480.0,640x480,frame_count_quintile_3
part_4/5654201049709489-CROCODILE.mp4,part_4/5654201049709489-CROCODILE.mp4,crocodile,3891637c0f81cb20c1b0b1d324b319118f5376e34cb91ae0104f7ac2d724f515,1,part_4/5654201049709489-CROCODILE.mp4,1,,numericid-WORD,train,95.0,640.0,480.0,640x480,frame_count_quintile_4
part_4/5665441262141131-NET.mp4,part_4/5665441262141131-NET.mp4,net,b03972ba2a09023d757944701ecdf6f07df51c9bbda6809509b09c1651082d74,1,part_4/5665441262141131-NET.mp4,1,,numericid-WORD,train,59.0,640.0,480.0,640x480,frame_count_quintile_2
part_4/5688725140267121-STEAK.mp4,part_4/5688725140267121-STEAK.mp4,steak,1389e341442c4f1ce1d0809b9f16c1666fa47514fa65bcc3b72426f1d5626dd1,1,part_4/5688725140267121-STEAK.mp4,1,,numericid-WORD,train,73.0,640.0,480.0,640x480,frame_count_quintile_3
part_4/5708154987302507-MASSAGE.mp4,part_4/5708154987302507-MASSAGE.mp4,massage,f34dd315cffa829f50f594a177ef96b061fb58ef650e27c388b11ce1c25c05fb,1,part_4/5708154987302507-MASSAGE.mp4,1,,numericid-WORD,train,162.0,640.0,480.0,640x480,frame_count_quintile_5
part_4/5708598578821673-CONTINUE.mp4,part_4/5708598578821673-CONTINUE.mp4,continue,6031e7ef59e7ed516caebc38c42983cc2c1f0522a742f1ecaa1bfe88132fa730,1,part_4/5708598578821673-CONTINUE.mp4,1,,numericid-WORD,train,88.0,640.0,480.0,640x480,frame_count_quintile_4
part_4/5719477017744072-SSHH.mp4,part_4/5719477017744072-SSHH.mp4,sshh,2c95cbf9a2fc73b601ef258f9ff44f7e349b2c02750367d42b1846ac0cbb7b5e,1,part_4/5719477017744072-SSHH.mp4,1,,numericid-WORD,train,19.0,640.0,480.0,640x480,short_clip
part_4/575097801448069-SPIT OUT.mp4,part_4/575097801448069-SPIT OUT.mp4,spitout,9f10ee922cf583f6306d38d8e0ae33afb1bbf769dee1d4e56d02db9b06cf0d22,1,part_4/575097801448069-SPIT OUT.mp4,1,,numericid-WORD,train,48.0,640.0,480.0,640x480,frame_count_quintile_1
part_4/5757520428166414-TABLE.mp4,part_4/5757520428166414-TABLE.mp4,table,a4c4149fd3c758805bf99f9e1f1004fd1b3d10b47042879f2625b92245d1815a,1,part_4/5757520428166414-TABLE.mp4,1,,numericid-WORD,train,103.0,640.0,480.0,640x480,frame_count_quintile_4
part_4/5774167915990722-CONFIDENT.mp4,part_4/5774167915990722-CONFIDENT.mp4,confident,1e134ec96658ab7d3c4841812899241eddc364a047235647f29362b53038822e,1,part_4/5774167915990722-CONFIDENT.mp4,1,,numericid-WORD,train,61.0,640.0,480.0,640x480,frame_count_quintile_2
part_4/5874422860461079-MAINSTREAM.mp4,part_4/5874422860461079-MAINSTREAM.mp4,mainstream,bbe1e6876d2f0d8ea82fb4e00e640a1eee09113dac48a11fa913132c82201bb4,1,part_4/5874422860461079-MAINSTREAM.mp4,1,,numericid-WORD,train,86.0,640.0,480.0,640x480,frame_count_quintile_4
part_4/6066172643835521-VITAMINS.mp4,part_4/6066172643835521-VITAMINS.mp4,vitamins,7407fc4a75b533a2f856c5d1e462880b7e42dff1286530f508bc4a241c208e13,1,part_4/6066172643835521-VITAMINS.mp4,1,,numericid-WORD,train,108.0,640.0,480.0,640x480,frame_count_quintile_5
part_4/606708459571577-ENEMY.mp4,part_4/606708459571577-ENEMY.mp4,enemy,697c328b4ade9cbf5f226c013dff27480d37532dac927e581d9efd4dbcf04b3a,1,part_4/606708459571577-ENEMY.mp4,1,,numericid-WORD,train,158.0,640.0,480.0,640x480,frame_count_quintile_5
part_4/6120598533455035-TOP.mp4,part_4/6120598533455035-TOP.mp4,top,f68c66c3e6611c996d1ca2ccf44dbab1534b58d4eb6007bc3d8928a2973f1898,1,part_4/6120598533455035-TOP.mp4,1,,numericid-WORD,train,123.0,640.0,480.0,640x480,frame_count_quintile_5
part_4/6190592230678937-BASIC.mp4,part_4/6190592230678937-BASIC.mp4,basic,838c1827dbb8bb1a6b0ad5c9511bcd7d4a9544df79ce0eb4c95567c4f9f0e130,1,part_4/6190592230678937-BASIC.mp4,1,,numericid-WORD,train,54.0,640.0,480.0,640x480,frame_count_quintile_1
part_4/6199416921256531-PROMOTE.mp4,part_4/6199416921256531-PROMOTE.mp4,promote,ab4ee7bcf3d9bc2e285e07c07285790d3085d2394600c78396eb56802e776f30,1,part_4/6199416921256531-PROMOTE.mp4,1,,numericid-WORD,train,61.0,640.0,480.0,640x480,frame_count_quintile_2
part_4/6280050722469468-JEWELRY.mp4,part_4/6280050722469468-JEWELRY.mp4,jewelry,f6a935d51d4c87ea0292829f4e48c3690d0f1d741a7eaeeec14de83577eff010,1,part_4/6280050722469468-JEWELRY.mp4,1,,numericid-WORD,train,106.0,640.0,480.0,640x480,frame_count_quintile_5
part_4/63226247444836-BRIGHT.mp4,part_4/63226247444836-BRIGHT.mp4,bright,2637033ee2cbb6c51b59287a7874dbc19af7d2972222db95974bb2ab6c71517f,1,part_4/63226247444836-BRIGHT.mp4,1,,numericid-WORD,train,85.0,640.0,480.0,640x480,frame_count_quintile_4
part_4/6330199362456541-EVENT.mp4,part_4/6330199362456541-EVENT.mp4,event,45104bc6295693fab5bd7080f22a33c6cd36be928fe8c64343ac3e9e8c10ba22,1,part_4/6330199362456541-EVENT.mp4,1,,numericid-WORD,train,76.0,640.0,480.0,640x480,frame_count_quintile_3
part_4/637166540888664-AGENCY.mp4,part_4/637166540888664-AGENCY.mp4,agency,41bb19d424fccae6e3d2ade63e8843f56411b7428e597b1524d78d31faf429eb,1,part_4/637166540888664-AGENCY.mp4,1,,numericid-WORD,train,72.0,640.0,480.0,640x480,frame_count_quintile_3
part_4/6385604913876339-EXPLODE.mp4,part_4/6385604913876339-EXPLODE.mp4,explode,3dd6b46d87144d26f601065461dee8f8cdcae83a52ef634d34211a9f185ce150,1,part_4/6385604913876339-EXPLODE.mp4,1,,numericid-WORD,train,63.0,640.0,480.0,640x480,frame_count_quintile_2
part_4/639844108842305-HOWL.mp4,part_4/639844108842305-HOWL.mp4,howl,67824f6040fa34bef3bd8125cdb307671948c744ded733c85b94663e3abdc123,1,part_4/639844108842305-HOWL.mp4,1,,numericid-WORD,train,69.0,640.0,480.0,640x480,frame_count_quintile_3
part_4/6449139793505076-GOOD.mp4,part_4/6449139793505076-GOOD.mp4,good,d3f6bedd4f0ec2ca7e688b6ed5e782befc571c760d9e5ccaacbe2a54274a214f,1,part_4/6449139793505076-GOOD.mp4,1,,numericid-WORD,train,103.0,640.0,480.0,640x480,frame_count_quintile_4
part_4/6471960992477459-WHEELCHAIR.mp4,part_4/6471960992477459-WHEELCHAIR.mp4,wheelchair,466a15eda18910aa5774dabffdacf15402f203f4b0b2c21e35c6327d0b287030,1,part_4/6471960992477459-WHEELCHAIR.mp4,1,,numericid-WORD,train,67.0,640.0,480.0,640x480,frame_count_quintile_2
part_4/6498026727353476-HOLD ACCOUNTABLE.mp4,part_4/6498026727353476-HOLD ACCOUNTABLE.mp4,holdaccountable,1b89707335ebc54707b3a2d4385a703664bd5142b2c248c1f2d0c609e31b1306,1,part_4/6498026727353476-HOLD ACCOUNTABLE.mp4,1,,numericid-WORD,train,61.0,640.0,480.0,640x480,frame_count_quintile_2
part_4/6515057454623217-INDIAN.mp4,part_4/6515057454623217-INDIAN.mp4,indian,31550df3c1f23a41da18b4a67ba05766df98abc89289ffd1e4323fdf0fa9c131,1,part_4/6515057454623217-INDIAN.mp4,1,,numericid-WORD,train,119.0,640.0,480.0,640x480,frame_count_quintile_5
part_4/6543927401448224-COST.mp4,part_4/6543927401448224-COST.mp4,cost,c5a5aa50fdd525769753436a80589f7a2348c28e86d93d120439a3084bd75a8a,1,part_4/6543927401448224-COST.mp4,1,,numericid-WORD,train,48.0,640.0,480.0,640x480,frame_count_quintile_1
part_4/6564979311240984-COME OUT.mp4,part_4/6564979311240984-COME OUT.mp4,comeout,50323b89ba2dd9f8a177b5f5facc2184471706ba385c14c963b14a5f9a21e5b4,1,part_4/6564979311240984-COME OUT.mp4,1,,numericid-WORD,train,60.0,640.0,480.0,640x480,frame_count_quintile_2
part_4/6582550912371123-IGNORE.mp4,part_4/6582550912371123-IGNORE.mp4,ignore,0e3f114b81e20f690167c483962bdd224182abd93827fd0d6804e0f28d2a8b3c,1,part_4/6582550912371123-IGNORE.mp4,1,,numericid-WORD,train,44.0,640.0,480.0,640x480,frame_count_quintile_1
part_4/6602261622676402-TEENAGER.mp4,part_4/6602261622676402-TEENAGER.mp4,teenager,63c60dc66e5af9c19df482eb9c72be486beedc5f51becfefbf26126945408f5e,1,part_4/6602261622676402-TEENAGER.mp4,1,,numericid-WORD,train,72.0,640.0,480.0,640x480,frame_count_quintile_3
part_4/6618587122323296-STOPWATCH.mp4,part_4/6618587122323296-STOPWATCH.mp4,stopwatch,683c7e2ce87ae15ff431d86e39d8e342be46926ea181b30fcd0d9c1c44190423,1,part_4/6618587122323296-STOPWATCH.mp4,1,,numericid-WORD,train,80.0,640.0,480.0,640x480,frame_count_quintile_3
part_4/661920641516625-HINGE.mp4,part_4/661920641516625-HINGE.mp4,hinge,c61384e24a1b1c92efab4bfb8645ca32c8eb976df9a314217b188fd849d32de4,1,part_4/661920641516625-HINGE.mp4,1,,numericid-WORD,train,70.0,640.0,480.0,640x480,frame_count_quintile_3
part_4/6620417008413066-PREFER.mp4,part_4/6620417008413066-PREFER.mp4,prefer,0cc9d050c648ead59c615a9bb0a9a2b6e4e6c9a02b0b0e2c549575c296e920b5,1,part_4/6620417008413066-PREFER.mp4,1,,numericid-WORD,train,51.0,640.0,480.0,640x480,frame_count_quintile_1
part_4/6627894493111854-WHIP.mp4,part_4/6627894493111854-WHIP.mp4,whip,1547fae0d4b019da51c23609239d3452ad2b159519f15336d51121422f91ab07,1,part_4/6627894493111854-WHIP.mp4,1,,numericid-WORD,train,77.0,640.0,480.0,640x480,frame_count_quintile_3
part_4/6639287403552572-FANTASY.mp4,part_4/6639287403552572-FANTASY.mp4,fantasy,439c8cb2ce5194677194328544fbfd7e37476fff54c01fa2fea112b90984ff44,1,part_4/6639287403552572-FANTASY.mp4,1,,numericid-WORD,train,82.0,640.0,480.0,640x480,frame_count_quintile_3
part_4/6640029673956236-FIFTH.mp4,part_4/6640029673956236-FIFTH.mp4,fifth,f97286ff02ab674ab0d00999c93f73bb78d7bc9fad409d2cb6ea71872cd2b443,1,part_4/6640029673956236-FIFTH.mp4,1,,numericid-WORD,train,99.0,640.0,480.0,640x480,frame_count_quintile_4
part_4/6708956410631581-WORKSHOP.mp4,part_4/6708956410631581-WORKSHOP.mp4,workshop,8675589ea1cc89aa82e9af064793515f78bd8e66c5e079681217745a012b58d7,1,part_4/6708956410631581-WORKSHOP.mp4,1,,numericid-WORD,train,47.0,640.0,480.0,640x480,frame_count_quintile_1
part_4/672982715949773-NOISE.mp4,part_4/672982715949773-NOISE.mp4,noise,548eb9b88085d9c693fad8ab777eb8cc0b0164cd5d1295b573d12f0310bf466b,1,part_4/672982715949773-NOISE.mp4,1,,numericid-WORD,train,66.0,640.0,480.0,640x480,frame_count_quintile_2
part_4/6739155491670814-MIRROR.mp4,part_4/6739155491670814-MIRROR.mp4,mirror,487c4e96c6d4182406d4ff68333d2c0b78d87b7c19f84c0846c16eea73f0065d,1,part_4/6739155491670814-MIRROR.mp4,1,,numericid-WORD,train,44.0,640.0,480.0,640x480,frame_count_quintile_1
part_4/6740870378979742-MARRY.mp4,part_4/6740870378979742-MARRY.mp4,marry,12f9b877d3908f0258de0a9b344535c23dd869335764523634942b765cdd2620,1,part_4/6740870378979742-MARRY.mp4,1,,numericid-WORD,train,82.0,640.0,480.0,640x480,frame_count_quintile_3
part_4/6745347552311414-SOUP.mp4,part_4/6745347552311414-SOUP.mp4,soup,94dbd9f271fc86344cf222f55070990047992445527dad8ae701ab00ea86b63f,1,part_4/6745347552311414-SOUP.mp4,1,,numericid-WORD,train,125.0,640.0,480.0,640x480,frame_count_quintile_5
part_4/6851609432154622-UNICORN.mp4,part_4/6851609432154622-UNICORN.mp4,unicorn,6c03030ba071a97d7f63940bb19480fefffc21f9082ccc153b7bd1d934c60873,1,part_4/6851609432154622-UNICORN.mp4,1,,numericid-WORD,train,63.0,640.0,480.0,640x480,frame_count_quintile_2
part_4/6947179407989328-BUSTED.mp4,part_4/6947179407989328-BUSTED.mp4,busted,7946140a612f3a66ed6b0544cbf4cdc3a5a4581181d1f90e16a26817504e81f7,1,part_4/6947179407989328-BUSTED.mp4,1,,numericid-WORD,train,75.0,640.0,480.0,640x480,frame_count_quintile_3
part_4/6959191613137512-PIANO.mp4,part_4/6959191613137512-PIANO.mp4,piano,15e19ce06a97290f1ee8aaf9553762993cbb685dc2411c98c5d2e151841e8b9f,1,part_4/6959191613137512-PIANO.mp4,1,,numericid-WORD,train,87.0,640.0,480.0,640x480,frame_count_quintile_4
part_4/6978076914016362-FAMOUS.mp4,part_4/6978076914016362-FAMOUS.mp4,famous,cf52f9e0957a1060928872e5444b519cf2ae83c4d6c96d33547dcab147249bc7,1,part_4/6978076914016362-FAMOUS.mp4,1,,numericid-WORD,train,102.0,640.0,480.0,640x480,frame_count_quintile_4
part_4/7022292214541699-HUNDRED.mp4,part_4/7022292214541699-HUNDRED.mp4,hundred,ea24d49b24870e3625e25c33c09505b0d4974bb7ec08e299d434282aba8582a5,1,part_4/7022292214541699-HUNDRED.mp4,1,,numericid-WORD,train,65.0,640.0,480.0,640x480,frame_count_quintile_2
part_4/7032972889937701-WALK-TIGHTROPE-CL.mp4,part_4/7032972889937701-WALK-TIGHTROPE-CL.mp4,walk-tightrope-cl,73114807bc90d3efdf0e8f69f12a7639443895fc43e57b501e2ccac6dff95a5a,1,part_4/7032972889937701-WALK-TIGHTROPE-CL.mp4,1,,numericid-WORD,train,131.0,640.0,480.0,640x480,frame_count_quintile_5
part_4/7074460232925452-SKUNK.mp4,part_4/7074460232925452-SKUNK.mp4,skunk,4fb7c0324a5585db0679ed6b1ea1c4d43903cba11042066c40062d22e1e3d9ee,1,part_4/7074460232925452-SKUNK.mp4,1,,numericid-WORD,train,94.0,640.0,480.0,640x480,frame_count_quintile_4
part_4/7084386663017326-STAFF.mp4,part_4/7084386663017326-STAFF.mp4,staff,24fd39fe471abca232cb3c84d91d19901048707fd04fdb86c3a3ab3c51442ff5,1,part_4/7084386663017326-STAFF.mp4,1,,numericid-WORD,train,44.0,640.0,480.0,640x480,frame_count_quintile_1
part_4/708769017680714-HEAD.mp4,part_4/708769017680714-HEAD.mp4,head,961f46b6ab51d00c2b279c671ab342665d8acc91c008e66cf438dd3d3b070363,1,part_4/708769017680714-HEAD.mp4,1,,numericid-WORD,train,47.0,640.0,480.0,640x480,frame_count_quintile_1
part_4/7103942618147332-ORANGE THROAT.mp4,part_4/7103942618147332-ORANGE THROAT.mp4,orangethroat,e9f2d684890b970cb1b99d5c9e702c9fd510e76f669f3fe81649ead97b98953e,1,part_4/7103942618147332-ORANGE THROAT.mp4,1,,numericid-WORD,train,91.0,640.0,480.0,640x480,frame_count_quintile_4
part_4/7170471283154412-HEARTBODY.mp4,part_4/7170471283154412-HEARTBODY.mp4,heartbody,aea22cb84894c8d3919686574d945ed881a67e925c60be3bd01b9003bfb05ff3,1,part_4/7170471283154412-HEARTBODY.mp4,1,,numericid-WORD,train,107.0,640.0,480.0,640x480,frame_count_quintile_5
part_4/718787866827413-DRYER.mp4,part_4/718787866827413-DRYER.mp4,dryer,f5d84bfeee0bc256838ea112b308fc2bf7e3cb6a5e49b0759e5f73b532098ed1,1,part_4/718787866827413-DRYER.mp4,1,,numericid-WORD,train,114.0,640.0,480.0,640x480,frame_count_quintile_5
part_4/7202275052053524-SLINGSHOT.mp4,part_4/7202275052053524-SLINGSHOT.mp4,slingshot,73a55bf7fb3f9589559e39fae61adb6199818b86635e58c60532d100303875f2,1,part_4/7202275052053524-SLINGSHOT.mp4,1,,numericid-WORD,train,55.0,640.0,480.0,640x480,frame_count_quintile_2
part_5/7236529952440116-STIR.mp4,part_5/7236529952440116-STIR.mp4,stir,be7300a17b892bd24de262606cdda7aaf2cdf29a261606a2a90f4e8066c29785,1,part_5/7236529952440116-STIR.mp4,1,,numericid-WORD,train,55.0,640.0,480.0,640x480,frame_count_quintile_2
part_5/7242876288888909-WALL.mp4,part_5/7242876288888909-WALL.mp4,wall,8cac7b5db0b920cf6313bf0f8d067a12c63b26cbbc5216b1208c91d3aef20881,1,part_5/7242876288888909-WALL.mp4,1,,numericid-WORD,train,153.0,640.0,480.0,640x480,frame_count_quintile_5
part_5/7245006849273199-NOT A_THING.mp4,part_5/7245006849273199-NOT A_THING.mp4,notathing,65f9f9721101242bf1953d59c27a40b773742e85876e792f81ec4d63923e252e,1,part_5/7245006849273199-NOT A_THING.mp4,1,,numericid-WORD,train,89.0,640.0,480.0,640x480,frame_count_quintile_4
part_5/7270428598615575-CHAMPION.mp4,part_5/7270428598615575-CHAMPION.mp4,champion,2a1770f8df5df169d6e96674805c5a2094f1a1f1fbde79fa28c707dc17340d3f,1,part_5/7270428598615575-CHAMPION.mp4,1,,numericid-WORD,train,85.0,640.0,480.0,640x480,frame_count_quintile_4
part_5/7275550135371469-IMPROVE.mp4,part_5/7275550135371469-IMPROVE.mp4,improve,9e106b46ef2186bedda323bf270b1811a16b711bd565789a19710b86eb2fb554,1,part_5/7275550135371469-IMPROVE.mp4,1,,numericid-WORD,train,89.0,640.0,480.0,640x480,frame_count_quintile_4
part_5/7332760064631829-SHORT PERSON.mp4,part_5/7332760064631829-SHORT PERSON.mp4,shortperson,b6459911a2127f14e1d4d060c2f9105d1c379c566767851050524b4ed13893f3,1,part_5/7332760064631829-SHORT PERSON.mp4,1,,numericid-WORD,train,50.0,640.0,480.0,640x480,frame_count_quintile_1
part_5/7342952201700828-EASY TO_DO.mp4,part_5/7342952201700828-EASY TO_DO.mp4,easytodo,6e543be19e45ae2c2933d722d41bf485f396ec383427d073eddeea1ca658fa1d,1,part_5/7342952201700828-EASY TO_DO.mp4,1,,numericid-WORD,train,73.0,640.0,480.0,640x480,frame_count_quintile_3
part_5/7355141712214706-NONSENSE.mp4,part_5/7355141712214706-NONSENSE.mp4,nonsense,89fb151820b0161de74553afc1b59016be1b3e6f24433b1823c9aa96b8e3533c,1,part_5/7355141712214706-NONSENSE.mp4,1,,numericid-WORD,train,67.0,640.0,480.0,640x480,frame_count_quintile_2
part_5/7388043140555935-TWO MORE.mp4,part_5/7388043140555935-TWO MORE.mp4,twomore,ffee5cf6a41a319c3213049abb8683bbfdf096a461301f50d77f256e2d181969,1,part_5/7388043140555935-TWO MORE.mp4,1,,numericid-WORD,train,79.0,640.0,480.0,640x480,frame_count_quintile_3
part_5/7388125968431167-SMALL.mp4,part_5/7388125968431167-SMALL.mp4,small,b76622a0210f989fc81001f08dcf1143eaa949ef8946299cd30c688e6479b28c,1,part_5/7388125968431167-SMALL.mp4,1,,numericid-WORD,train,35.0,640.0,480.0,640x480,frame_count_quintile_1
part_5/7391350877622198-TWO.mp4,part_5/7391350877622198-TWO.mp4,two,4899da2328beba19f410bc6d36c47182bbbd7e7c3e70ae427fb4e0bd0713194a,1,part_5/7391350877622198-TWO.mp4,1,,numericid-WORD,train,38.0,640.0,480.0,640x480,frame_count_quintile_1
part_5/7414236047407246-WISE.mp4,part_5/7414236047407246-WISE.mp4,wise,c572d29d59c26e54e61fe2d4f8335db0a7a8a7cc12630b69929b10b36aa3d258,1,part_5/7414236047407246-WISE.mp4,1,,numericid-WORD,train,55.0,640.0,480.0,640x480,frame_count_quintile_2
part_5/7486439188211713-LAW.mp4,part_5/7486439188211713-LAW.mp4,law,cf14fb17b4f2a5888079481244b761a36209db258c495c478cd4e70d72600221,1,part_5/7486439188211713-LAW.mp4,1,,numericid-WORD,train,73.0,640.0,480.0,640x480,frame_count_quintile_3
part_5/7527029229359257-STARBUCKS.mp4,part_5/7527029229359257-STARBUCKS.mp4,starbucks,b6994e4102e5b97f703e14fb48295a3a7a359e847126fba8e5fec96344a73400,1,part_5/7527029229359257-STARBUCKS.mp4,1,,numericid-WORD,train,84.0,640.0,480.0,640x480,frame_count_quintile_4
part_5/761622248999501-CAROUSEL.mp4,part_5/761622248999501-CAROUSEL.mp4,carousel,c007a4e218b9abfcdc58c3aeb002a4307e795f8271d2b12d666c9a4740835d96,1,part_5/761622248999501-CAROUSEL.mp4,1,,numericid-WORD,train,96.0,640.0,480.0,640x480,frame_count_quintile_4
part_5/763498941361828-ALL WAY.mp4,part_5/763498941361828-ALL WAY.mp4,allway,91eab097a97555213a118829539424acad4cf39056a01969b4e32f4ab019f1a2,1,part_5/763498941361828-ALL WAY.mp4,1,,numericid-WORD,train,65.0,640.0,480.0,640x480,frame_count_quintile_2
part_5/7642293204520254-BOILING MAD.mp4,part_5/7642293204520254-BOILING MAD.mp4,boilingmad,b93fbf9886d7e1b59ae841c717a092cf2b1dd4b83accbf5dfd5ed3d7e5e58f3b,1,part_5/7642293204520254-BOILING MAD.mp4,1,,numericid-WORD,train,182.0,640.0,480.0,640x480,frame_count_quintile_5
part_5/7649422761687801-BITCH.mp4,part_5/7649422761687801-BITCH.mp4,bitch,14984a329c503f5331a227e6ae34e91d48e5282872b429147322913bfb1e3b16,1,part_5/7649422761687801-BITCH.mp4,1,,numericid-WORD,train,46.0,640.0,480.0,640x480,frame_count_quintile_1
part_5/7665344568774906-STRONG.mp4,part_5/7665344568774906-STRONG.mp4,strong,9c8d01fbe1b6a76ab7569a36330242c850e977408776723d9306b7b8ecad47ef,1,part_5/7665344568774906-STRONG.mp4,1,,numericid-WORD,train,54.0,640.0,480.0,640x480,frame_count_quintile_2
part_5/7709413638313658-PEACE.mp4,part_5/7709413638313658-PEACE.mp4,peace,dea23c064087f1b0275f150d20e456f0e832baf81593ab80ff375da50c043e5e,1,part_5/7709413638313658-PEACE.mp4,1,,numericid-WORD,train,70.0,640.0,480.0,640x480,frame_count_quintile_3
part_5/7719463054713409-BACON.mp4,part_5/7719463054713409-BACON.mp4,bacon,2c7ba967f2aae2296b514f6af58c899636b16313a7693ff51662470c320a7828,1,part_5/7719463054713409-BACON.mp4,1,,numericid-WORD,train,114.0,640.0,480.0,640x480,frame_count_quintile_5
part_5/7798893370763214-ESCAPE.mp4,part_5/7798893370763214-ESCAPE.mp4,escape,643b40b0d5e9b25f44d75a76c7becd967bfd30361eb146b4baadd0264514dd6d,1,part_5/7798893370763214-ESCAPE.mp4,1,,numericid-WORD,train,149.0,640.0,480.0,640x480,frame_count_quintile_5
part_5/7813798378617343-BINOCULARS.mp4,part_5/7813798378617343-BINOCULARS.mp4,binoculars,41b45ed2bd93ff051f4168cb4cce5f59febf06e9419ded9e2d3afd1733e233dd,1,part_5/7813798378617343-BINOCULARS.mp4,1,,numericid-WORD,train,100.0,640.0,480.0,640x480,frame_count_quintile_4
part_5/7871589392560625-PROMISE.mp4,part_5/7871589392560625-PROMISE.mp4,promise,5ddb99a25e0f666b9f5b4512454f81517d2cd9ef0c19604f598e926a96021219,1,part_5/7871589392560625-PROMISE.mp4,1,,numericid-WORD,train,70.0,640.0,480.0,640x480,frame_count_quintile_3
part_5/7908307098233258-PHILOSOPHY.mp4,part_5/7908307098233258-PHILOSOPHY.mp4,philosophy,e87c894f1752f454dd08ef943107bdb32ee758706883f2fa3a286fe2605b9152,1,part_5/7908307098233258-PHILOSOPHY.mp4,1,,numericid-WORD,train,124.0,640.0,480.0,640x480,frame_count_quintile_5
part_5/7921459983875652-BLEED.mp4,part_5/7921459983875652-BLEED.mp4,bleed,34545f408297e600d455b96acc2898d65a3521321381b76f106f35eb8a242c18,1,part_5/7921459983875652-BLEED.mp4,1,,numericid-WORD,train,130.0,640.0,480.0,640x480,frame_count_quintile_5
part_5/8007270485753197-ITCH.mp4,part_5/8007270485753197-ITCH.mp4,itch,cac78acaee3f89ad3ba3318156b9d644561ab002c727805ba3933f084dc751ab,1,part_5/8007270485753197-ITCH.mp4,1,,numericid-WORD,train,107.0,640.0,480.0,640x480,frame_count_quintile_5
part_5/8035766172480758-SPOON.mp4,part_5/8035766172480758-SPOON.mp4,spoon,cfaee7a5dffd0eef16328b74bb5b5bdf0619fbb9f5d76ca8db5a3239238c6102,1,part_5/8035766172480758-SPOON.mp4,1,,numericid-WORD,train,50.0,640.0,480.0,640x480,frame_count_quintile_1
part_5/8040413047655517-WHO.mp4,part_5/8040413047655517-WHO.mp4,who,838f46af7ecdfe782ea537df147d6052504e6bbecda9aef351cf846fa9deca22,1,part_5/8040413047655517-WHO.mp4,1,,numericid-WORD,train,61.0,640.0,480.0,640x480,frame_count_quintile_2
part_5/811396261446274-FAINT.mp4,part_5/811396261446274-FAINT.mp4,faint,317cc1224aeded434a202221e98a2d517ba278fc01a49fd57aeb90942c5f7fdc,1,part_5/811396261446274-FAINT.mp4,1,,numericid-WORD,train,255.0,640.0,480.0,640x480,frame_count_quintile_5
part_5/8205773121223954-POWER.mp4,part_5/8205773121223954-POWER.mp4,power,6d2cac3d6894850c779de8b433f4c95fcd75457b244cedd730d82c6cb89839cb,1,part_5/8205773121223954-POWER.mp4,1,,numericid-WORD,train,74.0,640.0,480.0,640x480,frame_count_quintile_3
part_5/8210462187869705-BLOW MIND.mp4,part_5/8210462187869705-BLOW MIND.mp4,blowmind,323728dfb6a2de2dcc040148b7e7c02262c6363b44a582fec2aa2a40b6ec7e6b,1,part_5/8210462187869705-BLOW MIND.mp4,1,,numericid-WORD,train,57.0,640.0,480.0,640x480,frame_count_quintile_2
part_5/8213420013877373-OBSESS.mp4,part_5/8213420013877373-OBSESS.mp4,obsess,6d270a5f16a43a357762dc955eaaf3d29aa1e328fab53b81f910035e276b9936,1,part_5/8213420013877373-OBSESS.mp4,1,,numericid-WORD,train,88.0,640.0,480.0,640x480,frame_count_quintile_4
part_5/830820846298649-seedWOOD.mp4,part_5/830820846298649-seedWOOD.mp4,wood,799626c8e1cfc91f7f905eec47d07f29820030366e4af64d05a47bbd69c84985,1,part_5/830820846298649-seedWOOD.mp4,1,,numericid-WORD,train,142.0,640.0,480.0,640x480,frame_count_quintile_5
part_5/8337247032758022-ATTENTION.mp4,part_5/8337247032758022-ATTENTION.mp4,attention,201534d48a57e36779d9c88aa3e7c1ada8d7971c9e2b576cd1cf48af121567ab,1,part_5/8337247032758022-ATTENTION.mp4,1,,numericid-WORD,train,81.0,640.0,480.0,640x480,frame_count_quintile_3
part_5/8342410352892276-MOCK.mp4,part_5/8342410352892276-MOCK.mp4,mock,81603d5cebf3b7aba463866b6d9eb7a4ae9b07002addffdbc38147265565cb62,1,part_5/8342410352892276-MOCK.mp4,1,,numericid-WORD,train,65.0,640.0,480.0,640x480,frame_count_quintile_2
part_5/8375949091211665-JIGSAW PUZZLE.mp4,part_5/8375949091211665-JIGSAW PUZZLE.mp4,jigsawpuzzle,9f86deeb0099d2da928c18638e09aae74203d19f3f8f73baf2e26f6cbffcb85b,1,part_5/8375949091211665-JIGSAW PUZZLE.mp4,1,,numericid-WORD,train,203.0,640.0,480.0,640x480,frame_count_quintile_5
part_5/8428189850668126-HEN.mp4,part_5/8428189850668126-HEN.mp4,hen,dd4d9fa222662b69ec563de036d292e84a068297c6643212fb3074fc46f71024,1,part_5/8428189850668126-HEN.mp4,1,,numericid-WORD,train,53.0,640.0,480.0,640x480,frame_count_quintile_1
part_5/8470723155711255-ANIMAL.mp4,part_5/8470723155711255-ANIMAL.mp4,animal,ad0f9a8ebee873296d15b7d4fe0cd054f57cb11c9fbd4ff00c9868239fb76e5a,1,part_5/8470723155711255-ANIMAL.mp4,1,,numericid-WORD,train,92.0,640.0,480.0,640x480,frame_count_quintile_4
part_5/8545363405007698-FLIP SWITCH.mp4,part_5/8545363405007698-FLIP SWITCH.mp4,flipswitch,a599c1018ab4fe865622d52e666b3e04429cec752a8489b2ca6780953c764165,1,part_5/8545363405007698-FLIP SWITCH.mp4,1,,numericid-WORD,train,49.0,640.0,480.0,640x480,frame_count_quintile_1
part_5/861943373105919-DILEMMA.mp4,part_5/861943373105919-DILEMMA.mp4,dilemma,f947cf647a88dfdc17778ac9c27743c9b7e998c85d099832c3173651893e6232,1,part_5/861943373105919-DILEMMA.mp4,1,,numericid-WORD,train,89.0,640.0,480.0,640x480,frame_count_quintile_4
part_5/8631506472137154-DEFLATE.mp4,part_5/8631506472137154-DEFLATE.mp4,deflate,dc96029d3bf8e027d0a6929539d1ef442b973f19b0b16770c6bae6ec49ef95fc,1,part_5/8631506472137154-DEFLATE.mp4,1,,numericid-WORD,train,69.0,640.0,480.0,640x480,frame_count_quintile_3
part_5/8656492779276159-CHEESE GRATER.mp4,part_5/8656492779276159-CHEESE GRATER.mp4,cheesegrater,0ea0a85403fffe0e998afb7d69801e042a89bf4c4b04ec9cc7df7f484b4de97f,1,part_5/8656492779276159-CHEESE GRATER.mp4,1,,numericid-WORD,train,62.0,640.0,480.0,640x480,frame_count_quintile_2
part_5/8696305530592072-POOP.mp4,part_5/8696305530592072-POOP.mp4,poop,2e89666355427932c91a7ce3731c40abc9a87674e96a4c953bc162d585b32555,1,part_5/8696305530592072-POOP.mp4,1,,numericid-WORD,train,115.0,640.0,480.0,640x480,frame_count_quintile_5
part_5/8699210337284036-NOW.mp4,part_5/8699210337284036-NOW.mp4,now,a8f16a68c8f65368dfebb6239d9b9e9b064a03256de83d4a7303d1b8a70d64a5,1,part_5/8699210337284036-NOW.mp4,1,,numericid-WORD,train,41.0,640.0,480.0,640x480,frame_count_quintile_1
part_5/8738294912791575-GET TOGETHER.mp4,part_5/8738294912791575-GET TOGETHER.mp4,gettogether,c2c33fd7abab0fc90dc212ed82dec67963e93d3d0e7ddfd4601b0a3f2fe965ca,1,part_5/8738294912791575-GET TOGETHER.mp4,1,,numericid-WORD,train,74.0,640.0,480.0,640x480,frame_count_quintile_3
part_5/8759690473866555-MUMMY.mp4,part_5/8759690473866555-MUMMY.mp4,mummy,a6a78747172cd3dbca6e4a6a1d5e5605e3301cb3ab64d6ba751ce6e0904d3729,1,part_5/8759690473866555-MUMMY.mp4,1,,numericid-WORD,train,81.0,640.0,480.0,640x480,frame_count_quintile_3
part_5/8762740499189581-BOSS.mp4,part_5/8762740499189581-BOSS.mp4,boss,5eab6f3a2db0d4bef5d5a1376866e85fecbb12e191167608d4d437ecd580ba47,1,part_5/8762740499189581-BOSS.mp4,1,,numericid-WORD,train,38.0,640.0,480.0,640x480,frame_count_quintile_1
part_5/8765379179357844-WASH MACHINE.mp4,part_5/8765379179357844-WASH MACHINE.mp4,washmachine,6367f3880e54b61b0667cb024724d1dd56ca06fe304054af055ecdccca4c49e2,1,part_5/8765379179357844-WASH MACHINE.mp4,1,,numericid-WORD,train,60.0,640.0,480.0,640x480,frame_count_quintile_2
part_5/8774968471358-POLE.mp4,part_5/8774968471358-POLE.mp4,pole,4833d29f1d90007cb5ac9ab49febff6da5afe92dee53e5e3ad50e15047817a8a,1,part_5/8774968471358-POLE.mp4,1,,numericid-WORD,train,83.0,640.0,480.0,640x480,frame_count_quintile_3
part_5/8830124407529862-PLANT.mp4,part_5/8830124407529862-PLANT.mp4,plant,688fb38582dac213581cecfd0d476dd8ce2d230b5045dee72605f636c0a88a27,1,part_5/8830124407529862-PLANT.mp4,1,,numericid-WORD,train,73.0,640.0,480.0,640x480,frame_count_quintile_3
part_5/8860308707960689-ROOF.mp4,part_5/8860308707960689-ROOF.mp4,roof,922bd0b3ef70c4a970b16b732f887416909d175fa5265f53a274db6c878b10c3,1,part_5/8860308707960689-ROOF.mp4,1,,numericid-WORD,train,72.0,640.0,480.0,640x480,frame_count_quintile_3
part_5/8885915598928231-CARRY.mp4,part_5/8885915598928231-CARRY.mp4,carry,ccfb672567ee923aa446d72aa7dccbbeb296ec77d8632b30717cb8a7e567d10e,1,part_5/8885915598928231-CARRY.mp4,1,,numericid-WORD,train,62.0,640.0,480.0,640x480,frame_count_quintile_2
part_5/888614784762559-POPCORN.mp4,part_5/888614784762559-POPCORN.mp4,popcorn,ca73cabdd2c018f8b11c11d52e4f76236cbac5e2ba7d24997a7b1c39dec83ec6,1,part_5/888614784762559-POPCORN.mp4,1,,numericid-WORD,train,47.0,640.0,480.0,640x480,frame_count_quintile_1
part_5/8953075518220837-COMMUTE.mp4,part_5/8953075518220837-COMMUTE.mp4,commute,0bcb795f2ab535b9ef2f51a0a5b23cd17c9ab86b3238d68df54efe2902ec946f,1,part_5/8953075518220837-COMMUTE.mp4,1,,numericid-WORD,train,266.0,640.0,480.0,640x480,frame_count_quintile_5
part_6/9001663609516171-FLIPFLOPS.mp4,part_6/9001663609516171-FLIPFLOPS.mp4,flipflops,a0bfc7adc63691fb9c6f16d362a883c3604230aefcfbe0b212d14baa0f5d28d0,1,part_6/9001663609516171-FLIPFLOPS.mp4,1,,numericid-WORD,train,61.0,640.0,480.0,640x480,frame_count_quintile_2
part_6/9045560219783599-DO DO.mp4,part_6/9045560219783599-DO DO.mp4,dodo,8108f287d8c417623c61f095d47274489a0f71f4ccd2af26f777812edcdb0b65,1,part_6/9045560219783599-DO DO.mp4,1,,numericid-WORD,train,83.0,640.0,480.0,640x480,frame_count_quintile_4
part_6/9124929111701665-NECK.mp4,part_6/9124929111701665-NECK.mp4,neck,dcec5317972459fefdd3f3d83ce8a237e4246fc5af10f373fd58691013d69549,1,part_6/9124929111701665-NECK.mp4,1,,numericid-WORD,train,222.0,640.0,480.0,640x480,frame_count_quintile_5
part_6/9166220101554237-NEAR.mp4,part_6/9166220101554237-NEAR.mp4,near,cfbf2da1a6ccbf32308adae14b89df8fb5a65fde91e07ac5a1f1a75aebf949e9,1,part_6/9166220101554237-NEAR.mp4,1,,numericid-WORD,train,65.0,640.0,480.0,640x480,frame_count_quintile_2
part_6/9225802407671602-BATH.mp4,part_6/9225802407671602-BATH.mp4,bath,e99f4e31ad64b76349384c3ca987903e3a22919dd2144709415bfc54a3ce7ca9,1,part_6/9225802407671602-BATH.mp4,1,,numericid-WORD,train,104.0,640.0,480.0,640x480,frame_count_quintile_4
part_6/9249741371593849-SLIPPER.mp4,part_6/9249741371593849-SLIPPER.mp4,slipper,e9a358883ce35c56a36d7c5e1b6676bfcba443c079d04b9ba1921ad9302f2d87,1,part_6/9249741371593849-SLIPPER.mp4,1,,numericid-WORD,train,75.0,640.0,480.0,640x480,frame_count_quintile_3
part_6/9271543226842556-MOUSE.mp4,part_6/9271543226842556-MOUSE.mp4,mouse,557d217b8d8a796427522e56954267198cdee469be48a1bfb7c5172f695bedf9,1,part_6/9271543226842556-MOUSE.mp4,1,,numericid-WORD,train,67.0,640.0,480.0,640x480,frame_count_quintile_2
part_6/929892595638057-PUZZLED.mp4,part_6/929892595638057-PUZZLED.mp4,puzzled,2e53f12612afa92cef1c162c7b94c9cee932073541f70a88840c77bda24033e7,1,part_6/929892595638057-PUZZLED.mp4,1,,numericid-WORD,train,23.0,640.0,480.0,640x480,short_clip
part_6/9354715454887605-GREEN.mp4,part_6/9354715454887605-GREEN.mp4,green,fac941ce03c94a5f9c08a2dfe12e046eb8f55773907c9ba47e30993cf5a81c5e,1,part_6/9354715454887605-GREEN.mp4,1,,numericid-WORD,train,72.0,640.0,480.0,640x480,frame_count_quintile_3
part_6/9368540135693042-seedTOUCH.mp4,part_6/9368540135693042-seedTOUCH.mp4,touch,24f65d13fd251884874a4630b71a10e2d06d62277f7d549db36904fa717cbac9,1,part_6/9368540135693042-seedTOUCH.mp4,1,,numericid-WORD,train,101.0,640.0,480.0,640x480,frame_count_quintile_4
part_6/9434616943387211-DANCE.mp4,part_6/9434616943387211-DANCE.mp4,dance,77820854b148bcafcbfe22af187157a6b63e80222768555bc6f4b3614a1e62a8,1,part_6/9434616943387211-DANCE.mp4,1,,numericid-WORD,train,131.0,640.0,480.0,640x480,frame_count_quintile_5
part_6/9468945982728585-EVALUATE.mp4,part_6/9468945982728585-EVALUATE.mp4,evaluate,19674beb7ac7000ac4dfdde7a3ef9a55f69769e8ca1f5ad67496894f93f86615,1,part_6/9468945982728585-EVALUATE.mp4,1,,numericid-WORD,train,68.0,640.0,480.0,640x480,frame_count_quintile_2
part_6/9469327065533588-NOSE BLEED.mp4,part_6/9469327065533588-NOSE BLEED.mp4,nosebleed,1f8f39adbb6bfd4009e58440f34c0512695a0af5d7f63f839811dfc2696cf34b,1,part_6/9469327065533588-NOSE BLEED.mp4,1,,numericid-WORD,train,48.0,640.0,480.0,640x480,frame_count_quintile_1
part_6/9641716767561754-COUNT.mp4,part_6/9641716767561754-COUNT.mp4,count,6916d6e04c498c30baddf73da076d0613ccf684893675623576e93baf151e84b,1,part_6/9641716767561754-COUNT.mp4,1,,numericid-WORD,train,82.0,640.0,480.0,640x480,frame_count_quintile_3
part_6/968185019787583-BACKYARD.mp4,part_6/968185019787583-BACKYARD.mp4,backyard,e6c8b2db07e83dc7884e6cc1a79a7c44b020081b03aff228d9a04d27c747a144,1,part_6/968185019787583-BACKYARD.mp4,1,,numericid-WORD,train,167.0,640.0,480.0,640x480,frame_count_quintile_5
part_6/9738124822287095-CANNON.mp4,part_6/9738124822287095-CANNON.mp4,cannon,95d47996395e9d9551ecf5326c1bd5332d8756bfcffbc9b407adbfc21cc275b2,1,part_6/9738124822287095-CANNON.mp4,1,,numericid-WORD,train,64.0,640.0,480.0,640x480,frame_count_quintile_2
part_6/9739619129066301-VISUALIZE.mp4,part_6/9739619129066301-VISUALIZE.mp4,visualize,8badc1723da3cf0cc5e79bff93d08d11d63ad6bc191bd3ee1f4576ae254550eb,1,part_6/9739619129066301-VISUALIZE.mp4,1,,numericid-WORD,train,97.0,640.0,480.0,640x480,frame_count_quintile_4
part_6/9756898650736014-PIRATE.mp4,part_6/9756898650736014-PIRATE.mp4,pirate,8fc7977032692d96e0ca3312d74fea5c2fe6997411bc141399816765366ad41f,1,part_6/9756898650736014-PIRATE.mp4,1,,numericid-WORD,train,75.0,640.0,480.0,640x480,frame_count_quintile_3
part_6/9769917325972981-LIBRARY.mp4,part_6/9769917325972981-LIBRARY.mp4,library,3d99a8c7053639394863567559d55fff482aa26486f88ebd290b9615f8a2e1e8,1,part_6/9769917325972981-LIBRARY.mp4,1,,numericid-WORD,train,59.0,640.0,480.0,640x480,frame_count_quintile_2
part_6/9819880833945527-HANDCUFFS.mp4,part_6/9819880833945527-HANDCUFFS.mp4,handcuffs,b2296beebc1f06df88686423430437be2f85b176c6c12a8cd2fcb30aa6a9f858,1,part_6/9819880833945527-HANDCUFFS.mp4,1,,numericid-WORD,train,81.0,640.0,480.0,640x480,frame_count_quintile_3
part_6/9845660015904845-TURBAN.mp4,part_6/9845660015904845-TURBAN.mp4,turban,3bb06fb241d79cb2179c1cce52ca06eb61f346094f61def8fad67b6c365cc275,1,part_6/9845660015904845-TURBAN.mp4,1,,numericid-WORD,train,65.0,640.0,480.0,640x480,frame_count_quintile_2
part_6/9862882272897495-DRY.mp4,part_6/9862882272897495-DRY.mp4,dry,ee53633996679b4022be063c8c018b4c8713f32b09c5c81056fc4bb8f3b40231,1,part_6/9862882272897495-DRY.mp4,1,,numericid-WORD,train,45.0,640.0,480.0,640x480,frame_count_quintile_1
part_6/989516810898259-MATCH.mp4,part_6/989516810898259-MATCH.mp4,match,7c6c84e7bab9e72ed3f53bcbd5e3d67dc87d039d5c424f01c9660ab51543f0bc,1,part_6/989516810898259-MATCH.mp4,1,,numericid-WORD,train,70.0,640.0,480.0,640x480,frame_count_quintile_3
part_6/A_video_1_a_aug_11.mp4,part_6/A_video_1_a_aug_11.mp4,a,94670e89938c197886e4b9b02454767f27f736214d8d54befeec0e066303918c,1,part_6/A_video_1.mp4,5,A_video_1.mp4,word_n,train,,,,,augmented
part_6/C • ASL Dictionary_c_aug_2.mp4,part_6/C • ASL Dictionary_c_aug_2.mp4,c,44ea970ff4830e96b7bfb7727e06e9f8d81fba2b25a29e8f04c97e941872a1cc,1,part_6/C • ASL Dictionary.mp4,4,C • ASL Dictionary.mp4,word_n,train,,,,,augmented
part_6/California_video_0.mp4,part_6/California_video_0.mp4,california,1a4f4c3a724605126395380793363f024aa16edc17c0f6dfc9f5985a7e963322,2,part_6/California_video_0.mp4,2,,word_video_n,train,77.0,640.0,480.0,640x480,frame_count_quintile_3
part_6/Earth_video_21.mp4,part_6/Earth_video_21.mp4,earth,2668b066bbb810ec2529bb0a7d35be2134ed29dff00edcee06fabaaf1c0516b2,5,part_6/Earth_video_21.mp4,5,,word_video_n,train,,,,,duplicate_group
part_6/H2O_video_10.mp4,part_6/H2O_video_10.mp4,water,9169b5381b2506e247163d20b941d97601c74ea5146e20527efcc3b035cf0770,1,part_6/H2O_video_10.mp4,1,,word_video_n,train,118.0,640.0,480.0,640x480,frame_count_quintile_5
part_6/J_video_3_j_aug_24.mp4,part_6/J_video_3_j_aug_24.mp4,j,18c752082be9ef250609bef6ab81d600cca54beaa04578d642f79394f1685f26,1,part_6/J_video_3.mp4,4,J_video_3.mp4,word_n,train,,,,,augmented
part_6/K_video_2_k_aug_8.mp4,part_6/K_video_2_k_aug_8.mp4,k,a0ec5cb9e3c13fd10fa198bd0f1317d4f665447f6c702806b9e20db22d51099d,1,part_6/K_video_2.mp4,4,K_video_2.mp4,word_n,train,,,,,augmented
part_6/L_video_1_l_aug_3.mp4,part_6/L_video_1_l_aug_3.mp4,l,ccc0873b214baa232836376b82abff9e33253a8210f23526ef71b0c2fa0fc280,1,part_6/L_video_1.mp4,5,L_video_1.mp4,word_n,train,,,,,augmented
part_6/M_video_1_m_aug_1.mp4,part_6/M_video_1_m_aug_1.mp4,m,cb46010b7b947774d2a4007b9db1c61fd5ed498751c6f04e89715f0aa7a0978f,2,part_6/M_video_1.mp4,5,M_video_1.mp4,word_n,train,,,,,augmented
part_6/N_video_3_n_aug_3.mp4,part_6/N_video_3_n_aug_3.mp4,n,c117e1b12586dd5071d0ef01bab8df815fd17fb122a5275fa6e6ff094bf48d7e,1,part_6/N_video_3.mp4,3,N_video_3.mp4,word_n,train,,,,,augmented
part_6/P_video_1.mp4,part_6/P_video_1.mp4,p,285e157ead80e287cb5922e31becb2011ff2d453931a8ec55bab82c22232d501,1,part_6/P_video_1.mp4,6,,word_video_n,train,80.0,640.0,480.0,640x480,frame_count_quintile_3
part_6/Q_video_0_q_aug_1.mp4,part_6/Q_video_0_q_aug_1.mp4,q,5894293c1e07aad3f24d7745d3d3796ba97c4bb878eaadc840efe64603a9a6b5,1,part_10/q_1.mp4,8,Q_video_0.mp4,word_n,train,,,,,augmented
part_6/V.mp4,part_6/V.mp4,v,6b12133d0a5885b0f4067c2acf2c1ece51e903e799c7d0cf10f6d6fc35d17972,4,part_10/r.mp4,13,,word_only,train,64.0,640.0,480.0,640x480,frame_count_quintile_2
part_6/adopt_video_1.mp4,part_6/adopt_video_1.mp4,adopt,d728c13b93be64849ef3b4ae1c4112ce924e02b86f398f6fe71fece9aa2939d6,1,part_6/adopt_video_1.mp4,1,,word_video_n,train,85.0,512.0,384.0,512x384,non_default_resolution
part_6/advantage_video_2.mp4,part_6/advantage_video_2.mp4,advantage,0dabc459989a1a16c90e044d59bd5ab8ab040d179cab1ed9b9d06a5d9bad6c07,1,part_6/advantage_video_2.mp4,1,,word_video_n,train,93.0,640.0,480.0,640x480,frame_count_quintile_4
part_6/animal_13.mp4,part_6/animal_13.mp4,animal,60f1a676060e2c03e3ec883be8a8bf2ee29f0e2bdc3d7a484b8136bf381f27c3,1,part_6/animal_13.mp4,1,,word_n,train,54.0,288.0,192.0,288x192,non_default_resolution
part_6/animal_video_52.mp4,part_6/animal_video_52.mp4,animal,b95ce2d002bdc73051f9bc72e3c3b32356ae6d5123f8b1e323f8e3af6e92d4cc,5,part_6/animal_video_52.mp4,5,,word_video_n,train,,,,,duplicate_group
part_6/animate_being_video_49.mp4,part_6/animate_being_video_49.mp4,animate being,09f30a3fded3e68d2ccdebb577f89bedab170dff7244e7a7473ec9866c2008dd,5,part_6/animal_video_49.mp4,5,,word_video_n,train,78.0,640.0,480.0,640x480,frame_count_quintile_3
part_6/art_video_4.mp4,part_6/art_video_4.mp4,art,41499f5a28ea78213a41cd5d90d21ccfb6a293b6f25c624196fb3a4f2ff6a160,1,part_6/art_video_4.mp4,1,,word_video_n,train,95.0,640.0,480.0,640x480,frame_count_quintile_4
part_6/article_5.mp4,part_6/article_5.mp4,article,d488d7673a0db41974e7a7975ab34adcfb350631158cc26cafc1215437017703,1,part_6/article_5.mp4,1,,word_n,train,37.0,288.0,192.0,288x192,non_default_resolution
part_6/assist_8.mp4,part_6/assist_8.mp4,assist,f01c17e6204fe8814a25e555bee3ec88c553a90d84c3cbbd12f5824071c61ac9,1,part_6/assist_8.mp4,1,,word_n,train,76.0,640.0,480.0,640x480,frame_count_quintile_3
part_6/b_3_b_aug_4.mp4,part_6/b_3_b_aug_4.mp4,b,2144bc5d0159e2259f1af47e959f388da099c950c564597ac282d538a75ed8af,2,part_6/b_3.mp4,3,b_3.mp4,word_n,train,,,,,augmented
part_6/baby_20241119_172633_60.mp4,part_6/baby_20241119_172633_60.mp4,baby,103ce2c8e08c94de908f41f13778b84c86402720a9f70eb9f6b7955f9ccae266,1,part_6/baby_20241119_172633_60.mp4,1,,word_timestamp_n,train,87.0,640.0,480.0,640x480,frame_count_quintile_4
part_6/backbone_video_30.mp4,part_6/backbone_video_30.mp4,backbone,fd203d5baeca169fab8b004dc752c9b73f7e211a2056b0648901964acf61d877,1,part_6/backbone_video_30.mp4,1,,word_video_n,train,82.0,640.0,480.0,640x480,frame_count_quintile_3
part_6/backpack_20241119_172633_47.mp4,part_6/backpack_20241119_172633_47.mp4,backpack,15ed8248489bc39867837c8872e85bfd7cb353f85f6012f2af827007ff0eaa39,1,part_6/backpack_20241119_172633_47.mp4,1,,word_timestamp_n,train,126.0,640.0,480.0,640x480,frame_count_quintile_5
part_6/backup_video_6.mp4,part_6/backup_video_6.mp4,backup,9bf06cbef9719424a440364c6c46d95250a6542df4e914cd6a1a28b6383aaab1,2,part_10/relief_video_6.mp4,2,,word_video_n,train,28.0,640.0,480.0,640x480,short_clip
part_6/bag_20241119_172633_81.mp4,part_6/bag_20241119_172633_81.mp4,bag,36779c38a1be600022208d1b31b205420d5392b07f7fc4e487a6a6d4d4802bd3,1,part_6/bag_20241119_172633_81.mp4,1,,word_timestamp_n,train,106.0,640.0,480.0,640x480,frame_count_quintile_5
part_6/ball_video_5.mp4,part_6/ball_video_5.mp4,ball,6fb6a414df5b25b50e3c9ee8fd5395536a96320fd67d91fd6b73fcd35990a09b,2,part_6/ball_video_5.mp4,2,,word_video_n,train,78.0,640.0,480.0,640x480,frame_count_quintile_3
part_6/banana_20241119_172634_60.mp4,part_6/banana_20241119_172634_60.mp4,banana,555150bfba07cd66b89e2db7f65a6e0e8b20681b1620aa7cdd7e08b6b010b225,1,part_6/banana_20241119_172634_60.mp4,1,,word_timestamp_n,train,126.0,640.0,480.0,640x480,frame_count_quintile_5
part_7/bat_20241119_172634_72.mp4,part_7/bat_20241119_172634_72.mp4,bat,920e37f0724177e406599bfca02456d523aad161733a724c899d6437a5bd8446,1,part_7/bat_20241119_172634_72.mp4,1,,word_timestamp_n,train,48.0,640.0,480.0,640x480,frame_count_quintile_1
part_7/bath_video_6.mp4,part_7/bath_video_6.mp4,bath,ba3ccf2559dc7092f0cc78d7a267baab31a576d6fe290e21a163a81562225262,1,part_7/bath_video_6.mp4,1,,word_video_n,train,121.0,640.0,480.0,640x480,frame_count_quintile_5
part_7/bathroom_video_18.mp4,part_7/bathroom_video_18.mp4,bathroom,a14144871f7a35ce2ce4362a4c8b5ff79aecd935c2db187ba22f52142c4fe02e,2,part_7/bath_video_2.mp4,2,,word_video_n,train,81.0,640.0,480.0,640x480,frame_count_quintile_3
part_7/behavior_video_3.mp4,part_7/behavior_video_3.mp4,behavior,513da75883a8c115beb5d961280a0bfebc015d223d36549aa481e00943a96af1,2,part_7/behavior_video_3.mp4,2,,word_video_n,train,,,,,duplicate_group
part_7/blinds_20241119_180303_25.mp4,part_7/blinds_20241119_180303_25.mp4,blinds,acc5d6fa5b771eb4f33e7d51b3d6147e0ad38af2d60943cbc944390d58b1e1f1,1,part_7/blinds_20241119_180303_25.mp4,1,,word_timestamp_n,train,166.0,640.0,480.0,640x480,frame_count_quintile_5
part_7/blue_4.mp4,part_7/blue_4.mp4,blue,2931c0730d43604b9e78e209cf00541497f12ce378abc3f45441edfe3eafdd17,1,part_7/blue_4.mp4,1,,word_n,train,79.0,640.0,480.0,640x480,frame_count_quintile_3
part_7/both.mp4,part_7/both.mp4,both,7bfca8233f69736deeebeecc850c13f108cf343ee8b7eeca76965b241bb30ae8,1,part_7/both.mp4,1,,word_only,train,64.0,640.0,480.0,640x480,frame_count_quintile_2
part_7/bother_video_3.mp4,part_7/bother_video_3.mp4,bother,b1b0b61caf3d08bee115b17eb6fbb08058be476822006ec59f4b599007848570,3,part_10/rag_video_3.mp4,3,,word_video_n,train,91.0,512.0,384.0,512x384,non_default_resolution
part_7/bound_video_36.mp4,part_7/bound_video_36.mp4,bound,e5f97a7017a9ad6501c130f66537df7dc10f8749afdf38a89f9a5837fc784103,3,part_10/spring_video_36.mp4,3,,word_video_n,train,51.0,640.0,480.0,640x480,frame_count_quintile_1
part_7/bow_20241119_172635_67.mp4,part_7/bow_20241119_172635_67.mp4,bow,98d15aee7ce55719e4e33174bfcf4e59069b883791698b315cad3d8e6efb070b,1,part_7/bow_20241119_172635_67.mp4,1,,word_timestamp_n,train,100.0,640.0,480.0,640x480,frame_count_quintile_4
part_7/breathe_video_8.mp4,part_7/breathe_video_8.mp4,breathe,ec6deba56f7bfe19ba276b64707dada6d36867d0a85d6f07e25c18c00446d589,2,part_10/rest_video_9.mp4,2,,word_video_n,train,,,,,duplicate_group
part_7/bridge_20241119_172635_24.mp4,part_7/bridge_20241119_172635_24.mp4,bridge,17a155eba89a3e91b525ceaf09652ae73fba3fd89158bb6e835323bc970c4051,1,part_7/bridge_20241119_172635_24.mp4,1,,word_timestamp_n,train,63.0,640.0,480.0,640x480,frame_count_quintile_2
part_7/brush_video_4.mp4,part_7/brush_video_4.mp4,brush,bb950d957aa89dd335a7544ca07bf7e36aeddb9759627f32e65abb5dc412ec71,1,part_7/brush_video_4.mp4,1,,word_video_n,train,86.0,640.0,480.0,640x480,frame_count_quintile_4
part_7/burn_video_1.mp4,part_7/burn_video_1.mp4,burn,95c7911151fef0ac3edc59d16b5a550f142f0f368319003093492b2fe026de4f,1,part_7/burn_video_1.mp4,1,,word_video_n,train,120.0,512.0,384.0,512x384,frame_count_quintile_5
part_7/calendar_20241119_172635_22.mp4,part_7/calendar_20241119_172635_22.mp4,calendar,9e8a8fff340786e9732fe0be881a7591835e894075f126fc34ba3dc332ce224c,1,part_7/calendar_20241119_172635_22.mp4,1,,word_timestamp_n,train,78.0,640.0,480.0,640x480,frame_count_quintile_3
part_7/cancel_20241119_172636.mp4,part_7/cancel_20241119_172636.mp4,cancel,23ed0d8a2570e3de0c2e7f43a611920bb448f2b92e596a63160ecac902f30f6b,1,part_7/cancel_20241119_172636.mp4,1,,word_n,train,83.0,640.0,480.0,640x480,frame_count_quintile_4
part_7/cancel_20241119_172636_29.mp4,part_7/cancel_20241119_172636_29.mp4,cancel,0157a548c6bd55a11983a641d5fdce14e2c0a759f56de1d85e6db895d1116995,1,part_7/cancel_20241119_172636_29.mp4,1,,word_timestamp_n,train,176.0,640.0,480.0,640x480,frame_count_quintile_5
part_7/carrot_20241119_172636_92.mp4,part_7/carrot_20241119_172636_92.mp4,carrot,b57c9359d76517013853784d8c9008281dcbcbefda35efed0073f7efea9a8d0e,1,part_7/carrot_20241119_172636_92.mp4,1,,word_timestamp_n,train,99.0,640.0,480.0,640x480,frame_count_quintile_4
part_7/cause_video_7.mp4,part_7/cause_video_7.mp4,cause,886c62d31265121e735329ce39c25bf786f9e83bb6a93a2b874e528b5412d04b,2,part_11/suit_video_7.mp4,2,,word_video_n,train,,,,,duplicate_group
part_7/cellphone_video_5.mp4,part_7/cellphone_video_5.mp4,cellphone,769a03b542b6a6d78a64d3431a642cba8cea060a9698d632632f8fe5ab79e2eb,1,part_7/cellphone_video_5.mp4,1,,word_video_n,train,126.0,640.0,480.0,640x480,frame_count_quintile_5
part_7/cheerleader_20241119_172659_11.mp4,part_7/cheerleader_20241119_172659_11.mp4,cheerleader,8955e417cafcbfff3464a039b2cce90feb072ae0eed722f16ce9ac5b05187869,1,part_7/cheerleader_20241119_172659_11.mp4,1,,word_timestamp_n,train,114.0,640.0,480.0,640x480,frame_count_quintile_5
part_7/circle_video_17.mp4,part_7/circle_video_17.mp4,circle,5659be96f3592e516520baa3fb6e26d6799240dd38995c3abd839e825c12feb2,1,part_7/circle_video_17.mp4,1,,word_video_n,train,95.0,640.0,480.0,640x480,frame_count_quintile_4
part_7/clock_20241119_172637_58.mp4,part_7/clock_20241119_172637_58.mp4,clock,0a20f7f0ca67a26257a1581418da3d75858912bdb88138e48537161d97b8a431,1,part_7/clock_20241119_172637_58.mp4,1,,word_timestamp_n,train,99.0,640.0,480.0,640x480,frame_count_quintile_4
part_7/contribute_video_0.mp4,part_7/contribute_video_0.mp4,contribute,77e49319d6cf62f1c72a32d0e3d01466e408833bc015b454949b1fb27c87bb3f,4,part_6/add_video_0.mp4,4,,word_video_n,train,,,,,duplicate_group
part_7/contribute_video_4.mp4,part_7/contribute_video_4.mp4,contribute,8305bf677dbb8244bf8769b03d15d15ca44f8d9d6ad60222c1476162b8962127,4,part_6/add_video_4.mp4,4,,word_video_n,train,74.0,512.0,384.0,512x384,non_default_resolution
part_7/crawl_20241119_172638_28.mp4,part_7/crawl_20241119_172638_28.mp4,crawl,e1429d3332cb3f1ee445d21ba195167dfe37a38144579defa687a413ff01a540,1,part_7/crawl_20241119_172638_28.mp4,1,,word_timestamp_n,train,112.0,640.0,480.0,640x480,frame_count_quintile_5
part_7/crawl_20241119_172638_50.mp4,part_7/crawl_20241119_172638_50.mp4,crawl,8cf3ed5f516fb1566e08d5d42567655ea47ccc6ab783c489691a1ccf3fd5d218,1,part_7/crawl_20241119_172638_50.mp4,1,,word_timestamp_n,train,52.0,640.0,480.0,640x480,frame_count_quintile_1
part_7/cross_20241119_172638_26.mp4,part_7/cross_20241119_172638_26.mp4,cross,5cb2ec8a2377e6bb6500595a556d4d9cfdb05bd69e82de7bbba0d2b4a3599d57,1,part_7/cross_20241119_172638_26.mp4,1,,word_timestamp_n,train,44.0,640.0,480.0,640x480,frame_count_quintile_1
part_7/cry_20241119_172639_88.mp4,part_7/cry_20241119_172639_88.mp4,cry,e573af512c1deeca53b445aa97052b825ca90d1eb17c70b7a2c62d174c6d96c9,1,part_7/cry_20241119_172639_88.mp4,1,,word_timestamp_n,train,73.0,640.0,480.0,640x480,frame_count_quintile_3
part_7/curtsey_20241119_180303_40.mp4,part_7/curtsey_20241119_180303_40.mp4,curtsey,2d17dedea2e4487e9afa0fc9ec7302f64a7e9ad0fdd68f0625f7ff45504632b0,1,part_7/curtsey_20241119_180303_40.mp4,1,,word_timestamp_n,train,136.0,640.0,480.0,640x480,frame_count_quintile_5
part_7/cut_down_video_21.mp4,part_7/cut_down_video_21.mp4,cut down,6b647485238a27ce4b55fd49e01c11a2a25a2dfd63c77e2752fbde0f83fef7e9,8,part_10/reduce_video_21.mp4,8,,word_video_n,train,,,,,duplicate_group
part_7/cut_down_video_33.mp4,part_7/cut_down_video_33.mp4,cut down,6e381880f2a7e0f06a9ffffa2a531a0cb06aee7568e6f74697c075a94bf600b8,1,part_7/cut_down_video_33.mp4,1,,word_video_n,train,157.0,640.0,480.0,640x480,frame_count_quintile_5
part_7/cycle_video_3.mp4,part_7/cycle_video_3.mp4,cycle,99fb643822b14636e4d05f0ac13de7c4f5e0590e17fc211100cf238024b85dd7,4,part_11/wheel_video_3.mp4,4,,word_video_n,train,,,,,duplicate_group
part_7/d_5_d_aug_24.mp4,part_7/d_5_d_aug_24.mp4,d,ed5528c25e50e3c0001334caeb73c7e2f74bfd2abefde9038ed9455d565a2b3d,1,part_7/d_5.mp4,4,d_5.mp4,word_n,train,,,,,augmented
part_7/danger_video_0.mp4,part_7/danger_video_0.mp4,danger,1064391190e9baf6be0a646e1bea730c4e60bab0764fcff2b4301343bf82bc83,1,part_7/danger_video_0.mp4,1,,word_video_n,train,52.0,640.0,480.0,640x480,frame_count_quintile_1
part_7/dark_20241119_172639_15.mp4,part_7/dark_20241119_172639_15.mp4,dark,e4638fe64742061d8ce557a8d2e08126ce19e89580ebb5e04342e4a80c738a58,1,part_7/dark_20241119_172639_15.mp4,1,,word_timestamp_n,train,72.0,640.0,480.0,640x480,frame_count_quintile_3
part_7/deal_video_64.mp4,part_7/deal_video_64.mp4,deal,0f308538f6fd252cba3da8fc92bf4a947942bf78d7a13feacfbf70dbbf4d6dc2,2,part_11/take_video_25.mp4,2,,word_video_n,train,67.0,640.0,480.0,640x480,frame_count_quintile_2
part_7/decorate_20241119_172639_29.mp4,part_7/decorate_20241119_172639_29.mp4,decorate,8e4b1bbcf4e4884cc9afe34a9ca929f0414db8a0879974576bb53d83e503a19f,1,part_7/decorate_20241119_172639_29.mp4,1,,word_timestamp_n,train,106.0,640.0,480.0,640x480,frame_count_quintile_5
part_7/dedicate_20241119_172639_2.mp4,part_7/dedicate_20241119_172639_2.mp4,dedicate,e4c86e7f2efe96174c810bc3e884ee4407fce4df6a832fbbd2472137db9dcf58,1,part_7/dedicate_20241119_172639_2.mp4,1,,word_timestamp_n,train,142.0,640.0,480.0,640x480,frame_count_quintile_5
part_8/dinosaur_20241119_172640_54.mp4,part_8/dinosaur_20241119_172640_54.mp4,dinosaur,8a57afac2e35cd638a54e15f1a8c1a29ce59c9999a17c72f797756e0b005da62,1,part_8/dinosaur_20241119_172640_54.mp4,1,,word_timestamp_n,train,59.0,640.0,480.0,640x480,frame_count_quintile_2
part_8/dolphin_20241119_172640.mp4,part_8/dolphin_20241119_172640.mp4,dolphin,c0de2472870e25fefa13471d380fd94b4d053ac4d3c262a36bdea32b69ef0546,1,part_8/dolphin_20241119_172640.mp4,1,,word_n,train,140.0,640.0,480.0,640x480,frame_count_quintile_5
part_8/drawer_9.mp4,part_8/drawer_9.mp4,drawer,9914c3564c482f4847345ddac55b57f441626668e6434b384bb112ca5835db66,1,part_8/drawer_9.mp4,1,,word_n,train,46.0,288.0,192.0,288x192,frame_count_quintile_1
part_8/dress_video_17.mp4,part_8/dress_video_17.mp4,dress,223d6e411dfba81b2cf2b98b75baa2bdbbb070f1ee64f25997608fe4c57388af,3,part_6/apparel_video_17.mp4,3,,word_video_n,train,97.0,640.0,480.0,640x480,frame_count_quintile_4
part_8/eat_20241119_172641_13.mp4,part_8/eat_20241119_172641_13.mp4,eat,2f2e6a8ec17a572e42745ed0dfb34d501b24f9f682b7e107b630d2634a7cc720,1,part_8/eat_20241119_172641_13.mp4,1,,word_timestamp_n,train,87.0,640.0,480.0,640x480,frame_count_quintile_4
part_8/edit_20241119_172641_36.mp4,part_8/edit_20241119_172641_36.mp4,edit,d6f856c6f41c81f66ffa2f572fdcaa3660465f21e60076bd53812ef704517ad7,1,part_8/edit_20241119_172641_36.mp4,1,,word_timestamp_n,train,41.0,640.0,480.0,640x480,frame_count_quintile_1
part_8/elephant_video_7.mp4,part_8/elephant_video_7.mp4,elephant,92548a4b19ad2ab9fd9c739b84fdbc36e55ef7520eba64a9a95f893870d9041e,1,part_8/elephant_video_7.mp4,1,,word_video_n,train,95.0,640.0,480.0,640x480,frame_count_quintile_4
part_8/empty_20241119_172641_30.mp4,part_8/empty_20241119_172641_30.mp4,empty,289f8768b830a141d992e7bc4ec2142168d8d119245d2d4b9c321db3bf0c036a,1,part_8/empty_20241119_172641_30.mp4,1,,word_timestamp_n,train,80.0,640.0,480.0,640x480,frame_count_quintile_3
part_8/erase_20241119_172642_106.mp4,part_8/erase_20241119_172642_106.mp4,erase,4dd4d0eb7a068ea14e6daa7e60e75be2f904746ad969d814bca65aaa3b2bdc0b,1,part_8/erase_20241119_172642_106.mp4,1,,word_timestamp_n,train,78.0,640.0,480.0,640x480,frame_count_quintile_3
part_8/erupt_20241119_172642_30.mp4,part_8/erupt_20241119_172642_30.mp4,erupt,1614ea170a966c77ae48528d87a2d991caa85ee06aa232602c61f965ba736f13,1,part_8/erupt_20241119_172642_30.mp4,1,,word_timestamp_n,train,52.0,640.0,480.0,640x480,frame_count_quintile_1
part_8/f_5.mp4,part_8/f_5.mp4,f,e53b242a772b801e152128942151eb38a28707bf2d81c674fb1e7c81141cc837,1,part_8/f_5.mp4,3,,word_n,train,137.0,640.0,480.0,640x480,frame_count_quintile_5
part_8/far_15.mp4,part_8/far_15.mp4,far,38ac27905b92899e2974372aa1dadc10e7d62e41202e77830cdf56b101217744,1,part_8/far_15.mp4,1,,word_n,train,36.0,640.0,480.0,640x480,frame_count_quintile_1
part_8/fiance_video_0.mp4,part_8/fiance_video_0.mp4,fiance,a17975e54cc76693750f8810ecead93ac71461c29f117e510a1f1699b3f7325c,1,part_8/fiance_video_0.mp4,1,,word_video_n,train,42.0,640.0,480.0,640x480,frame_count_quintile_1
part_8/flag_20241119_172642_25.mp4,part_8/flag_20241119_172642_25.mp4,flag,5f76dcdc146df24da49eb2fe8fc13e15642da70076f34c0c6bd11a16fd94d64f,1,part_8/flag_20241119_172642_25.mp4,1,,word_timestamp_n,train,76.0,640.0,480.0,640x480,frame_count_quintile_3
part_8/flag_20241119_172642_9.mp4,part_8/flag_20241119_172642_9.mp4,flag,cf1692107142e598dcb2b9cc2ee8dfdcf95cccfb4b3470846367d3be36876aa7,1,part_8/flag_20241119_172642_9.mp4,1,,word_timestamp_n,train,212.0,640.0,480.0,640x480,frame_count_quintile_5
part_8/float_20241119_172643_39.mp4,part_8/float_20241119_172643_39.mp4,float,f15081df9ec68f915ec6b42562afdab3bfe445e7dfeb0060bd5233344469a34a,1,part_8/float_20241119_172643_39.mp4,1,,word_timestamp_n,train,83.0,640.0,480.0,640x480,frame_count_quintile_4
part_8/floor_11.mp4,part_8/floor_11.mp4,floor,7528938ea72a07ee204fffda2fafb690119ccd283cc177bf5b3d6ffe263d883b,1,part_8/floor_11.mp4,1,,word_n,train,28.0,640.0,480.0,640x480,short_clip
part_8/fun_3.mp4,part_8/fun_3.mp4,fun,fa711e7644fbfdb388e5f78412cd0064f3b79ecef4505eebfc99227360ab1085,1,part_8/fun_3.mp4,1,,word_n,train,71.0,640.0,480.0,640x480,frame_count_quintile_3
part_8/g_6_g_aug_13.mp4,part_8/g_6_g_aug_13.mp4,g,b47ce8d217b35b2148b3d96c3022f89118640d4369c844a99e33f7234526060b,2,part_8/g_6.mp4,13,g_6.mp4,word_n,train,164.0,640.0,480.0,640x480,frame_count_quintile_5
part_8/get_down_video_11.mp4,part_8/get_down_video_11.mp4,get down,4f7f60501dc085c18fd6d570f65c924997de5c2c7f8ffc177f4dd978bbed61bc,3,part_11/start_video_11.mp4,3,,word_video_n,train,93.0,640.0,480.0,640x480,frame_count_quintile_4
part_8/get_video_10.mp4,part_8/get_video_10.mp4,get,55879214ac4cb8e36af937b0297d5e0c436bb1e211022edaf064e61a23d60e56,3,part_11/start_video_10.mp4,3,,word_video_n,train,,,,,duplicate_group
part_8/glasses_4.mp4,part_8/glasses_4.mp4,glasses,c5f740f41ff579fa640ca32c663654ee50fd4ea1fc202f087de07ff0cb2449f0,2,part_8/eyeglasses_6.mp4,2,,word_n,train,65.0,640.0,480.0,640x480,frame_count_quintile_2
part_8/gloves_20241119_172643_122.mp4,part_8/gloves_20241119_172643_122.mp4,gloves,98cc70b0e9ae751485e5ab569c8ec7d4c07dce76d0f62c5c23f95957a0ca3f09,1,part_8/gloves_20241119_172643_122.mp4,1,,word_timestamp_n,train,59.0,640.0,480.0,640x480,frame_count_quintile_2
part_8/gone_12.mp4,part_8/gone_12.mp4,gone,01b6af3445904d8128e9a36dfed5b9ddb8de2daf8b7cbb96d8a9923a3f485f39,1,part_8/gone_12.mp4,1,,word_n,train,69.0,640.0,480.0,640x480,frame_count_quintile_3
part_8/great_deal_video_43.mp4,part_8/great_deal_video_43.mp4,great deal,2919a31d306afffd3721c5ffb5aaeb514c5b20d6b902e5abd53204a696fe96fe,20,part_10/peck_video_43.mp4,20,,word_video_n,train,286.0,640.0,480.0,640x480,frame_count_quintile_5
part_8/gun_20241119_172644_77.mp4,part_8/gun_20241119_172644_77.mp4,gun,88646270184b9179517e83786675027b7aa3ad781569ff6f5a61b94a5dd63eb5,1,part_8/gun_20241119_172644_77.mp4,1,,word_timestamp_n,train,53.0,640.0,480.0,640x480,frame_count_quintile_1
part_8/habit_video_0.mp4,part_8/habit_video_0.mp4,habit,f4d750c51d246a6902cac1c42c481dd6880af0f9361a03d2e12410a47bdd69a9,1,part_8/habit_video_0.mp4,1,,word_video_n,train,49.0,640.0,480.0,640x480,frame_count_quintile_1
part_8/heap_video_1.mp4,part_8/heap_video_1.mp4,heap,1f3ca0f3a6e8dda4b6232650e427f46b1a4b93416940cd9c4f478674e6269a35,2,part_10/plenty_video_1.mp4,2,,word_video_n,train,,,,,duplicate_group
part_8/heavy_video_13.mp4,part_8/heavy_video_13.mp4,heavy,44006d4be36634865f8c7656ec759dac999dfe0f473a9b42de846d2238abc208,2,part_8/hard_video_12.mp4,2,,word_video_n,train,,,,,duplicate_group
part_8/helmet_20241119_172644_50.mp4,part_8/helmet_20241119_172644_50.mp4,helmet,34a482a45831c3795e0fd9301ed838a4d0f5b63720c5e6025a326736344d4f00,1,part_8/helmet_20241119_172644_50.mp4,1,,word_timestamp_n,train,105.0,640.0,480.0,640x480,frame_count_quintile_4
part_8/hit_20241119_172645_57.mp4,part_8/hit_20241119_172645_57.mp4,hit,d8d6784d265bb3c82f6d97e9dd6dd67a69b114bdf5638b4a9012e58ac182591b,1,part_8/hit_20241119_172645_57.mp4,1,,word_timestamp_n,train,57.0,640.0,480.0,640x480,frame_count_quintile_2
part_9/honor_video_1.mp4,part_9/honor_video_1.mp4,honor,67e25814b48289d67758633a904416d3038c97553c2327d720f0752eb29f9a40,1,part_9/honor_video_1.mp4,1,,word_video_n,train,66.0,640.0,480.0,640x480,frame_count_quintile_2
part_9/hop_4.mp4,part_9/hop_4.mp4,hop,fe49d6a5572aaf6432ba41a6dcd48455c9e0413d4102f385b9805e075a1eb15a,1,part_9/hop_4.mp4,1,,word_n,train,42.0,288.0,192.0,288x192,non_default_resolution
part_9/hose_video_0.mp4,part_9/hose_video_0.mp4,hose,da60ff044a25a01c7dbd8051359f177f30b52b0c2f546b2f6ea7dd0165e80e42,1,part_9/hose_video_0.mp4,1,,word_video_n,train,84.0,640.0,480.0,640x480,frame_count_quintile_4
part_9/hug_video_5.mp4,part_9/hug_video_5.mp4,hug,b6a496afde0562f47f8b4d80807fa06bb9d6333be484701cad24a7563e6330bd,2,part_11/squeeze_video_5.mp4,2,,word_video_n,train,63.0,640.0,480.0,640x480,frame_count_quintile_2
part_9/hurdle-trip_20241119_195754_12.mp4,part_9/hurdle-trip_20241119_195754_12.mp4,hurdle-trip,58cdea1d63d4be0bd11b1857c6042bf8c1a0b8a5b31dfa1e9a37aa88312f8d88,1,part_9/hurdle-trip_20241119_195754_12.mp4,1,,word_timestamp_n,train,73.0,640.0,480.0,640x480,frame_count_quintile_3
part_9/i_7_i_aug_22.mp4,part_9/i_7_i_aug_22.mp4,i,54ee1a019415235d014c3a55061fc094642666124189d302f86ac8f09840a90f,1,part_9/i_7.mp4,6,i_7.mp4,word_n,train,,,,,augmented
part_9/improve_4.mp4,part_9/improve_4.mp4,improve,7eaf90ed76f0f9e1e3511c24928704395cdd3f7665dea1b5dd4f6bc30bcfc17e,1,part_9/improve_4.mp4,1,,word_n,train,45.0,288.0,192.0,288x192,frame_count_quintile_1
part_9/inch_video_5.mp4,part_9/inch_video_5.mp4,inch,60bcce7f063f9c3c03385476c9ed26be6a483690305beaf85559b9059d8b6c1d,1,part_9/inch_video_5.mp4,1,,word_video_n,train,298.0,640.0,480.0,640x480,frame_count_quintile_5
part_9/j_2_j_aug_13.mp4,part_9/j_2_j_aug_13.mp4,j,77ffcb15524640d8788393501bc6413b403a5c589e68215fc432f03e3981049b,1,part_9/j_2.mp4,3,j_2.mp4,word_n,train,143.0,480.0,640.0,480x640,non_default_resolution
part_9/j_3_j_aug_7.mp4,part_9/j_3_j_aug_7.mp4,j,ad19cbc24c689159ac612cb0863f57022ee4db4b2157984f189e4c75958e27be,1,part_9/j_3.mp4,5,j_3.mp4,word_n,train,,,,,augmented
part_9/joke_video_10.mp4,part_9/joke_video_10.mp4,joke,e274e990dda4e9bf35fef7306c8a16ad22ce2c9575ef23169dd16da0b4f0e6fd,3,part_9/jape_video_10.mp4,3,,word_video_n,train,,,,,duplicate_group
part_9/joke_video_16.mp4,part_9/joke_video_16.mp4,joke,eeea54bd647832469d49dd80841245fa8ba0399e016d680a603854bda90a089a,3,part_9/jape_video_16.mp4,3,,word_video_n,train,94.0,640.0,480.0,640x480,frame_count_quintile_4
part_9/judge_video_4.mp4,part_9/judge_video_4.mp4,judge,391e9db97621350c29b1fd8e299cf7721274a1ce8abef09ee59708c61217c08b,2,part_8/guess_20241119_172644_3.mp4,2,,word_video_n,train,128.0,640.0,480.0,640x480,frame_count_quintile_5
part_9/just_about_video_15.mp4,part_9/just_about_video_15.mp4,just about,dfa4c32380037da64d4bce10c07c1c09a3dc6f7fb1534972306ff2c8e90e8b26,9,part_11/virtually_video_15.mp4,9,,word_video_n,train,,,,,duplicate_group
part_9/later_3.mp4,part_9/later_3.mp4,later,fed306d522b2092be513108055086f1c4aeaab8f6cfafce001b3a38e43822cd8,2,part_9/later_3.mp4,2,,word_n,train,102.0,640.0,480.0,640x480,frame_count_quintile_4
part_9/letter_20241119_172646_5.mp4,part_9/letter_20241119_172646_5.mp4,letter,f98b76d7c46cb4c9d8be5d0a2f6c2f04b2a1c6892cd80f4724b9947949da214b,1,part_9/letter_20241119_172646_5.mp4,1,,word_timestamp_n,train,82.0,640.0,480.0,640x480,frame_count_quintile_3
part_9/lettuce_20241119_172646_67.mp4,part_9/lettuce_20241119_172646_67.mp4,lettuce,2b8cb9b11a29515f6a0bf18417c38e3764e33f7ec3c12021cdc96c47e032a0fa,1,part_9/lettuce_20241119_172646_67.mp4,1,,word_timestamp_n,train,29.0,640.0,480.0,640x480,frame_count_quintile_1
part_9/library_8.mp4,part_9/library_8.mp4,library,643479175430b5cdd460a27d8f605bfed1035af96575fffe03b698ef14ecf0dc,1,part_9/library_8.mp4,1,,word_n,train,58.0,288.0,192.0,288x192,non_default_resolution
part_9/lift_20241119_172646_3.mp4,part_9/lift_20241119_172646_3.mp4,lift,4383aa7710652d45a2f4ad583182839eb318fcdbc46ad0781a5c8e48235c640d,2,part_11/wind_video_8.mp4,2,,word_timestamp_n,train,125.0,640.0,480.0,640x480,frame_count_quintile_5
part_9/live_20241119_172646_62.mp4,part_9/live_20241119_172646_62.mp4,live,1234d49d4e52fb944c123a531ed5daab55791e143e3a1e9a00f0dd07279f71fd,1,part_9/live_20241119_172646_62.mp4,1,,word_timestamp_n,train,80.0,640.0,480.0,640x480,frame_count_quintile_3
part_9/load_20241119_172647_58.mp4,part_9/load_20241119_172647_58.mp4,load,6af7672df98039f85097440e92c8fe1bae1e80fc0f174ad10e4de0c06201170f,1,part_9/load_20241119_172647_58.mp4,1,,word_timestamp_n,train,65.0,640.0,480.0,640x480,frame_count_quintile_2
part_9/lot_video_58.mp4,part_9/lot_video_58.mp4,lot,6a4998c176a2c6c13f036caf13474c8fa1dd26a20b0c30045befc81e30a278fe,2,part_10/set_video_42.mp4,2,,word_video_n,train,46.0,640.0,480.0,640x480,frame_count_quintile_1
part_9/m_4_m_aug_16.mp4,part_9/m_4_m_aug_16.mp4,m,9c34c938a4e8d5e2beb06fa35db79d1a4669b083c9a248f1961a23e8ec48d02e,1,part_9/m_4.mp4,4,m_4.mp4,word_n,train,30.0,192.0,288.0,192x288,non_default_resolution
part_9/magnify_20241119_172647_16.mp4,part_9/magnify_20241119_172647_16.mp4,magnify,c0efdd5df78da4c0848bb8edd831ac58c917aa95f9a33dff0eda99803765c257,1,part_9/magnify_20241119_172647_16.mp4,1,,word_timestamp_n,train,46.0,640.0,480.0,640x480,frame_count_quintile_1
part_9/mail_20241119_172647_33.mp4,part_9/mail_20241119_172647_33.mp4,mail,cdea7b3df4ea076a07724cc2c3511b224d63fae69cf042141f6cc6a39afe405b,1,part_9/mail_20241119_172647_33.mp4,1,,word_timestamp_n,train,53.0,640.0,480.0,640x480,frame_count_quintile_1
part_9/meditate_20241119_172648_63.mp4,part_9/meditate_20241119_172648_63.mp4,meditate,afed85d68a6ddfc9584c92729d92966670b09d31b58f567ecf56aed5a4eed372,1,part_9/meditate_20241119_172648_63.mp4,1,,word_timestamp_n,train,63.0,640.0,480.0,640x480,frame_count_quintile_2
part_9/model_20241119_172648_2.mp4,part_9/model_20241119_172648_2.mp4,model,ee42e3722fedac08cd450e788a2a588759c581341babaa172ea3ea7f5c7bf339,1,part_9/model_20241119_172648_2.mp4,1,,word_timestamp_n,train,32.0,640.0,480.0,640x480,frame_count_quintile_1
part_9/more_5.mp4,part_9/more_5.mp4,more,a9384f76cae67124e74f5308493f56cb0baee5f58a3eabe4a3b9c239c6364b75,1,part_9/more_5.mp4,1,,word_n,train,22.0,288.0,192.0,288x192,short_clip
part_9/motorcycle_12.mp4,part_9/motorcycle_12.mp4,motorcycle,70144564fea2fece8a98d00809113ae2409421265d75eb7d931cfc6dab54e037,1,part_9/motorcycle_12.mp4,1,,word_n,train,31.0,288.0,192.0,288x192,non_default_resolution
part_9/napkin_video_3.mp4,part_9/napkin_video_3.mp4,napkin,fa1aa95f10c11aac7112cbe3400047cc04ed665e451e0793fdd7a66c61565758,1,part_9/napkin_video_3.mp4,1,,word_video_n,train,86.0,640.0,480.0,640x480,frame_count_quintile_4
part_9/near_6.mp4,part_9/near_6.mp4,near,93c13852b6013f4bb3b11cdd691e29181b90ca0401b55aee8a2019bf176d1e27,1,part_9/near_6.mp4,1,,word_n,train,78.0,640.0,480.0,640x480,frame_count_quintile_3
part_9/near_video_9.mp4,part_9/near_video_9.mp4,near,dc9a1ac71dc954286f6e2408273f0cb658d416b598c50951a140c437f7d0b90b,9,part_11/virtually_video_9.mp4,9,,word_video_n,train,90.0,640.0,480.0,640x480,frame_count_quintile_4
part_9/nearly_video_0.mp4,part_9/nearly_video_0.mp4,nearly,911e96fdebd1dac4123264655edd6269ac36aecb5b1f93cbb5bdbe4a1da9da88,6,part_11/virtually_video_0.mp4,6,,word_video_n,train,77.0,640.0,480.0,640x480,frame_count_quintile_3
part_9/nearly_video_15.mp4,part_9/nearly_video_15.mp4,nearly,dfa4c32380037da64d4bce10c07c1c09a3dc6f7fb1534972306ff2c8e90e8b26,9,part_11/virtually_video_15.mp4,9,,word_video_n,train,,,,,duplicate_group
part_9/next_video_5.mp4,part_9/next_video_5.mp4,next,2243825373f0a319b60d2488718847d891ef83c5218fd00ccdefa0f66a36272c,1,part_9/next_video_5.mp4,1,,word_video_n,train,170.0,640.0,480.0,640x480,frame_count_quintile_5
part_9/no_18.mp4,part_9/no_18.mp4,no,d1f0a1ed980390c8705610f643961a38436e0d2d39d4e85122f72fd3877c03d1,1,part_9/no_18.mp4,1,,word_n,train,44.0,288.0,192.0,288x192,non_default_resolution
part_9/no_video_2.mp4,part_9/no_video_2.mp4,no,d520ded4d4842c01e22af1153c372a00501805e424af098f07523768091d60b2,1,part_9/no_video_2.mp4,1,,word_video_n,train,108.0,640.0,480.0,640x480,frame_count_quintile_5
part_9/nothing_20241119_172649.mp4,part_9/nothing_20241119_172649.mp4,nothing,7bcb96d8baa153785a7591a99bf0ac43d82c240266028d7a4599bb895d4e0a42,1,part_9/nothing_20241119_172649.mp4,1,,word_n,train,44.0,640.0,480.0,640x480,frame_count_quintile_1
part_9/obvious.mp4,part_9/obvious.mp4,obvious,e70a0dc1904d06229d7e8f9d4e533ed031f5fd22cd071ec9f2ec4c211413589c,1,part_9/obvious.mp4,1,,word_only,train,51.0,640.0,480.0,640x480,frame_count_quintile_1
part_9/offend_video_2.mp4,part_9/offend_video_2.mp4,offend,cd048db1099eed55f07a73fcd9061656514b69609f507bc3a2beb527884986bf,2,part_7/break_video_41.mp4,2,,word_video_n,train,102.0,640.0,480.0,640x480,frame_count_quintile_4
part_9/opinion_20241119_173205.mp4,part_9/opinion_20241119_173205.mp4,opinion,f29357372ed966ae319c0ac41c9c63c4d97c5affaf24507fd54e9cd1942b4791,1,part_9/opinion_20241119_173205.mp4,1,,word_n,train,200.0,640.0,480.0,640x480,frame_count_quintile_5
part_9/out_6.mp4,part_9/out_6.mp4,out,c6a131227adca16314516b8bd7c3708d975356e4afdd53ca30edb34f7d093992,1,part_9/out_6.mp4,1,,word_n,train,27.0,288.0,192.0,288x192,short_clip
part_9/p_7_p_aug_11.mp4,part_9/p_7_p_aug_11.mp4,p,009c3f444a3ddf93163945655d04625102253720408e3b8b663e47e0f245fc4a,2,part_9/p_7.mp4,6,p_7.mp4,word_n,train,,,,,augmented
part_9/paint_6.mp4,part_9/paint_6.mp4,paint,0aebc8b4020136823a301f0a584a17646d4f2dc329d6f3871367bad73dc29edf,1,part_9/paint_6.mp4,1,,word_n,train,53.0,288.0,192.0,288x192,non_default_resolution
part_9/paintbrush_video_0.mp4,part_9/paintbrush_video_0.mp4,paintbrush,9b06394e66b81ada036982aa780bb78ca5b5d8e083d357e4ec73d908df3d1fa1,1,part_9/paintbrush_video_0.mp4,1,,word_video_n,train,205.0,640.0,480.0,640x480,frame_count_quintile_5
part_9/patient_20241119_172649_2.mp4,part_9/patient_20241119_172649_2.mp4,patient,effa1d64a85c8fd8c06a75ca7764cc5c78d7e6e5a8d96de5cfba252042d11784,1,part_9/patient_20241119_172649_2.mp4,1,,word_timestamp_n,train,59.0,640.0,480.0,640x480,frame_count_quintile_2
